path,bytes,sha256,storage
.gitignore,58,0fc27f3204618628b2c639d36cf2bb71689ddef51f20b5e8f5514beaf6d108e3,git
Data_S1/DISPLAYED_SEEDS.csv,4546,375d872792860c10fc780c887886f1c4cf4b776eeb78401cc342034d5d5539b9,git
Data_S1/MANIFEST.csv,88974,2074e7257192baa32fdefdcfd8271d8d08adb22525559c705553feed8e910ec0,git
Data_S1/README.md,1969,ecd85c46452c90c1770d12ebd17509e43b1318b82caa8537ec1357141e51afdc,git
Data_S1/figure4/COHORT_REGISTRY.md,1422,124ee06ba8ba60b2826fd2a2fd4e06fb55bb9f713b74395682981c4b58f58922,git
Data_S1/figure4/Fig4BF_confirmed_all_seeds.csv,16465,1374b49bdfb77c5812ba89dd33f238440410e094cd10f30e025801a21a32bc84,git
Data_S1/figure4/Fig4B_displayed_seed_level.csv,2901,dd7fd41f7ef76a2cb993f50c6c561c6a17a4a088106943432d5c1f5058714337,git
Data_S1/figure4/Fig4C_complete_kernel_history.csv,1938,bb2577c2b5026e721ef3d7bfef6ec59445a64cdc82b2672f7f8fe6fa7f2b9959,git
Data_S1/figure4/Fig4D_displayed_seed_level.csv,3535,8b8ca28e92c39ca51808ab6f3d38db212121ad0b70a117cf9ef1781c9be47fa4,git
Data_S1/figure4/Fig4E_displayed_seed_level.csv,7954,3220af2b315af1c3b5bd3c28c55ac402888e11e111aa0e25cd5d94b1e3a5d968,git
Data_S1/figure4/Fig4F_all_development_and_confirmation.csv,18736,b759ff7bf5c4397b8fda7cb6044143443f8195f845c2267a7966b7d43831fd10,git
Data_S1/figure4/Fig4G_displayed_transfer.csv,837,6a2491070de3105195c3840629f5fb675001109c16d55a689a13e33dfb17b97f,git
Data_S1/figure4/Fig4H_history_rerun/native_confirmation.complete,68,8cf5df7379390fa03a0340d75d9db32177b9a90d7028be923b013ede03a9e33c,git
Data_S1/figure4/Fig4H_history_rerun/native_confirmation_all_rows.json,17051,c5c4d52e3f1ff542f4371ef4cf8b53749bf9282fd3f733abc4d55a0a91388658,git
Data_S1/figure4/Fig4H_history_rerun/native_confirmation_paired_summary.json,1652,018e3505baed8e001810c2b867911c9e51cf28bf2147dd5addce38ce27f501e2,git
Data_S1/figure4/Fig4H_history_rerun/records/hconfirm_AlphaEdit_control_9941/results.json,106692,e5efc38eefcc67df3c163252daeb73623bc0b5a488ff62d2f136eb0235fe26ca,git
Data_S1/figure4/Fig4H_history_rerun/records/hconfirm_AlphaEdit_control_9942/results.json,106690,ca3978a8e8bad843eed09a85ac2caeeace60fba3a18ac223f6bc07626ec09a17,git
Data_S1/figure4/Fig4H_history_rerun/records/hconfirm_AlphaEdit_control_9943/results.json,106735,a72c8940e5fb43dd88552d03254d30fea3cadb4411dc9b1eac8241ede19146c4,git
Data_S1/figure4/Fig4H_history_rerun/records/hconfirm_AlphaEdit_control_9944/results.json,106702,df80a73dc8fe087eff5e2ee5bf85b6402f71a318a05dab98a8f03c7cc69cc43f,git
Data_S1/figure4/Fig4H_history_rerun/records/hconfirm_AlphaEdit_control_9945/results.json,106705,0c9b156ff9bfa8446825e092a76954f5950be1bd0f0192c7f475411645eaf6dd,git
Data_S1/figure4/Fig4H_history_rerun/records/hconfirm_AlphaEdit_control_9946/results.json,106708,166d4255bdeab0e87d61ee489d22aa071eff82a31354efbd5ca53f608385fd9d,git
Data_S1/figure4/Fig4H_history_rerun/records/hconfirm_AlphaEdit_control_9947/results.json,106735,c2c045ba914e043c5cda59435d4aacce3b7acf638846bff23b3de40963e3bf6b,git
Data_S1/figure4/Fig4H_history_rerun/records/hconfirm_AlphaEdit_control_9948/results.json,106676,2de835f4768796de628e8c6f64d34016eb18d7e85472ece84298de634686c081,git
Data_S1/figure4/Fig4H_history_rerun/records/hconfirm_AlphaEdit_control_9949/results.json,106677,140678058403036bebc7d52683eb3ebdcb4263c455935823cec84cc9f10a25da,git
Data_S1/figure4/Fig4H_history_rerun/records/hconfirm_AlphaEdit_control_9950/results.json,106733,64dff244491f67832b8883b8312f9ae3f6c093e975a55f19a39d0c9a666a461f,git
Data_S1/figure4/Fig4H_history_rerun/records/hconfirm_AlphaEdit_ssr_9941/results.json,106681,47b5af55f78bbe9c25c162c4db8e123f37e67fad35a9b756e7e1ba67ee9596ae,git
Data_S1/figure4/Fig4H_history_rerun/records/hconfirm_AlphaEdit_ssr_9942/results.json,106699,a1b028851218ec673b25398726626717cd8c7a56f09f28433ef23c900793e38f,git
Data_S1/figure4/Fig4H_history_rerun/records/hconfirm_AlphaEdit_ssr_9943/results.json,106669,27cf28e23cd80c45f53a3744eb9f68bb6fcb262349670ec232c34093a676e5eb,git
Data_S1/figure4/Fig4H_history_rerun/records/hconfirm_AlphaEdit_ssr_9944/results.json,106657,7f868f463b8e64d367eb6e83797b5d37fcc0e3051441d33e9f831d5ec32baf59,git
Data_S1/figure4/Fig4H_history_rerun/records/hconfirm_AlphaEdit_ssr_9945/results.json,106737,683ebda60fa93a0c49f5a651b9a632db6616e6ccd2a450ced4d7f3a874b33dff,git
Data_S1/figure4/Fig4H_history_rerun/records/hconfirm_AlphaEdit_ssr_9946/results.json,106699,cfb80b988729d48ea5c2ea5c307a1eb7b539dedf1514f267ff254184fd2de43e,git
Data_S1/figure4/Fig4H_history_rerun/records/hconfirm_AlphaEdit_ssr_9947/results.json,106685,fafc40240d0aedd4fd35ee9c921bd2237f9045fd7805d7de9deba3f811180887,git
Data_S1/figure4/Fig4H_history_rerun/records/hconfirm_AlphaEdit_ssr_9948/results.json,106715,44d4d6971634384f0c539da81bba3a28b92e9e931f8914d872dafecc7f55624c,git
Data_S1/figure4/Fig4H_history_rerun/records/hconfirm_AlphaEdit_ssr_9949/results.json,106685,a1b04ef75e640bde6a44f39e3e70099f66106b79777eccc2fb073b23ecfa6a91,git
Data_S1/figure4/Fig4H_history_rerun/records/hconfirm_AlphaEdit_ssr_9950/results.json,106713,abee77344c1cc0d2ca06a112285b45368d87110327c47b40039c4da053c50458,git
Data_S1/figure4/Fig4H_history_rerun/seed_level.csv,3449,6c1e008985eb5ffaacc06aac3692249a739dbd26e09673ea27cc9b1154630798,git
Data_S1/figure4/Fig4H_history_rerun/source_manifest.csv,2956,1952f18a011976ee615c9459c85d3f09266cc750dfe00593580cfa734bcff229,git
Data_S1/figure4/Fig4H_history_rerun/summary.csv,438,1ec9a95a283c6644b3c8d609673b004fde129de34c4344a9a18e4c8858321358,git
Data_S1/figure4/Fig4I_displayed_geometry_seed_level.csv,3265,0b70168915a72000e3f53aeda6a67860c1ebaea3f09d5d62d62aa4a3fbae52f6,git
Data_S1/figure4/Fig4I_relative_cosine_seed_level.csv,631,cf69ec9b22db5c7c408d179bf02c07a474672ab47cd88d195a7c731b7563474f,git
Data_S1/figure4/Fig4I_relative_cosine_summary.csv,352,cb597073dce36da0e7d27e5f1f5f177506f4e0b3bd01bc0c88aa89e38c98e076,git
Data_S1/figure4/TableS2_original_recipe_summary.csv,1470,75d62e7cc95181407799219581b589bb455c3e18d5f9a2e6b5232bdca1e85ade,git
Data_S1/figure5_dual_followup/checkpoints.csv,90356,7e48e6af93bc429aef71a1ebc7a2167c333da7bc30c34644b7925d8f1c4a84c3,git
Data_S1/figure5_dual_followup/evaluation_plan.json,18523,a437f4db148de3cbb81fee454a042607eec48bc1f483b8e71865bce13043577b,git
Data_S1/figure5_dual_followup/geometry_summary.csv,1892,0691da27028fc8054a1008ad6b038c6d4434deb08621c12db59a789b8c2d386e,git
Data_S1/figure5_dual_followup/history_items.csv,273976,0016f0ead7c175ba92d2660f9c6c7ca49b865bb0adf99166bc4371442531475f,git
Data_S1/figure5_dual_followup/records/eval_r32_s26092711_c0.03/generated_answers.jsonl,391374,d868dea79721dbabde56f66c42e5ab8abd4c3d8b8b3b32d718ed46b09f8375c0,git
Data_S1/figure5_dual_followup/records/eval_r32_s26092711_c0.03/results.json,708703,26b70df607a101d201144c5af24e9470c2cf3a3bc55c6a20ed9f43ea06cd3ff6,git
Data_S1/figure5_dual_followup/records/eval_r32_s26092711_c0/generated_answers.jsonl,386573,43f5fa6f5477194182d9ebdf480f6fa9a507e735c51815a4cedcbe487fdb7413,git
Data_S1/figure5_dual_followup/records/eval_r32_s26092711_c0/results.json,705022,6c460fd32d3cfbe81cc86ee68fd4151b0aedd61dfc1063ae9bc49cdc38ed5fb2,git
Data_S1/figure5_dual_followup/records/eval_r32_s26092712_c0.03/generated_answers.jsonl,385880,a26eaa5cf479ec6027a7b42fe99a260ca0d958b75158d7e5464eb53cad2ea12e,git
Data_S1/figure5_dual_followup/records/eval_r32_s26092712_c0.03/results.json,707992,e9ded7d6064b02e43645955e92f4d20c99cd6af9fcfc7c09a8f0b5857cd2aca6,git
Data_S1/figure5_dual_followup/records/eval_r32_s26092712_c0/generated_answers.jsonl,386020,8b2ef1dcb56d3fa2d94d70b805ac618da2496f9537575dc7b9986339a0542831,git
Data_S1/figure5_dual_followup/records/eval_r32_s26092712_c0/results.json,708420,b0fb56ca15d83b910d4e61eae165a15adfd252fa84341a16d091f07ca48fc666,git
Data_S1/figure5_dual_followup/records/eval_r32_s26092713_c0.03/generated_answers.jsonl,368369,5d3eff41a8a23fdcbd1254cdd7523832128a21a8b6660c2357f748e7ca70bad6,git
Data_S1/figure5_dual_followup/records/eval_r32_s26092713_c0.03/results.json,655194,c94e60b9edd8cb282de0fe6f225b812d3ed024f6f7ac7f251578b1a2f3161030,git
Data_S1/figure5_dual_followup/records/eval_r32_s26092713_c0/generated_answers.jsonl,367154,4bd2cc5380dd94ad902fc7583f7b08fedd81172a4b01ab8a4a4166ab889e72ca,git
Data_S1/figure5_dual_followup/records/eval_r32_s26092713_c0/results.json,654688,b7c2ef6797c30731b3fc6e05f2ecc8d15f42d8332bca365f0fe94c0fc818ae22,git
Data_S1/figure5_dual_followup/records/eval_r32_s26092714_c0.03/generated_answers.jsonl,443187,a50a0e002c697c1732ef6db55ade381be2fa69c62d17117c92774cfa4529cc4c,git
Data_S1/figure5_dual_followup/records/eval_r32_s26092714_c0.03/results.json,790799,81ed858119e32fe995068ee7cc45b27a4949eb6a4365f7a5146cded0f218b1d9,git
Data_S1/figure5_dual_followup/records/eval_r32_s26092714_c0/generated_answers.jsonl,436090,6d485e31ef1326f18d6b7cfbbfc2f862f55db631e5ee67c7de9ef10a1e9b9ae2,git
Data_S1/figure5_dual_followup/records/eval_r32_s26092714_c0/results.json,786666,00994091bb5f43260ad5b3a59ba9607bed529226303b2ed4c84c1bf8fc5a507b,git
Data_S1/figure5_dual_followup/records/eval_r32_s26092715_c0.03/generated_answers.jsonl,367246,a66035aeb5b73e8e4c7dccfe9262dfa43d254f8c9fb91114987cbad0f39d3bb9,git
Data_S1/figure5_dual_followup/records/eval_r32_s26092715_c0.03/results.json,660452,13dc5a203e214a21d4bf818572cffc072ebb393fa94b5f1d03491d73a5efb8c1,git
Data_S1/figure5_dual_followup/records/eval_r32_s26092715_c0/generated_answers.jsonl,367983,e7bf97380580ac248c7d014802c7765fe4f55e28ede2f8e92dea38d0a7d0e477,git
Data_S1/figure5_dual_followup/records/eval_r32_s26092715_c0/results.json,660708,f6d3419e1f4de5f17d842c04b38fa219dd46ce882c38a9dc97bc0e46dbd89326,git
Data_S1/figure5_dual_followup/records/eval_r32_s26092716_c0.03/generated_answers.jsonl,389310,aea01b75f407045018712b3a95bf77b57a72b2a06f58e7d2f0c35d8293087560,git
Data_S1/figure5_dual_followup/records/eval_r32_s26092716_c0.03/results.json,669546,b6ba8026fa0a9aba9352ddba9b78d8408f8f42d9e7327cb014411ad565a5a277,git
Data_S1/figure5_dual_followup/records/eval_r32_s26092716_c0/generated_answers.jsonl,387500,9ff708f10c470350b25b29f678dc505d9ffdc515755c3f7acb769625ecb76289,git
Data_S1/figure5_dual_followup/records/eval_r32_s26092716_c0/results.json,668448,c2dbe9ce2499253d0a170a5b56ca0b606e0987d012a1c6eff76e38a3399a9c60,git
Data_S1/figure5_dual_followup/records/eval_r32_s26092717_c0.03/generated_answers.jsonl,392134,e3aa4a6e496ca57b4d9a856d12dc24712ad745a727553d55b80076a2dcdd81ec,git
Data_S1/figure5_dual_followup/records/eval_r32_s26092717_c0.03/results.json,777356,a6a76df4fafee06c99d326585359fca8d556b508345f5dba654b3917f8d25d55,git
Data_S1/figure5_dual_followup/records/eval_r32_s26092717_c0/generated_answers.jsonl,393034,aeaadc8a9a8d189352771feeb04ddf77aa57d1a2ea6fd8f782968fb33779124e,git
Data_S1/figure5_dual_followup/records/eval_r32_s26092717_c0/results.json,777725,7254bfe52267a0b01c78b7a15ef90a10059e78144674919af098ce84af09778d,git
Data_S1/figure5_dual_followup/records/eval_r32_s26092718_c0.03/generated_answers.jsonl,392313,1dd620e79b014fc768bbd8363f489a8477836f4a5d1bf8cdc4d7fb25948aaeb3,git
Data_S1/figure5_dual_followup/records/eval_r32_s26092718_c0.03/results.json,656814,dc7997f55a4fb47d5e1a5fdca13c7804982f41a0f8326f24abdf289d79f94910,git
Data_S1/figure5_dual_followup/records/eval_r32_s26092718_c0/generated_answers.jsonl,392945,ac98976b3f3c379444465133e5074598a9247da19c3b511e41b8ca7dba370e49,git
Data_S1/figure5_dual_followup/records/eval_r32_s26092718_c0/results.json,656674,35c521d7da0724227f74446a4b4918cb842f6a7e879deb9d4d575899e2761d35,git
Data_S1/figure5_dual_followup/records/eval_r32_s26092719_c0.03/generated_answers.jsonl,406358,02698c04894243ccdcc1184beef63cb52cf27dc064ffa2247d60b1daeba94a7a,git
Data_S1/figure5_dual_followup/records/eval_r32_s26092719_c0.03/results.json,755366,bc93daa6342e40d8e8e9eb11128b0e256c1192cc145e1f3f146c34850001e17a,git
Data_S1/figure5_dual_followup/records/eval_r32_s26092719_c0/generated_answers.jsonl,405363,d77ab42c0bc6acc56e841e3793f3e9c99fbb2cc9697c8829759e4bc7796efe46,git
Data_S1/figure5_dual_followup/records/eval_r32_s26092719_c0/results.json,753641,68758057e348186dbbd35d86373350276311c1a753898dea243e0dde800ba8f0,git
Data_S1/figure5_dual_followup/records/eval_r32_s26092720_c0.03/generated_answers.jsonl,438387,599bed0ea8006f30248bb8e88f09a62fc3c7bab1752f0f015578c627f9bcccfe,git
Data_S1/figure5_dual_followup/records/eval_r32_s26092720_c0.03/results.json,700129,c7fe57d4f60cce68918c18e5cc6af605f2c5fb3390edeed100a19a1fb7f3c5b1,git
Data_S1/figure5_dual_followup/records/eval_r32_s26092720_c0/generated_answers.jsonl,435220,67577d20451f03cb6f5c33fd87a09ed72c511a5160a11b92861b4c2b3712eb73,git
Data_S1/figure5_dual_followup/records/eval_r32_s26092720_c0/results.json,697163,10aafadfb59475277ce2a8a53db9d870fa187ccfe4507346bb244337d03c3606,git
Data_S1/figure5_dual_followup/records/eval_r8_s26092711_c0.01/generated_answers.jsonl,390905,6d266fa4825ee70b4e6f0b69d97eaef0bfe06a220099c1c8a4c3187f5980ebe1,git
Data_S1/figure5_dual_followup/records/eval_r8_s26092711_c0.01/results.json,708802,ba619e83a80587ebc01dbf7dafbb9c480ae822262a6bc047553096631bffbbef,git
Data_S1/figure5_dual_followup/records/eval_r8_s26092711_c0/generated_answers.jsonl,389993,c37bd567d76d5e0ac5387fd52df64ebf56577e50ae51a8cbe4e7de8f1dcde529,git
Data_S1/figure5_dual_followup/records/eval_r8_s26092711_c0/results.json,708625,2cbeebbc7f87912d0e319060552547e14c96df5260dad4dd05b20ebad260b832,git
Data_S1/figure5_dual_followup/records/eval_r8_s26092712_c0.01/generated_answers.jsonl,386191,cc57fc89c28c75441d791a85e948fe10e356ad2c14bdc512c6b12c10f245158b,git
Data_S1/figure5_dual_followup/records/eval_r8_s26092712_c0.01/results.json,708145,dfe6e80bef65a456a524f023a17df761a15d5670ebc2b9b80c53d56591f10ddd,git
Data_S1/figure5_dual_followup/records/eval_r8_s26092712_c0/generated_answers.jsonl,385262,3050d111b834f3643666f6d1f05adadf9c426208cd79ee4066bf4ea193441452,git
Data_S1/figure5_dual_followup/records/eval_r8_s26092712_c0/results.json,707848,9b5219a0a1d409c76c78230fd9a034d821eb9cce65a39b58007a390c7b587eac,git
Data_S1/figure5_dual_followup/records/eval_r8_s26092713_c0.01/generated_answers.jsonl,369521,0b3d50c04df8dcfca31bea330b0514357c64da66b50a4fee957d3aa6d2f94bd3,git
Data_S1/figure5_dual_followup/records/eval_r8_s26092713_c0.01/results.json,656287,e6dc638a4a06336564b51472a765a014933cd7dde42006d42c199d9b5fbb5bf3,git
Data_S1/figure5_dual_followup/records/eval_r8_s26092713_c0/generated_answers.jsonl,370762,5ed9906c7b515278650c842f50eaef4881df47a4c72f2efc4db76f26374fd9f9,git
Data_S1/figure5_dual_followup/records/eval_r8_s26092713_c0/results.json,657676,55a831af934ab9d3fde557668ceb5c858ee77be62487433066b93b9a70e5fa08,git
Data_S1/figure5_dual_followup/records/eval_r8_s26092714_c0.01/generated_answers.jsonl,444395,5ac3adfb30d03a22de1523790ded63e112ae11e6424fe085b2de426925a0593c,git
Data_S1/figure5_dual_followup/records/eval_r8_s26092714_c0.01/results.json,790772,5462f05111a380d378c60e5f5090be4fdfab1de79dab07890d96aa571f925574,git
Data_S1/figure5_dual_followup/records/eval_r8_s26092714_c0/generated_answers.jsonl,443930,0fd3a06caee319afe7263e2c06235c220abf887fc92454c5ddea2a05b9957613,git
Data_S1/figure5_dual_followup/records/eval_r8_s26092714_c0/results.json,791039,b0f4a678083ec67a6aca61e478635692396e4784b9ba13b3ff11c48b0fd97e14,git
Data_S1/figure5_dual_followup/records/eval_r8_s26092715_c0.01/generated_answers.jsonl,367432,2f63b2e91d2a1fdb5e9f92df52e841664bfe4512571b74ab8fa7a8fce1805aec,git
Data_S1/figure5_dual_followup/records/eval_r8_s26092715_c0.01/results.json,660720,5ac08ec5541cee071d7ce64994eaa7fedeea7c55d801cdc86a330e538b4aec50,git
Data_S1/figure5_dual_followup/records/eval_r8_s26092715_c0/generated_answers.jsonl,367318,af146435f554066fca9ec10c02bb299f002ab3ead147ab20d020c0a4f20d1e86,git
Data_S1/figure5_dual_followup/records/eval_r8_s26092715_c0/results.json,660807,47b1ea71b6ee9f57d8abd8a69b7140226fd32f184ed63306d09663e5b9a6e47c,git
Data_S1/figure5_dual_followup/records/eval_r8_s26092716_c0.01/generated_answers.jsonl,393536,f405a4b952011d9de1f5aa7a8ca0b95a1a7d5e5bd7d3d6a228078495f748127f,git
Data_S1/figure5_dual_followup/records/eval_r8_s26092716_c0.01/results.json,672489,d9a4174ae7b34f14d96ee834e6bf4f93479475da0dd33acfa8ee9fe1517b750f,git
Data_S1/figure5_dual_followup/records/eval_r8_s26092716_c0/generated_answers.jsonl,392383,37930d0997f3fe8d28f673302921b86b2209a9e5aba54b12f6e2ddc7ced4553e,git
Data_S1/figure5_dual_followup/records/eval_r8_s26092716_c0/results.json,670710,22feaaa217d6787eeadc31d0d3336b70c8b78418fbd1054078ef9dde2b3bb210,git
Data_S1/figure5_dual_followup/records/eval_r8_s26092717_c0.01/generated_answers.jsonl,394440,8b7841182ba09e0c96fa74b501fa4975380f5a592acd3908a9c7e718207b37bc,git
Data_S1/figure5_dual_followup/records/eval_r8_s26092717_c0.01/results.json,778832,962979ce01c9d55c3a08f0cb8cdfd6c0b1ba33462be802c67fd78e41ab6870e3,git
Data_S1/figure5_dual_followup/records/eval_r8_s26092717_c0/generated_answers.jsonl,393335,978fa72ae9300fa707504108312b145ed4b1ba71ea8f247d60c59ea5eb899db8,git
Data_S1/figure5_dual_followup/records/eval_r8_s26092717_c0/results.json,777784,4818cc04e5bee29377e7c689e2e5175b4a53bbbf2abc4299aca8c089a8f2a39f,git
Data_S1/figure5_dual_followup/records/eval_r8_s26092718_c0.01/generated_answers.jsonl,392121,5c4c344c9e844a8040f20cc860c82168a36f3f29cb07a9c6fd9e4a47bc883f05,git
Data_S1/figure5_dual_followup/records/eval_r8_s26092718_c0.01/results.json,656265,7f47f2858ca70c5d1ce41db755181d24151e5172e1d982c1f01d9f412a8616fb,git
Data_S1/figure5_dual_followup/records/eval_r8_s26092718_c0/generated_answers.jsonl,392341,83b112fd2c1b1221675d91dcb9c0ea1b629c47665cd293f9319ef001ac752fc9,git
Data_S1/figure5_dual_followup/records/eval_r8_s26092718_c0/results.json,656724,ee7341f9702a3a4368a17ff0696a01f24cdc2c8a4325d3da57fb3043e6dc9f36,git
Data_S1/figure5_dual_followup/records/eval_r8_s26092719_c0.01/generated_answers.jsonl,411427,e0924e967cfbd8bb892f97a6f2952da6e40ae5a0d89eb2b25db3b30e18da7fb4,git
Data_S1/figure5_dual_followup/records/eval_r8_s26092719_c0.01/results.json,755700,0d73162896255e2b7c215aa26aacdcc02ae6ba572eb9444c0abe54e533e8a6fa,git
Data_S1/figure5_dual_followup/records/eval_r8_s26092719_c0/generated_answers.jsonl,410837,70b3737a9f76bfe13905f3395d82d12448aa7c21bb2b989b58118940c7bc1063,git
Data_S1/figure5_dual_followup/records/eval_r8_s26092719_c0/results.json,753699,fe8d57a1c43da6caf366e6f4526da4455af8b36c1638a06509be0f9929c864a6,git
Data_S1/figure5_dual_followup/records/eval_r8_s26092720_c0.01/generated_answers.jsonl,435613,c782e6090c582f67a8a4dcfcca1f005ec42df6a16e2324e4712e0af04fbcb11a,git
Data_S1/figure5_dual_followup/records/eval_r8_s26092720_c0.01/results.json,697996,649950ec4ddc0db07cbbb87c13e314e34429dbf53c6fa59cf440bcc365f4cba7,git
Data_S1/figure5_dual_followup/records/eval_r8_s26092720_c0/generated_answers.jsonl,435572,a397cc3db2861eea356999fe1bd1928efe2931d7128dd23b961715ebe52931b3,git
Data_S1/figure5_dual_followup/records/eval_r8_s26092720_c0/results.json,697490,439e985c322e68a7e551dce9bc4a3146657d82ac72b7f38f65ca6eaf8aa7e5b4,git
Data_S1/figure5_dual_followup/seed_level.csv,5583,247b4bcd9bf1866047b4193a67faffd12296889668124d3f2870d13d2ab24900,git
Data_S1/figure5_dual_followup/selection.json,637,166ddd8a303ebb96781ad0850eba08fb0ad7b4ad9900d5d361b523789aa8861a,git
Data_S1/figure5_dual_followup/summary.csv,835,4d92cf7ced61a4430f81f87e0060568989174a36c8c1dc8ae3046cc27c57de9f,git
Data_S1/figure5_dual_followup/trajectory_summary.csv,2596,e6179c2feb6c812e73099ab5821e610f87f873c958698926f3bb4845f22f1316,git
Data_S1/figure5_panel_sources.json,2194,c60501e5dba7d0b40b5fcf1120c9e3c6a5532e68d96d2b004094c53d1ab083cd,git
Data_S1/figure5_rank1664_followup/evaluation.complete.json,15302,acea60a54875c51d868b079f74860602877014c3421a3f973b7501ee6e0ae942,git
Data_S1/figure5_rank1664_followup/evaluation_plan.json,18703,31d766befcdfc5f11bdf4aca8f2a9e8798ab76016727ca522e4a8261eb2726aa,git
Data_S1/figure5_rank1664_followup/final_audit.json,1700,0da2878a0f85f9b354b8bdfcabf5208e38ab24cc711e727ea1f116d579e3ae0e,git
Data_S1/figure5_rank1664_followup/records/eval_r16_s26092811_c0.03/generated_answers.jsonl,405532,f68631cbd44643acead9dee88fec01d1f59750275f4426cde679439ab332201f,git
Data_S1/figure5_rank1664_followup/records/eval_r16_s26092811_c0.03/results.json,737739,57da10cfdec9b83d7b631f8e5ccf04c2b64c60e7f1e0c16a2706dfc86cd4ae9b,git
Data_S1/figure5_rank1664_followup/records/eval_r16_s26092811_c0/generated_answers.jsonl,404074,0de6d3d7e1346e9003635d2900df4d3bb9ad316dfade4a8175d1c0c734bf5723,git
Data_S1/figure5_rank1664_followup/records/eval_r16_s26092811_c0/results.json,736957,2cfdca31111d8ec42bd298f8435ccf7fc0c2b04e997eaaeb8b967de3bf012f69,git
Data_S1/figure5_rank1664_followup/records/eval_r16_s26092812_c0.03/generated_answers.jsonl,382649,c0e37c63000d2d06f6f1e8a092896454264cf1bac5688ec5fd20017a708e4892,git
Data_S1/figure5_rank1664_followup/records/eval_r16_s26092812_c0.03/results.json,747803,54a4174110e2ec901a3278f1e5f091852e4a24294e0e02e73853e61dcee4b899,git
Data_S1/figure5_rank1664_followup/records/eval_r16_s26092812_c0/generated_answers.jsonl,383082,591e575bbd22d09c10f194feb82b7f52760238df90ac9fc82f709133ec7b5468,git
Data_S1/figure5_rank1664_followup/records/eval_r16_s26092812_c0/results.json,747267,945af330ada50f07617da38b24890dbaa3bc57e5faab2b8ccda749ec705b65e5,git
Data_S1/figure5_rank1664_followup/records/eval_r16_s26092813_c0.03/generated_answers.jsonl,388733,f090d944742b1bde41aa61ba8677587e505827ee188c58be13945cb9409b7af3,git
Data_S1/figure5_rank1664_followup/records/eval_r16_s26092813_c0.03/results.json,744864,acfa977b8daea05410f92b6d39d4faf8bce027e2a677fbe32922bbf472af836d,git
Data_S1/figure5_rank1664_followup/records/eval_r16_s26092813_c0/generated_answers.jsonl,388425,e3892388a634c22c66ef57b1deb995a5e79a80db47e18edd348a12837d03ffb4,git
Data_S1/figure5_rank1664_followup/records/eval_r16_s26092813_c0/results.json,744149,3234947a9ab2feeaf48552b71084df8b1ae63e9334903b3e1c68126ec3d9e5c5,git
Data_S1/figure5_rank1664_followup/records/eval_r16_s26092814_c0.03/generated_answers.jsonl,400703,9a22dabd627021e5a5358e2a2c1b56b2c4a146426249f6d746a656a06f4050c4,git
Data_S1/figure5_rank1664_followup/records/eval_r16_s26092814_c0.03/results.json,721593,c0240a3647468d270b1be31c1d1b2a150a6f4d00126b50e32e911a15d8042216,git
Data_S1/figure5_rank1664_followup/records/eval_r16_s26092814_c0/generated_answers.jsonl,399375,70198ee0405dca7f523733b482e2fc673604e012ea5a2cfc2f76d7e7c6d88259,git
Data_S1/figure5_rank1664_followup/records/eval_r16_s26092814_c0/results.json,720490,2254f901b52f52e406e4d50c412f0d945cc2813c69b403a4e1a78f63dc482b8f,git
Data_S1/figure5_rank1664_followup/records/eval_r16_s26092815_c0.03/generated_answers.jsonl,400316,2807660c5db12c551b55a0ebfa664a0dde579f879fa0fe6ce351ed190f05c5ee,git
Data_S1/figure5_rank1664_followup/records/eval_r16_s26092815_c0.03/results.json,698015,3f6e0b454690668464123cc474aa4607fa59486c599fa54aba311b52e87909bf,git
Data_S1/figure5_rank1664_followup/records/eval_r16_s26092815_c0/generated_answers.jsonl,394592,4cc5df08cf34f5db553d1aa3a7178cd96ef1b689f4356ec8869f4e78bd801449,git
Data_S1/figure5_rank1664_followup/records/eval_r16_s26092815_c0/results.json,695942,2c7fa95283ab286448d17e9d6b6c84766213be7ac9bd22641bf7210139ee854c,git
Data_S1/figure5_rank1664_followup/records/eval_r16_s26092816_c0.03/generated_answers.jsonl,391100,2d05e028423b6d62f983b8f806c72b235e682cd903bda63f59c6d3ad18ef40b0,git
Data_S1/figure5_rank1664_followup/records/eval_r16_s26092816_c0.03/results.json,725195,3553e0b21eb5381df3cad45ebea25760f3866a6403bf781e281b99d181708182,git
Data_S1/figure5_rank1664_followup/records/eval_r16_s26092816_c0/generated_answers.jsonl,389918,8d6bf4e4412cc0d1b55474350cf4c24a614a0f79a03c73560bd8569b86ee8d12,git
Data_S1/figure5_rank1664_followup/records/eval_r16_s26092816_c0/results.json,724234,0f4485d0ae1e32bd9ae40b1b4d49052332d1aeca6b082fc76511638a4cf2b770,git
Data_S1/figure5_rank1664_followup/records/eval_r16_s26092817_c0.03/generated_answers.jsonl,394371,b6f60ce00fa57d866a26dcefa27f9a8f001a0eac6b9fb56558727e4ecbd90e69,git
Data_S1/figure5_rank1664_followup/records/eval_r16_s26092817_c0.03/results.json,763434,e686b35e365e2675cc39b99c2b30bc940d9032ad4654e2a3164130bde57e05f0,git
Data_S1/figure5_rank1664_followup/records/eval_r16_s26092817_c0/generated_answers.jsonl,395334,2950d40573d2741136077eaf6446cc81ba4456b824f4e856f7b2957ab5565d98,git
Data_S1/figure5_rank1664_followup/records/eval_r16_s26092817_c0/results.json,764009,c9fd2419fbb7f90de2dcae715ee93298c657130d92ab5f58a474d1413715fcb1,git
Data_S1/figure5_rank1664_followup/records/eval_r16_s26092818_c0.03/generated_answers.jsonl,375609,3711a49f8f71e04fda476bfe1bccb9f634620afdbd648af7676acfc99cf30249,git
Data_S1/figure5_rank1664_followup/records/eval_r16_s26092818_c0.03/results.json,633243,dbe3ebf0c4a83d22cd7f49375ac6482fac52091151b6c6a02b729a85469a100e,git
Data_S1/figure5_rank1664_followup/records/eval_r16_s26092818_c0/generated_answers.jsonl,376368,9b9d52d4737bfacdbed1773f1b407d59ee03121183f12b2ac8d9dfeb120248f9,git
Data_S1/figure5_rank1664_followup/records/eval_r16_s26092818_c0/results.json,634407,44f0e274aa2b244eb8e838e285e25b16afa10f371ac06b0a7fc78e4d7b144886,git
Data_S1/figure5_rank1664_followup/records/eval_r16_s26092819_c0.03/generated_answers.jsonl,395489,460f2ccb254ebda2a9482aaf66b1313759ef2251a20c5d53801a5d4fd027e1ec,git
Data_S1/figure5_rank1664_followup/records/eval_r16_s26092819_c0.03/results.json,723648,9608228a2b5ea6d5a63cf2ec313091d6d4dc3cc0fdc026247983b22a2c03682a,git
Data_S1/figure5_rank1664_followup/records/eval_r16_s26092819_c0/generated_answers.jsonl,394576,3c2049ac1b319289e4ae0b067bd02cc65fe5c71ea6457c5580361aff765842eb,git
Data_S1/figure5_rank1664_followup/records/eval_r16_s26092819_c0/results.json,723756,d872266dc610acdd9a922f7cba9c2094c0f0a036759633db66f1881ae9bde7fc,git
Data_S1/figure5_rank1664_followup/records/eval_r16_s26092820_c0.03/generated_answers.jsonl,384044,cfeaaa0b61885840c6683a4ba53f3ed81e9f8c0e6a705cb50596221ced0d0a9f,git
Data_S1/figure5_rank1664_followup/records/eval_r16_s26092820_c0.03/results.json,710425,e04e88755b33bc17f063ed264b255b9b27a5c3e296081fbcc34d46ccee1124c4,git
Data_S1/figure5_rank1664_followup/records/eval_r16_s26092820_c0/generated_answers.jsonl,384591,fea3cb30cbc4c6e94852711b965879bb1083ddb3856bda4246152f4c38de0c03,git
Data_S1/figure5_rank1664_followup/records/eval_r16_s26092820_c0/results.json,711306,24338d2a24a9a1c5506c8deb9a5eacd4d8eae3e102c478cd811b31df84b34bf3,git
Data_S1/figure5_rank1664_followup/seed_level.csv,3759,ce6651a5c6fe9c4e364b2cf51c63729444d24157bf859cb3e1008171fa155d27,git
Data_S1/figure5_rank1664_followup/selection.json,636,d05f152ceab5f13b1714d07a29568e3a861c7a5c8d5f4749de090c48fb86fcfe,git
Data_S1/figure5_rank1664_followup/source_manifest.csv,5514,b50f4fd3ee583e7c13cfaa9e5036d21fcb8248b610c303f66561fabf5b99ec06,git
Data_S1/figure5_rank1664_followup/summary.csv,510,9864eef771a9a0cc859c1f70fb14bb41930cd70de838e38d8842db3a8b7fcde0,git
Data_S1/figure5_rehearsal/complete_rank_summary.csv,1432,e705a66eebebaf27cf0b435a18679318d17dc37c8edb1453b92f2a9be15b9f12,git
Data_S1/figure5_rehearsal/curves.csv,26550,91ae55276d2c8dcb8a5a9d7d27530a6e7a9c1c7648fa53aa5c0188a0b55b07f9,git
Data_S1/figure5_rehearsal/endpoint_summary.csv,1290,fa5db7efbeaa61cc6481d3fdca7e7422a587bbceb0fee5d28537faed145998bc,git
Data_S1/figure5_rehearsal/geometry.csv,271578,c2ffa4029fe5c5424960fac64e23c81b265f27755170c380cb66fcafbcbbec4f,git
Data_S1/figure5_rehearsal/geometry_summary.csv,1899,80b2fad4a8d133269d703fdf754a4453a5a25f3197b972adb5c6032951632fdb,git
Data_S1/figure5_rehearsal/history_items.csv,573819,1216859987383b88e5d0ad425172689be2dfd0625e95db146b4ef7ce741982f0,git
Data_S1/figure5_rehearsal/records/rank_16/seed_17631/plain/results.json,48406,b923a8f54c6ebaa43f5b08541f8accb252fea5c141acfd9eacdf3bc9b9d4fa04,git
Data_S1/figure5_rehearsal/records/rank_16/seed_17631/ssr/results.json,48378,8d92eaffa70d332bde884732f19aaeb7eb7de2a819e1e2c80c6eb1718c657eaa,git
Data_S1/figure5_rehearsal/records/rank_16/seed_17632/plain/results.json,48394,a00d58d2114a557ef3bd290f7c2435412f2e92d5d192a711489f62d1187caa7e,git
Data_S1/figure5_rehearsal/records/rank_16/seed_17632/ssr/results.json,48362,758bf58e439a40fa40ee7f158acbe122c29c1b0975ddc28e821165fab444868c,git
Data_S1/figure5_rehearsal/records/rank_16/seed_17633/plain/results.json,48390,e3b7221362811aec93b46830e247d4f7fc766c40482c1fdd4d697787088c227e,git
Data_S1/figure5_rehearsal/records/rank_16/seed_17633/ssr/results.json,48373,fa41b3467dbc24877ff30a487d775e94e1f4dc944f5a58df26b525ad6908cd33,git
Data_S1/figure5_rehearsal/records/rank_16/seed_17634/plain/results.json,48423,51f5ac84b4d6a89e0f2b80b63c1580004773bcafb6ab7e23c164ca4afbbb1e68,git
Data_S1/figure5_rehearsal/records/rank_16/seed_17634/ssr/results.json,48419,eac243cce8b7ff69df6a5c5830ecf2c9afae69efd32e4a3e62e962c549d710ec,git
Data_S1/figure5_rehearsal/records/rank_16/seed_17635/plain/results.json,48397,6a62709865b5ae0459665b627e5171b7ff3d6efb08f3bf17d288914fb4f98ce2,git
Data_S1/figure5_rehearsal/records/rank_16/seed_17635/ssr/results.json,48398,cf192d1185c8464ee97a4d6198c7ba183daee89d808732f31db9e2a3040b0d8c,git
Data_S1/figure5_rehearsal/records/rank_16/seed_17636/plain/results.json,48384,08c30ace2809d7ed01cdb37ea5b2a941b22fab809c8ba7fe80f2691691ca01ce,git
Data_S1/figure5_rehearsal/records/rank_16/seed_17636/ssr/results.json,48327,b3163965643057850396eefbea9b78dc42f30c59f173fde8c264eee1c7880447,git
Data_S1/figure5_rehearsal/records/rank_16/seed_17637/plain/results.json,48422,067d734b543de52abc50b1d89545a54d02f9388fc7251629e379d7e10392238f,git
Data_S1/figure5_rehearsal/records/rank_16/seed_17637/ssr/results.json,48403,b36755938b5c7d4fb23cbcc4e2033c1e4ac820da8f63fa363e98730227dfa75b,git
Data_S1/figure5_rehearsal/records/rank_16/seed_17638/plain/results.json,48421,a0da1d15c5f6bbce10eb2d228491dfd23a9c941716a2679a2fd27699ec3456f7,git
Data_S1/figure5_rehearsal/records/rank_16/seed_17638/ssr/results.json,48407,1f12fdc22218ba35cf0a79bab1bde599c7fc90c6a1298ee305814d951623bae0,git
Data_S1/figure5_rehearsal/records/rank_16/seed_17639/plain/results.json,48439,5df4ec5aa5e8bb3b3b7ed5b90db25d1b3cb340841a95ca910c55c7a915341678,git
Data_S1/figure5_rehearsal/records/rank_16/seed_17639/ssr/results.json,48370,f1dea2acfb3f85beaeef943652c8d5922305e3061dc91f45a04e945329a6fe7a,git
Data_S1/figure5_rehearsal/records/rank_16/seed_17640/plain/results.json,48436,1cf7b433dd28ed6c96b0ce304d6b3958ab3fc1b2baa3f0e832e36e96655bcf91,git
Data_S1/figure5_rehearsal/records/rank_16/seed_17640/ssr/results.json,48404,2694554c61eb12430c409667ea3e82124d86ee4c1e5e069694a95b6e74a67b35,git
Data_S1/figure5_rehearsal/records/rank_32/seed_17631/plain/results.json,48411,c05bc0afbdb70b45a0bbc6fde35b55c81759dc7807a41b033ccbc9f0f82347fa,git
Data_S1/figure5_rehearsal/records/rank_32/seed_17631/ssr/results.json,48343,70834ca8ac39a93af054e4bfdd710029463b96b7ce9aa71418e746d57249014a,git
Data_S1/figure5_rehearsal/records/rank_32/seed_17632/plain/results.json,48454,33a97c47bb1a51b7f97a53942f356bd81f502f312672d1baa5a016c59c24f012,git
Data_S1/figure5_rehearsal/records/rank_32/seed_17632/ssr/results.json,48361,a50ef3768e9a7bbe51077094187aa6e991f6d8b01137edced2e43512be5972df,git
Data_S1/figure5_rehearsal/records/rank_32/seed_17633/plain/results.json,48416,b0f8f447fc0a5efcf5ae6cc5aaef7d9709d6cbf93b47b7324e6733e855f71281,git
Data_S1/figure5_rehearsal/records/rank_32/seed_17633/ssr/results.json,48315,6a04511ab40c7524e7ced2e6467ee0d311c4961990d46ce74ea5c20eac138ce5,git
Data_S1/figure5_rehearsal/records/rank_32/seed_17634/plain/results.json,48426,4fcc67b60db433526379a5edd4f1d53af2a69502bbe3ee7ce75157ad62ff887a,git
Data_S1/figure5_rehearsal/records/rank_32/seed_17634/ssr/results.json,48392,8e0774250b6f14dad31a2ee00fb85da738ed56cf28e7efd3e2473968b48d5957,git
Data_S1/figure5_rehearsal/records/rank_32/seed_17635/plain/results.json,48368,3ff8acd4606795ffd78b6e4435fc7613d0b3c391912e173fd8a1beed211d8e02,git
Data_S1/figure5_rehearsal/records/rank_32/seed_17635/ssr/results.json,48331,ca044b70a5953664522bb0954ff0eb01b1e61f3cbc8f59272e3941371ea23f55,git
Data_S1/figure5_rehearsal/records/rank_32/seed_17636/plain/results.json,48357,dd10c697e940e51ccfb24955edf66fd3540a9553c72d6f119e0efa3fff0c9cd6,git
Data_S1/figure5_rehearsal/records/rank_32/seed_17636/ssr/results.json,48330,f2def4bf76f82ffa816f7831374b952f593c6b2ef597790d16c539ba2c081d5e,git
Data_S1/figure5_rehearsal/records/rank_32/seed_17637/plain/results.json,48393,f99f75d66ee92c047ce10c8bf1bcd1f0e2d87a6d5cf3cb1a888cf8e2696249f2,git
Data_S1/figure5_rehearsal/records/rank_32/seed_17637/ssr/results.json,48376,4d705ca12dfca2e7fb1ac11df9465d956ac30c457eb5fbe1449345939b5dddb2,git
Data_S1/figure5_rehearsal/records/rank_32/seed_17638/plain/results.json,48460,3dcb3dd5dcf282b42348dc59c87ec526911977adf56ad376ac688ebbb6e05f53,git
Data_S1/figure5_rehearsal/records/rank_32/seed_17638/ssr/results.json,48404,05361a4ed007b1ef114a47ef4558869dd2fb90fb072c3667f89ee1b8ca462296,git
Data_S1/figure5_rehearsal/records/rank_32/seed_17639/plain/results.json,48404,0d634fc74980eed7f8e6b13845a9a106a0b21b1de5a7fca528be5274f7b91918,git
Data_S1/figure5_rehearsal/records/rank_32/seed_17639/ssr/results.json,48325,677a7e5d12570dc7124b671789722e746b75dafbd71db514a97b0582104b1068,git
Data_S1/figure5_rehearsal/records/rank_32/seed_17640/plain/results.json,48440,c328f7a4ebf52a16b5c4c64d21c359c5db0974ac01f45ebc037e2053db134b7e,git
Data_S1/figure5_rehearsal/records/rank_32/seed_17640/ssr/results.json,48320,d7e7322e402b77b87539002adfd95bb5f5fafac01ba2f422c284881ffb959998,git
Data_S1/figure5_rehearsal/records/rank_8/seed_17631/plain/results.json,48401,d65549f14b9dd2d5123c68b12180bf25a734d0906520f5bc02e477703b76b187,git
Data_S1/figure5_rehearsal/records/rank_8/seed_17631/ssr/results.json,48324,121f313c0599f70f1d780d5702c6171b76304e3cd21672fc76685271723cfd00,git
Data_S1/figure5_rehearsal/records/rank_8/seed_17632/plain/results.json,48413,f8e14dd3740b8dfdee2051d83772e187da3661c9125f35bb992408cfa48205da,git
Data_S1/figure5_rehearsal/records/rank_8/seed_17632/ssr/results.json,48364,4a81b07c41d1ddd25b2e84fba4354e37190d267b67797b28b95ac633278b1f32,git
Data_S1/figure5_rehearsal/records/rank_8/seed_17633/plain/results.json,48379,9adbd2e16ec28f799e5e3e8b93aa8fb7a23d2805b5f188726bcff151e3ea6306,git
Data_S1/figure5_rehearsal/records/rank_8/seed_17633/ssr/results.json,48307,a7f3b431ff62a6c541a6dd0fe273a4106db95e04a388256e6082f5ea58afaf3b,git
Data_S1/figure5_rehearsal/records/rank_8/seed_17634/plain/results.json,48419,ef523b978bc22c496f5d72f784c74859dda7d4983a8e4b7dcd6c5fa3d874df34,git
Data_S1/figure5_rehearsal/records/rank_8/seed_17634/ssr/results.json,48315,8a34d74ee9109854438eef65255e4b9caef94772fd516e6c069491b9d1336006,git
Data_S1/figure5_rehearsal/records/rank_8/seed_17635/plain/results.json,48395,0c6cc6682e8cc76635c75d861b418ba03d305a0be1d0081c493ee7f4eeb55605,git
Data_S1/figure5_rehearsal/records/rank_8/seed_17635/ssr/results.json,48334,94b62011562165ccedf450818868712ec79cc85c11b3d8b6839ea3fc32c33e9c,git
Data_S1/figure5_rehearsal/records/rank_8/seed_17636/plain/results.json,48374,1598c7eb4a15b98ed4c9cb762f6423054414fd5eda0d0c9526582981e1a2d5b1,git
Data_S1/figure5_rehearsal/records/rank_8/seed_17636/ssr/results.json,48305,7210b6116059e6a8de552a525a047fec716327dfec3fd50882ffa168f6d8b1db,git
Data_S1/figure5_rehearsal/records/rank_8/seed_17637/plain/results.json,48420,ebc2098749e5f2d6d64cec09c041d800f915e295b1f571cfecb76f305422bd13,git
Data_S1/figure5_rehearsal/records/rank_8/seed_17637/ssr/results.json,48392,4e10001d651a82a5c69be46fde8bcf58b9f1e80a7e316302d3c333e26201c061,git
Data_S1/figure5_rehearsal/records/rank_8/seed_17638/plain/results.json,48455,ef5accc5a6846bc1c8976f0d45d5260bff26c83ee1631c8da926e8b50d025ab2,git
Data_S1/figure5_rehearsal/records/rank_8/seed_17638/ssr/results.json,48373,4a74b882165fbb7c877e79e2a1fd11f0d4efdb56056d057141f29a178e700420,git
Data_S1/figure5_rehearsal/records/rank_8/seed_17639/plain/results.json,48392,07dd418453215f5826cc7cc8bb9df0b2d89d9b1aa038a5622d7b4edf2e54efea,git
Data_S1/figure5_rehearsal/records/rank_8/seed_17639/ssr/results.json,48362,9fd85e04c7ce151fa87c156ae36694b7a122a488be973260fb9d0141144a3608,git
Data_S1/figure5_rehearsal/records/rank_8/seed_17640/plain/results.json,48420,0a27205ea49557597e2b99b5a0bc581b8e6c85fb861bd004c98ade92be2017f9,git
Data_S1/figure5_rehearsal/records/rank_8/seed_17640/ssr/results.json,48339,47ba530eea1c81de80701f2d787d255390fb0c4eabd098c425d8cd6a7ca7a228,git
Data_S1/figure5_rehearsal/seed_level.csv,13252,f2ce8db67ea243d7dde276a46350f80e12b1b79c4cb38b1ad47a1937e3a573c0,git
Data_S1/figure5_rehearsal/source_manifest.csv,26448,79603687e0c4cca28c9f8ed13418e15ff4b511d35c2c6a3c6b9e702c6f0de706,git
Data_S1/figure5_rehearsal/trajectory_summary.csv,2088,3e560bbf4faad07553c728c28aee7dbc6b24789e2689a958d8db13166a6c08de,git
Data_S1/figure6/Fig6A_displayed_seed_level.csv,3065,5504b23951a8ff64d4e297277aece8245b106a2d2be2c365eedbf0570e3603ef,git
Data_S1/figure6/Fig6B_displayed_stagewise_seed_level.csv,3768,c3c1453efe3f1859296c834c16530a543bd4c4048cdb814e44cef22901d359ca,git
Data_S1/figure6/Fig6D_displayed_seed_level.csv,3704,3f1b5ab642672c6a7eb116451da19a167b8613ffafdf32b4508b173236c27ac2,git
Data_S1/figure6/Fig6D_validation_main5_summary.csv,359,ce82e8b873d8edb355c54504129dac53e07ef31252c3f17468202a364b8540bf,git
Data_S1/figure6/Fig6E_rank16_displayed_seed_level.csv,6471,bfd9719948ab3cc6cc6d96cafc163707dbd7d7f57f5bc4025b7560a37bc12290,git
Data_S1/figure6/Fig6E_rank32_displayed_seed_level.csv,6456,afc3d3f95e398f742db419aa63050777ca483fe0dcb34378514b85e581d967a4,git
Data_S1/figure6/Fig6F_additional_matching_KD_controls.csv,691,bfd51e2d892ff6dc13490470974a2ec4b06b6bc99c8e65c3242b52cfd2734633,git
Data_S1/figure6/Fig6F_cifar100_displayed_seed_level.csv,6430,619866ba4871d4d2d4d57de34901fcd84bcfc31e9d4376312666e8a9475a0273,git
Data_S1/figure6/Fig6F_supplementary_nine_strengths.csv,16205,bbcc7b3d339c598bd0229d664942b187677e7779fca69ada9d17f4b78e13a07e,git
Data_S1/figure6/qualitative_case_2010_003362/change_map.png,8530,d12dfd224f1b92dc20cd2623564c9221f16475c4ec7ecf8ea91a7037a2c6e282,git
Data_S1/figure6/qualitative_case_2010_003362/gt_color.png,4127,9491972c25567de4fb5098d75fb35fc21e668e36ed8e71c0391712bd7060ed6b,git
Data_S1/figure6/qualitative_case_2010_003362/input.png,429446,88e2edf181bc794df77430b0621b5022da054ccd45931e5a39eb8f55a6a3e117,git
Data_S1/figure6/qualitative_case_2010_003362/lowrank_color.png,9179,7dd61ccb9affc4118d1aa171a3e0befbebd7e655f51181ebef01410155577080,git
Data_S1/figure6/qualitative_case_2010_003362/lowrank_error.png,7412,e69a4bf6d94a7b3e0da8a11d5e7c6c00419d4bdb081bd5dcbeabba8a07598022,git
Data_S1/figure6/qualitative_case_2010_003362/lowrank_ssr_color.png,11394,176ad2821ae8a268fd5fa900b52962082184e20054899ebc48cc32c2ae2590ca,git
Data_S1/figure6/qualitative_case_2010_003362/lowrank_ssr_error.png,8978,7e4588131fd1aa16ec698b7a26bd6d8e9cdd57475b399a91b030ab4019b1a630,git
Data_S1/figure6/qualitative_case_2010_003362/manifest.json,1576,23e4c6fb88341f1c2e4f5173b09f712f60983e82176dfe4880ccd2ce13c619d4,git
Data_S1/figure6/response_maps_rank32_seed8411/gt_mask.png,581,503d4aef175c57a28906c7e228ef5d3b597131e41ef3efdddcd18dd738750b0e,git
Data_S1/figure6/response_maps_rank32_seed8411/input.png,63382,2608465cb133416d92d0fb6db2f3482d29a64cd0a035222d03f4aa0b64f83176,git
Data_S1/figure6/response_maps_rank32_seed8411/kd_response.npy,200832,f5b2c5842c38f5507a11e5781b9488e3e1cf7552adc6b1c15de758f61c11e6d6,git
Data_S1/figure6/response_maps_rank32_seed8411/kd_ssr_response.npy,200832,57a6f69ac1a3662bfee8a4a535712e3d2a505550d70912800c8c9d424cb7a662,git
Data_S1/figure6/response_maps_rank32_seed8411/manifest.json,1635,b9829297dd600d6cb9fbb76c975ac2f503aac19148a686750a9a6daf556d7651,git
Data_S1/figure6/response_maps_rank32_seed8411/signed_difference.npy,200832,c98c0582b7585c29d48ee11da811178e7336b4e67176617d98eb0ee8b1187277,git
Data_S1/supplementary/kernel_profile_audit.csv,1255,173cfffc4f84e9b47f441701e8f4119e421e4d2ec21b8c0614d610d6045c691a,git
LICENSE,1069,a0f3dc02f66bddf5f5728e978370f6fa98d0eb95f68fee741b28add2b87f24aa,git
MANUSCRIPT_IDENTITY.json,715,54a650ef43fe80e4365ce45d8c0a8d5d0153fc9870c5ea0cc80a899d9b8565cb,git
README.md,2148,b5c2b36c9d6cad5d724a0ca85dfe4f905e41cd6bc6ae123e82220092270d750f,git
archived_campaigns/figure4_followup_20260927/README.md,468,4fbd6cd78b5ec6dba5fa71a2f89bdc2ae1054f06f712eda8a1e2b5322bdcee5d,git
archived_campaigns/figure4_followup_20260927/figure4/Fig4H_updated_history_seed_level.csv,9833,e65da8a65c3e5702cfcbb3fa1dedd144462af002859f494b43931839ddb876b2,git
archived_campaigns/figure4_followup_20260927/figure4/Fig4H_updated_history_summary.csv,516,a417836be9fb8087988134cc9e362af520c8fd40f0e0dfeb7040d91ecdfdd5db,git
archived_campaigns/figure4_followup_20260927/figure4/Fig4_followup_contrasts.json,7416,2032d86e1c8085e3738f6792488e1b988ff9e451de9510309d5c62aed8dee295,git
archived_campaigns/figure4_followup_20260927/figure4/Fig4_followup_dense_selection.json,2848,73ba5637d44265c60e92e7954bb190ceeeb1ec7669358c3414d2d80413af6aee,git
archived_campaigns/figure4_followup_20260927/figure4/Fig4_followup_history_items.csv,3678134,802f11557065594de8f75b07639ad5b66fa0be0458c904a1e750865dbebcfcc4,git
archived_campaigns/figure4_followup_20260927/figure4/Fig4_followup_native_selection.json,1991,a6ceb4e7bfc4dce4a18f597bfedbba90d4a230b522201de5e846a3eeff613d88,git
archived_campaigns/figure4_followup_20260927/figure4/Fig4_followup_seed_level.csv,51720,bfd5ced8c2e312b8dc6c6ca5f33ee8823be211fceb6ae4f630ecb9d2e9679124,git
configs/lowrank_ke/easyedit_qwen25_lora.yaml,295,ead1e13e54e435f618172ae475f919cb342494c5e9b485d93bff289f7585e3d5,git
configs/meeting_20260803/locked_editing_gpt2xl.yaml,5274,1d500059425e933f32bba11659aae5a27efebc1ac1c3bbb30f715d34d7595be1,git
configs/visual/cifar100_kd.json,901,766994019795139bfb6f1ebd030bac272640d3b4a505e8bae927058eb122da83,git
configs/visual/cifar100_ssr_kd.json,975,6128c3f6f0b0fa6e12d6ed986a17ec0ea91611f8afee47ab94270023b7866def,git
configs/visual/cifar10_kd.json,916,0ce9e5f69573c10aae192f12efee287bcd745d4314942956586fa4edaed30092,git
configs/visual/cifar10_ssr_kd.json,979,7b0ccf77ed4ebb068d12c3399cc1966b6a42c5c1bc4f5d8d13e1fca9dbee0128,git
configs/visual/cub200_broad.json,894,6caa613a48de2cbba3b443c88ee0fa95778b49d392bab1cc5abe4cd249f17687,git
configs/visual/cub200_kd.json,888,8c075a20afe386988fb6f4cc58dd065b325eae54c3843fefb8dedb600950df1f,git
configs/visual/cub200_narrow.json,896,360001f8ffb1263775697b5c39ef042c1b5811b28cceb8f988de70e2ebf0495c,git
configs/visual/cub200_ssr_kd.json,895,2c3c4bd83c35edcfe29e8d3a0f2d67e72c0c0ecc1c4367d32c88dac108738f24,git
configs/visual/cub200_strong_inhibition.json,895,20c5854bf7f76c65c223118370e043775269de426c3d27f1200b0d1211b94f47,git
configs/visual/cub200_weak_inhibition.json,895,870ee472585648678d6ab9fba8e3683a98749f82c1be0f1a8febc49ecac81c04,git
configs/visual/five_datasets_kd.json,883,220d5c6799cdfae48a63959ef277e61f95f5e88031faa8822dd4ae88ea177dea,git
configs/visual/five_datasets_ssr_kd.json,887,0cd8d91a08dcbce3edd59bef02493c1ca9bad32afe8529634584205e1f593f1f,git
configs/visual/tinyimagenet_kd.json,857,551a2985bdb9087e467ec5addd32f533d01d265ae6bcd9f63b1a7413400f7be9,git
configs/visual/tinyimagenet_ssr_kd.json,861,9011d894ef7b50a3d068e76284c2bb6359c4e95d5656d6e217d55f01cc4ace56,git
datasets/__init__.py,0,e3b0c44298fc1c149afbf4c8996fb92427ae41e4649b934ca495991b7852b855,git
datasets/builder.py,1120,7236be07614318e8a9fe1c3e90880ddc675ba78eaf2b1ddc2e66607b43e73058,git
datasets/five_datasets.py,6563,b0abeba66e992c587a05625d2fa2dbd9a2c1fbf8d0a8b5f83a09322504f754fa,git
datasets/knowledge_editing.py,4959,fc0f4f768cc3a9f3058af5ed70a909a9c87a2a773a6949401a9016c7c5152427,git
datasets/materialized_oxford_pet.py,3667,f4fe1e9f319e7b28741e30685802a85c8ad17c0bc079bac311f657caf8ec97c6,git
datasets/split_cifar.py,6440,7fd265c27a3edd1e1ea01d50f5c74d69830d5daf499b6779a7db0852be536dbb,git
datasets/tiny_imagenet.py,5045,0fcd94340618f56a2520d81799ab7d0ff004151c2b7f84e71ea25bd698c0b3a0,git
datasets/torchvision_finegrained.py,7213,f4419efbcc437b239e1bb432baf8ccfa019439815c961b2383527f812019fda1,git
docs/experiment_index.md,3088,7055af8e6ebda57fc8ecb4a93caab029f27f96a45c1b90b195520bb223606a1d,git
docs/metrics_and_cohorts.md,2706,35673bd597b7f08744502bd872c4855e8718aa8f6d632e160eec0d182daa469a,git
docs/publication_scope.md,782,043449751fad3f4e4867043dbd6ef7126e36e47d0551ce595e153b8e2fd7f859,git
docs/reproduction.md,5085,932006d3eaee0dae305c5c57ab950a93c71dae5549210bde9c2df0fa10e754f7,git
experiments/cub200_continual_benchmark.py,11054,dc4beae5529ba83f22c81b04738c94e2ff73f36a1065e34b94e5e4d8011d1b0e,git
experiments/cub200_mechanism_control.py,8368,9951660a4d2f9d750637545d3d90929aec27739dba5aba0c9b2821ff27b21bbc,git
experiments/cub200_taxonomy_topology.py,11355,13549e77b12184191e70f7a0226fd9a4d8b03b97461c94c1261eb36f4d09afbc,git
experiments/cub200_topology_validation.py,15428,9ccb3374995089945a258454d77ab9a90ecaa3e1cbf2fbe179c62a51179a3039,git
experiments/lowrank_adapter_functionalspace_regularizers_fig6.py,52674,373c9d85782ed7199d7809bfecaa46ab16e054bbf3c591711927ec2abf6d41f1,git
experiments/lowrank_adapter_mapping.py,14865,6580446e7ef86f5ad9b5ff3a48763375b1c5056654a27e3492c951893440d5ef,git
experiments/lowrank_adapter_probe.py,12523,18b4b1cdd04b3e00edb1f9bdf371e37635991bae9857915c55e9bb280d1f78cf,git
experiments/lowrank_geometry_fixedkd.py,29570,ecb1a1526e4067d124cf5cf3c3ab19bf899c96e797ce4307d4e47e0cf4118b0d,git
external/EasyEdit_manuscript.patch,15192,b49c3b9e0bda3947f2835cd23db45b046408064941e247b23cc0e9bcbf423d31,git
external/PLOP_SSR/.github/ISSUE_TEMPLATE/bug_report.md,425,c9cb450c20e443afdceca768ffa7a341febc9eae95c40817afb12288d75ab36d,git
external/PLOP_SSR/LICENSE,1073,6b78766b2b9711fd0728a8bb3897cf4e0e7a554d53d9604dc4184d6975f3ff8b,git
external/PLOP_SSR/README.md,5870,f6b1ec7f8b6bc9138e43651d02b24e9266e96ff7b1fe98869cf1bab0662b3c23,git
external/PLOP_SSR/SSR_CROSS_TASK_BASE_COMMIT,41,7780d9c405b0a1806c68f156d3f1c41c3df46afb55c540bf9902f0ba0653f829,git
external/PLOP_SSR/SSR_V22_MANIFEST.md,685,b840e2ac061508918682f13f865ecc5dd4f11764df04b7a7a09fedb6a1e0b3db,git
external/PLOP_SSR/SSR_V23_MANIFEST.md,1144,f13ffddd51fc75de4ddf6a65b9ae5c6f80109d1eacb30aaa6a569c56746e3ffa,git
external/PLOP_SSR/argparser.py,20564,0a1f81c01c941271f914252b02e890fcc7175cd449f7c88064c8524cdc576ab6,git
external/PLOP_SSR/average_csv.py,1141,857fcd49fad1573ab73a08d9e3801eb4b8d4612073798a66fb39e713b1dc5a1b,git
external/PLOP_SSR/data/download_ade.sh,173,42a2f2a0af6b71aa5e09d1fd9271ce7e261dde23e2a626cec64f24e7a09fd6a4,git
external/PLOP_SSR/data/download_voc.sh,534,0b6f55cb8058905d2af4027ab3a8a7104b2ba1eb23d7c2bb616fc5307c250077,git
external/PLOP_SSR/data/voc/10-1-ov/indices_manifest.json,9900,7a2ec36e968e675b6662d2e50a01a077aa118035c0b023945559e87115b44f89,git
external/PLOP_SSR/data/voc/10-1-ov/test_on_val-0.npy,7080,5d4102ec7e6353cb9bf687b0a92778a3b1beba20cc8c71ffa9d3e2e24f3caee6,git
external/PLOP_SSR/data/voc/10-1-ov/test_on_val-1.npy,7272,b093edbf3e5d6b12473b792e9acd564d115d796b342af7fe37694dc99ef68c60,git
external/PLOP_SSR/data/voc/10-1-ov/test_on_val-10.npy,11720,417798ed89ba2cd67b83545dbe8f78aee315419404a76161709fa4af503ccea9,git
external/PLOP_SSR/data/voc/10-1-ov/test_on_val-2.npy,8168,7a3e6be16e6b7643f4ea17419ef1554c15305ac848461a82a4a414aca59dd8bd,git
external/PLOP_SSR/data/voc/10-1-ov/test_on_val-3.npy,8776,b8f7e42531d70ed9f00b38ef9066922e8cd87ec99ecc62ef07db1b12146d4d03,git
external/PLOP_SSR/data/voc/10-1-ov/test_on_val-4.npy,9248,1c13ff04e5f1cad10d3556d371a8b21d32c014e7e35bc263fa4117d2cac65a60,git
external/PLOP_SSR/data/voc/10-1-ov/test_on_val-5.npy,10048,82569666cf66f1f7c46a2ce1909159e6b9a1caacc7fd0ddbf8953ad24b0d836f,git
external/PLOP_SSR/data/voc/10-1-ov/test_on_val-6.npy,10344,dfdead10cab2d6d7da57e0a43cb7d9c1a5509f583fd3b831a863f27223f0fbba,git
external/PLOP_SSR/data/voc/10-1-ov/test_on_val-7.npy,10760,9003aed7458b02aef17a3873618b2e0e2deaf9f8cdc723e4e76ddad0719257bd,git
external/PLOP_SSR/data/voc/10-1-ov/test_on_val-8.npy,10952,58d8fba78cd3a0d3fe4a80ddc09382dfc4a0eb1e2bbfc2845b773005690e5868,git
external/PLOP_SSR/data/voc/10-1-ov/test_on_val-9.npy,11496,8f82738e70b156e13ce63216d648295c7b4a9c34bae2035f5eaa85ebaa736d3c,git
external/PLOP_SSR/data/voc/10-1-ov/train-0.npy,49240,8ab55f93c9ba97bd1d5d3df303cc21aab48f97ca73877abfca77c5bc11e115db,git
external/PLOP_SSR/data/voc/10-1-ov/train-1.npy,4352,f5fcaeaea6b3c74bffcff396334e7231b6a0f119c025f347389fee9a594732c0,git
external/PLOP_SSR/data/voc/10-1-ov/train-10.npy,4512,2ce665f5844a1059bbab605d211b1e2c4b6cc1b169b4bf5e7cd80d4a278cfbbe,git
external/PLOP_SSR/data/voc/10-1-ov/train-2.npy,9544,9206bba91d6635dbc21258ec7d5c7749644cece41c92f9f1a9831ce95ba88eb6,git
external/PLOP_SSR/data/voc/10-1-ov/train-3.npy,3680,b4884bc05129fd9233dc4307e5670942f5f8cb2c0c0d054c17ed0a8f19f5d1cc,git
external/PLOP_SSR/data/voc/10-1-ov/train-4.npy,3984,e5c25f6945c25afdf0b23a1160700abf16fb16251f2355f069dc36183adf524e,git
external/PLOP_SSR/data/voc/10-1-ov/train-5.npy,31312,bab5e880b3e2fe69b050e7e8337b6e3a694746aa9a1e9c9ee91f79b05d313030,git
external/PLOP_SSR/data/voc/10-1-ov/train-6.npy,4024,5c1d1c9a17d5f224cc6c34e208ff9106dd978fd07aab9384947452e206bb6192,git
external/PLOP_SSR/data/voc/10-1-ov/train-7.npy,2520,17a10cdb4bfccae223b7a72a628c8c34304104f3c25e7e293ec428adea8ee25d,git
external/PLOP_SSR/data/voc/10-1-ov/train-8.npy,4056,83b64cfe4da52efcd4e70cad5235c59e9776a4b814247196874176746c100690,git
external/PLOP_SSR/data/voc/10-1-ov/train-9.npy,4128,0c4fce0e5286d4796a2b56f6b3d397c00629c44a5c1b883611784b92c93428c0,git
external/PLOP_SSR/data/voc/10-1-ov/val-0.npy,7080,5d4102ec7e6353cb9bf687b0a92778a3b1beba20cc8c71ffa9d3e2e24f3caee6,git
external/PLOP_SSR/data/voc/10-1-ov/val-1.npy,728,4c9d186438cb4fe17403cfa3d9145f65f6724937fbbaa2afd1a861e7aa2ef434,git
external/PLOP_SSR/data/voc/10-1-ov/val-10.npy,720,42095f2e322c3f0bcb8b622d315cfa88caea04d557fb2d992323afa3e454243d,git
external/PLOP_SSR/data/voc/10-1-ov/val-2.npy,1152,a84878b4d3896edd4fb7de282d58ef21b7331fc4b202e22172b7cae3a675c2ef,git
external/PLOP_SSR/data/voc/10-1-ov/val-3.npy,760,fcaa3da3adabda0006cfc45f227dd85ab1e1b9740a3a233c2e9575a895b64bce,git
external/PLOP_SSR/data/voc/10-1-ov/val-4.npy,736,33260f72d8e29319418005a2a939e4c1408ba347657231a75f0178df25c39eba,git
external/PLOP_SSR/data/voc/10-1-ov/val-5.npy,3696,d16d0fbdd80a22fbe08c9dbff5351e44bb0c6562d6058fc035c8ce3e7d809f66,git
external/PLOP_SSR/data/voc/10-1-ov/val-6.npy,808,1792aea570c2211a1273e4ba78f5bc6157c8d29013b1b91c89e748d384c6ab69,git
external/PLOP_SSR/data/voc/10-1-ov/val-7.npy,584,8074441cb59872a7df2d79a9442c7bcb6839a5fbb9d5c3285781dc28ca090465,git
external/PLOP_SSR/data/voc/10-1-ov/val-8.npy,848,aa4fef924bbad77d8b1783e5c2ac88b2b05fe74bd285821269b87011191bc766,git
external/PLOP_SSR/data/voc/10-1-ov/val-9.npy,800,bea7eef0e653458ded89b0be731ed60379ef95fb2d8e8bbc35bac486f2c77abc,git
external/PLOP_SSR/data/voc/15-5-ov/test_on_val-0.npy,10048,82569666cf66f1f7c46a2ce1909159e6b9a1caacc7fd0ddbf8953ad24b0d836f,git
external/PLOP_SSR/data/voc/15-5-ov/test_on_val-1.npy,11720,417798ed89ba2cd67b83545dbe8f78aee315419404a76161709fa4af503ccea9,git
external/PLOP_SSR/data/voc/15-5-ov/train-0.npy,76672,5b8e3ecbc0ba94f1a8e7dedfef70e405149066796b4829ee65110d9a3fbc3db1,git
external/PLOP_SSR/data/voc/15-5-ov/train-1.npy,17288,6df832816e09be1a9b0b245e9d1b7fe229ced22a000df95a9aa4e6e1fa43882b,git
external/PLOP_SSR/data/voc/15-5-ov/val-0.npy,10048,82569666cf66f1f7c46a2ce1909159e6b9a1caacc7fd0ddbf8953ad24b0d836f,git
external/PLOP_SSR/data/voc/15-5-ov/val-1.npy,2960,a7f85d46e91b73e8c767ff11ca695773629a5057ea4804ee6c4718c03a819f58,git
external/PLOP_SSR/dataset/__init__.py,257,71150b16e649b325def8c647eb4ae464ac6b0fc0f0a54046385cf22d29909bf2,git
external/PLOP_SSR/dataset/ade.py,6209,5c19aa8e8681b20b49bd56f06b69a587dc4c9c8c4fd234f37e1292e2cd03b36f,git
external/PLOP_SSR/dataset/cityscapes_domain.py,5627,43b4708cbb8af4fdf2f3187004490ae14645b57b9fb31d1bda874fbb001ae722,git
external/PLOP_SSR/dataset/transform.py,25035,22fdffd3a0206671661aa673291e79693d106a62dc41860fbd51a09a351ae13d,git
external/PLOP_SSR/dataset/utils.py,3431,5281f14eec5d805c7ca081d1a9616980547da215e7d5fec6adceb956c233282c,git
external/PLOP_SSR/dataset/voc.py,7618,6c5fbc9dbdb6faab8f8feb433bd69adc1b413c5c0b5c763817efa1902c36e4fa,git
external/PLOP_SSR/images/plop_viz.png,547851,17cc69576e7489f2287e53d546c802eec6a00ee1de929e683110b599a7e51d98,git
external/PLOP_SSR/images/plop_voc.png,80045,6a2a9a028d0c8748908f7c8514ca9ecba40ede931b9069c72d0434f7c080fc17,git
external/PLOP_SSR/metrics/__init__.py,60,fe30cee5cd2f3366f8a61da1724199df5b88a53187b0e0607b05dd4d68468eef,git
external/PLOP_SSR/metrics/stream_metrics.py,7475,c84ffaccb9e8ed677d30a4f8fc1bf6badf1eeae43c54fb279e73febfa07d1f02,git
external/PLOP_SSR/models/__init__.py,22,acd75be12d21488c103f5cef6cd52d230cd789ca8477bb339affe75fc378703d,git
external/PLOP_SSR/models/resnet.py,5154,c3d14313712c9605d76fe27a82dc09250c1422dce96da0a91d92c15773f7898a,git
external/PLOP_SSR/models/util.py,128,7b6abef254c852d1c01c66f57b6c3f76b1b0a354d2bc983e8de5468b12c9e7a9,git
external/PLOP_SSR/modules/__init__.py,124,28d5574c3604715abeec144f510c598db5dd1bed29723103b7d530169c9e5050,git
external/PLOP_SSR/modules/deeplab.py,3751,934c325186ff899cb0720e2a138cf022f9787f5658385373e2906ff6b751f442,git
external/PLOP_SSR/modules/misc.py,337,15904dd1f1e5234efea9fe5becbad056d219e0c31cbddd2ea65ae77e44d32371,git
external/PLOP_SSR/modules/residual.py,8886,4472a325aa749086b69536e3244f3a397ce09319c09afceea367480bbb47f8c7,git
external/PLOP_SSR/requirements.txt,2591,41c7db67e1af1c6a5577c68a8d9170f7f2f133bd73907dc08ff69be3d406e348,git
external/PLOP_SSR/run.py,22813,2815c55cc8c80c64bb7a1c09ebe5da3b6bc2f93af5b2cc6dabbdfb1b27e702dd,git
external/PLOP_SSR/scripts/ade/plop_ade_100-10.sh,3568,9fcada58fbe9c8231c1edf7937b5f2a96dfaf1cf17b6c6d2ebcadcfe15e68121,git
external/PLOP_SSR/scripts/ade/plop_ade_100-5.sh,5743,b37ddfb105d0c17233480b6f9799504a35757a2f1a74a3bc016a4047c851633f,git
external/PLOP_SSR/scripts/ade/plop_ade_100-50.sh,1828,07f60215280d44845f2a634d6ba0f604e47c289e0751e012ea9c3e6c6bd2917b,git
external/PLOP_SSR/scripts/cityscapesDomain/mib_cityscapesDomain_1-1.sh,7584,ca921e54038ab507b0624c4afad0f3ae82e06bded5c4b29a528645821121432b,git
external/PLOP_SSR/scripts/cityscapesDomain/plop_cityscapesDomain_1-1.sh,9841,27280de96737f091cbf5cf3621fd33da30ec30faa8efc1fff4be3a132d628b5a,git
external/PLOP_SSR/scripts/cityscapesDomain/plop_cityscapesDomain_11-1.sh,5412,92358732704614289007747dbe5def26bb40008a8c6410b3f3479997a74c3258,git
external/PLOP_SSR/scripts/voc/mib_15-1.sh,3037,d22b0cc37bd9dd4b4875338933b194a9f49c617a358429a63a4e49a3a555f955,git
external/PLOP_SSR/scripts/voc/plop_10-1.sh,4729,5f0f85e294f4d17d8b185cf6f83e640deec2045b5cb8b54b090019515b57f923,git
external/PLOP_SSR/scripts/voc/plop_15-1.sh,3039,cd90ea5ac9942f890f8b7cd57030c9beafef2e8b47e93ce788678e6c6a754bc4,git
external/PLOP_SSR/scripts/voc/plop_15-5.sh,1686,976621ca703a13c3e9a7b38b6bd648702bd37e6a6ded2244bc6cff90c3e701ed,git
external/PLOP_SSR/scripts/voc/plop_19-1.sh,1686,bfc22766a23a70020c385614f4d9d743b815c70119d8f76247e164ae3af1d2e3,git
external/PLOP_SSR/segmentation_module.py,13551,febca38d47e841b881720817c708dc9fa9822c6cf56e30d2f6061b4c8bf14427,git
external/PLOP_SSR/tasks.py,6761,560a115544916063ca360ed195be1429893d7a85a384ab4e51931dd7b2b11b98,git
external/PLOP_SSR/teacher_ssr.py,3468,82c4c649b92a55d51deff5aa3c47f2d0af620153d164621fb587ab6a02df153e,git
external/PLOP_SSR/train.py,52770,8480c121ef2264186b2e551fb7356ff2ad09ae6e2f8b348bc41706cc6034eeea,git
external/PLOP_SSR/utils/__init__.py,118,b20190d9a55869554b6ffe7d65d3ac838569b18ee1bf47bbac7996dc764f756f,git
external/PLOP_SSR/utils/logger.py,2992,eba17eb229beedc200b8e0c6515f03e7473c34b4876174fc8c95e8b2772115d6,git
external/PLOP_SSR/utils/loss.py,16973,856a5028521b9f8c3d8069c03b76a23681f040be9ec8bd357bf2e3ecf97caa14,git
external/PLOP_SSR/utils/regularizer.py,13161,c4f51436e6b6c111de68bdcff21e37687a6b5e88770d2755cb9d77e297ff5fd3,git
external/PLOP_SSR/utils/scheduler.py,431,bf9807b7c50b023854de47c74a080f3a56c7434ab56f1fd2294221f02fa9e2e2,git
external/PLOP_SSR/utils/utils.py,6196,07b1efc18c03078e01cef7e1df63e6f40aeada1f30b132ff181a945a663b85c1,git
external/SSR_UPSTREAM_SOURCES.md,683,2044a329332efcb22da90bdf5a2c8fc8eebc96856cfd14ac01bfbcb2d72762f3,git
external/plop_apex_compat/README.md,815,2b450c4ed5ba6527f0675a1e034ccfcb7b356c71c9adbdf35efbb2a34c95bc32,git
external/plop_apex_compat/apex/__init__.py,910,a49889e856433f44e3c62dd9d294a747010bf0c9420ce71f6691ba441ad1ccb6,git
external/plop_apex_compat/apex/parallel/__init__.py,985,ccc3c7a8cde8d86d54e08e2e2f21d0fb253bc9ca952525bd5fbce1d611bb64ef,git
external/plop_apex_compat/inplace_abn.py,1841,2351f425342ea8d4820fc11fc56e5e1bba1ad73f403e2d3fa9515d9298409129,git
figures/reference/ExtendedData_CUB_attention.pdf,5050661,72ef8ed80c8721d9fa420e37c3313175c7f22521779fe85cda86973d5cfe21a4,git
figures/reference/ExtendedData_CUB_geometry.pdf,1175990,f267b9f1e875ac5b24146cfe05538b1b3785b143d858d906a64ef25fcb5aee5c,git
figures/reference/ExtendedData_VOC_trajectory.pdf,20539,e19efdd9062754e75557938ce63d20c0bb6db24a50b7296d89fda25378d51b15,git
figures/reference/ExtendedData_lowrank_strength.pdf,32368,4f20d9752d11f096a0290e6a8c3318113633b4071e4d79276ca0fe27f3216384,git
figures/reference/Figure4.pdf,6338323,8115d4f4585bac6b20ee03fc4fca109d78e203e627bdcc104b2286dc9b5fa54c,git
figures/reference/Figure5.pdf,60274,1b1689c8995d356bb0d34ba73c35064c1d98c6d5fa257d3a72d20f5c73da50cb,git
figures/reference/Figure6.pdf,1595485,9ccaca119ee415e6baf6f9d7bbde8259d7437ca26d47f295066cf262ea12bcd1,git
implementations/factorial/llm_ke/biocs_editor.py,46661,d8811222ca92b8aa9d6df8abccf3f05fc816db1e4fddffacb3fc285dc38f6d37,git
implementations/factorial/llm_ke/easyedit_hparams/AlphaEdit/gpt2-xl.yaml,1108,a2b2afe5ca3544a06f13ab61a3255ea5ef4bdc6248c440f98b37e4147ad7458e,git
implementations/factorial/llm_ke/easyedit_hparams/MEMIT/gpt2-xl.yaml,656,3fe21aa05002b01edef55e749ee1f9059d3ea056001bb1aaabd114c9380bb6b5,git
implementations/factorial/llm_ke/easyedit_hparams/ROME/gpt2-xl.yaml,652,fb26b586ef1e42ef32325c22338ef890b7a29b9f76e3924b98cc0bba7bca3cae,git
implementations/factorial/llm_ke/locality.py,5875,2ba138e4a5f7c35233c4729af5fce358aa38f0785dc5e6a31370cf03c67faf02,git
implementations/factorial/regularizers/biocs.py,2496,ca90b0748971fbd27886f2e9e07c0fecea36642cf3c4b3b358f37d0c35a75b36,git
implementations/factorial/regularizers/ewc.py,3636,3367074709852775ffe0b26490879c052969edcaf2a849250a1eb8257c972392,git
implementations/factorial/regularizers/layer_wise.py,9062,b9fb6d55764dc99211e993878c84fbf78da9b7f9adefdeaafcac1ef3ee88fb90,git
implementations/factorial/regularizers/mas.py,4046,7da6ffd67b0cefead91145dc58d060b51c3b74d1815fbc7cb21fd27f708e52f2,git
implementations/factorial/regularizers/si.py,4030,8c5286f63ea501cc52bca9123e76c22ce05ca29be5dc857e0e9a577f61afe9c2,git
implementations/factorial/scripts/run_llm_ke_easyedit.py,41670,cddbbf59f08f370a61d56ef8b16691150df7c0487495d2be6c6f517451817726,git
implementations/factorial/ssr_utils/__init__.py,54,54babffda36b67fb0a541785243cc7e135cb3a0dd991792e4b712be199eac4e7,git
implementations/factorial/ssr_utils/dataset_fingerprint.py,1094,c12053a683818721b5c825a1c0fc03a0c974dc2fe8c906587ccdc340038fa619,git
implementations/factorial/ssr_utils/editing_protocol.py,3729,629eedae27acadde8d528b682f87b6c9ff0aab10e24451a15a09b0b0b06fc152,git
implementations/factorial/ssr_utils/paired_stats.py,3848,e93c43da9afd3f5009610777a36764b10a822696e0af72e2092b5b1ecbddae7d,git
implementations/factorial/ssr_utils/result_schema.py,10110,752c74a771b96bf6e4a3424a708beb426fed82d6295bfe15c40971d86fa0d66e,git
implementations/factorial/ssr_utils/teacher_trajectory.py,2391,1bafeb4c4fa2cbf0cc6ec8195484443039acf9cbc5e4db32b9c5c77050c0e586,git
implementations/kernel/llm_ke/biocs_editor.py,44324,1c6d196d8d13f4b760ab62a79ac2fb042a9720a76b54c787d59bb03ff9bd1d96,git
implementations/kernel/llm_ke/easyedit_hparams/AlphaEdit/gpt2-xl.yaml,1108,a2b2afe5ca3544a06f13ab61a3255ea5ef4bdc6248c440f98b37e4147ad7458e,git
implementations/kernel/llm_ke/easyedit_hparams/MEMIT/gpt2-xl.yaml,656,3fe21aa05002b01edef55e749ee1f9059d3ea056001bb1aaabd114c9380bb6b5,git
implementations/kernel/llm_ke/easyedit_hparams/ROME/gpt2-xl.yaml,652,fb26b586ef1e42ef32325c22338ef890b7a29b9f76e3924b98cc0bba7bca3cae,git
implementations/kernel/llm_ke/locality.py,5875,2ba138e4a5f7c35233c4729af5fce358aa38f0785dc5e6a31370cf03c67faf02,git
implementations/kernel/regularizers/biocs.py,2496,ca90b0748971fbd27886f2e9e07c0fecea36642cf3c4b3b358f37d0c35a75b36,git
implementations/kernel/regularizers/ewc.py,3636,3367074709852775ffe0b26490879c052969edcaf2a849250a1eb8257c972392,git
implementations/kernel/regularizers/layer_wise.py,9062,b9fb6d55764dc99211e993878c84fbf78da9b7f9adefdeaafcac1ef3ee88fb90,git
implementations/kernel/regularizers/mas.py,4046,7da6ffd67b0cefead91145dc58d060b51c3b74d1815fbc7cb21fd27f708e52f2,git
implementations/kernel/regularizers/si.py,4030,8c5286f63ea501cc52bca9123e76c22ce05ca29be5dc857e0e9a577f61afe9c2,git
implementations/kernel/scripts/run_llm_ke_easyedit.py,41670,cddbbf59f08f370a61d56ef8b16691150df7c0487495d2be6c6f517451817726,git
implementations/kernel/ssr_utils/__init__.py,54,54babffda36b67fb0a541785243cc7e135cb3a0dd991792e4b712be199eac4e7,git
implementations/kernel/ssr_utils/dataset_fingerprint.py,1094,c12053a683818721b5c825a1c0fc03a0c974dc2fe8c906587ccdc340038fa619,git
implementations/kernel/ssr_utils/editing_protocol.py,3729,629eedae27acadde8d528b682f87b6c9ff0aab10e24451a15a09b0b0b06fc152,git
implementations/kernel/ssr_utils/paired_stats.py,3848,e93c43da9afd3f5009610777a36764b10a822696e0af72e2092b5b1ecbddae7d,git
implementations/kernel/ssr_utils/result_schema.py,10110,752c74a771b96bf6e4a3424a708beb426fed82d6295bfe15c40971d86fa0d66e,git
implementations/kernel/ssr_utils/teacher_trajectory.py,2391,1bafeb4c4fa2cbf0cc6ec8195484443039acf9cbc5e4db32b9c5c77050c0e586,git
implementations/native_history/code/llm_ke/biocs_editor.py,55916,94c89bf37a641a578f6cca56938ea496f3151274adbcb19b93fd6f6ed29ca951,git
implementations/native_history/code/llm_ke/biocs_editor_history_v1.py,69055,5770fe520bd6310db9139315c987f5db8c8c636bbc5e60f7ba9c643c3ed268cd,git
implementations/native_history/code/llm_ke/biocs_editor_topology_gradalign_v2.py,78695,d5957464d467c70479c8508d7e02a285c0fd84a7555fbed8c4197e702447f028,git
implementations/native_history/code/llm_ke/biocs_editor_topology_ring_v1.py,76435,8f64084f1576dbb80270bfbba9f3e62130fee391999d9107a2b56a928646aebd,git
implementations/native_history/code/llm_ke/easyedit_hparams/AlphaEdit/gpt2-xl.yaml,1108,a2b2afe5ca3544a06f13ab61a3255ea5ef4bdc6248c440f98b37e4147ad7458e,git
implementations/native_history/code/llm_ke/easyedit_hparams/MEMIT/gpt2-xl.yaml,656,3fe21aa05002b01edef55e749ee1f9059d3ea056001bb1aaabd114c9380bb6b5,git
implementations/native_history/code/llm_ke/easyedit_hparams/ROME/gpt2-xl.yaml,652,fb26b586ef1e42ef32325c22338ef890b7a29b9f76e3924b98cc0bba7bca3cae,git
implementations/native_history/code/llm_ke/locality.py,5875,2ba138e4a5f7c35233c4729af5fce358aa38f0785dc5e6a31370cf03c67faf02,git
implementations/native_history/code/run_ke_scaling_v29.py,25244,6c3507f1330efd49e1b40c9cbde8eaf8c2c2e1d253b5aa14aaf5fe4eeff5c22b,git
implementations/native_history/code/run_llm_ke_easyedit.py,49706,4d1928e52c86c693b99c94c77cb8d262a74019253b17948a3f35b0d3b0f2433d,git
implementations/native_history/run_history.py,2721,fa86935c95b5c3cc7d636c4a7a5fa108ba4e8b13c26d639184de2281e63406e9,git
implementations/transfer/llm_ke/biocs_editor.py,46661,d8811222ca92b8aa9d6df8abccf3f05fc816db1e4fddffacb3fc285dc38f6d37,git
implementations/transfer/llm_ke/easyedit_hparams/AlphaEdit/gpt2-xl.yaml,1108,a2b2afe5ca3544a06f13ab61a3255ea5ef4bdc6248c440f98b37e4147ad7458e,git
implementations/transfer/llm_ke/easyedit_hparams/MEMIT/gpt2-xl.yaml,656,3fe21aa05002b01edef55e749ee1f9059d3ea056001bb1aaabd114c9380bb6b5,git
implementations/transfer/llm_ke/easyedit_hparams/ROME/gpt2-xl.yaml,652,fb26b586ef1e42ef32325c22338ef890b7a29b9f76e3924b98cc0bba7bca3cae,git
implementations/transfer/llm_ke/locality.py,5875,2ba138e4a5f7c35233c4729af5fce358aa38f0785dc5e6a31370cf03c67faf02,git
implementations/transfer/regularizers/biocs.py,2496,ca90b0748971fbd27886f2e9e07c0fecea36642cf3c4b3b358f37d0c35a75b36,git
implementations/transfer/regularizers/ewc.py,3636,3367074709852775ffe0b26490879c052969edcaf2a849250a1eb8257c972392,git
implementations/transfer/regularizers/layer_wise.py,9062,b9fb6d55764dc99211e993878c84fbf78da9b7f9adefdeaafcac1ef3ee88fb90,git
implementations/transfer/regularizers/mas.py,4046,7da6ffd67b0cefead91145dc58d060b51c3b74d1815fbc7cb21fd27f708e52f2,git
implementations/transfer/regularizers/si.py,4030,8c5286f63ea501cc52bca9123e76c22ce05ca29be5dc857e0e9a577f61afe9c2,git
implementations/transfer/scripts/run_llm_ke_easyedit.py,41670,cddbbf59f08f370a61d56ef8b16691150df7c0487495d2be6c6f517451817726,git
implementations/transfer/ssr_utils/__init__.py,54,54babffda36b67fb0a541785243cc7e135cb3a0dd991792e4b712be199eac4e7,git
implementations/transfer/ssr_utils/dataset_fingerprint.py,1094,c12053a683818721b5c825a1c0fc03a0c974dc2fe8c906587ccdc340038fa619,git
implementations/transfer/ssr_utils/editing_protocol.py,3729,629eedae27acadde8d528b682f87b6c9ff0aab10e24451a15a09b0b0b06fc152,git
implementations/transfer/ssr_utils/paired_stats.py,3848,e93c43da9afd3f5009610777a36764b10a822696e0af72e2092b5b1ecbddae7d,git
implementations/transfer/ssr_utils/result_schema.py,10110,752c74a771b96bf6e4a3424a708beb426fed82d6295bfe15c40971d86fa0d66e,git
implementations/transfer/ssr_utils/teacher_trajectory.py,2391,1bafeb4c4fa2cbf0cc6ec8195484443039acf9cbc5e4db32b9c5c77050c0e586,git
llm_ke/biocs_editor.py,47038,0a46a56d134b5e925578de0abb981e39dd4d1db347a2e9daac7b5c4d898924eb,git
llm_ke/checkpoint_io.py,1946,8367a9e59cb3d76a3e9b1de716e003b5730598e77e573d01b2055b8e7ba14eae,git
llm_ke/easyedit_hparams/AlphaEdit/gpt2-xl.yaml,1108,a2b2afe5ca3544a06f13ab61a3255ea5ef4bdc6248c440f98b37e4147ad7458e,git
llm_ke/easyedit_hparams/MEMIT/gpt2-xl.yaml,656,3fe21aa05002b01edef55e749ee1f9059d3ea056001bb1aaabd114c9380bb6b5,git
llm_ke/easyedit_hparams/ROME/gpt2-xl.yaml,652,fb26b586ef1e42ef32325c22338ef890b7a29b9f76e3924b98cc0bba7bca3cae,git
llm_ke/locality.py,5875,2ba138e4a5f7c35233c4729af5fce358aa38f0785dc5e6a31370cf03c67faf02,git
llm_ke/lowrank_ssr.py,5646,1a4a16d315f2aa8c1b7472f245afedca646caf41f4e92c4b784fa7743907a9e6,git
main.py,18579,04f9fbc096b70e7d8adcbbfc36b2c8e4179058ebd8e27ed266dfd16dbeb08c55,git
methods/__init__.py,206,f3810f4c99fb8d23ef24753f5b47de5ca02c1adc93fb4d5bc8955ceb0c3e011c,git
methods/base.py,8754,bd026f3702ddf3d6ac34dabd927ecc9fea3deec9a3abc23be519362e4a6584e2,git
methods/biocs_plus.py,9698,53a1713cf39e250992a33e1d2c1c43e39da791e93a64aadd57e04e556c5459b9,git
methods/bioreg.py,2388,977d215b2bdb7c950df4ed63efdc70108285bb017cee97fd0229c8f823a35461,git
methods/builder.py,913,2f2547601dcf74a28c43b5d4a7608e60ab020e317fb2ddf0b0575bbb1e1ab14e,git
methods/geometry_controls.py,10069,61d5ed6443e521f62facee59a56f1e0fd6706d3dea931adbb384db4ecdf2f546,git
methods/kd_matched.py,24036,cdf3e0dacce42599457e2d4930a9482a993fad7475546efaafe9be387928ae3e,git
models/__init__.py,0,e3b0c44298fc1c149afbf4c8996fb92427ae41e4649b934ca495991b7852b855,git
models/builder.py,1882,978368afef83d771eac9c356e2fa3f625bd8dd0c64f6c856eabe2dbe46689b75,git
models/resnet_cifar.py,2412,56bd18c6501dcbf3365d3cbf4703dfe60b99452178616893b733aec07e8b6b2c,git
models/two_layer_mlp.py,8327,50ff7bce567180ac1e3687245ed61e8b4d323afd68cd9515e4d97a686767e82e,git
plot_data/artifacts/fig6f_stronger_case_2010_003362/Figure6_slide_preview.png,742688,80c1dd913d7b85eb24cf3f72e95672c532a96dec3a04c0d59eca93b0fa561f68,git
plot_data/artifacts/fig6f_stronger_case_2010_003362/change_map.png,8530,d12dfd224f1b92dc20cd2623564c9221f16475c4ec7ecf8ea91a7037a2c6e282,git
plot_data/artifacts/fig6f_stronger_case_2010_003362/gt_color.png,4127,9491972c25567de4fb5098d75fb35fc21e668e36ed8e71c0391712bd7060ed6b,git
plot_data/artifacts/fig6f_stronger_case_2010_003362/input.png,429446,88e2edf181bc794df77430b0621b5022da054ccd45931e5a39eb8f55a6a3e117,git
plot_data/artifacts/fig6f_stronger_case_2010_003362/lowrank_color.png,9179,7dd61ccb9affc4118d1aa171a3e0befbebd7e655f51181ebef01410155577080,git
plot_data/artifacts/fig6f_stronger_case_2010_003362/lowrank_error.png,7412,e69a4bf6d94a7b3e0da8a11d5e7c6c00419d4bdb081bd5dcbeabba8a07598022,git
plot_data/artifacts/fig6f_stronger_case_2010_003362/lowrank_ssr_color.png,11394,176ad2821ae8a268fd5fa900b52962082184e20054899ebc48cc32c2ae2590ca,git
plot_data/artifacts/fig6f_stronger_case_2010_003362/lowrank_ssr_error.png,8978,7e4588131fd1aa16ec698b7a26bd6d8e9cdd57475b399a91b030ab4019b1a630,git
plot_data/artifacts/fig6f_stronger_case_2010_003362/manifest.json,1576,23e4c6fb88341f1c2e4f5173b09f712f60983e82176dfe4880ccd2ce13c619d4,git
plot_data/data/lowrank_confirmations/v24_summary.json,169850,a70a919b223ea780d10f8e3b6507f7e9418d74f92fdb7b250242dab11941413a,git
plot_data/data/lowrank_confirmations/v31_summary.json,169745,0ab264b3b0107d64333ef468c92c56f7a78d4ff130c4b44d4047038ea14dadc3,git
plot_data/figure4_artwork/Figure4_original.pdf,3101019,10f3c5617bb34520077f352b9175ec3e556727d64134659e0375b1147ed5b10a,git
plot_data/figure4_artwork/Figure4_original.svg,4035253,a2912c07b3e6f1d4ecc3dc4d53d6014aa62cacb28af4ce06b6576062eb777bb8,git
plot_data/figure4_artwork/figure4a_0930/Figure4.pdf,3231731,cea9c6ebba156cbb03d9980d1f909500b141d454becf1b55677e42ecdb201d0f,git
plot_data/figure4_artwork/figure4a_0930/Figure4.svg,4131794,219170370adb7737b1a2de89f6177ed8def8fbb7e0aabceac65c13132118f1bf,git
plot_data/figure4_artwork/figure4a_0930/Figure4A.svg,3969078,d3722344096a1cb1b665bf9b9ace6c885a11a70b96c595c6eca770c8f4be8035,git
plot_data/figure4_artwork/figure4a_0930/complete_base/Figure4.pdf,6331506,28a9e811558d36ee4c077d647aae716ba940d9a219ed72b228770376b202b2b1,git
plot_data/figure4_artwork/figure4a_0930/complete_base/Figure4.svg,8110504,2f9ceff194ae824043495c02c2f386986eefb2b6603049b1b4316a6ae495bde7,git
plot_data/figure4_artwork/teacher_v3598/Figure4.pdf,3206587,5cf0b408d1a1801000802582fb588391be361f52092928d420c6ac01bfb8a566,git
plot_data/figure4_artwork/teacher_v3598/Figure4.svg,4083484,83510df29e86bd2eac0665b6369dc71762b16e1fb6f091f2695be585796d3bdc,git
plot_data/figure5_current/efficacy_locality_only_source_data.csv,1575,681aa7da63b3a0b2c8432d0f0af4c88d73d9c713dd80165edef5659cc9c856ae,git
plot_data/figure5_current/efficacy_locality_seed_source_data.csv,12926,2d6d8b0f0fe7e4c1e1d4bfd07c9e892a83286411503cc4fe32ece1bdc85d6f4c,git
plot_data/figure5_current/wikirecent_rank32_100.json,53119,245a43af7e5f68a605c090d8ecfb453fd71ec06cc84a5c022e94d93390cc7f74,git
plot_data/figure_source_data/Fig4a_bridge_source.csv,148,0413554459d4742898d70423c77ea7d70e771abb82ccc395d2dc09dd8a4ed1e7,git
plot_data/figure_source_data/Fig4b_matched_performance_geometry.csv,1882,3d0b862a784eb73fbdb31b42b558ba86350b08ac4f9db2fdb893ad55f24c6ca3,git
plot_data/figure_source_data/Fig4c_same_run_geometry.csv,6446,6bf293c9d359d983142b5a74e200a46be6b0dc24feeac1cecda7f76f549873a2,git
plot_data/figure_source_data/Fig4d_joint_outcome.csv,4850,ac375c8616f431df9d90f51a19ec0ad9768e26ac97e3b9c538dba7f4e97dc9ed,git
plot_data/figure_source_data/Fig4e_response_maps.csv,612,1b04aec589a54fd3d1e40d0ed99661910ffd869e9488d2e9883d1c0ba6d1a85f,git
plot_data/figure_source_data/Fig4f_mechanism_comparison.csv,3079,827b97d0b5f292c05c32718431fb38be0e4b3796ec2f651686f3d2f756b47a99,git
plot_data/figure_source_data/figure6_20260905/Fig6a_voc_primary_seed_endpoints.csv,3039,02f0b5500127767fd7828013eb0f3f431fa03f50d82030f069ec6e4bc7a627d6,git
plot_data/figure_source_data/figure6_20260905/Fig6b_voc_primary_stagewise.csv,3446,16d265f36325fb89e089acb090c6806c742ed3258829ff33fe13a7e0cfae0080,git
plot_data/figure_source_data/figure6_20260905/Fig6d_cub_adapter_absolute_seed_level.csv,3688,cfed1dbdff2327a003769243447d05cc32d439fda07e4233c535881934d82b75,git
plot_data/figure_source_data/figure6_20260905/Fig6e_lowrank_fixedkd_geometry_rank16_seed_level.csv,12876,3273ff54a58cdc09599f4dd00a5fa2f2a7fe7e08d372094ace251bbf629eb360,git
plot_data/figure_source_data/figure6_20260905/Fig6e_lowrank_fixedkd_geometry_rank32_seed_level.csv,12851,40ceab13a4086e4bb613c10725690fce66d3c625fa49da7a5ebf737134dd62be,git
plot_data/figure_source_data/figure6_20260907/Fig6e_cifar100_rank4_robustness_seed_level.csv,32467,832e90593d4bade0126330205cc06f1d207e12ec4227c5d4d3437e964d902444,git
plot_data/source_data/figure6_20260905/response_maps_rank32_seed8411/gt_mask.png,581,503d4aef175c57a28906c7e228ef5d3b597131e41ef3efdddcd18dd738750b0e,git
plot_data/source_data/figure6_20260905/response_maps_rank32_seed8411/input.png,63382,2608465cb133416d92d0fb6db2f3482d29a64cd0a035222d03f4aa0b64f83176,git
plot_data/source_data/figure6_20260905/response_maps_rank32_seed8411/kd_response.npy,200832,f5b2c5842c38f5507a11e5781b9488e3e1cf7552adc6b1c15de758f61c11e6d6,git
plot_data/source_data/figure6_20260905/response_maps_rank32_seed8411/kd_response.png,11961,7b4ebb9954aead54ffec5b9a6330c740bbe84e6fa8341864f0724a7a845a9d46,git
plot_data/source_data/figure6_20260905/response_maps_rank32_seed8411/kd_ssr_response.npy,200832,57a6f69ac1a3662bfee8a4a535712e3d2a505550d70912800c8c9d424cb7a662,git
plot_data/source_data/figure6_20260905/response_maps_rank32_seed8411/kd_ssr_response.png,15386,5ac73ba278513777016026351a4c438a262a078d079a42944b6ffbac30314dd9,git
plot_data/source_data/figure6_20260905/response_maps_rank32_seed8411/manifest.json,1635,b9829297dd600d6cb9fbb76c975ac2f503aac19148a686750a9a6daf556d7651,git
plot_data/source_data/figure6_20260905/response_maps_rank32_seed8411/signed_difference.npy,200832,c98c0582b7585c29d48ee11da811178e7336b4e67176617d98eb0ee8b1187277,git
plot_data/source_data/figure6_20260905/response_maps_rank32_seed8411/signed_difference.png,15453,d1a01c695e8dddbfc965bc2d199a403b48b31aebf7e8a8c83520b866183464cb,git
plot_data/source_data/figure_assets/cub_response_examples_main.pdf,5046462,4f6f15875c463a8c4ba22c7ea0c5f3593b2e3a2050e48fcbf959c36874b5a131,git
plot_data/source_data/figure_assets/cub_response_examples_supp.pdf,5046479,d9a43707f30cab3d8e8fb3c1af6b8c3bced134f9b6456471943ade53d7b5fa9c,git
plot_data/source_data/figure_assets/cub_response_gallery_archived.pdf,5061221,8d5c7a87301f217822ae22bb3dc77d79757090b47ea5b74e18d4b85b5a95a9fa,git
plot_data/source_data/figure_assets/figure4a_vector_source.pdf,1017491,c4e565df128d7ad174a9d7fbfc5a4d03d729f333bb539482adb8582c42720907,git
plot_data/source_data/raw/cub_classification/configs.json,35122,bbeb959350854d677e63a50a5edc58df53d061527910de2a8bb81408c503b1ad,git
plot_data/source_data/raw/cub_classification/cub200_broad.jsonl,3562,062a265fb3767fa80b2f7db689bdc33f86224e6de94582a6e5e3323d0d32f56f,git
plot_data/source_data/raw/cub_classification/cub200_kd.jsonl,3481,9f544e969d755f5ccda9141ab4d778ee134e4870b6f1d15632aaba6034aed449,git
plot_data/source_data/raw/cub_classification/cub200_narrow.jsonl,3564,b8b43cc5ab9cff96d56f59711a113223f06f5d69a984711bf6f76dda9b647ef5,git
plot_data/source_data/raw/cub_classification/cub200_ssr_kd.jsonl,3577,a4412195cf1ce9aadabbc885705b033b2129182624cadd8b602667d58961adfb,git
plot_data/source_data/raw/cub_classification/cub200_strong_inhibition.jsonl,3586,3afe93ef822fc466a2909cd5203db1133b1dfbf17e043cb641c60c3610c63787,git
plot_data/source_data/raw/cub_classification/cub200_weak_inhibition.jsonl,3573,e8a9f2f3d14c007ab6710796b184c435f1059a6d6e79359a1913c369bb46f530,git
plot_data/source_data/raw/cub_mechanism/CUB_MECHANISM_VALIDATION.csv,45502,c48a1c78d4357423533f926360459cf689f8eb7350e6ea48826c8ab7a897a008,git
plot_data/source_data/raw/cub_mechanism/ROLE_REPORT.json,126091,48de19412fbe921231559d7fa6c149076a26f888664a62a018aac30bf5ba4c50,git
plot_data/source_data/raw/cub_mechanism/SELECTION_LOCK.json,2183,317d6ee9d6ad2a2e841c723250916ae4dc75bd3340c9ace214b5cc2970cbfe57,git
protocols/RESULT_INDEX.json,65759,b73e5ca5da82e7b1fe34e7d5bc6c126f90b7539193ccdfd52c144c7b15e4778e,git
protocols/SOURCE_FILE_MAP.csv,56099,9482356fb7986c49846f6bf0ed4a8ee658906fffac579d34c5a15710da41c695,git
protocols/figure4/C/cauchy/seed_9311/configuration.json,1568,190eba463f1633fb83116ac8af38dee247529e6e66b501842a89ecd29fcb9a49,git
protocols/figure4/C/cauchy/seed_9311/invocation.json,2228,775f5a559d4239e03a0f45bfd6b5276dae1f91c077860a2ad01cdc26a2850253,git
protocols/figure4/C/cauchy/seed_9311/run_manifest.json,2861,604de7f0568ea737654a7b0d59b1a4912828659833303e491f009b9f59439a63,git
protocols/figure4/C/cauchy/seed_9313/configuration.json,1568,78be22c52d63c91b1474a2690a4ba8b13d3ec12801ff0b719e6a98f100ad2243,git
protocols/figure4/C/cauchy/seed_9313/invocation.json,2228,d5fe93ce8aeeda5e675652a8bffb37e98809e358a84fdcb1f9f32a122e639015,git
protocols/figure4/C/cauchy/seed_9313/run_manifest.json,2861,d9fed78a667fb88583f3b7ca4abfabead25d37d678f823b6cb5695709d3cfeac,git
protocols/figure4/C/cauchy/seed_9315/configuration.json,1567,a08c831217c38ec1ba2154d68c044a62cf5602ad1e7e33c6b1b69109e23ae3c9,git
protocols/figure4/C/cauchy/seed_9315/invocation.json,2228,043bda549cec219c38da4aa7599ddcc953f98ed275e55449990a058820c69218,git
protocols/figure4/C/cauchy/seed_9315/run_manifest.json,2861,097b9e7b299d566fba79e0d367bdefefadd2dbaa578281c9da93c1f8d116f29f,git
protocols/figure4/C/cauchy/seed_9317/configuration.json,1567,32a0a23c5dcf3e55c9ce5698da5d65aeb9d3a58a17a099aaf4daf60f642e23d3,git
protocols/figure4/C/cauchy/seed_9317/invocation.json,2228,326be75b4e02df98e8b937f613a707bc79891fa7421528b6c9673709f4fb5a1a,git
protocols/figure4/C/cauchy/seed_9317/run_manifest.json,2861,dffeefe9ba189e514b114fec06199f6bf600119f3b0ca73fd3ec476fec59cc8d,git
protocols/figure4/C/cauchy/seed_9319/configuration.json,1567,d28b4757a66637673805690b0144916ced68f32d5e315ea1deee29a9889f17a9,git
protocols/figure4/C/cauchy/seed_9319/invocation.json,2228,24c3dcf5f74741a954623c2a837682e0be1b7ae11000cf8832e09de156b3198b,git
protocols/figure4/C/cauchy/seed_9319/run_manifest.json,2861,eb52d2cee41d9629b140e66e338d250b93f1d8e510472789039a46a1d9cf2807,git
protocols/figure4/C/cauchy/seed_9321/configuration.json,1568,298e87968dda07f3e7b9d115ba0f67e98461a049630e4c05f1bb3fde618d5f30,git
protocols/figure4/C/cauchy/seed_9321/invocation.json,2228,fc9bcd13811796a913da0824ba5f7579c65560f56b2672b1bc7967fa583c0d61,git
protocols/figure4/C/cauchy/seed_9321/run_manifest.json,2861,7b420dc57e8bd3e4e35e1c0a19d2011ef21d7dc0309ca35b3a4bfacb812ec3e6,git
protocols/figure4/C/cauchy/seed_9323/configuration.json,1568,64f1f2747f9edc5061e9918aebc956962616988a34414a289ae5001c12d1480f,git
protocols/figure4/C/cauchy/seed_9323/invocation.json,2228,c1f844767c73905d678affa406f01ad5d32e73381ac7efe27c708c0fb5b8f848,git
protocols/figure4/C/cauchy/seed_9323/run_manifest.json,2861,6b0e956536fd542460aa2184e6ecc16d2a91641ccef06711e7b75d086a4ed7b9,git
protocols/figure4/C/cauchy/seed_9325/configuration.json,1569,4f43529df91db7e43dd6cc4bd1da4e4d5e3e99b594a7972c7de1f9cabbc196da,git
protocols/figure4/C/cauchy/seed_9325/invocation.json,2228,9d38cd46c968f41152205b088325a24a9b925886a560c77a5172e4490c613132,git
protocols/figure4/C/cauchy/seed_9325/run_manifest.json,2861,24118c455c8359c58e5ead9135b242d227fc2d3f22a2d5b9d1f1835dcb9c21b0,git
protocols/figure4/C/cauchy/seed_9327/configuration.json,1568,e675ce45d9dd5683d6b28f74553a2b1bf148f4cebacd844a3b6ea1abe297c46a,git
protocols/figure4/C/cauchy/seed_9327/invocation.json,2228,b25fb7a9df7fd54456cc2f0513c640aecbc3f76c74ead107e8757f6a191ac36d,git
protocols/figure4/C/cauchy/seed_9327/run_manifest.json,2861,a3ced95bc9b47c51e2fa6a68665ece0dc0a2afaa7e6e8e1d580d08749da6fd5c,git
protocols/figure4/C/cauchy/seed_9329/configuration.json,1568,58f5a8db6392512a1b54c92c167a3bc024dc208361fd38e16189d69e320be989,git
protocols/figure4/C/cauchy/seed_9329/invocation.json,2228,741bc68c6c1b6be2112bf451d9fc6ffb79b11e0fb1cad49ccf6c7ebcb5b73c51,git
protocols/figure4/C/cauchy/seed_9329/run_manifest.json,2861,4cacce26cd60742d188f34e66cd0849fa3c6753eb75b3d2a7612620e138fd03d,git
protocols/figure4/C/gaussian/seed_9311/configuration.json,1569,2dc52e67c35365e2133d855d5795c3d9a719092f01ee86fa751eaeaf13d32538,git
protocols/figure4/C/gaussian/seed_9311/invocation.json,2232,2129fd347ca344de2b06caf589040993464df080f3727fe7cd03990c54b785e3,git
protocols/figure4/C/gaussian/seed_9311/run_manifest.json,2865,3fc9525b6076edb7bf0ecfc0c4e83a187843591ea746cbaacd234fb97acf9b86,git
protocols/figure4/C/gaussian/seed_9313/configuration.json,1570,759c9fc7c7d0ed706d67e3beb6a82b56abc617a4bdf4caf927b78cacb28ac530,git
protocols/figure4/C/gaussian/seed_9313/invocation.json,2232,4b9925d0655ac39fe52322158b20f8877144e2bdce5d8e207865324951afd3d4,git
protocols/figure4/C/gaussian/seed_9313/run_manifest.json,2865,d3b4238bcb516f8b5606ae95008a3b4af204dd119806c83bb35dbdfc51a2cd55,git
protocols/figure4/C/gaussian/seed_9315/configuration.json,1570,394a0a7ca972b74852ae92ae04a65cbaf60338fa40e5bbfc7fad6a82e4c40399,git
protocols/figure4/C/gaussian/seed_9315/invocation.json,2232,547f866c31ec067edee38fa2335b5ec488d9b58312307495636cef2faf2bbf8f,git
protocols/figure4/C/gaussian/seed_9315/run_manifest.json,2865,7b45c8e7dd62b9d06bdf2b8f4fd091927a465ab471d0f130a579399b5cd5180b,git
protocols/figure4/C/gaussian/seed_9317/configuration.json,1569,e8fe4e28779956ebc4a8ac96922cb931e81d5370680177c777ee0a2311406c14,git
protocols/figure4/C/gaussian/seed_9317/invocation.json,2232,e8ddc3d04b042f97dc6b86c12741b09e5048e56e5138f18887b25f6cb6509dab,git
protocols/figure4/C/gaussian/seed_9317/run_manifest.json,2865,8b787094ee603d2365c68b5429d4d5a92205c4bf16bc821acc75b9cf5b0678f8,git
protocols/figure4/C/gaussian/seed_9319/configuration.json,1571,ca0b66b0934d03aab5f4c8027ae50ddb49315451ad23d4f9d2a810490a848132,git
protocols/figure4/C/gaussian/seed_9319/invocation.json,2232,797a8337148e6bbac8f51c1c4505611f55e03f4aa59f9e36463232299054a729,git
protocols/figure4/C/gaussian/seed_9319/run_manifest.json,2865,57fa24f96edbca7ced98605e14af84e832c1b0574f94d6282b129692dd5be47f,git
protocols/figure4/C/gaussian/seed_9321/configuration.json,1570,5f3a063c54c02622dce985e227e2be5384b06cc93845734d0bf45b45a7eed919,git
protocols/figure4/C/gaussian/seed_9321/invocation.json,2232,7c66e0512cb20ebba15ed9f9c510060c19d9e06ce7870f28fd01ae9b7c458938,git
protocols/figure4/C/gaussian/seed_9321/run_manifest.json,2865,8ab8052f23b6356a3b27378217f42fca706fb00300cf2d18932a71ad4082cc6a,git
protocols/figure4/C/gaussian/seed_9323/configuration.json,1569,5200ddb5489bd87ce2660c99fbe4697694e4d94f4322e4d065c51e5ecadcd00a,git
protocols/figure4/C/gaussian/seed_9323/invocation.json,2232,53114acda4682414e3a47eb3043dc88f2560fd2dadd5e979923a86c84a8c37ad,git
protocols/figure4/C/gaussian/seed_9323/run_manifest.json,2865,c8b8ff061b64c9b9d96a3beca3436c0804d632bf3d988abb40f542fca856a425,git
protocols/figure4/C/gaussian/seed_9325/configuration.json,1570,3c84896373dd5ffc7f0839687656a1caebe1df81d1979af3947e3133e64dc5c8,git
protocols/figure4/C/gaussian/seed_9325/invocation.json,2232,515a9b71d9b1504c2abcc8844257ee8a646dc228eace56512cd2c150755c4699,git
protocols/figure4/C/gaussian/seed_9325/run_manifest.json,2865,2a266861b6a491db2316a68e5bf17193bffbbe78304b3028cc8fdaa64ce73009,git
protocols/figure4/C/gaussian/seed_9327/configuration.json,1570,976c4b041fb1beaef7b665ac70a2f9bd26c6698a13051892a103ff0c72bace81,git
protocols/figure4/C/gaussian/seed_9327/invocation.json,2232,28b8d88fb3676a12bbf02a6372d7236d8c1711195daef5c6e3161582721980f2,git
protocols/figure4/C/gaussian/seed_9327/run_manifest.json,2865,8d13808f7cac992647a419eb0b8619b48554142f594a4e795afe7c106ec2796f,git
protocols/figure4/C/gaussian/seed_9329/configuration.json,1570,27c698e90fab4da76fdda4b182e51e050289364634671a5f7c1b0684aebe8d62,git
protocols/figure4/C/gaussian/seed_9329/invocation.json,2232,f09d0bbf2307f68a45c97430613fca312ae818dd9d2607d0489507af8be59815,git
protocols/figure4/C/gaussian/seed_9329/run_manifest.json,2865,9a41ae8963cc4e566961c07aabfafe53496877826ffb52fcebc0cf41cd205be4,git
protocols/figure4/C/inverse/seed_9311/configuration.json,1568,20419bbb00a04622d6221c59be8f8e7f8228030e49280d4385b55ec18b8fbf62,git
protocols/figure4/C/inverse/seed_9311/invocation.json,2230,17b2c28f57e3d22af48cb40afd1f7626e4c23c5de22c69051e64bdd2e11ae0f4,git
protocols/figure4/C/inverse/seed_9311/run_manifest.json,2863,63e85611b6e3efa691f8bdf1bfef704a11e0d295251aff326c0bc2f33d298d3e,git
protocols/figure4/C/inverse/seed_9313/configuration.json,1569,42f72d1ed3e8f3d15882f2e7459325cf593e006b92f2aa41816862debc046a5c,git
protocols/figure4/C/inverse/seed_9313/invocation.json,2230,8a10ac2bde36cbfa3ebe05e0c1694d70e60864985ff2696daa6c791deb852094,git
protocols/figure4/C/inverse/seed_9313/run_manifest.json,2863,c4a9991728210f8dfd0dd53d20990ba21a99356ee33168126e39d1b26ddb89c4,git
protocols/figure4/C/inverse/seed_9315/configuration.json,1569,547db0e6b81d5cbb203ff31f65f04b48317b93728575512d4af5fd0b4fa231c0,git
protocols/figure4/C/inverse/seed_9315/invocation.json,2230,56144e4b5c5d65b3f2991e4ef5a35e9cb3cfd4b35be3298595394c027272957e,git
protocols/figure4/C/inverse/seed_9315/run_manifest.json,2863,926dd7be39eda7fa2dd30f53254a3afea5a0b740a901cc1eae9a0105c6a29ad2,git
protocols/figure4/C/inverse/seed_9317/configuration.json,1570,4890d71b0a0da99f9e173c8a0d057e334be95a332dc1fc9756103ad0d3c43785,git
protocols/figure4/C/inverse/seed_9317/invocation.json,2230,448b5148c583d8257826bf14c59b9454931c3595be1dabcc4c7b5f13e11e20be,git
protocols/figure4/C/inverse/seed_9317/run_manifest.json,2863,1578a02bbdf50a63dbf06735bb7bdd34c34740069933ab1f91b78742a9de62db,git
protocols/figure4/C/inverse/seed_9319/configuration.json,1569,d5741c0d161a840b772e44736087bcc5999f8fa6bde1b28f180cddfd1a65ea5f,git
protocols/figure4/C/inverse/seed_9319/invocation.json,2230,a0b019c311b05e72429b8283356ba67fa033cc229cf876fc7c6fff2b200473bf,git
protocols/figure4/C/inverse/seed_9319/run_manifest.json,2863,4b7306efae74f913e2c48c6167f443b6fcdeb4c8bc6e6335b389c82109a892a3,git
protocols/figure4/C/inverse/seed_9321/configuration.json,1569,7980176612517f9f331814ed9d06c2498647f341e19444f8f3fcabd9a30c3d04,git
protocols/figure4/C/inverse/seed_9321/invocation.json,2230,efcd97413fa60c27f34373ddb0905f8ccb00ef8385ffac1e960d5007cd83d130,git
protocols/figure4/C/inverse/seed_9321/run_manifest.json,2863,94fe76d289a4ac08b84b19655fb3b7a0e2c653175adb6501c4ba22079bb68204,git
protocols/figure4/C/inverse/seed_9323/configuration.json,1569,5b2002382b3575c2c03ae0f7668559203ffc5f246fab2c103f2a564e51591883,git
protocols/figure4/C/inverse/seed_9323/invocation.json,2230,09f9cb1b29691383d17e60a400cbdc523314b84c0bc42ccc6d0811082d5a2f03,git
protocols/figure4/C/inverse/seed_9323/run_manifest.json,2863,b2533cbb69785f1d5d6675a1628cf3e84ad60ea80afb762bef4acac50fba1781,git
protocols/figure4/C/inverse/seed_9325/configuration.json,1569,42728e7fda7aa93faff85789a80c910742fcd4b860378bf75951edf73c690f4b,git
protocols/figure4/C/inverse/seed_9325/invocation.json,2230,ab1c280de9e100dfd7bba89f4df9ac7dcc838057496db111867ec3ac241664db,git
protocols/figure4/C/inverse/seed_9325/run_manifest.json,2863,11ed0a1b391c3ab3257b0c4ba4395321d05bb6e139f61bc5b5aff34513078bd3,git
protocols/figure4/C/inverse/seed_9327/configuration.json,1569,cab3e0570f963ab22af6015d114cf24a0a952b17370c40b5cbb58e0d30c3ed76,git
protocols/figure4/C/inverse/seed_9327/invocation.json,2230,64a1bf310f336e5305a8aa259e4c0f8959fb9c356c6912ceb9ce44f8eb5e4fb6,git
protocols/figure4/C/inverse/seed_9327/run_manifest.json,2863,b4802f9f7ca661a2481d7ee851a3565e7bfa898d3d63840ee4fe301d5d7e0ad6,git
protocols/figure4/C/inverse/seed_9329/configuration.json,1569,dbb2913c6a055c9fc38fd9e826e0028565351b564508d6adbad4c8d888d22774,git
protocols/figure4/C/inverse/seed_9329/invocation.json,2230,7a1ce531588b7c5aeadaf3737ec0900e3ef45ac99e49ed4df10e38f7d3e595a2,git
protocols/figure4/C/inverse/seed_9329/run_manifest.json,2863,2c7a522bc71662a47ccbfe6a7d3b872da75eb79139bcb4c6cbd8de892a0358da,git
protocols/figure4/C/laplace/seed_9311/configuration.json,1569,7ea01639c6a631d031b1ea9b1955fb92dd04c62550862f167314552efc832c27,git
protocols/figure4/C/laplace/seed_9311/invocation.json,2230,96b6cddca0310c7d089b9e38e639d0dcb579573e63f2960e8a31bcfad96c2421,git
protocols/figure4/C/laplace/seed_9311/run_manifest.json,2863,38fe4019f0f4b3ccd7cc89cbcd14ed1ec8877debddc0a3521bf1de6cb230abe8,git
protocols/figure4/C/laplace/seed_9313/configuration.json,1569,04bce929beadf2717e051fbcc39362aad77190bfcb8a1f1b888a8dcf604ed4de,git
protocols/figure4/C/laplace/seed_9313/invocation.json,2230,b4988e80373c92b0c7ce05873badf33fe27bfc39b4687d461d8814e8a9564709,git
protocols/figure4/C/laplace/seed_9313/run_manifest.json,2863,87a58f894eb24985839d32ff85b6bc7f027ea778fba5ac6a0938607ad0585e7d,git
protocols/figure4/C/laplace/seed_9315/configuration.json,1569,4b0927958b1c860445bf5ad10a2c8fff95a5ecf5f7c548f05c53e603055d2f84,git
protocols/figure4/C/laplace/seed_9315/invocation.json,2230,7f041e5a454e66c79186715d76721b8be741d1efd6bec9199030aed162e808fc,git
protocols/figure4/C/laplace/seed_9315/run_manifest.json,2863,fedf08585255e17761819c1e219f56828e7f26f8ccf5582e6df86dc8142e491b,git
protocols/figure4/C/laplace/seed_9317/configuration.json,1570,09f4faabbddb8f7ab580c84ea9299cb62f8837210fcb331a8543ba4855197558,git
protocols/figure4/C/laplace/seed_9317/invocation.json,2230,5fbb44be8ad6ae387eafd4e33dd4f93add8720ad86976d6b904a9d6b7b0bdc77,git
protocols/figure4/C/laplace/seed_9317/run_manifest.json,2863,af793d0897d2b46a21f1f4b75e71f8ee922ec7de93b3e5339df925b4db314d2c,git
protocols/figure4/C/laplace/seed_9319/configuration.json,1569,1831807a64064c4d9a237ecffc42b79ed2291f249366d3ac45a9ee3c2d59605b,git
protocols/figure4/C/laplace/seed_9319/invocation.json,2230,a2fe22f44299aff3c194f303a568095d3b85017dd8cb9b1752abaa57c9b8d912,git
protocols/figure4/C/laplace/seed_9319/run_manifest.json,2863,3c9128a347149c4d3984fc6f80eeaaec059eeafcffb857ea2987fc24cff2de35,git
protocols/figure4/C/laplace/seed_9321/configuration.json,1569,6e2fce293ce8e4c2f747a3fd7374a40943d75fcfa5ba51415a507b3d79b2b11d,git
protocols/figure4/C/laplace/seed_9321/invocation.json,2230,8fd291d408f1a9ee7420a03448794c1200526159c01bd8b572a8a20f0b1e0803,git
protocols/figure4/C/laplace/seed_9321/run_manifest.json,2863,6181f4951dab3a7b2a3b5295b43bb37c39b7b7deff6bffcdc47abf1ecb4107ce,git
protocols/figure4/C/laplace/seed_9323/configuration.json,1569,89c379aace6de7494bde42301412ae1bdc257674ebb7928b82b7bd4744130039,git
protocols/figure4/C/laplace/seed_9323/invocation.json,2230,f7d59df3fd246f780acb4e2baac85b2aba9ec261f62352aa8bc9dc45be57408b,git
protocols/figure4/C/laplace/seed_9323/run_manifest.json,2863,a5bb928e3507822e88158d700c421f1f40ddbb6c889f0eb950bae154eab3b491,git
protocols/figure4/C/laplace/seed_9325/configuration.json,1569,11bf4271b12116ef30d7eed78209a10b849dfe173340ab7bf25ca85b976d8b21,git
protocols/figure4/C/laplace/seed_9325/invocation.json,2230,932c69c791c310b666d38541f7a2da8b4a4c51047df3891105d8b786e7bfff07,git
protocols/figure4/C/laplace/seed_9325/run_manifest.json,2863,b045d912f679c86ef558b1bbc7dbfab392311ae851dcb925717fece9ff80152a,git
protocols/figure4/C/laplace/seed_9327/configuration.json,1569,86345a4c93f6320565e6a9c52ad1f1ef43bcc03a89d474684fdda747657b8197,git
protocols/figure4/C/laplace/seed_9327/invocation.json,2230,ec06442e315180f0505dccc2b0de9ba055031596cc4a3143e43ce4340cd92226,git
protocols/figure4/C/laplace/seed_9327/run_manifest.json,2863,9bde9229b05dc2aeb711252678b7c65c7becae5186d9120c196c7c30d92776ad,git
protocols/figure4/C/laplace/seed_9329/configuration.json,1569,eaaa1ebc3c16911e7eb2287485192215bb8b2c95dcacf9c537b68ad560e077cb,git
protocols/figure4/C/laplace/seed_9329/invocation.json,2230,be74213916d402e3a7bd29a9e4cfa3d67379c169be2c98bf25969a3259497f36,git
protocols/figure4/C/laplace/seed_9329/run_manifest.json,2863,3edda20140f70e1cb538ebfe29a60b99ebbd6072d35362dbd84dfda1293e224c,git
protocols/figure4/C/plain/seed_9311/configuration.json,1550,80d18844e777b7334a2d1664817daa8b987ef345a1b1d9c24e7266095988bb34,git
protocols/figure4/C/plain/seed_9311/invocation.json,2226,5c1cc44b2b6f2b364eab0ff84363772de0b035d24ffa0eaa97b8698e5f4b138b,git
protocols/figure4/C/plain/seed_9311/run_manifest.json,2835,f62a158e9046c1ca92309455481bcedeacddcab5e3512180ddb14b6d8e29fe4f,git
protocols/figure4/C/plain/seed_9313/configuration.json,1550,a8c9a44617b6d7c3f71b6f26e0e76b3500bc38537302cbcc3264a022f439180f,git
protocols/figure4/C/plain/seed_9313/invocation.json,2226,5fd12527823f2579589fe83d4eb16a87855263f9d94338cbd58104c79457ccea,git
protocols/figure4/C/plain/seed_9313/run_manifest.json,2835,3c77987987d11d8caa95321667ed3df8bb13adad95537f74da0961782e0e27d0,git
protocols/figure4/C/plain/seed_9315/configuration.json,1550,b78b6b7724fc9326dc0a528e11c0b4e1afc9d327f9bd2523a89bada856e09c30,git
protocols/figure4/C/plain/seed_9315/invocation.json,2226,806f835ce7ccf7e07ab33f04890e71a05e1deaa16d76ed6f95ffde75899dd589,git
protocols/figure4/C/plain/seed_9315/run_manifest.json,2835,1974420ddd909fddd118af91e5cc9cb6442bf85824d30fd837e176eeed058f32,git
protocols/figure4/C/plain/seed_9317/configuration.json,1550,aa54a9d7055358b3620ca44e99e55adf2c1e0652feebb6ccaaf41020c0d708c8,git
protocols/figure4/C/plain/seed_9317/invocation.json,2226,003173eacecb5ebedd901ab19adbec61358d24b244da90497378ca27e0849ecc,git
protocols/figure4/C/plain/seed_9317/run_manifest.json,2835,b65a7cbd3366dc4aa0efe7eaca21846dd3b25a47a0c52768ca2b4543f908f370,git
protocols/figure4/C/plain/seed_9319/configuration.json,1550,5766e3c8a1c528b782ae3e6e5facd8819083edd78196f3e51ef2e7bfcb3ed028,git
protocols/figure4/C/plain/seed_9319/invocation.json,2226,2d41dd02f0d215f73ff97e514b4fda8f149c7d391c5491e9687f87fd1a5ab144,git
protocols/figure4/C/plain/seed_9319/run_manifest.json,2835,73dcba429bbbdc076ac386e13610e0910e191dc7baf27946b78f1f990398252e,git
protocols/figure4/C/plain/seed_9321/configuration.json,1550,48fa203955244040d84537a5446da68ad6db42d670425ad6b05df17a76f9da6f,git
protocols/figure4/C/plain/seed_9321/invocation.json,2226,00c889d1b25ce7f48a9fadb80db41d373fd48cbc6fe27dfdfa9899759cc93bdc,git
protocols/figure4/C/plain/seed_9321/run_manifest.json,2835,b51f251326d940b16da60116ee0c544839c6d6fd6fbc079c91a7a7ac3b2fe30f,git
protocols/figure4/C/plain/seed_9323/configuration.json,1550,0aab2a57acf106ffdbda85243c55a1c270132059f488e7a388275c57029b44f7,git
protocols/figure4/C/plain/seed_9323/invocation.json,2226,030206c4083916d5a313ffee855d0351ff454084fcbea4835dfae9c664791b15,git
protocols/figure4/C/plain/seed_9323/run_manifest.json,2835,cd592858d14831e970bca7686b52db4c7666de317784d92d13090c3b224908d4,git
protocols/figure4/C/plain/seed_9325/configuration.json,1550,30bee298f4bebe239b8d1371484b8338cc79cf12ed5b5fd3e6c3a38f3d73916c,git
protocols/figure4/C/plain/seed_9325/invocation.json,2226,c49a7178f687979de1f035dc6f11d6f70cddec6f4eb7c57584fe58332890e67f,git
protocols/figure4/C/plain/seed_9325/run_manifest.json,2835,dbeed6c76d1d0c0be016a573dba03a36549ced28c4136cdcfff6f1795f873d60,git
protocols/figure4/C/plain/seed_9327/configuration.json,1550,9fb1711cf12698bd0321e028b3a82e0c69625c1b425e0ce0db56b34982287a76,git
protocols/figure4/C/plain/seed_9327/invocation.json,2226,065fdfa50c20ac3560e28835e4f91266ff287df3b2f7885fa4577248178c846d,git
protocols/figure4/C/plain/seed_9327/run_manifest.json,2835,9230e16acd00aa7fd9bab777d600655273ff27d900c39968b0a424d47f38c1c6,git
protocols/figure4/C/plain/seed_9329/configuration.json,1550,036405011928106edb5ae5de17e0fde191cea51c96607b339b0040dba2963908,git
protocols/figure4/C/plain/seed_9329/invocation.json,2226,b74fac56a091fba6de4205545f09d7d306f67801b6dc0c442137dc2d79b7c388,git
protocols/figure4/C/plain/seed_9329/run_manifest.json,2835,b29424f6ed8aaef3ebe1c8ee384a68e55d6880240bb901c15e850e082d81d24b,git
protocols/figure4/C/protocol.json,928,cd10d177f473573b4e0a7443a4111f73c1fd72e8a6031fd52f551bb8738ca0fd,git
protocols/figure4/C/runtime_versions.json,128,0ad01c351ec602c48b7dac4cb2c085c6425cb6c7370f2a364878dece85db514d,git
protocols/figure4/F/confirmation/anchor/seed_26092201/configuration.json,3148,c0352190a2ae246b52da0cd95673dfe4a721731997ce8f2653e0c8748b7d5763,git
protocols/figure4/F/confirmation/anchor/seed_26092201/invocation.json,2486,c1da52af34e80506474bfdf50327faa694f970503d66a833a7a5d1d241be5fac,git
protocols/figure4/F/confirmation/anchor/seed_26092201/run_manifest.json,2756,50698ebe4af2db86151e2d8a4efc0871de94d80cfaf32780274c62ddbbec2788,git
protocols/figure4/F/confirmation/anchor/seed_26092202/configuration.json,3142,138812d703018c78712b6a9c2dcc848521705f60c52a2f46984eeb83cc0283d9,git
protocols/figure4/F/confirmation/anchor/seed_26092202/invocation.json,2486,25e4433c78fcae9ce6bf7b927a5b5e56bd9a459b6fd4b19ba7cc8414c4e8d6ff,git
protocols/figure4/F/confirmation/anchor/seed_26092202/run_manifest.json,2756,8fd74431cf23f426556ae92f9d91592bd160ee9a77917d74fd915564a42cb9ee,git
protocols/figure4/F/confirmation/anchor/seed_26092203/configuration.json,3141,ea5b14605eea583b93d5279133f8fbcb651e1a896a94de5d15f311b50a3c77fa,git
protocols/figure4/F/confirmation/anchor/seed_26092203/invocation.json,2486,14c14bc6cc5bae6befabca73328b3df01a10f04f8ae565b3b4703d0ac7c484a7,git
protocols/figure4/F/confirmation/anchor/seed_26092203/run_manifest.json,2756,77212397e5e07051f0beb9e80836ba7cebdcdb5e3d8b39b3c3460facffa50af3,git
protocols/figure4/F/confirmation/anchor/seed_26092204/configuration.json,3137,43a21b1def8d1ada101ff0188e0215af83207684f2dbe4289a16d154a1b18e38,git
protocols/figure4/F/confirmation/anchor/seed_26092204/invocation.json,2486,1b5a504c9c95facb81ebc41080c104ff96c835f2ba06bfdb86f808a8183a1caf,git
protocols/figure4/F/confirmation/anchor/seed_26092204/run_manifest.json,2756,d900f189e7103a3a3c01a5453237b3ce5c9dad75310fd7160d47c29695293086,git
protocols/figure4/F/confirmation/anchor/seed_26092205/configuration.json,3144,98734d14cc40417e9e934614dcc1993cb8f2a2aba87671457ed8d2fa3548adf0,git
protocols/figure4/F/confirmation/anchor/seed_26092205/invocation.json,2486,69db955ea12038aa5d709b044c5532b5727358e1f363dbd1526787e387eacdd9,git
protocols/figure4/F/confirmation/anchor/seed_26092205/run_manifest.json,2756,65fbfd98a025e87f9650d456cd17e879b63f5cf4c4d137be7e7599f05b04676b,git
protocols/figure4/F/confirmation/anchor/seed_26092206/configuration.json,3147,4a3e7f94c643b6c0322119d02f4bc15e1cf9c4ce56bc93f2b6864415df8ce3cb,git
protocols/figure4/F/confirmation/anchor/seed_26092206/invocation.json,2486,862291431933c737a7256dae00caf3ddf71429f9a2580086d12f8c1c7d74d006,git
protocols/figure4/F/confirmation/anchor/seed_26092206/run_manifest.json,2756,dd92917afecedf2ba2819de3806acd96919c17f1b7171e62456d3bc281863b8b,git
protocols/figure4/F/confirmation/anchor/seed_26092207/configuration.json,3141,9a7103213d5e25bf9ada48f777479e74183ee8965d568ace2ed101e9f56262e6,git
protocols/figure4/F/confirmation/anchor/seed_26092207/invocation.json,2486,5e15afc65dc4506e7aa75b2fd6904e8cc780d553a682d2ff033365b4dcb33626,git
protocols/figure4/F/confirmation/anchor/seed_26092207/run_manifest.json,2756,a7521623b270131e7f02a00c2004eaa2dc946dc7fa18ba2414e83e94729691a5,git
protocols/figure4/F/confirmation/anchor/seed_26092208/configuration.json,3144,5e660cbcae8c1cc731de08ee40e865159a56c812ee353435bdead25d38affa80,git
protocols/figure4/F/confirmation/anchor/seed_26092208/invocation.json,2486,8badef62d336493e9c70a1b46acfe103a2b980828f00b054ffd2917726d39f74,git
protocols/figure4/F/confirmation/anchor/seed_26092208/run_manifest.json,2756,d8fb980a78f77dcb5e46a8a64a3b55dab68050c31dff30befffd9fa1df3f35d0,git
protocols/figure4/F/confirmation/anchor/seed_26092209/configuration.json,3142,9fe063f834e85e42d16508c276db7c09906ad1cf4e09b6774277591dab2f2144,git
protocols/figure4/F/confirmation/anchor/seed_26092209/invocation.json,2486,48f1458582427e51c1b7d8715b40a90e876dcc94426f86742deca04fa0aab168,git
protocols/figure4/F/confirmation/anchor/seed_26092209/run_manifest.json,2756,c00f88eaffc76d45aee290a1f52e694f84f72ab554dd879863152ac84fa0ea7d,git
protocols/figure4/F/confirmation/anchor/seed_26092210/configuration.json,3141,8654f88aca139358ffac361d0da4fa9629c9caa659a7a13316f36bb9bf699cbf,git
protocols/figure4/F/confirmation/anchor/seed_26092210/invocation.json,2486,abf709269bd8e630c659575b650abff06f67bf2f4e8157c84f07c82045a1b8e3,git
protocols/figure4/F/confirmation/anchor/seed_26092210/run_manifest.json,2756,45bbfb15ee022a7cbfcd0c26e4812b5407cfba7caf8ad5efbd7c729d52d2a25a,git
protocols/figure4/F/confirmation/full/seed_26092201/configuration.json,3173,adec342526eb7f98cc6f257308ea35fee98ce72d3247969c8255b001d0d4f14a,git
protocols/figure4/F/confirmation/full/seed_26092201/invocation.json,2478,ae4e6750ce0ebc8fe0161de6eceee18d3fbd2161f0ff443cf095572fc429280d,git
protocols/figure4/F/confirmation/full/seed_26092201/run_manifest.json,2783,1abec96540633f89904588a93b810a55515684781b166f838b5ee2f725ff189c,git
protocols/figure4/F/confirmation/full/seed_26092202/configuration.json,3170,11b0f60a53ae568ae2511fbddb0aeafb94a8c04b7c6a0a8735e32fb1d3868230,git
protocols/figure4/F/confirmation/full/seed_26092202/invocation.json,2478,7963a73bfe825dc886f5e47806cd669e1e9b03659c0ad37171ac1e401bdfeac1,git
protocols/figure4/F/confirmation/full/seed_26092202/run_manifest.json,2783,6c329fb8adc76fbe062feda53c50d9fc04abec3f97d835d7ee9dd91287d6ebd9,git
protocols/figure4/F/confirmation/full/seed_26092203/configuration.json,3167,4fa8f170467d23e619a3d39d16b7d53f5c67244f2e55c7c324a055390d5537a6,git
protocols/figure4/F/confirmation/full/seed_26092203/invocation.json,2478,8b3898b62ed35fdc58b5557424f8df2f600ea103440b10e58e1d0d3cd4bf19cf,git
protocols/figure4/F/confirmation/full/seed_26092203/run_manifest.json,2783,97dc4b900df3f50bc910e195f60fcf91ee0d3e107c595a7322aad45e4a61c536,git
protocols/figure4/F/confirmation/full/seed_26092204/configuration.json,3162,2c8a39e5b15d4d2e314accaefc383fff9c57c50405d497fb6ca7c26045399e67,git
protocols/figure4/F/confirmation/full/seed_26092204/invocation.json,2478,a933bea3ac226351691f7abe4a657dc629d90062a81f6356b0661b0c94a1f8bc,git
protocols/figure4/F/confirmation/full/seed_26092204/run_manifest.json,2783,5ab331ae31300323604a97d726a51cb83700e4f4ac5bb1d5b80a20f0118cbd4c,git
protocols/figure4/F/confirmation/full/seed_26092205/configuration.json,3168,dd7ce6c7827b62d28fd45bf6ad5fbecd62edaeb0be5f5852e44006bb4a5f1395,git
protocols/figure4/F/confirmation/full/seed_26092205/invocation.json,2478,6394f82c3cd3f0e5a0dc2d254ff896d63448c0851fd5c0f300895341746a3567,git
protocols/figure4/F/confirmation/full/seed_26092205/run_manifest.json,2783,0f34f4881583967d0a94a87b7b1bd0d20266ec4074f39ec364da362a3a67466c,git
protocols/figure4/F/confirmation/full/seed_26092206/configuration.json,3174,b4cf4b37b7aa15c02df3230a0e7e3e69282090efa806ba3fe3924a1c358facaa,git
protocols/figure4/F/confirmation/full/seed_26092206/invocation.json,2478,ca14cc1c366bf0cdf662b3d71001e70168b7a6ea2eb48cc03d0a99d0e21e9769,git
protocols/figure4/F/confirmation/full/seed_26092206/run_manifest.json,2783,7b8478a3f449b797222b691d54f02a4dc7a5044f4db3e36fadee83779b671098,git
protocols/figure4/F/confirmation/full/seed_26092207/configuration.json,3167,4611e1eb3cff15d2f59d35acf60789de818b8485e374a23feaa68f59477098e1,git
protocols/figure4/F/confirmation/full/seed_26092207/invocation.json,2478,cdc18b909d9122db0cbb6d74ecc8e9a1a0941a77fa404102d49e36e5b9c79bdf,git
protocols/figure4/F/confirmation/full/seed_26092207/run_manifest.json,2783,a8a84f7a4dbcad1dc14404c9265e8074ea5f5641852a419bdbd8c4fc2a84cd97,git
protocols/figure4/F/confirmation/full/seed_26092208/configuration.json,3170,43018470515e977152061a2bdb08c2a4bfa12c101a2f18c691b66e6663a20917,git
protocols/figure4/F/confirmation/full/seed_26092208/invocation.json,2478,ebef88e85c92a4ff04343d64887fa4f9b63791f68d435c8cd5fe761a5e4faa4c,git
protocols/figure4/F/confirmation/full/seed_26092208/run_manifest.json,2783,39d5f5969754acedc7c5fb2e14f31b634deb2204cc844d4347229fedb4f97e8b,git
protocols/figure4/F/confirmation/full/seed_26092209/configuration.json,3167,d8ced05fcb9c9b40c95ca7751c618d9040095d48d87415dcf8c5d61c6ac1185e,git
protocols/figure4/F/confirmation/full/seed_26092209/invocation.json,2478,96a5cac1643ebdfae1537d7a583d289da4d0cdd67cfe4c35ab9c556db3921702,git
protocols/figure4/F/confirmation/full/seed_26092209/run_manifest.json,2783,c22f8e32a67fec94052196e224e01015118953a3dc06c3a8258c24b47c76d3e4,git
protocols/figure4/F/confirmation/full/seed_26092210/configuration.json,3166,04ca9d1f1512432a7c678661d4a4aef31cb053ab4a1072689756ed1536ffcc46,git
protocols/figure4/F/confirmation/full/seed_26092210/invocation.json,2478,2bff13bbbff9058dc9a670c91e9be01d000a64ad57ad1a9462f994eac8617ed4,git
protocols/figure4/F/confirmation/full/seed_26092210/run_manifest.json,2783,64c770a0f783d27c44c3fa5021030e2ac4141704b3702e3004081afbc7144a12,git
protocols/figure4/F/confirmation/plain/seed_26092201/configuration.json,3133,77d06b5f447fd2508ca8d2b393db25e2402fc7dfec76a0a0b65b272dc0ea1e25,git
protocols/figure4/F/confirmation/plain/seed_26092201/invocation.json,2482,83d85e6e99ee4578087c8f6795e7a8cee2ea9152f4b92e095fd0d2c7844083a6,git
protocols/figure4/F/confirmation/plain/seed_26092201/run_manifest.json,2737,41b3df7c0a1f44f6a488c438f8dc86e4c9a02542e8200cd764d897e145453214,git
protocols/figure4/F/confirmation/plain/seed_26092202/configuration.json,3127,b90dfe276fa3567b7908890b14f4c053aa725385dc86ffdfd2f80002f496bfb9,git
protocols/figure4/F/confirmation/plain/seed_26092202/invocation.json,2482,33061787c1f7019cc459d19d55a82fdd3ddab4e57ab83142a441ed844e863d3f,git
protocols/figure4/F/confirmation/plain/seed_26092202/run_manifest.json,2737,32473fbd5bd76437afc13f201a53c94123176b719b504c30df3e5d86c064ad65,git
protocols/figure4/F/confirmation/plain/seed_26092203/configuration.json,3127,106cd7d50db932c4c60c2caf6b7a0fdbc25db54fe27cb10acf0a8cb5c8aa2770,git
protocols/figure4/F/confirmation/plain/seed_26092203/invocation.json,2482,29f193cf87a862fa29305dd29391f8cf70b80969021231a67704d423f0b9d324,git
protocols/figure4/F/confirmation/plain/seed_26092203/run_manifest.json,2737,29c9d8bced720b7849055e2134a05e1240176cff4fb1b5cc4d332418d35b351d,git
protocols/figure4/F/confirmation/plain/seed_26092204/configuration.json,3122,897a757f55dea3579a61df6c16e71e15f074764a7345c15d58468924b6a75c89,git
protocols/figure4/F/confirmation/plain/seed_26092204/invocation.json,2482,1dd5d6e0ff8e5c1e85a290328c041ff187e60bbaa78c6a2424f97541993e5d1b,git
protocols/figure4/F/confirmation/plain/seed_26092204/run_manifest.json,2737,c3212b7ba680d62c9ae801286e980643722b827312ef2885cc8aebaacb5595ed,git
protocols/figure4/F/confirmation/plain/seed_26092205/configuration.json,3129,cfc85ba56b68c89d84d4537b73bc171f97d759ed4c98080e02d17aa917f3501b,git
protocols/figure4/F/confirmation/plain/seed_26092205/invocation.json,2482,33ac6d43a1a89792880ede8a134e65e00c401cd19224ed53f7718c559e14f2fe,git
protocols/figure4/F/confirmation/plain/seed_26092205/run_manifest.json,2737,b0f9505b5bce59f71b0330808f9bba0b237d99066999e8554c6e80059937374b,git
protocols/figure4/F/confirmation/plain/seed_26092206/configuration.json,3131,01b79d6e220676c219077308617e70e2fd47c2c13485a9fa7b7e66b5b4e2d48e,git
protocols/figure4/F/confirmation/plain/seed_26092206/invocation.json,2482,ce91671ca1dfef81edd76f606422c797a3fbf06e33a0d5c24f03ff1b4fd1b5be,git
protocols/figure4/F/confirmation/plain/seed_26092206/run_manifest.json,2737,6f22839ab36cf25c0872fb27cde31ef3d24a45f4680113c050db69d2d9fcadc4,git
protocols/figure4/F/confirmation/plain/seed_26092207/configuration.json,3126,4da5df2900741c8bf6179e8a3c460e6d5859cabe81125db59cf5d333c3a132db,git
protocols/figure4/F/confirmation/plain/seed_26092207/invocation.json,2482,7525c07b2eb254146f37a30540a000baf366031ba3938ce070fa630a46c5489d,git
protocols/figure4/F/confirmation/plain/seed_26092207/run_manifest.json,2737,adef27b5f984b69fc6150ef80fac7732b479a00735df19ff1a435cffdfd9e769,git
protocols/figure4/F/confirmation/plain/seed_26092208/configuration.json,3129,7f3e5642a199352534ea1dbd2ef7b4edb3e7525c5f34fce10e3b320a5b20f1a0,git
protocols/figure4/F/confirmation/plain/seed_26092208/invocation.json,2482,865347486f5f1074edf0968e4743a33c9c77430540b253acc6f42ce65e9bb1c2,git
protocols/figure4/F/confirmation/plain/seed_26092208/run_manifest.json,2737,b72149c4f1e1beb099eb4643ea9d0318694d0b64ca4e7539d280f81b4e024008,git
protocols/figure4/F/confirmation/plain/seed_26092209/configuration.json,3127,2b26517d55aed65fee83a669c41b65fc98178b64b57528b41609e0e315bfebbc,git
protocols/figure4/F/confirmation/plain/seed_26092209/invocation.json,2482,e8046ab4462b7c078cf5b254e984815b5c80024764b0d94bcec1a2d1320d4058,git
protocols/figure4/F/confirmation/plain/seed_26092209/run_manifest.json,2737,3b366e94f30a2565a20276cbeb6042b31e16e76cd6b240d9947f9c43b4b668aa,git
protocols/figure4/F/confirmation/plain/seed_26092210/configuration.json,3126,dfd0bfef2f97fc79b53254bc2d7f659d9c3547c350d48c4eab518eef2e81032b,git
protocols/figure4/F/confirmation/plain/seed_26092210/invocation.json,2482,79106a0fc783aaf95bc8aced0f3fe5521aea5917b712959a5d2a3d97d44dff18,git
protocols/figure4/F/confirmation/plain/seed_26092210/run_manifest.json,2737,38e09ed2852e279ee50b9f85db20ffb1d0c7bd7875a606e4a1f8dfebced180aa,git
protocols/figure4/F/confirmation/spectral/seed_26092201/configuration.json,3153,ed94e069abb61127408e7bfd021bb6353d543a3247e34b69c92e883dc746c648,git
protocols/figure4/F/confirmation/spectral/seed_26092201/invocation.json,2494,e0a7293027d1f8fdc43d03c6a9381461d46611408e6baafb2e7b0abc070c9570,git
protocols/figure4/F/confirmation/spectral/seed_26092201/run_manifest.json,2766,9ed04f0406ba11dd32cd10f5c17f318d4b72106dfc7166f896ed9c34221965b6,git
protocols/figure4/F/confirmation/spectral/seed_26092202/configuration.json,3148,4cb467890c7a2f30283ea0ceee3c67a2e928d8c150c0eb6ef8d3230e34371ca5,git
protocols/figure4/F/confirmation/spectral/seed_26092202/invocation.json,2494,5d2fc060d5ada0b19db4ec5ba045d317c9cd484337512c3f35e78c53babfbfe1,git
protocols/figure4/F/confirmation/spectral/seed_26092202/run_manifest.json,2766,637c74280fde406b80fee7bd5e78067352fe60564c00e68d0b6565def6c0e320,git
protocols/figure4/F/confirmation/spectral/seed_26092203/configuration.json,3147,05d867d0f25798e8ce39c7c14ebdb1f30ac2c2051e4a2a6b479831c203576090,git
protocols/figure4/F/confirmation/spectral/seed_26092203/invocation.json,2494,fccbcc1a5fcd4ed32373c3f5ef4b339476261dff8ae90cd4d0e754407e872e14,git
protocols/figure4/F/confirmation/spectral/seed_26092203/run_manifest.json,2766,f7f936fa646f9733387b5ed855e25582e3e5acf0e8a7d7af6667da4adc733eaf,git
protocols/figure4/F/confirmation/spectral/seed_26092204/configuration.json,3143,7e3b3e6082d382e2637ee22ad2f018de34ba50e551b50021725ac04664aafa31,git
protocols/figure4/F/confirmation/spectral/seed_26092204/invocation.json,2494,b0e500cc5c2735ff837d8ed5a0bc409a0bfdcd91e65c7148b6c5dd08165a8493,git
protocols/figure4/F/confirmation/spectral/seed_26092204/run_manifest.json,2766,d8a2d5b291d5de01e551c2b27b0457178340aee373b91c906064ca91db523cc5,git
protocols/figure4/F/confirmation/spectral/seed_26092205/configuration.json,3149,71e1b68e23456282aecb12d86fa6864c4ef8be4e32b445eedb99a1274fd52d8d,git
protocols/figure4/F/confirmation/spectral/seed_26092205/invocation.json,2494,cd5cad082f8103e4f061b207ec73f11f5824e0043b61c5c2738cfba0b58edabe,git
protocols/figure4/F/confirmation/spectral/seed_26092205/run_manifest.json,2766,23d4fcd38e7f2af4f28d05fa266f48f9804ff45096f246135a151d40c9727a91,git
protocols/figure4/F/confirmation/spectral/seed_26092206/configuration.json,3153,a1f6f77c2eb21f16f02e3b8c2dfe53de07b905f85704070bbc1333fd703749a5,git
protocols/figure4/F/confirmation/spectral/seed_26092206/invocation.json,2494,164a01e4e7f2a7550aadc644f152a8ce85f9071021a40fa7fa2694ae116bb23c,git
protocols/figure4/F/confirmation/spectral/seed_26092206/run_manifest.json,2766,2105ba0ea14da1dc30ed0b29fc35027d3bd1f5abcfac5386a233e55448fe50d6,git
protocols/figure4/F/confirmation/spectral/seed_26092207/configuration.json,3145,0f9ea966ae0a73a7e531472a04a86a8e422460c77eb74192c92fb7c01d39bf71,git
protocols/figure4/F/confirmation/spectral/seed_26092207/invocation.json,2494,660f7e306b26dffc4e46b4d094b80ca2e38d97447d2de71d1de8cbd6277049e2,git
protocols/figure4/F/confirmation/spectral/seed_26092207/run_manifest.json,2766,411397f59f58724bf79dfab24aa61ecfbbcf0d2d1af07a65ba28f4f65154cf87,git
protocols/figure4/F/confirmation/spectral/seed_26092208/configuration.json,3149,a48ea6706f8e5f489a2e5c96ddb89044e9531c14cc727128dde7d57365479d58,git
protocols/figure4/F/confirmation/spectral/seed_26092208/invocation.json,2494,b5ba599db01b746e59e3fc1e70ddc40a64e163fe3a5a02d78987c4fdb942844b,git
protocols/figure4/F/confirmation/spectral/seed_26092208/run_manifest.json,2766,c5785e73781a9ac95d56e910ae6ca4d652fc9d35ecb2f3dcfaf9c0a4134f9b91,git
protocols/figure4/F/confirmation/spectral/seed_26092209/configuration.json,3148,beef712ef4e19a82a3f12056c2bd099fb579bc91ed438c2b79bbc390d43d5e22,git
protocols/figure4/F/confirmation/spectral/seed_26092209/invocation.json,2494,87885db56b22b789a54a772da295d8d7a326055aa0a95edc8a6fe9a9afce9d52,git
protocols/figure4/F/confirmation/spectral/seed_26092209/run_manifest.json,2766,194fc5a35f913434cc5a7dd313bfa7ca8b63b103750946c16d85cefa2c8a685e,git
protocols/figure4/F/confirmation/spectral/seed_26092210/configuration.json,3146,5a4c00064a4f5e16ee5cb93450179d0786252adcffb1ca2e5f94e0e88fa041b0,git
protocols/figure4/F/confirmation/spectral/seed_26092210/invocation.json,2494,e7cd5a3e658cc5da1be6ddd9cef5e86bca9a17346dcc0702cdb620d5c2eeea5e,git
protocols/figure4/F/confirmation/spectral/seed_26092210/run_manifest.json,2766,4b585bd38940b1e9c579c65e6ba32ad63dc468022ca97e07eef1f84b96c61f90,git
protocols/figure4/F/confirmation/ssr_anchor/seed_26092201/configuration.json,3172,060d06524dec720548c3d310b23d749560d910c9e648e102d846e85f8941a66b,git
protocols/figure4/F/confirmation/ssr_anchor/seed_26092201/invocation.json,2502,d90885bc096ec33b2e6210d676e107fcf7c79b3e94788586ab0927186fa32762,git
protocols/figure4/F/confirmation/ssr_anchor/seed_26092201/run_manifest.json,2790,02cd4bdb9d8e72c8364ea5531503c61e197006ea3652be59846f62f2be9e4e42,git
protocols/figure4/F/confirmation/ssr_anchor/seed_26092202/configuration.json,3166,37a39e71929bfa9f2699c521ff5cbf6891a7f5e07bc91a9623547ed87eb1d2bc,git
protocols/figure4/F/confirmation/ssr_anchor/seed_26092202/invocation.json,2502,2ff1bb2d26821eccc50d7898bd8da9a34db33cd7fd3b5eb6b50a713dcaefb5b3,git
protocols/figure4/F/confirmation/ssr_anchor/seed_26092202/run_manifest.json,2790,63d7a1fe5ebc6d8c3b94597eb2ee75e81172e38a473d27fe3b2f5c07684a5883,git
protocols/figure4/F/confirmation/ssr_anchor/seed_26092203/configuration.json,3166,6a510401adb5085b7ea0b8a081784aa7a72ee1ca871d85bf27626fcf7017d4fc,git
protocols/figure4/F/confirmation/ssr_anchor/seed_26092203/invocation.json,2502,4d14adf8e215f51ccfdbb88e9820c6789db74bbfa2b36941c0c5240b79097ab9,git
protocols/figure4/F/confirmation/ssr_anchor/seed_26092203/run_manifest.json,2790,af72203814aa81891486dab78581b300c8d85bab2b70131f46282afb047ca5e4,git
protocols/figure4/F/confirmation/ssr_anchor/seed_26092204/configuration.json,3162,ed9baa08b7bc347ac30f14705ff2a98e554f375b1f64e6711277935204f7fbf5,git
protocols/figure4/F/confirmation/ssr_anchor/seed_26092204/invocation.json,2502,eeb4f87043e51a3555ba49ec3f95c9dbc00453a862c98409b98354d9c785ef3d,git
protocols/figure4/F/confirmation/ssr_anchor/seed_26092204/run_manifest.json,2790,8a4fe263ae6820138a226117b445f4ecfea69daec712f4434706af0542955fdc,git
protocols/figure4/F/confirmation/ssr_anchor/seed_26092205/configuration.json,3169,472d84c0aa8787afdadd595d8031786589f6e1cfd98616c3b84db1c6336c51d4,git
protocols/figure4/F/confirmation/ssr_anchor/seed_26092205/invocation.json,2502,ac0de1e0dd61574cd7cd72d32aecde161fec0fc37bbc4dbeb5c41d840afa347a,git
protocols/figure4/F/confirmation/ssr_anchor/seed_26092205/run_manifest.json,2790,56afed799bda4cb82b97e32206938d7f4b8fa2460fa3372c556dbda3962eef41,git
protocols/figure4/F/confirmation/ssr_anchor/seed_26092206/configuration.json,3170,7746920e94cf9031700ec9f6cdbcfa0feb42113d75f9662dd3c6ea87cf28b77e,git
protocols/figure4/F/confirmation/ssr_anchor/seed_26092206/invocation.json,2502,55eaa862502088ee4fbc86e1b04ec0e0d83b55786aca200742155e9cd3dca14c,git
protocols/figure4/F/confirmation/ssr_anchor/seed_26092206/run_manifest.json,2790,d09eef7f4ab00c71d81eff08d28aec365415c973c3d5a5a0c6d6ec0f4c2f892b,git
protocols/figure4/F/confirmation/ssr_anchor/seed_26092207/configuration.json,3166,1ceb715d19e14cf27b6e72ba2f3590ed2b67957aec71d4fa491b35f33c64da3e,git
protocols/figure4/F/confirmation/ssr_anchor/seed_26092207/invocation.json,2502,00708118301559964f4c9804aaf82cc96f32f0bb5fe5d32121bf77eec500ee1b,git
protocols/figure4/F/confirmation/ssr_anchor/seed_26092207/run_manifest.json,2790,417743b5b9fb8e4b8a931881aa02f81eb25dc75bc5831220e4c98b26c2066ecb,git
protocols/figure4/F/confirmation/ssr_anchor/seed_26092208/configuration.json,3167,8f1a34bf6b04bcee6c417e0f2428cf15c7c002f5c344973e9990026bf6f2a6a2,git
protocols/figure4/F/confirmation/ssr_anchor/seed_26092208/invocation.json,2502,a531d29519bc4b6b39fdf6965013ec62419dc6abb7d5a2fe1c3e76544beadbf6,git
protocols/figure4/F/confirmation/ssr_anchor/seed_26092208/run_manifest.json,2790,c322237d8eb3ef5a560b542912bde909d8b6c36e86c44944048b4713062023de,git
protocols/figure4/F/confirmation/ssr_anchor/seed_26092209/configuration.json,3167,7886cb897a5d607ffc37c4fa5e243cd4043600e28fec67615d686f6b16a70750,git
protocols/figure4/F/confirmation/ssr_anchor/seed_26092209/invocation.json,2502,df1d4b8016e1ee1433b5d830abfc628e79bbf72230e5af2781bd210aca91fc8c,git
protocols/figure4/F/confirmation/ssr_anchor/seed_26092209/run_manifest.json,2790,9689003db40234aa39daddb5c4e25cab1d074236fc7c52f2652123540f10f8d5,git
protocols/figure4/F/confirmation/ssr_anchor/seed_26092210/configuration.json,3166,4a747204abff7ec576746f8a5b2d529cd6cbcd4409bb188437170700a51963d7,git
protocols/figure4/F/confirmation/ssr_anchor/seed_26092210/invocation.json,2502,c29897ccb2f52285b281eb7cde6261b055b9715e789fb6c226b3e4cfe8726703,git
protocols/figure4/F/confirmation/ssr_anchor/seed_26092210/run_manifest.json,2790,5becaa4cd796f38368b07eddabf9f873cee5c6bc350329805cb9d6b1fe0fb474,git
protocols/figure4/F/confirmation/ssr_only/seed_26092201/configuration.json,3156,27e8278172aea9b84e74141f0ffdfcecaf5793cf6fc80047591e3ce79ffed7bb,git
protocols/figure4/F/confirmation/ssr_only/seed_26092201/invocation.json,2494,69804e90243ce98a9123eadb85e7b2ccbc1647a09bb3c28a44eb0124767e700a,git
protocols/figure4/F/confirmation/ssr_only/seed_26092201/run_manifest.json,2767,8e5963a478ec87559fabb8cb1a8be4aad20ce5d84a30d68f4ec03c88a2ccae28,git
protocols/figure4/F/confirmation/ssr_only/seed_26092202/configuration.json,3150,87b4fa18040e8cd38ccdaa0a444a6bbdaded04a5b9c8ace19fb9842a2541a3cc,git
protocols/figure4/F/confirmation/ssr_only/seed_26092202/invocation.json,2494,87592c3cc769a78067172ea93e3018c4dfff9c71422eec978278896e4f0c6a53,git
protocols/figure4/F/confirmation/ssr_only/seed_26092202/run_manifest.json,2767,327078985cd7b480622724fa5c2ca3cf2a5e8888fe5560cf416bb86353de315c,git
protocols/figure4/F/confirmation/ssr_only/seed_26092203/configuration.json,3150,3f6c69f39751bd27197b3390f696ba8c5526dd6cbef24048f7691c4150d46215,git
protocols/figure4/F/confirmation/ssr_only/seed_26092203/invocation.json,2494,6d0e419e0a3dc6f4e48d47baf465e074f24e46a5bd56cbf65f4cc185e99cd908,git
protocols/figure4/F/confirmation/ssr_only/seed_26092203/run_manifest.json,2767,fb4740fa205ae6342dfaad1609b1474137dba24b9f4277ed9b575ea1a4329017,git
protocols/figure4/F/confirmation/ssr_only/seed_26092204/configuration.json,3145,8a5c58d600cca628dabd974426ded17a5cf15818c9da2d7169ebad9e37067bbe,git
protocols/figure4/F/confirmation/ssr_only/seed_26092204/invocation.json,2494,8c4f8cce81dd0f7a2a30e0d3bd1a54b04ff8c852a65b60d453ff861af3ed61ae,git
protocols/figure4/F/confirmation/ssr_only/seed_26092204/run_manifest.json,2767,1943b18b1b1063997fa3b532dd52e921799626b4427ea4dc627fe048eaa32227,git
protocols/figure4/F/confirmation/ssr_only/seed_26092205/configuration.json,3151,58e81f4db31d1e723b46bd2465a456791feeccfbbcc92c7bea087b44d01f7719,git
protocols/figure4/F/confirmation/ssr_only/seed_26092205/invocation.json,2494,4e86ffe2ef5c04aecdc60c3d036ca03fe0e86bac479466bcff80924ec5412245,git
protocols/figure4/F/confirmation/ssr_only/seed_26092205/run_manifest.json,2767,fea58167a67943077e029cc347b53625150b6a3b8c7dc4d0d4006b3e10bc7df3,git
protocols/figure4/F/confirmation/ssr_only/seed_26092206/configuration.json,3154,9221b320c9dc137f0a48bc78594a419a8f915753e17ec89f0569b8477759a64b,git
protocols/figure4/F/confirmation/ssr_only/seed_26092206/invocation.json,2494,e8b0ff20435c0850ee798f588ce4192fafbfa66b810b702c70e6d8521f5f9f65,git
protocols/figure4/F/confirmation/ssr_only/seed_26092206/run_manifest.json,2767,fa9d5727a85c6ff320e09c0ede66609d04cafb39c48f9562a0013e232108ee45,git
protocols/figure4/F/confirmation/ssr_only/seed_26092207/configuration.json,3148,4b57f7c6d0583dc442ec9f12b48de0f60bd75edd8cbd3f634920ce27c1c60259,git
protocols/figure4/F/confirmation/ssr_only/seed_26092207/invocation.json,2494,6a751e01e988850ee6e4766049b9f5874dee39df114dbb5d603e009edb97a795,git
protocols/figure4/F/confirmation/ssr_only/seed_26092207/run_manifest.json,2767,809dde3b7d7fca6a1f0d550fe0be96f6559f16d4b0a675a8d7169a1cf3e9e58b,git
protocols/figure4/F/confirmation/ssr_only/seed_26092208/configuration.json,3153,4ca322805f3dfbb4aaa634883a68b7bfc3285ebbe6ce8173684ef0913fc39ab4,git
protocols/figure4/F/confirmation/ssr_only/seed_26092208/invocation.json,2494,13360d04c4a427778b80627720797a33c8aeee1d89bbe8303e3801a5ba9a0b17,git
protocols/figure4/F/confirmation/ssr_only/seed_26092208/run_manifest.json,2767,bdc20c54e59bac95d986e6aef6455b08f096f12f83c3af7b563bd477669805fa,git
protocols/figure4/F/confirmation/ssr_only/seed_26092209/configuration.json,3151,53d3c6678a76a707667c09714bf1fd550445fbcac5321e0ad366a52e70b7b070,git
protocols/figure4/F/confirmation/ssr_only/seed_26092209/invocation.json,2494,516bbddbf5aab75f2348a1e7e657891115787a62351acff336d9f49b98e7bc4b,git
protocols/figure4/F/confirmation/ssr_only/seed_26092209/run_manifest.json,2767,4c084308b3ba89b3a6ab132a1463c3b40b5a040813462386dc99701e82e7bd63,git
protocols/figure4/F/confirmation/ssr_only/seed_26092210/configuration.json,3148,74f195068c7aad9dfa3da06a353a9dc5110ca17d54e5dd9be243c264ce7e1692,git
protocols/figure4/F/confirmation/ssr_only/seed_26092210/invocation.json,2494,268f83fc8a21ce475c874ace4a3e9e9740fd9adb02d38907d3f614b8ca5453f1,git
protocols/figure4/F/confirmation/ssr_only/seed_26092210/run_manifest.json,2767,4dd9ddc0032bfb8f16f0d8bad88829b9c99ae02c728ff109a4872fb36a5ea889,git
protocols/figure4/F/confirmation/ssr_spectral/seed_26092201/configuration.json,3178,d06d5a8acf11cf07ba2e0d3cb8e467e77ff9176d150d86e55461975800da9279,git
protocols/figure4/F/confirmation/ssr_spectral/seed_26092201/invocation.json,2510,b5391a783eafdbcf865f607744ae668d676590260bf737bbbd4730048d634447,git
protocols/figure4/F/confirmation/ssr_spectral/seed_26092201/run_manifest.json,2800,e58774816fb09f3d8ce71624b2126f50c308349d230bc2f59943d50881b8d2a4,git
protocols/figure4/F/confirmation/ssr_spectral/seed_26092202/configuration.json,3172,959976eaa7d325529f02ebb46164d58a9af3e1da5b9b61eaaa44b21fa2412ffa,git
protocols/figure4/F/confirmation/ssr_spectral/seed_26092202/invocation.json,2510,9112de2f7f4dfb829e75c40743c87356f180a47104aabcae1f28b75529613d72,git
protocols/figure4/F/confirmation/ssr_spectral/seed_26092202/run_manifest.json,2800,f41ab7864b559c84021a67ec006f78e26cf5897911b6bd87dc59adad113d55ea,git
protocols/figure4/F/confirmation/ssr_spectral/seed_26092203/configuration.json,3172,354daa3b79706b3dc4da724e19fb337ff2e9d514780f9922481afadc9bd11ba9,git
protocols/figure4/F/confirmation/ssr_spectral/seed_26092203/invocation.json,2510,4d101a3c75c721e71720c05ad914fc894682e53649c6c8c1157c5579b1792c3d,git
protocols/figure4/F/confirmation/ssr_spectral/seed_26092203/run_manifest.json,2800,628db388ba9e281d3a7b50f546e74ab664121ff7affca8c73c63618814ab7baf,git
protocols/figure4/F/confirmation/ssr_spectral/seed_26092204/configuration.json,3167,83f74f9e7b421983d5ad79c65ada7542bcb998ff6634dfd5afd984a3c49e092e,git
protocols/figure4/F/confirmation/ssr_spectral/seed_26092204/invocation.json,2510,681f190aea7a61c3cd4e192facb4ba479f05b4a5bf3f37905c8f9b42476fa088,git
protocols/figure4/F/confirmation/ssr_spectral/seed_26092204/run_manifest.json,2800,8dc0aef996a84dc113debc08b116f74b5395a6e959686b8c3faae3e60d62f227,git
protocols/figure4/F/confirmation/ssr_spectral/seed_26092205/configuration.json,3172,9d635d11f6902ca12c11f8e2abbdf6250336b5d6e137643441c9d738a08b5e04,git
protocols/figure4/F/confirmation/ssr_spectral/seed_26092205/invocation.json,2510,72055cb1e1dd091d0e7d78ddba8fce3dcfd2a79232b7a197817a8a2688b366a5,git
protocols/figure4/F/confirmation/ssr_spectral/seed_26092205/run_manifest.json,2800,fe2bbb86cd3eea22ea00dc13160a8ddaf9696ee468d635216cb304e9455af93e,git
protocols/figure4/F/confirmation/ssr_spectral/seed_26092206/configuration.json,3177,6de8df7dc8f459f6b6afe0ff4edd3933b186203cf1ae1f1e912c9961a8d32811,git
protocols/figure4/F/confirmation/ssr_spectral/seed_26092206/invocation.json,2510,ceda244bdf2f7e49d8972110038215a2480d1eeb8ab5b6c92a73ef923645f548,git
protocols/figure4/F/confirmation/ssr_spectral/seed_26092206/run_manifest.json,2800,c630ead764653c75dcf86f181094ad54353a4624e575a953dc76157d9e8d4d1d,git
protocols/figure4/F/confirmation/ssr_spectral/seed_26092207/configuration.json,3169,4a452fb13a59bb59e4d4d9417f32a1f9a1e426d811ba6e7e427e5e25a8f35ffe,git
protocols/figure4/F/confirmation/ssr_spectral/seed_26092207/invocation.json,2510,302f26f2dbb67dded2adda3ed85b383a68a1fd5048e63e1ec5110811a48794fb,git
protocols/figure4/F/confirmation/ssr_spectral/seed_26092207/run_manifest.json,2800,760f12026c8ac0a5019b0afe943fae684252c05bf6d2a9930748059b21b8db3d,git
protocols/figure4/F/confirmation/ssr_spectral/seed_26092208/configuration.json,3174,04998d6422beebedfc55d4f33ffb86bab1e323ca03ddd83b0485aa2001db74d5,git
protocols/figure4/F/confirmation/ssr_spectral/seed_26092208/invocation.json,2510,d15d3f409b59716d16acb060902139636a5c4e3eca959d8ec82dedef29eebcf3,git
protocols/figure4/F/confirmation/ssr_spectral/seed_26092208/run_manifest.json,2800,775bee66d00fb2591cf711e994a0e17cffab8a5dd4d4ac77aae2ca87ba28f5b4,git
protocols/figure4/F/confirmation/ssr_spectral/seed_26092209/configuration.json,3172,bf2b93459a7112f0e86addf95e389c39114d50d385be762f640b1556eacc0a0d,git
protocols/figure4/F/confirmation/ssr_spectral/seed_26092209/invocation.json,2510,f049a1dcc1ebce1ed7bc027971c0d20b749b411d91926be35960ebd8676f447c,git
protocols/figure4/F/confirmation/ssr_spectral/seed_26092209/run_manifest.json,2800,ae1f57e00a8a48997d379d0684c1194e090e17b440ac3d07b88e2411d7f26f69,git
protocols/figure4/F/confirmation/ssr_spectral/seed_26092210/configuration.json,3171,525e9a83d73f929033bf50cdb6ca7301cc5297b84414fbd373f7c68d127da686,git
protocols/figure4/F/confirmation/ssr_spectral/seed_26092210/invocation.json,2510,7f78498e011907825022c6bdbbe0c01021be0c398cc573d89807f74eef3719cf,git
protocols/figure4/F/confirmation/ssr_spectral/seed_26092210/run_manifest.json,2800,ee7fbcf70cba84427d1632e29a887272bd6acf2a281f2b1fad9834e8b68ad959,git
protocols/figure4/F/confirmation/stabilized/seed_26092201/configuration.json,3165,1e1e5040bd89ccd21a7c8ae0e21e4b8cc75f0db242bab10cce05c9731ffbaad6,git
protocols/figure4/F/confirmation/stabilized/seed_26092201/invocation.json,2502,5410d1e8e47594dfd9df7aa079efa12ef365cad05216ff40c46ed632a09415d3,git
protocols/figure4/F/confirmation/stabilized/seed_26092201/run_manifest.json,2789,907de3a9b4f66853aa4f600e667448b1a314f7d790d7b95a7eaefbe183ad4897,git
protocols/figure4/F/confirmation/stabilized/seed_26092202/configuration.json,3165,794ad0508186d220f3f4153437df81157b3db9fc93d9336626ba0df6fa88ca0d,git
protocols/figure4/F/confirmation/stabilized/seed_26092202/invocation.json,2502,9cc3b9b5856193714b5cb808f8a6a31dc92b4f64d9cd119778b9cb163a5bb969,git
protocols/figure4/F/confirmation/stabilized/seed_26092202/run_manifest.json,2789,70b0daef531e33d946abf25944cdfb73cbf09ef243587192320270b52896bd69,git
protocols/figure4/F/confirmation/stabilized/seed_26092203/configuration.json,3161,08c95826d958fee2a9c209cb23672ec79b6bae904430de53b1ec37d5db0d3853,git
protocols/figure4/F/confirmation/stabilized/seed_26092203/invocation.json,2502,f22a2c49f5a837a64d568459f3ed91b6b11956ce53cb653952654ab05366d862,git
protocols/figure4/F/confirmation/stabilized/seed_26092203/run_manifest.json,2789,8173e6e3025142c226b3822091b36b572b0654888662bd15f1d835375b362543,git
protocols/figure4/F/confirmation/stabilized/seed_26092204/configuration.json,3157,62699d5a2110855e9a957ac58c5b60a7e8371d00dcdca4195b62df075d562595,git
protocols/figure4/F/confirmation/stabilized/seed_26092204/invocation.json,2502,9f3932da76113f8271cc602222a428106a270a493328940cbf872212e742a384,git
protocols/figure4/F/confirmation/stabilized/seed_26092204/run_manifest.json,2789,f0df7753b459769d41c4d6f16b76118fae7861b6cc473f871a107443cad8803d,git
protocols/figure4/F/confirmation/stabilized/seed_26092205/configuration.json,3162,a5efac2fd48f43caa0d7c3b802f92182b01eaa86b2815c0962b6fee264978405,git
protocols/figure4/F/confirmation/stabilized/seed_26092205/invocation.json,2502,812719cedfc0784756c1c00552242452f713682fd2e39b4e29b732912d9a3760,git
protocols/figure4/F/confirmation/stabilized/seed_26092205/run_manifest.json,2789,cda5499e07b3e3a3f2a0a932c1d6608b1df4ffe6c6d266b716fdcea8e5bbf808,git
protocols/figure4/F/confirmation/stabilized/seed_26092206/configuration.json,3169,a0733e1090dcb75276138186a1529a97f4a96ada8be85ecff89b0a38c783709b,git
protocols/figure4/F/confirmation/stabilized/seed_26092206/invocation.json,2502,4be653a8dd97c34c67037adda92534f9cefac792c86f3707db9fdb98a7640a9c,git
protocols/figure4/F/confirmation/stabilized/seed_26092206/run_manifest.json,2789,2a676a2372a3b8526e69915d829ea4a1303b2b01a332add4917ab87316ba9dae,git
protocols/figure4/F/confirmation/stabilized/seed_26092207/configuration.json,3162,c0d40a5d43533d7fffcf7004d8993470d1a5a5bb021c30850833e96aca4c8024,git
protocols/figure4/F/confirmation/stabilized/seed_26092207/invocation.json,2502,48a7fc49deb6a5b54c4d55b77036eff53a911af4955cfb357d227730660975ca,git
protocols/figure4/F/confirmation/stabilized/seed_26092207/run_manifest.json,2789,d00fb282a213a4bce31b3d78a6e1dfd851da26c9f307b6bc1ff8f7e873cd8d83,git
protocols/figure4/F/confirmation/stabilized/seed_26092208/configuration.json,3162,6ad912e9f9955e44a54c252a8fa1773090cdc33cea29146eb45e647970351644,git
protocols/figure4/F/confirmation/stabilized/seed_26092208/invocation.json,2502,e12b5cf20ba47583c4bea9ed2e50d75329bb3aa4ded210df77060241df341709,git
protocols/figure4/F/confirmation/stabilized/seed_26092208/run_manifest.json,2789,695c47da8168f68146204eaa00d9ec3814b3b0e83574395e3a245a34f13ed597,git
protocols/figure4/F/confirmation/stabilized/seed_26092209/configuration.json,3163,e4b4a12d93f3eea6a130571fed3f2a559b79efb842136d354d82e79ff1d99e42,git
protocols/figure4/F/confirmation/stabilized/seed_26092209/invocation.json,2502,8a792f9afe37f35e8347c5a6aed6274d3cfe0bc7f9e5a72e891aaab9eac0ea1f,git
protocols/figure4/F/confirmation/stabilized/seed_26092209/run_manifest.json,2789,ad487937030ff3d11c66de37f2a8b1d90508d98f52ae0758849344b509e35f01,git
protocols/figure4/F/confirmation/stabilized/seed_26092210/configuration.json,3161,d705645587699ec003ef2256783966fbf0aab0b55b07614efa6cf80d8338e2e8,git
protocols/figure4/F/confirmation/stabilized/seed_26092210/invocation.json,2502,3a512c1eb24725c67c4e084c59146a5f1b3a09b5568576b3d2271b6bb86289fe,git
protocols/figure4/F/confirmation/stabilized/seed_26092210/run_manifest.json,2789,65099c8aefc78da0c4a13ea78c3b17a1c0869067ec09347520ffd158acccaab6,git
protocols/figure4/F/confirmation/tuned_anchor/seed_26092201/configuration.json,3156,c5aac7a274f4d4e4384c079e494143d25857517c6a0cf04d54293c0b420b9028,git
protocols/figure4/F/confirmation/tuned_anchor/seed_26092201/invocation.json,2510,d6e648cb8f3b1f14b6d0b7342512d8f90f43759cca8331da5b73ca22ba31ddf0,git
protocols/figure4/F/confirmation/tuned_anchor/seed_26092201/run_manifest.json,2772,4feba3a0c98d8d95292a3ebdb67ca73ad652ca26ff8ce7b4d3cc660fd2349999,git
protocols/figure4/F/confirmation/tuned_anchor/seed_26092202/configuration.json,3151,a115ff2508dfc6946d18441cdada41c0e5a06dfe5c64a8c559200af58c7e3db6,git
protocols/figure4/F/confirmation/tuned_anchor/seed_26092202/invocation.json,2510,539114705174f555e545a30a665aae2451197e662bc603e63a003ca0134da0dc,git
protocols/figure4/F/confirmation/tuned_anchor/seed_26092202/run_manifest.json,2772,87765cfb91af1e6ae0be750ae3759d21a540357ec49becbec5d2645b582f218e,git
protocols/figure4/F/confirmation/tuned_anchor/seed_26092203/configuration.json,3150,7abf1cf0a3e53ad65432e2475b1d1d8303746ba4286ba22d774f3ebf93baa439,git
protocols/figure4/F/confirmation/tuned_anchor/seed_26092203/invocation.json,2510,f6e82cea52e16439f5a82463746395f7bbbb4855adcc99373835f411760fb135,git
protocols/figure4/F/confirmation/tuned_anchor/seed_26092203/run_manifest.json,2772,d6c5efe4e02735bbaeba4de2db08aeacde92aaf744615d44d114976a64218d1b,git
protocols/figure4/F/confirmation/tuned_anchor/seed_26092204/configuration.json,3146,e586d4a37762537eafb852d19da0b1d99965ea8eeaed12152d2b0e460aa8aa0d,git
protocols/figure4/F/confirmation/tuned_anchor/seed_26092204/invocation.json,2510,e83e67162b9d40dfef076f1d8cfe00d589a5d313f7b47d780650ff467a6f5e3d,git
protocols/figure4/F/confirmation/tuned_anchor/seed_26092204/run_manifest.json,2772,c1f68616a015fa7eedd588ac3b6483f5fb9f9c770428c0fba6e5f41a71c878f3,git
protocols/figure4/F/confirmation/tuned_anchor/seed_26092205/configuration.json,3153,d5e254f876a534e44c6458b308c073b16a2bc3e41c396ae65313b1a9733b7d24,git
protocols/figure4/F/confirmation/tuned_anchor/seed_26092205/invocation.json,2510,a18d2117c6133e3e3d41c7805b67e8d329e77da18bcd4b0289b4d3e9c39d460c,git
protocols/figure4/F/confirmation/tuned_anchor/seed_26092205/run_manifest.json,2772,79a36fb95da82f4062aa47dc3a1dd6a0294f5cd923ca1c68c6cb5a0e94b2445f,git
protocols/figure4/F/confirmation/tuned_anchor/seed_26092206/configuration.json,3156,310595519a19006705b84ca124d2bf714d076454d7a7fca1fdee898049352db3,git
protocols/figure4/F/confirmation/tuned_anchor/seed_26092206/invocation.json,2510,c223841f9bffaf8f2d6671c442eb2e195e185b089de0ee41b84e670f34b5d379,git
protocols/figure4/F/confirmation/tuned_anchor/seed_26092206/run_manifest.json,2772,d240acbf6b0525ffd2163894057f90cf7411ab9355ca0d9b65577cce5e7c053d,git
protocols/figure4/F/confirmation/tuned_anchor/seed_26092207/configuration.json,3150,5655f8b4cfc61db68b2da17f8889a829e9620006ae227c3e2bf8f235c0268595,git
protocols/figure4/F/confirmation/tuned_anchor/seed_26092207/invocation.json,2510,9d5aa8daa9f0df53e49d96ff76faee9e4a697b1af8c0494c48b2c1e49b68853e,git
protocols/figure4/F/confirmation/tuned_anchor/seed_26092207/run_manifest.json,2772,fa1d6c5ea36885fe47598f43f7b9508706096c9555e2062dff119365c2d2699b,git
protocols/figure4/F/confirmation/tuned_anchor/seed_26092208/configuration.json,3153,02a447aad98188b855c2be7274ae75e341935c528d454506029e5f5f0383778e,git
protocols/figure4/F/confirmation/tuned_anchor/seed_26092208/invocation.json,2510,59fa8030dae566cadb0988b71643d0859ae0328d55bf5ec3eaa4c2c2ca1e115d,git
protocols/figure4/F/confirmation/tuned_anchor/seed_26092208/run_manifest.json,2772,6a8f658994cbee6634435d574e2e023cb74ddbb6b17bd3e4af4bec592fc2dd0e,git
protocols/figure4/F/confirmation/tuned_anchor/seed_26092209/configuration.json,3152,36cb1b4911364e53882bd3a2072c93a6c6b1b943647a9278aceccc03fe57ecd8,git
protocols/figure4/F/confirmation/tuned_anchor/seed_26092209/invocation.json,2510,3d5e6b18257261826c3148587c3c81ac3d5febd01bd3c798c8eb4dc8d7b42dd9,git
protocols/figure4/F/confirmation/tuned_anchor/seed_26092209/run_manifest.json,2772,fde034754aeea9e6603f31c4b14c650a4626c9f97fe465a806bdcbc9676c9d59,git
protocols/figure4/F/confirmation/tuned_anchor/seed_26092210/configuration.json,3150,a1c2dbb46a0a824cb5ad96a1e2dc3ac79a4198416347d2089e63ae9624091683,git
protocols/figure4/F/confirmation/tuned_anchor/seed_26092210/invocation.json,2510,f1ff5c2679213dfb930bea54f47c27019373bb115eda3d7383422189c6f9054d,git
protocols/figure4/F/confirmation/tuned_anchor/seed_26092210/run_manifest.json,2772,f18083880985647574776d20d919428fb61bb5a60eee8650b1e6bb2676be9596,git
protocols/figure4/F/development/anchor_0/seed_26092101/configuration.json,2904,fbc6052d09a36d087769104edd77cbf5b41e016d33b3b493f37e99ad8cbd8eaf,git
protocols/figure4/F/development/anchor_0/seed_26092101/invocation.json,2503,57482b3da587d59c51dc8080a47fd23bb002b6c318a3d79b6d00154cc04de494,git
protocols/figure4/F/development/anchor_0/seed_26092101/run_manifest.json,2770,0a40ff38c8307575a535a4bcdadd46de7a5678ac2d4b2a838e3755fcb2d24cc0,git
protocols/figure4/F/development/anchor_0/seed_26092102/configuration.json,2903,bdb50608edf433b2d89b83c84a1aad4e1bd82907bf52e9ffbeb0e62234767546,git
protocols/figure4/F/development/anchor_0/seed_26092102/invocation.json,2500,6fbc2f3a2cac0eae765cfda1ee1c6580dc79425b8008c9870cc42dcea2b5760e,git
protocols/figure4/F/development/anchor_0/seed_26092102/run_manifest.json,2767,5d1f2b0e86d33648a2ef1a4bbe6e05e3a9ae66232cd7885f1ca7399d1d63a97d,git
protocols/figure4/F/development/anchor_0/seed_26092103/configuration.json,2905,3f93ca596af4124a2687732560486d6c608181c15a03d0621a9f99d2ebfc1f21,git
protocols/figure4/F/development/anchor_0/seed_26092103/invocation.json,2500,778c21949a9de57abf64375018dc28608c0b98ad38b6b7cb7b552cb897316906,git
protocols/figure4/F/development/anchor_0/seed_26092103/run_manifest.json,2767,c710387a6eb7c4c0cc4443440de49c2638ed885109fb65ff3dca5067de694b23,git
protocols/figure4/F/development/anchor_1/seed_26092101/configuration.json,2903,54f59cc8fe13fef8c57bd466806e9b324a7ca3be4b879ed83f22bd7c992392fa,git
protocols/figure4/F/development/anchor_1/seed_26092101/invocation.json,2501,5a016f2e583040a2dcdcbba2b1defb275ba1f3485fadcb4e40ee00c6b0f979cd,git
protocols/figure4/F/development/anchor_1/seed_26092101/run_manifest.json,2767,0edf61eddc089ae6317e11bb0065604ea214eb6799fd19f62d06448d0adcbb5f,git
protocols/figure4/F/development/anchor_1/seed_26092102/configuration.json,2902,e3edb068a2aca3c8ce437e1825408df6be9571098167759e8df5f26a3e1582d0,git
protocols/figure4/F/development/anchor_1/seed_26092102/invocation.json,2498,4c858d970f9b9b310b1d7c8ecbb4ffc819d6c6ce69f9d259004bd9be2207f1d7,git
protocols/figure4/F/development/anchor_1/seed_26092102/run_manifest.json,2764,4591d62e0b77b0b6dfc1815a76859f555e36add95b943865895bc232a1c5e272,git
protocols/figure4/F/development/anchor_1/seed_26092103/configuration.json,2901,d86f081ccdd062463cc78602366e8d247b4f755105241b7dd3ee0d46a599b379,git
protocols/figure4/F/development/anchor_1/seed_26092103/invocation.json,2498,f3fc500e1f34600f534b3cfd08cd9cdf1729525ad367bba1287707e95142eaeb,git
protocols/figure4/F/development/anchor_1/seed_26092103/run_manifest.json,2764,e2341fd87a9cea3fec5f9887db174ced37204489f45784c289b9759e1e48f89e,git
protocols/figure4/F/development/anchor_2/seed_26092101/configuration.json,2903,cba591fa46dd5bc45dae85d940ee7149b90a09bc44062b7a60af8136775c14af,git
protocols/figure4/F/development/anchor_2/seed_26092101/invocation.json,2499,02c7d68195e73aecdbbdd982b08bba4c01cd14a4c4c2cca6ee9a4549c2f4acb5,git
protocols/figure4/F/development/anchor_2/seed_26092101/run_manifest.json,2764,a6059ae50358e47c7cf8c57323559c4a188731f9c768383aa67aa26f07a228e2,git
protocols/figure4/F/development/anchor_2/seed_26092102/configuration.json,2901,afa583cc8719d808b65b7bcdd3c082e590c98b6b34510f9b3cac747fb2af62c9,git
protocols/figure4/F/development/anchor_2/seed_26092102/invocation.json,2496,fabe9cb60603884915ff2fe2e40f065ee7dbbb203e184242a4e6455de9afbe3f,git
protocols/figure4/F/development/anchor_2/seed_26092102/run_manifest.json,2761,ef3b041d64fcf6be229be9fc5e1ce27c1998acdd23b77ba53db79a764270f43c,git
protocols/figure4/F/development/anchor_2/seed_26092103/configuration.json,2903,46958eeeaf6cd3f14c92c03b313d7f5eb26f9a3d5a61b48d5b23d3edc99683b6,git
protocols/figure4/F/development/anchor_2/seed_26092103/invocation.json,2496,ac1e6bd70f6072c441848cc5a11d3b7104d3b643440b43884daf8dfd9393e9e9,git
protocols/figure4/F/development/anchor_2/seed_26092103/run_manifest.json,2761,3fc39140ea3ce7b557edf6d7eacd261a22c2609bd144fe7318a115df4fdef5a0,git
protocols/figure4/F/development/anchor_3/seed_26092101/configuration.json,2901,49140c5d6100f6bde0acab76cd2c5cdb44f8470ba128b6d15a145d782f2ea92c,git
protocols/figure4/F/development/anchor_3/seed_26092101/invocation.json,2497,9a6a9e6f3a5a5f9ce391b0c60ec635354802aaf0a2babb212f84d6aaf36e1aaf,git
protocols/figure4/F/development/anchor_3/seed_26092101/run_manifest.json,2761,778219bb1c798b2ac24a2d4be231681ff95d5352c7c9b6c1f316fed0f55afc50,git
protocols/figure4/F/development/anchor_3/seed_26092102/configuration.json,2900,fba3be2da23c6c260a15bd31b71ae37b4d046ce77f6b7cc696081c4bd7859671,git
protocols/figure4/F/development/anchor_3/seed_26092102/invocation.json,2494,e6a395741c41264a05f8212c5c4448367e9e24879d2bd605213c86ced87c958e,git
protocols/figure4/F/development/anchor_3/seed_26092102/run_manifest.json,2758,5a960b8067825dba5ed0076ee95d99dd4e0792575fff71553eb43cf5774dd3ce,git
protocols/figure4/F/development/anchor_3/seed_26092103/configuration.json,2902,79e7e208e32c7de95dab9f178a1629121d02de2d3866bb9c68fbca6772aaa41e,git
protocols/figure4/F/development/anchor_3/seed_26092103/invocation.json,2494,b1ce6e7cf443a4fe4cc89d5830c08e7ff4bc2a446effed3c141b97e9f923247c,git
protocols/figure4/F/development/anchor_3/seed_26092103/run_manifest.json,2758,a611cec46686e2d638d63c8d66064863091fec2d3b4fcfe5ab7785581be5873f,git
protocols/figure4/F/development/anchor_4/seed_26092101/configuration.json,2901,2ede77296d14232dc3266f47b35ba10b2297c1b645ffa2c369417c834048b4d1,git
protocols/figure4/F/development/anchor_4/seed_26092101/invocation.json,2493,6344f95a3532f0f22c1f5224056617f0f11236179a2ec0bfbcf06a71a798ea4c,git
protocols/figure4/F/development/anchor_4/seed_26092101/run_manifest.json,2761,f170483202651b6fd05a98bbb2df624f9e1a46b812fc2e613e6039122f560d39,git
protocols/figure4/F/development/anchor_4/seed_26092102/configuration.json,2900,c21406fff6ee28ccdc9f1a2c3838780553a7a81b1cdba9d9a51993e66d739a7a,git
protocols/figure4/F/development/anchor_4/seed_26092102/invocation.json,2490,b4527e900a1182dd2b0c685626a089d008f3b3ae4c589526ff7ffc402ff7c206,git
protocols/figure4/F/development/anchor_4/seed_26092102/run_manifest.json,2758,4d4f278581b9973296eb8dc1e0812260707d0c4624fdc5afbc18453e86edcbbc,git
protocols/figure4/F/development/anchor_4/seed_26092103/configuration.json,2902,5bff92b302feb3f0074056f1b911238ab4909aa1f35220f2bfa04f17123dbbc5,git
protocols/figure4/F/development/anchor_4/seed_26092103/invocation.json,2490,832751bcd8da115725690fbade936e3921719d9772fd0ae2a8202015ab5f4deb,git
protocols/figure4/F/development/anchor_4/seed_26092103/run_manifest.json,2758,dff0f69f3620b36b20fa04c8a04b1f925206f388fa1725e01cf52c819832017b,git
protocols/figure4/F/development/anchor_5/seed_26092101/configuration.json,2902,7c1c0d4f3b949576a0467c695a66c4e776746ee108a67c99e7c26f98e546c748,git
protocols/figure4/F/development/anchor_5/seed_26092101/invocation.json,2495,4d8b929b906dfb63230c4a0ff022352d8c886265bb8bd6002db4605379565882,git
protocols/figure4/F/development/anchor_5/seed_26092101/run_manifest.json,2764,7558c5b6f07f8d6d17d403f85630e06b8cdf20d1bdc74e23302fd29885824643,git
protocols/figure4/F/development/anchor_5/seed_26092102/configuration.json,2901,83dff42943fc651579038939c3a4941b9b37b133975facc739c8fdefd5d38886,git
protocols/figure4/F/development/anchor_5/seed_26092102/invocation.json,2492,36ccc79d9fe5b355ff8afbd1dc85722af8bafb0979980d27125e0bf7e2c0bc35,git
protocols/figure4/F/development/anchor_5/seed_26092102/run_manifest.json,2761,a315c63f7f79c5bb10f3db8d0a29d716b7ded4f3b6d1ac3dd7650a310b9365d6,git
protocols/figure4/F/development/anchor_5/seed_26092103/configuration.json,2903,e040834be8ed2896eb403b54025a6f9935cdfba38146818704250beef198becc,git
protocols/figure4/F/development/anchor_5/seed_26092103/invocation.json,2492,10e8d7a114704747e7f02edde0b735a92841d2648313bc9c0f102c5224c6d02f,git
protocols/figure4/F/development/anchor_5/seed_26092103/run_manifest.json,2761,961de98f8894befb6fc2a5daa8f5172b0a21ba7a0eb3dc80f3ebb5addea8aa3d,git
protocols/figure4/F/development/anchor_6/seed_26092101/configuration.json,2904,46777ea150161faaa41bc3eda11eaace7a070be86ee102dc84d5276c19ebcf36,git
protocols/figure4/F/development/anchor_6/seed_26092101/invocation.json,2497,8b3606f7f595d8afbcce0f40e7d5059098cb91ed3de9925fa77435a1778e5f84,git
protocols/figure4/F/development/anchor_6/seed_26092101/run_manifest.json,2767,eec5e88fbe274d3be8196886c9aa3eae11643984db08338691896ccd63a071bb,git
protocols/figure4/F/development/anchor_6/seed_26092102/configuration.json,2902,7e3ca3df944d73585aec66b55ce3664900f460c0ada56d08cba83b351a24cf3f,git
protocols/figure4/F/development/anchor_6/seed_26092102/invocation.json,2494,191ea16b64be407d77de1503a679c0737e4d7cccd4d9941403cf7cc46ddd63b3,git
protocols/figure4/F/development/anchor_6/seed_26092102/run_manifest.json,2764,842c8a6ac4e63cdcc7015d764b2df54b3106f878d84f9810313f8406e714e39a,git
protocols/figure4/F/development/anchor_6/seed_26092103/configuration.json,2904,5d831c4bc15090dfa7d81887c6cd382a638e1acce205a82dc031cf85426b4dce,git
protocols/figure4/F/development/anchor_6/seed_26092103/invocation.json,2494,169b282086331abc078523ebfb336340f0a582fd798e205cefffd0bfcd632d80,git
protocols/figure4/F/development/anchor_6/seed_26092103/run_manifest.json,2764,4a784f37c4c89714c977f8c8d60f28b9d69c848106913a61194e12992cf27115,git
protocols/figure4/F/development/anchor_7/seed_26092101/configuration.json,2904,1e49c68a5e39e6748491e533d0b56d75b6b73870ce82d2cceddd2c3365a58e74,git
protocols/figure4/F/development/anchor_7/seed_26092101/invocation.json,2499,f79585995fcec08d305645d7db42682fccd34ef85bad60308761d11d604fb6c9,git
protocols/figure4/F/development/anchor_7/seed_26092101/run_manifest.json,2770,311780a47eb7f3759d32c8ec5f54a7b1ea9294918cb64891d97a1fddeaeb5432,git
protocols/figure4/F/development/anchor_7/seed_26092102/configuration.json,2904,0adbd81d0753f83dae418d8e715112896ed9ab6b2812b3d04e8a0b2d8458a70c,git
protocols/figure4/F/development/anchor_7/seed_26092102/invocation.json,2496,e38f1d69f73e5c88d3036f8b654033686abdf9a340983d0060a0f9f9bc16cf5d,git
protocols/figure4/F/development/anchor_7/seed_26092102/run_manifest.json,2767,8d7b149abd0e891269c08ae2a925ae89b618d31106a02625450accead55581b7,git
protocols/figure4/F/development/anchor_7/seed_26092103/configuration.json,2905,627da115bee10e7ac6add74dd585136fdd169890a9db0c9984847d05df6ed0ee,git
protocols/figure4/F/development/anchor_7/seed_26092103/invocation.json,2496,9850f112a0856a53762bde887b7e89946c1bdfcb4548322bf73b7e868bb23238,git
protocols/figure4/F/development/anchor_7/seed_26092103/run_manifest.json,2767,86f4ce056be13b3350b548874a1767f421741b2bdd53ccbbe138eca49aa711a3,git
protocols/figure4/F/development/anchor_8/seed_26092101/configuration.json,2906,c0f976524127d6e44d18963bfc4235d64c02084ad3b05d39ee0f55abd4497b6e,git
protocols/figure4/F/development/anchor_8/seed_26092101/invocation.json,2498,c203bc9fe5f229d48aa8a17f1789c48577fd9bd750ba74a0c5d120717de31231,git
protocols/figure4/F/development/anchor_8/seed_26092101/run_manifest.json,2770,60c66e934f8129559d2609320a0cf3ffc72f9e87c3477d0dd59eac8f39ab38e2,git
protocols/figure4/F/development/anchor_8/seed_26092102/configuration.json,2904,7166aa78eea0e7877d7ceafedaddd1b9ad64476ee60becc8e124503297c1ad7e,git
protocols/figure4/F/development/anchor_8/seed_26092102/invocation.json,2498,f8141e7fe2b2e0685cc53e400fad9905c707ba3ba07557171e0e1012c84bc00a,git
protocols/figure4/F/development/anchor_8/seed_26092102/run_manifest.json,2770,f1aa01e6cd28985d640643cab03d3ddd9b8d92feb8c483e2c0a51b07c49d4ed7,git
protocols/figure4/F/development/anchor_8/seed_26092103/configuration.json,2906,0c0aed7b83539d0143244b563140ff69eed64764c4927f390033478dc09ecffe,git
protocols/figure4/F/development/anchor_8/seed_26092103/invocation.json,2498,94b82b79b06f6e082efd03d63abf21225c94d214998bc392ff022c1be02112cf,git
protocols/figure4/F/development/anchor_8/seed_26092103/run_manifest.json,2770,669f4b17636ac13cdcd8ee6bcec811a3c3f51a618d968144ba104e3c53c055b6,git
protocols/figure4/F/development/full_0/seed_26092101/configuration.json,2935,23e02556965a7b0a2a3709a7be00bf7052a1c9339b2b9a7dfa4c36b86ddce4ad,git
protocols/figure4/F/development/full_0/seed_26092101/invocation.json,2494,10106f1598ffadbb019a7d602fdb45d1ea2cbe64edd05d42a613d462bb2dc97a,git
protocols/figure4/F/development/full_0/seed_26092101/run_manifest.json,2800,45627f08b0a350eb2336264255dbf83cd23c2699bb7c30d45b0ba94361c8f0a3,git
protocols/figure4/F/development/full_0/seed_26092102/configuration.json,2934,925221b12eaf07fd14d24589237ffdfdea839f63c75980637a3b067d977d7ed9,git
protocols/figure4/F/development/full_0/seed_26092102/invocation.json,2494,49b4c629a16049c81cdf1387f582361e25fc3e635df4e368146cd70016fd5ad4,git
protocols/figure4/F/development/full_0/seed_26092102/run_manifest.json,2800,b52635709a80e9f17ad8a9ea66884c66da4efe35a51a0dce428c3576da895130,git
protocols/figure4/F/development/full_0/seed_26092103/configuration.json,2936,262b8ff4cd4a7e6e44de76b7ea6a84582c38b06d6d004335eb70c5c3ba2e4356,git
protocols/figure4/F/development/full_0/seed_26092103/invocation.json,2494,3dd7466ce20ba387d1fd2374211b7e0795080a5f6354fb8798346a6f20daa136,git
protocols/figure4/F/development/full_0/seed_26092103/run_manifest.json,2800,cafab4673449fc673ce2dc1fe9d471769d678a5a747140584f98e6baac857a44,git
protocols/figure4/F/development/full_1/seed_26092101/configuration.json,2933,171c0012c97b2cc068124b27755e161d1195393e8a60f5fc2b60055ce94cdf8b,git
protocols/figure4/F/development/full_1/seed_26092101/invocation.json,2490,72eeab381c44f619d0df47d65896f66a6c505d6afed9df1290176b115689bd86,git
protocols/figure4/F/development/full_1/seed_26092101/run_manifest.json,2793,c03c01c67c04ca7478d25d0a9949b9bbf81b0bd15aa7a4c82c395849c991a444,git
protocols/figure4/F/development/full_1/seed_26092102/configuration.json,2931,9abfb001dc3fe0edea95564885f3bfc6b1febd8dea4f73ec105c14bc33c5c3b0,git
protocols/figure4/F/development/full_1/seed_26092102/invocation.json,2490,31eb12293736dc318fa31f2d1a29026f29bc976535c2b513e41436de09dab265,git
protocols/figure4/F/development/full_1/seed_26092102/run_manifest.json,2793,4dace28868b982656e35e4c4bd8753b3e120ca001e52de26b9914b08ba038672,git
protocols/figure4/F/development/full_1/seed_26092103/configuration.json,2933,e0b41f880b00023a083a75dbfebf5c2975ad99e5ace0bd2b8ea422e4181a523d,git
protocols/figure4/F/development/full_1/seed_26092103/invocation.json,2490,d5e71054af0fbf15c6b7dd0447a79f2eef8c50c1525ec07a8c586cafddb02121,git
protocols/figure4/F/development/full_1/seed_26092103/run_manifest.json,2793,7f620da43b33a37109a8f0f2cc7af6d8d53b927432e1e968621de4a1695f1c6b,git
protocols/figure4/F/development/full_2/seed_26092101/configuration.json,2929,e59d96fc8c23695532293773b309d2925a61472b8784d9870caac24050e3b4fd,git
protocols/figure4/F/development/full_2/seed_26092101/invocation.json,2486,df49934769c74f9d055aeee08a8083a8aae7700afb9cca56dabffab3a4a23612,git
protocols/figure4/F/development/full_2/seed_26092101/run_manifest.json,2786,a6aa6fb688575b0f8c7d0cad34d1462a6f5de68ad8b497f5ae95ebfcf900b2fd,git
protocols/figure4/F/development/full_2/seed_26092102/configuration.json,2928,b5b2ed00f72810ba4b67757e5dc7f2f5c9cedd3bcc64ab48a1272ea70323ab8e,git
protocols/figure4/F/development/full_2/seed_26092102/invocation.json,2486,a8e54e41f2cb87fd8ab3f5997da53b2ba30ea39389c0381aafeeb9b50f323e69,git
protocols/figure4/F/development/full_2/seed_26092102/run_manifest.json,2786,ac631c712ac8601ee395111d5dec659673c6b20de6552f8048cabbc0982486c2,git
protocols/figure4/F/development/full_2/seed_26092103/configuration.json,2929,3bbc7ccb4874c71aea5d9a71c2cfb8226e6831bf1d6eb94d25411c98a92b26ff,git
protocols/figure4/F/development/full_2/seed_26092103/invocation.json,2486,fdff3ddba6a18320cd66cef598164999f411b4b4b4d27d5fd1ab32d3e85bc0d2,git
protocols/figure4/F/development/full_2/seed_26092103/run_manifest.json,2786,4f31205ab7dd80f1b325731c6b45e16d3d3a742b03d4ebb6b694d6cbab73fd31,git
protocols/figure4/F/development/full_3/seed_26092101/configuration.json,2933,f4d777e6f19f9f5d94061fcb96df7ada459df37bd9641d73f782478fa631756a,git
protocols/figure4/F/development/full_3/seed_26092101/invocation.json,2484,9568595ec5a1035d206621e0b48c367d6ccc28219f8b472da0b900547086bc44,git
protocols/figure4/F/development/full_3/seed_26092101/run_manifest.json,2791,a666469ac1d792ef5a9abeb1262864a859113508e0e5c874d53c0c6af28efbd2,git
protocols/figure4/F/development/full_3/seed_26092102/configuration.json,2931,d2f1d5222d69f50905946aa2bfc9c8ca1b1d90c56ebf013ec15056d83b52d076,git
protocols/figure4/F/development/full_3/seed_26092102/invocation.json,2484,ab64982727c2bb61646e1749c4491c1dee8b8077e17d15a25df700e65927f215,git
protocols/figure4/F/development/full_3/seed_26092102/run_manifest.json,2791,902e0319a341466b91680cd9c17df05413d57c41868e3e23ec31c610b761dfdc,git
protocols/figure4/F/development/full_3/seed_26092103/configuration.json,2933,c1c098678f8be89d74bf1b640c38b0b18e7d44715cfc4ff46be5b074f18f28e6,git
protocols/figure4/F/development/full_3/seed_26092103/invocation.json,2484,db60d55d5ee26132685e75ba852cddd29b14b665f0f884c20f717087ef53ce53,git
protocols/figure4/F/development/full_3/seed_26092103/run_manifest.json,2791,51f43e6ef0e5bd709120a95a2105aa5531795f5c8ba379960ea9326f52828f26,git
protocols/figure4/F/development/full_4/seed_26092101/configuration.json,2930,c352d5ee8268b00d9bc5e1484d2d67f65f487a45391552bf707b8d1b8bd5e050,git
protocols/figure4/F/development/full_4/seed_26092101/invocation.json,2480,cd1434d6e04009f67a35af221a0c83549eadf41b10bc35669884e56f1297ec09,git
protocols/figure4/F/development/full_4/seed_26092101/run_manifest.json,2784,02633a8122dd38df82077043458aeb274b1f679c81ff01709a9637062714c089,git
protocols/figure4/F/development/full_4/seed_26092102/configuration.json,2927,854382e4b613db2f20f84e60553ecea6896cb3a3c2558bd3a16053e8c66e6101,git
protocols/figure4/F/development/full_4/seed_26092102/invocation.json,2480,cb55077ff6583b4e80afef160cd43ea66c336056720f2502be0848097d1d717d,git
protocols/figure4/F/development/full_4/seed_26092102/run_manifest.json,2784,f45742a91e2658182cb053ec772383a29fb44e365590200f957d4842391c9572,git
protocols/figure4/F/development/full_4/seed_26092103/configuration.json,2930,62433f362382376dabb61db3ce0f48fa1bc6f8fc0cf5a5f9038c316fc1547995,git
protocols/figure4/F/development/full_4/seed_26092103/invocation.json,2480,d29fd7111b090209edc2fc1f619aa96e47b21fbc247ff20c0a04c552343f6b6c,git
protocols/figure4/F/development/full_4/seed_26092103/run_manifest.json,2784,4f7b6ae4d1fca8cb98626051a558045ac3164677f0cad028bb3578e07b4c474d,git
protocols/figure4/F/development/full_5/seed_26092101/configuration.json,2930,18acd59a69e859943a1f9b69d9d02fee39a06e9467463ac132eae5adf7fd7308,git
protocols/figure4/F/development/full_5/seed_26092101/invocation.json,2482,718fcba2fb8aa65cc7cc8b1b23c2d26e12e4b680858c960d076bae21c8473910,git
protocols/figure4/F/development/full_5/seed_26092101/run_manifest.json,2786,34f991c27d75a9fdf112972e526c47b473b5516c2b7e5f8c14b1b31e198cbae8,git
protocols/figure4/F/development/full_5/seed_26092102/configuration.json,2928,b3655943783436106b3cdeda1a8c1c2e558d2e2784d661088133a6f87256086e,git
protocols/figure4/F/development/full_5/seed_26092102/invocation.json,2482,2c4b7b1dc205c2a1926111e8d93e6b6fc5d0b469ef6d848ed0223b2c1ecd897b,git
protocols/figure4/F/development/full_5/seed_26092102/run_manifest.json,2786,b4a39767f935002a1d68c8509018dbc4420e3c8f0dd1de01aa79686209af9d2e,git
protocols/figure4/F/development/full_5/seed_26092103/configuration.json,2930,ebf77ff4a3fe23b11771c43a43a731255ff99803ce0158f2b32058c2f9dcdf14,git
protocols/figure4/F/development/full_5/seed_26092103/invocation.json,2482,30ea74f79f76e468d73766151689ae9c34963029cfc33893ed292da98202a0bb,git
protocols/figure4/F/development/full_5/seed_26092103/run_manifest.json,2786,2b1f7e3bcbe8cc07ed68114aaa2407150baef665ebeeef57c33f63ff1692a334,git
protocols/figure4/F/development/full_6/seed_26092101/configuration.json,2934,2c6abc807ed83b5876474d47c82fa1cd17a69b5f764740a913e095008164bb9c,git
protocols/figure4/F/development/full_6/seed_26092101/invocation.json,2488,415cf82fbdbda12877e51d0a797e8ce8ff925178f9a03da86dffa2145256792e,git
protocols/figure4/F/development/full_6/seed_26092101/run_manifest.json,2797,a8c76f480565a40a67b9c210ae6196f587dc455f05a7516f0706b4d29e4ca80b,git
protocols/figure4/F/development/full_6/seed_26092102/configuration.json,2934,3ab1a0752657d6bd956f2bf9547bbf9c4a23af4595f5bff6c54c036c13164031,git
protocols/figure4/F/development/full_6/seed_26092102/invocation.json,2488,e1080c3130d380546005edf1f88e6f90d35c2b50c81eca508860aede36f0e2cb,git
protocols/figure4/F/development/full_6/seed_26092102/run_manifest.json,2797,2b73902b0e09f8df5e21840f20016754dd3e68ab12aa70fbd22a290bf36f99f9,git
protocols/figure4/F/development/full_6/seed_26092103/configuration.json,2935,1f6d202bbeeca065ad0bdbb038647d49cba6dbb0c2f73963bc5aa08fb9d3be6b,git
protocols/figure4/F/development/full_6/seed_26092103/invocation.json,2488,84e9233a76e8650e98011657d98f41e3072a1c0424e298bddc42dfde447d9f63,git
protocols/figure4/F/development/full_6/seed_26092103/run_manifest.json,2797,ab882c3beb4def811f735b47597c632c43435df247374cdd291949d82f9d82fa,git
protocols/figure4/F/development/full_7/seed_26092101/configuration.json,2936,de326372f77c09145eadeea18386de4f5187064c57a3b0ff70d7bfa6163fbf24,git
protocols/figure4/F/development/full_7/seed_26092101/invocation.json,2490,9766fa9a64dfef47a3aefbaa86b20fc33eeaaaf0e3e4d2aab4c0e47fa7e2d7a2,git
protocols/figure4/F/development/full_7/seed_26092101/run_manifest.json,2799,cf4e8ccc9e091e3311d3bf30de49cbb8b14894c067e8b8b78bf016505036f356,git
protocols/figure4/F/development/full_7/seed_26092102/configuration.json,2933,ff672bac375d383e56034d71b6f190554d565d0afab0496851c4d6dd8271616f,git
protocols/figure4/F/development/full_7/seed_26092102/invocation.json,2490,e96da1c2f9c7ebe7f5976ea0c2da0280000b5ddc2137859457f29c6d7c50e677,git
protocols/figure4/F/development/full_7/seed_26092102/run_manifest.json,2799,db78c791832ab32c7c5351188953dbb8df9fc420eb3ea98a3743ba1e4276d97e,git
protocols/figure4/F/development/full_7/seed_26092103/configuration.json,2935,e5a036236f43312cae971ec1892d4c399063a67c7e52a42559af9329072e9d24,git
protocols/figure4/F/development/full_7/seed_26092103/invocation.json,2490,fc07f42fca85cdaecd42c66788c9ce3d499447472cd0c777f3431d84cd1eade4,git
protocols/figure4/F/development/full_7/seed_26092103/run_manifest.json,2799,cf7763a8d1e21d470714fc5e95d5c6b591773fed29f1c1432692507af4c8eec2,git
protocols/figure4/F/development/full_8/seed_26092101/configuration.json,2932,b4cb7da745f0998b8c9bd9583fddecd24aad4f1ebf9167167a184195b358bb6d,git
protocols/figure4/F/development/full_8/seed_26092101/invocation.json,2486,52c3cf820e64ac061c26d1cb0239306479fad5f129aef471bec973fb3d67c81d,git
protocols/figure4/F/development/full_8/seed_26092101/run_manifest.json,2792,dbdf8ad02ddce13f87553d9e65e7a07324c7661e11411f0c4dec048a4b563550,git
protocols/figure4/F/development/full_8/seed_26092102/configuration.json,2930,aaf838439c8bb65e9b906426b3bc61e2db82009783c2eab2c743cb681ec78911,git
protocols/figure4/F/development/full_8/seed_26092102/invocation.json,2486,e658f2b8827b54c09c5368f86e353bd98498f3e4693ee551ded0c57373cc313d,git
protocols/figure4/F/development/full_8/seed_26092102/run_manifest.json,2792,8146ac5ba390baf1d814b8a7761dd2234e5fe3da91f21c92481265146dec3304,git
protocols/figure4/F/development/full_8/seed_26092103/configuration.json,2931,2f6f567656eb00de16675a99fa15b55576ff9cf2d9224f5290cd23dc1568aecd,git
protocols/figure4/F/development/full_8/seed_26092103/invocation.json,2486,3989ab1548c2dddebb3b96e9fc8f80e5275f41392e1a328c769d491f7ee457df,git
protocols/figure4/F/development/full_8/seed_26092103/run_manifest.json,2792,dff45eb520f9da1228a6da6542aa9f98dcb7b8d101a493cfd448455bcbf1e84b,git
protocols/figure4/F/development/plain/seed_26092101/configuration.json,2888,7938af9deeb927db3678507752612d08ab7d4db3b2af344a78c462377aa86520,git
protocols/figure4/F/development/plain/seed_26092101/invocation.json,2490,066afefe3c588695d6266fa723cb5fd17d9e9e033b795a2a5e9ff191a6c185ff,git
protocols/figure4/F/development/plain/seed_26092101/run_manifest.json,2739,a584865141c3ac0d63f2f14f36545f5faead84f769203f26893e4d3d186bbc8c,git
protocols/figure4/F/development/plain/seed_26092102/configuration.json,2885,70191a2a40662209d06062a8080dba436cc93badd149ad30caa296ead393fa30,git
protocols/figure4/F/development/plain/seed_26092102/invocation.json,2490,9aae0adbc023ee912fdd08bed4babd2b21546813c99be12664cff1d928b695a8,git
protocols/figure4/F/development/plain/seed_26092102/run_manifest.json,2739,35494c1b19e263e72c4e21052e5c252809c42d99292b3dc951b38616701fa999,git
protocols/figure4/F/development/plain/seed_26092103/configuration.json,2887,99be81894e0a5c6d1ecd76c51aa244fa2e160bbf14cff4094894e3683e1edaa0,git
protocols/figure4/F/development/plain/seed_26092103/invocation.json,2490,fa0a101c796abebabb67719ee52058d34c1ac1b26b1d63faa10b489f6efd3fb3,git
protocols/figure4/F/development/plain/seed_26092103/run_manifest.json,2739,3edfc1d6f043d6f3d7aed5a5b0371bad8ddaf5dcd39d50b12988b34331bf4d35,git
protocols/figure4/F/development/ssr_reference/seed_26092101/configuration.json,2907,7e24338dc4a6739311b386a70426a92190a894a9a480e3a4b931f2a0c8542dd3,git
protocols/figure4/F/development/ssr_reference/seed_26092101/invocation.json,2512,ca4d39371ccabcc18c35bf3abfa122848bb5f885d9c5570d430325fac8530a7f,git
protocols/figure4/F/development/ssr_reference/seed_26092101/run_manifest.json,2774,a76e1ccec8ca6e7ef6db7b8d963366f444d085b16f5dad56ae71865f11715278,git
protocols/figure4/F/development/ssr_reference/seed_26092102/configuration.json,2905,6338a87daea30985a26b3e05e1573d108c25723ad5feffe71d522daa78615fa2,git
protocols/figure4/F/development/ssr_reference/seed_26092102/invocation.json,2512,3f88791a2f120a879a05c18f570fbc5fd34eeb7fc041584967959996e0c4224f,git
protocols/figure4/F/development/ssr_reference/seed_26092102/run_manifest.json,2774,f647307ad8ecff9ee2087141e83ead5fd778c6c808bf09866db6faf4ad384360,git
protocols/figure4/F/development/ssr_reference/seed_26092103/configuration.json,2907,942b8fb1261f0cd4ff098e45fca7e397ba2bff8c7f41696309ed5d73443ec185,git
protocols/figure4/F/development/ssr_reference/seed_26092103/invocation.json,2512,aaf1194392cf40447dc4d6d8e7fef1614a10c18a3f0b14ad13ff77dc3d89d037,git
protocols/figure4/F/development/ssr_reference/seed_26092103/run_manifest.json,2774,3c0eaaed520ddb159155caeb13d72acda2e0c11cacea3556a064674f8abe1f02,git
protocols/figure4/F/protocol.json,4717,b7f222a2fd4ba32938dd78240d195d49296b79bf85790493f189657d6fc61fe0,git
protocols/figure4/F/selection_frozen.json,6245,95306ab7f300c1dcfec23261b60d5bafd00926ab7d20120470a58de4fc470129,git
protocols/figure4/F/split.json,7879,c0d7247f241b8ace5e7ecb7b2324f7562afe8a1a33e29c7005f763a9ad7a734d,git
protocols/figure4/F/streams/confirmation_26092201.json,1109,6a46d792faf48c4a967c387c7682dcb96e18e47af9702e8172832737b44e1c97,git
protocols/figure4/F/streams/confirmation_26092202.json,1105,29c512714bad49403b08af52526217461d558db2b122a3c2eb15d22656f252f7,git
protocols/figure4/F/streams/confirmation_26092203.json,1103,b94da2df80c8d804a8a0abbc7805c545a59c67cb8a67edb185bd74155a06a9be,git
protocols/figure4/F/streams/confirmation_26092204.json,1099,4817955a03f0086a9be067bf0a240afbfdc0ace7d8546beaed786c620b800030,git
protocols/figure4/F/streams/confirmation_26092205.json,1105,2c858bd9cf834550e08a28be01490ffb76b1460f5b94a3a571f76d08c8475cb4,git
protocols/figure4/F/streams/confirmation_26092206.json,1108,9afa99e5ff28b9241e1d1df21c4ab65ca107d90571c837fc1ebf4fc0bc9fc375,git
protocols/figure4/F/streams/confirmation_26092207.json,1102,51d9b1566d9288039e52841c9d3b591ba55382f6807bf5b283f6472e602ad7f7,git
protocols/figure4/F/streams/confirmation_26092208.json,1105,d6a923cf02ffed0e436cab865f504c1f2b1c98677f885e3c50c7d38b43efe7fd,git
protocols/figure4/F/streams/confirmation_26092209.json,1105,c81e872743a6eec926887b09d92ece1e23d7968df4378ba95dee06da0f3a904e,git
protocols/figure4/F/streams/confirmation_26092210.json,1103,1ed1e3a0d427670126a1237974eb09a9aa95bbd0a6750dc37e48bd09513f25f4,git
protocols/figure4/F/streams/development_26092101.json,1102,c7f2a79527a96de494b5e4cfe8ed67ac38f4c732884838e3f824f2df41e39cc5,git
protocols/figure4/F/streams/development_26092102.json,1102,5e86d29ba43987cce29dac20240a6b9876ffc70b33fa91f5994849bedc536e0d,git
protocols/figure4/F/streams/development_26092103.json,1103,160a621dc4e48ca0d49518530edfde00bed0394e2dce983e3af2abff2880e86a,git
protocols/figure4/H/complete_original/AlphaEdit/lambda_0/seed_9941/configuration.json,2681,c590d3d20dd86628f0dce247d629079bbfa37b5d8e4468f2b10f27809b030507,git
protocols/figure4/H/complete_original/AlphaEdit/lambda_0/seed_9942/configuration.json,2683,78d7cc38cb0a396ba70b7a7c029ede354d98a271ed5e869977f94c065ea17c56,git
protocols/figure4/H/complete_original/AlphaEdit/lambda_0/seed_9943/configuration.json,2691,33b5f3b7edd925a24d6bb48efc6f6d2772d958a100fd3a86bdba20926033d59a,git
protocols/figure4/H/complete_original/AlphaEdit/lambda_0/seed_9944/configuration.json,2676,3fd6e737f0981008642d718116f12ffa013f61ed1e07691eeb961c8f263eadb0,git
protocols/figure4/H/complete_original/AlphaEdit/lambda_0/seed_9945/configuration.json,2684,1ff050cd8f58f5f52353ea6514f926739c616d6962bf169c7f9701f7022d2342,git
protocols/figure4/H/complete_original/AlphaEdit/lambda_0/seed_9946/configuration.json,2680,3fb484f4d922819a9581a4d11ce9884caf20ca8e6413f7b3648986fd3283fcb7,git
protocols/figure4/H/complete_original/AlphaEdit/lambda_0/seed_9947/configuration.json,2675,5ae73d6d916a0c6aacf16a0d768c385175da24b99d15d8870d387a3526a323fb,git
protocols/figure4/H/complete_original/AlphaEdit/lambda_0/seed_9948/configuration.json,2678,3755d95096c4c66a0b2b5412b03b2cfb057bd44e91fef708c6cb4f938469ac96,git
protocols/figure4/H/complete_original/AlphaEdit/lambda_0/seed_9949/configuration.json,2677,08f55b057abaad4090fb4051ae6f94a6dafcefdcf07c23a9eb6664f1d92ed4da,git
protocols/figure4/H/complete_original/AlphaEdit/lambda_0/seed_9950/configuration.json,2689,356e27d299681cb8aff4b7ecd96a74153515ce7f8b2bcadd2d67fd73c2f2a0d1,git
protocols/figure4/H/complete_original/AlphaEdit/lambda_3e-05/seed_9941/configuration.json,2684,607adb13603cb38d7602b0684c6cee5e38457cd11e97e702a2e5c4616d8eb882,git
protocols/figure4/H/complete_original/AlphaEdit/lambda_3e-05/seed_9942/configuration.json,2684,89813be43a83906a69128c4e296d73951fe9088a5eacc079b85a28c456ce595a,git
protocols/figure4/H/complete_original/AlphaEdit/lambda_3e-05/seed_9943/configuration.json,2682,9d2d976d07c744e302bfd50eb4dc4cb7bae39e656a5551a14fccbdac91685dda,git
protocols/figure4/H/complete_original/AlphaEdit/lambda_3e-05/seed_9944/configuration.json,2696,1d3791e75e7c1a709236ab1acc022ed8a59bf8e2152fdc092b571e0e5687a1b6,git
protocols/figure4/H/complete_original/AlphaEdit/lambda_3e-05/seed_9945/configuration.json,2684,757707b0081eca6a1f0c5ae70beca71004527a7e4ec9c293ef300736a25ce53b,git
protocols/figure4/H/complete_original/AlphaEdit/lambda_3e-05/seed_9946/configuration.json,2683,55f0217d8324f34386f10acc12f92bea1baf4a0d08c955f4ecf8070c48c1ab7a,git
protocols/figure4/H/complete_original/AlphaEdit/lambda_3e-05/seed_9947/configuration.json,2697,c9d3f97c217c166147cad6d01cc64a7ede6e343aa45689423f47239fc1518b60,git
protocols/figure4/H/complete_original/AlphaEdit/lambda_3e-05/seed_9948/configuration.json,2680,677507f1867d9af585449e3925712524e4711c90afd428041be04e27d9c63a52,git
protocols/figure4/H/complete_original/AlphaEdit/lambda_3e-05/seed_9949/configuration.json,2682,d985663ffef5a4fadad12c92f1dab158ba76230203b8063045c64ea0b18154a8,git
protocols/figure4/H/complete_original/AlphaEdit/lambda_3e-05/seed_9950/configuration.json,2695,dceb62d03bcd0ccce09dcaa48efd00345f5964b08a68f322239ce3ecbe8b5511,git
protocols/figure4/H/complete_original/MEMIT/lambda_0/seed_9941/configuration.json,2407,3ddc32578b8f107ce13cc175c3faf6221169fdb8559b9e764a3f8cf2054f3fef,git
protocols/figure4/H/complete_original/MEMIT/lambda_0/seed_9942/configuration.json,2395,163bf0521f75f82c4fa01a67d562ef724396f31067b97bf765d8c8a725ab0ddf,git
protocols/figure4/H/complete_original/MEMIT/lambda_0/seed_9943/configuration.json,2403,ee89afde953b7d6d10fd23bb60bf565d84d05bc45b46e53d740c91318bffc607,git
protocols/figure4/H/complete_original/MEMIT/lambda_0/seed_9944/configuration.json,2396,d30e9d6814aaab0ed25a34ad3c4591803e3d06deb2fc5491c5b3712b4da0754b,git
protocols/figure4/H/complete_original/MEMIT/lambda_0/seed_9945/configuration.json,2396,9be658549fc9b4d1fb4bc4a055ddfd7ebc2bee2a9f0819de8ec1c9d269cec419,git
protocols/figure4/H/complete_original/MEMIT/lambda_0/seed_9946/configuration.json,2404,046169f1d04571bb9991d62fd5252b048a5a345872fde0e4800d76522c04ec72,git
protocols/figure4/H/complete_original/MEMIT/lambda_0/seed_9947/configuration.json,2406,b72de4a6cd4376c4096a99dff3e3b46ba4ad165b3cb9195cc4ea4e0091eda517,git
protocols/figure4/H/complete_original/MEMIT/lambda_0/seed_9948/configuration.json,2407,9418c072fdd26f76d68b90b24b99969e077486dc747d18876bc0c2dcf83cb29d,git
protocols/figure4/H/complete_original/MEMIT/lambda_0/seed_9949/configuration.json,2407,957188454faccef60b9186eb37980c89ae598fbd10ea37c1d6bd4a8d8348d9b4,git
protocols/figure4/H/complete_original/MEMIT/lambda_0/seed_9950/configuration.json,2395,ccc23b5cd148b41a687338f1e51184f78205f4fa3573a24c034e7a95655d8b57,git
protocols/figure4/H/complete_original/MEMIT/lambda_0_0001/seed_9941/configuration.json,2414,1626f76cac9fd4f7cf9ea82e606cd3035e2317ddd70e0bbca7751eec205e2c5e,git
protocols/figure4/H/complete_original/MEMIT/lambda_0_0001/seed_9942/configuration.json,2402,be4a2098fb65a4c881c339349b1c503ce8405ca869a1283fbee781bf1204224f,git
protocols/figure4/H/complete_original/MEMIT/lambda_0_0001/seed_9943/configuration.json,2402,14f347c0e1af57c6b5ffba4db4e89436099a5f610873edf91f9743f7241e1614,git
protocols/figure4/H/complete_original/MEMIT/lambda_0_0001/seed_9944/configuration.json,2412,0deea0e913cf0b9ca5c14a9c0b4ab8a9df7468633ec9d984446ad05a0aab0983,git
protocols/figure4/H/complete_original/MEMIT/lambda_0_0001/seed_9945/configuration.json,2412,b279d3c14aec1f4ea5377d1c35d15f58753f2854877ec7a8bcfbee42f6d9a6b8,git
protocols/figure4/H/complete_original/MEMIT/lambda_0_0001/seed_9946/configuration.json,2403,ef76f2f9efe8594f9ab3441957e26635c074d4ba0145112f7dc053b023e05569,git
protocols/figure4/H/complete_original/MEMIT/lambda_0_0001/seed_9947/configuration.json,2403,a9b3ba8f63bfa23ee2bd1ae06d927068429c7406c2bc1582a8a9b2a6393325c5,git
protocols/figure4/H/complete_original/MEMIT/lambda_0_0001/seed_9948/configuration.json,2414,19da60494c95febcbdd08cafc5b4346696a6f63aa22a8fd0218ec4f0cec97a6e,git
protocols/figure4/H/complete_original/MEMIT/lambda_0_0001/seed_9949/configuration.json,2402,899de1c086f67c6a3b61f3d1a2d5598116c2d1014ca4ae272abe479649f9f445,git
protocols/figure4/H/complete_original/MEMIT/lambda_0_0001/seed_9950/configuration.json,2402,563140bff0458efec6c1da7f223159e5696786cf53d360b163e034cc9968e355,git
protocols/figure4/H/displayed_development/baseline/seed_8952/configuration.json,2660,82e01fd3439c7fcb93b1fbf6ca58ed841f8e6a9823b8fe94312e6f597f4c7c67,git
protocols/figure4/H/displayed_development/ssr/seed_8952/configuration.json,2670,70ff8df6a7e163c57a9fb731983b723e95fa2fd43d62eaf44f47ed42a2c16931,git
protocols/figure4/I/cf/ft/seed_13101/configuration.json,57277,652ab6efd2d8e5a238358e7bcb8af02f2f5013395abb66659b38c60da18e4145,git
protocols/figure4/I/cf/ft/seed_13102/configuration.json,57305,4649a8f9671c2463abed263665b60674354333409c0dd9c6bb7c06737af2f937,git
protocols/figure4/I/cf/ft/seed_13103/configuration.json,57277,4a46a118a64cdbab0da1678725626d24c0c4b1362c92c810de57ff19af682f20,git
protocols/figure4/I/cf/ft/seed_13104/configuration.json,57259,23d4b0b302b842d35ce1271f7d102c72babff186488f3417b801f6892f8da7ed,git
protocols/figure4/I/cf/ssr/seed_13101/configuration.json,57311,c082451adadf423e4a0ee572aa923df30efdc52423b3076f2cea1c779ffc4d52,git
protocols/figure4/I/cf/ssr/seed_13102/configuration.json,57297,dc0ce206e0f31a52b9f2bea984a0ea0e3a471b4bcd84ad5050a0fc18fcdf1d69,git
protocols/figure4/I/cf/ssr/seed_13103/configuration.json,57274,0494b289f4809dd840429983b4e6e13175562a8b0fda361e136c4bbec7adf4b0,git
protocols/figure4/I/cf/ssr/seed_13104/configuration.json,57293,1365b86e1cc56680e9f6d73babe4a8a580ce80d977862ca23fb4b61abc86ebc1,git
protocols/figure4/I/zsre/ft/seed_13101/configuration.json,57861,d47b16979d49505c95e0c4b7d2df6c8f9b88b03da3ac40c71615c624e02c42f8,git
protocols/figure4/I/zsre/ft/seed_13102/configuration.json,57888,70bac302cec4113aa73251e12fd5d8fe3d4c07ca4eabb0ce46af71607dc27704,git
protocols/figure4/I/zsre/ft/seed_13103/configuration.json,57831,2e7354e5ed5e6e82600922ec0aa6e0aa0c1afea01a39c878f259b9a832df3c60,git
protocols/figure4/I/zsre/ft/seed_13104/configuration.json,57904,f02d69a124c1fdc76734949a9c2f50498b3ff7eb38748191c3c236c2ec018183,git
protocols/figure4/I/zsre/ssr/seed_13101/configuration.json,57865,b197a4a520a956630a8824919f7c78c07d2d5082ca6cab88e99b0b0de427c40f,git
protocols/figure4/I/zsre/ssr/seed_13102/configuration.json,57878,7458abf3f49581ebc9b68d021dcf901aa91d683f47db4b69409e709c914a94d5,git
protocols/figure4/I/zsre/ssr/seed_13103/configuration.json,57854,41a2386167e7d923253a557dc753421437023012c6ac79c6e4313c1835d42ce4,git
protocols/figure4/I/zsre/ssr/seed_13104/configuration.json,57912,d4146e42ba369b9fbe354211bba928d93c5b05b8ce189a9c9ae24194317a7419,git
protocols/figure4/original_dense/cf/anchor/none/seed_9311/configuration.json,1585,06c96ac7c97220bd36db2003120eefad725a8a10d1cac1a131be94ec70dce223,git
protocols/figure4/original_dense/cf/anchor/none/seed_9313/configuration.json,1585,8d2d29bd0cbbe22fda34431db5320326a840a2c47c8021f2d5bc56a4408ac724,git
protocols/figure4/original_dense/cf/anchor/none/seed_9315/configuration.json,1585,f12c685008607b549271a14aca4878709f23f7622674004acd87c62a5676dd66,git
protocols/figure4/original_dense/cf/anchor/none/seed_9317/configuration.json,1583,e1372a02e4cbd60decca3b30ab501d8a1d126638357ab63749c90ab69eb692b3,git
protocols/figure4/original_dense/cf/anchor/none/seed_9319/configuration.json,1585,13b4ce797f5b8a37eca02c45a081ddef534b6d40326b878a50cb3f2042a54522,git
protocols/figure4/original_dense/cf/anchor/none/seed_9321/configuration.json,1586,0f0ba2dda24516327adbaa8db71630707cb5d6bd1cb1a79a9d6c7fd42124fce6,git
protocols/figure4/original_dense/cf/anchor/none/seed_9323/configuration.json,1585,e59bd86eb6810dd66137d67439aa1a7bae925ba60385765865ba30b4dc4f033a,git
protocols/figure4/original_dense/cf/anchor/none/seed_9325/configuration.json,1585,3a506ca7d2a3c39b2a14dc16ea4a9a45ac2c95278cc4657563f5e88e7b817a06,git
protocols/figure4/original_dense/cf/anchor/none/seed_9327/configuration.json,1586,45c38587f9d634478026545cdb7f7503a4fc3499587b64f7049c0b160a6825a5,git
protocols/figure4/original_dense/cf/anchor/none/seed_9329/configuration.json,1585,16ebbedd4b3b116ecb77a14fae513cfc92e3d2c0646ff24dc075927c8eac4b46,git
protocols/figure4/original_dense/cf/full/cosine/seed_9311/configuration.json,1612,57b87f1ac31ddbd761e88e10b5af487bbbc743529241dd231a78a1437a782f43,git
protocols/figure4/original_dense/cf/full/cosine/seed_9313/configuration.json,1613,3815bbe4233738fb2f9fb63b8be6a49805d9a6cb16fb947bc214505e8e18a6a7,git
protocols/figure4/original_dense/cf/full/cosine/seed_9315/configuration.json,1613,8af8a093e99526da651b885fd255744920e1a4ae687b2f529a3f19bddaef23ea,git
protocols/figure4/original_dense/cf/full/cosine/seed_9317/configuration.json,1613,15032000dda0f5bb63bc0114fde714133e0373365d2f724777cb908f3a7cb9aa,git
protocols/figure4/original_dense/cf/full/cosine/seed_9319/configuration.json,1613,cc050bdbb6931203fe1f78198d6d05004c84f9b5cca0809982614f7e149d48b6,git
protocols/figure4/original_dense/cf/full/cosine/seed_9321/configuration.json,1613,e0c6d1ce63f337017e2626be2c82cc6bc4fd1c72ee0bd2dcfdd79520afa165cc,git
protocols/figure4/original_dense/cf/full/cosine/seed_9323/configuration.json,1613,948f912de3d346057da7bd111f4b5b209c44322d20af86c819f30bfd4bb8c4b7,git
protocols/figure4/original_dense/cf/full/cosine/seed_9325/configuration.json,1613,5bcdc9ca1eaad069f5fa301a8cb11043e104919390211c11861cd17c69c08695,git
protocols/figure4/original_dense/cf/full/cosine/seed_9327/configuration.json,1613,0e5f7c42503e95669d8c20f5c0b221d3d7af832c6deed74a2d39993e48f005df,git
protocols/figure4/original_dense/cf/full/cosine/seed_9329/configuration.json,1613,fc8f108e6c6f4787b81dc80b31621d97445c2acfa4a1b4ed60e09105fe747925,git
protocols/figure4/original_dense/cf/full/projective/seed_9311/configuration.json,1621,21b64ba79efc53b0b3c93a816e39409ea973e050893b3c84d3a803e35524c1fe,git
protocols/figure4/original_dense/cf/full/projective/seed_9313/configuration.json,1621,7a9e026f459f40f44785cce9b6d6f9d11fb77486e6b89875fbb8ae958c7a1e20,git
protocols/figure4/original_dense/cf/full/projective/seed_9315/configuration.json,1620,e24e7de0b9bdf999aa051c8e272abca836ffc4ebec4f2e52d78b2a70ccaac566,git
protocols/figure4/original_dense/cf/full/projective/seed_9317/configuration.json,1620,d37dcdf5c6baaf80a35bf1c8ed2530e0af1fd05e93d97cead43f5b2d9c0ecb25,git
protocols/figure4/original_dense/cf/full/projective/seed_9319/configuration.json,1621,adb695516c65e4e32d92d7068817ceeabed686c6c05c1f67c6258bd82468b50d,git
protocols/figure4/original_dense/cf/full/projective/seed_9321/configuration.json,1621,4b08a6483c17e5ea25573621c73957a8d9f08a3e04794b92276b1abcfcdfae9a,git
protocols/figure4/original_dense/cf/full/projective/seed_9323/configuration.json,1621,42a9f8ab6008a6724ef7186621b6c2221e2e79e3c52cbf2323583e907087868a,git
protocols/figure4/original_dense/cf/full/projective/seed_9325/configuration.json,1621,10c9defa4d043d719f001d1b79013dc1d05517ac77e826b7dd92df5d08402ed4,git
protocols/figure4/original_dense/cf/full/projective/seed_9327/configuration.json,1620,30fa9c10b3c7b9cf4be7e725a59ba9c2f114fbb67fa79c5524af1d48b994ef09,git
protocols/figure4/original_dense/cf/full/projective/seed_9329/configuration.json,1621,535a4f121faf5b27fbd360eab10283afefd95607f2b29f2b71b667f2813a28cf,git
protocols/figure4/original_dense/cf/plain/none/seed_9311/configuration.json,1569,5c15b10f223365a892db3a5c9b61d5f831325ffa808c185b3a2ac20921a4368c,git
protocols/figure4/original_dense/cf/plain/none/seed_9313/configuration.json,1568,4c2bf75e0921e56aa7fcec9c4644ba5bb907c631ab2ba64bafd792ae376bc7ea,git
protocols/figure4/original_dense/cf/plain/none/seed_9315/configuration.json,1568,4c0aa451e734d2aea7d7edcef34e7118f2c257c78e7309904f4e461b3a23bb38,git
protocols/figure4/original_dense/cf/plain/none/seed_9317/configuration.json,1568,6705a8e27b6188bc33d02dea72a0ab2c9bf6de5eaba96063d082d738d777741e,git
protocols/figure4/original_dense/cf/plain/none/seed_9319/configuration.json,1569,db3103e80ded7447d89bea8430dbfbd58dacb5018d287029f42e7fdd0b42c6c5,git
protocols/figure4/original_dense/cf/plain/none/seed_9321/configuration.json,1569,cdd8a9ea74b11ff73dda33ef6e9b6110e1426a761730398bb7da907b01c1f406,git
protocols/figure4/original_dense/cf/plain/none/seed_9323/configuration.json,1568,b41c9abee848e33b2bd7bbd5a0d34ed88137d3ee37583fa30332ae5acaa653a9,git
protocols/figure4/original_dense/cf/plain/none/seed_9325/configuration.json,1569,f6400bbc5c98ea7a4345d8fbf4c8a75260a90b30b2ff2c0193a665895130b49e,git
protocols/figure4/original_dense/cf/plain/none/seed_9327/configuration.json,1569,b16f5f96b55a08ca079cdf9d2d122b2deaa23187867c89c959491d8f98e2d7ce,git
protocols/figure4/original_dense/cf/plain/none/seed_9329/configuration.json,1570,ef94199a02710004416173e1134396a674cf97b93b9e57b018224cf5d0ae55ef,git
protocols/figure4/original_dense/cf/spectral/none/seed_9311/configuration.json,1589,c6d8edc12d7310616b95e6c67afc459966999456026ab5744b0fb32939af3ef0,git
protocols/figure4/original_dense/cf/spectral/none/seed_9313/configuration.json,1589,e2095a74ad5b1fcdcffd8706c5f6cc37ddb856571b1b0746bed11ef969253015,git
protocols/figure4/original_dense/cf/spectral/none/seed_9315/configuration.json,1589,7ca066634f89f31f525ca5ea1788d7ac7200b6d61a34eb508091802d99b930be,git
protocols/figure4/original_dense/cf/spectral/none/seed_9317/configuration.json,1587,96bc7310e900f71f881bd157892de4dba22903777201dcbd6593ee7905264e8a,git
protocols/figure4/original_dense/cf/spectral/none/seed_9319/configuration.json,1589,5e6dc54cd4c10d25a163b704fe72498f937550eefc968ae3c18fbec530b6d32a,git
protocols/figure4/original_dense/cf/spectral/none/seed_9321/configuration.json,1590,8e10a2b9c50f01656e0a90201eb7ea8b8341d06e7f8123088663b2686dca20d7,git
protocols/figure4/original_dense/cf/spectral/none/seed_9323/configuration.json,1588,246d9897934973099f33d99673f5d598eff07572df02924a12cbd58ecbe6556d,git
protocols/figure4/original_dense/cf/spectral/none/seed_9325/configuration.json,1589,33111fa9a3623748e936ea675bb1ea22a513d2de82d5bb67f4579ace4560dbd3,git
protocols/figure4/original_dense/cf/spectral/none/seed_9327/configuration.json,1589,7754fdbb08221cbb7e09e7e20bc3d42649ec36143722aa132bbcb712f13a1bac,git
protocols/figure4/original_dense/cf/spectral/none/seed_9329/configuration.json,1589,972c2ff3e2dad6975825034143663adb5dac08e9872731d225f43051ebb8dbdf,git
protocols/figure4/original_dense/cf/ssr_only/cosine/seed_9311/configuration.json,1587,0350dc9034bc73e0a82326e308b84d1a2ea724690b399c6ffcbdcefba929c9ef,git
protocols/figure4/original_dense/cf/ssr_only/cosine/seed_9313/configuration.json,1586,99dd7c2e2279bac8c6c03e01faea9447832651b369ae375c4b3da66e57067461,git
protocols/figure4/original_dense/cf/ssr_only/cosine/seed_9315/configuration.json,1588,d6a69db5d13ea24f26fe0e596791adf1b415dd80a4b692ccb253879193d4152c,git
protocols/figure4/original_dense/cf/ssr_only/cosine/seed_9317/configuration.json,1587,5d0898005f3a23c64f0b4f5ea3e676f89eff86bc9afcae97576b9bdb69431a36,git
protocols/figure4/original_dense/cf/ssr_only/cosine/seed_9319/configuration.json,1587,7fa45f46e2543eb0b13c8e25f6af5d4e4fc4b8b24507256f527a30f0c2ba20b2,git
protocols/figure4/original_dense/cf/ssr_only/cosine/seed_9321/configuration.json,1587,4d2262dd309d235b5abfa6b7628da7a97360d7d0f819e9019a0ce0a7fdd7557d,git
protocols/figure4/original_dense/cf/ssr_only/cosine/seed_9323/configuration.json,1587,2e15bb9230ee274fdf03ca12d4c7b98051c3eb92c4f938ba707a5da4f5e6e5e1,git
protocols/figure4/original_dense/cf/ssr_only/cosine/seed_9325/configuration.json,1587,9b2c28215d2907dc7c88bccb6b4bf0f820c104665b45a9ca75ad8a4060f8b09d,git
protocols/figure4/original_dense/cf/ssr_only/cosine/seed_9327/configuration.json,1586,e6e7dc4c4fd04993ee214ee7e533e93c112fb2115441d78ee7e722765ac8e316,git
protocols/figure4/original_dense/cf/ssr_only/cosine/seed_9329/configuration.json,1587,edf61f0346cf89507bdbcb653cdec09c02cac218e15d460a44097d6fd867e226,git
protocols/figure4/original_dense/cf/ssr_only/projective/seed_9311/configuration.json,1594,73e0fa59742a4a28fa9fe2877af4bc1e9ce4b6f29c485d2a05aeddec38de51ce,git
protocols/figure4/original_dense/cf/ssr_only/projective/seed_9313/configuration.json,1595,487582ec9dd9e134ac657d82f13b8022b4f8a58a3289a3fe0994006af520248d,git
protocols/figure4/original_dense/cf/ssr_only/projective/seed_9315/configuration.json,1595,0b3b60dd9b330aae5e4f94373ee9d0cab4558004048b46208ddfa2525f834fe4,git
protocols/figure4/original_dense/cf/ssr_only/projective/seed_9317/configuration.json,1594,d16230e4cdc7ec28b80a55bab663db9d0a502beaf98148f65a8f65cd2e05ed70,git
protocols/figure4/original_dense/cf/ssr_only/projective/seed_9319/configuration.json,1595,e90b5cc6081c5caef321e652771c9c28f3fa859a1c74ebb10980e30f394e6c38,git
protocols/figure4/original_dense/cf/ssr_only/projective/seed_9321/configuration.json,1595,7ecbf82f5f74c125cb3017de25d0a906e4de3ca1349d9021d6608532f2a3da3f,git
protocols/figure4/original_dense/cf/ssr_only/projective/seed_9323/configuration.json,1594,4d525804ea4dfc4156a8c0b9c83ff497104af2b312d9d353f97034cb57eaa524,git
protocols/figure4/original_dense/cf/ssr_only/projective/seed_9325/configuration.json,1595,3dee9d117a4f29860d9a76954a31d0f614e9c80f84f8ca72471c0bae8acf4528,git
protocols/figure4/original_dense/cf/ssr_only/projective/seed_9327/configuration.json,1594,924126e025df7f36da66104038d2e31c074ad01ef4e4512b68301d7947bf6d66,git
protocols/figure4/original_dense/cf/ssr_only/projective/seed_9329/configuration.json,1594,e48235a41c9feefd83024344a1888b14e10d2ec4fcdd10a697b89e9d00e6ed49,git
protocols/figure4/original_dense/cf/stabilized/none/seed_9311/configuration.json,1606,0d88a17b7ae7c89302e8e78cf90b17de04a21f91a6eba89ba74e9b93bc80b66d,git
protocols/figure4/original_dense/cf/stabilized/none/seed_9313/configuration.json,1604,c411f3aa2bc382d1d89324c2d951228885c9e8eb81d0737a3a91494848da435b,git
protocols/figure4/original_dense/cf/stabilized/none/seed_9315/configuration.json,1607,a43ec3afd37fde54a84c903f8c74483155fca06dff2a41906e9198757842c48b,git
protocols/figure4/original_dense/cf/stabilized/none/seed_9317/configuration.json,1604,45474cb7202bbc31d61d9d545de98399c694857f07956ff637b0f1026ef6400b,git
protocols/figure4/original_dense/cf/stabilized/none/seed_9319/configuration.json,1606,d06960aa514792f304921337cfaf17648f66863dfbffde8be9c0a149dff822f9,git
protocols/figure4/original_dense/cf/stabilized/none/seed_9321/configuration.json,1606,bdf8ae5feecdfa0f4eb90af64b4e7c68a070f97cbcf1db411f928bee75f76624,git
protocols/figure4/original_dense/cf/stabilized/none/seed_9323/configuration.json,1606,3a956297fda3ffa8449f70a20a9560c5e8540fb61fe524a674c2a07855d28b9c,git
protocols/figure4/original_dense/cf/stabilized/none/seed_9325/configuration.json,1606,2b9df573e92beed9ca4c05f66ac73c9682726b1b506502189439e33dd254bd18,git
protocols/figure4/original_dense/cf/stabilized/none/seed_9327/configuration.json,1607,2cd0989c8006aa829d60f674d7909e5f2d8ff7d8ec5766fb0f6e7bebca1e8b20,git
protocols/figure4/original_dense/cf/stabilized/none/seed_9329/configuration.json,1606,c4b6df45b0dee65c716e9837d1b6594d2888af7019ebae331b36ee24183a7ce5,git
protocols/figure4/original_dense/recent/plain/none/seed_9311/configuration.json,1572,8a6527775ed4a0903db0441aec4f7f89c737ffab2b396e76ff937e1e65d2cf07,git
protocols/figure4/original_dense/recent/plain/none/seed_9313/configuration.json,1571,cb9a05fdc522b2e025f99c4548be7d70b54d66316ee5a86718c04dc0edc71435,git
protocols/figure4/original_dense/recent/plain/none/seed_9315/configuration.json,1572,ea178b2d67f85334570da0a30045b54db5685b93333fda5d8628be7ff74de431,git
protocols/figure4/original_dense/recent/plain/none/seed_9317/configuration.json,1571,9923e3b8536f650374e0b4502b0ae61be6fc9f1a834cbd0b0dbf0819cba060f3,git
protocols/figure4/original_dense/recent/plain/none/seed_9319/configuration.json,1571,d45cc1fa3f4929557a00be6b5c8725af1f8f7b975a3ca215c959f16f195f36e1,git
protocols/figure4/original_dense/recent/plain/none/seed_9321/configuration.json,1571,70f9bde51aec048b2e70f88fe3065d9a12a9748cb91bb4c1cdcd3af3af6d5a6a,git
protocols/figure4/original_dense/recent/plain/none/seed_9323/configuration.json,1572,07991ad7409b24768e9fd2929f4d76301c5bfe681ac6f0355f5b6ec99ae93af8,git
protocols/figure4/original_dense/recent/plain/none/seed_9325/configuration.json,1572,b3e5a07c567c05137fa4905c033d51a16cda755aeeb7aa86b5774280a971772b,git
protocols/figure4/original_dense/recent/plain/none/seed_9327/configuration.json,1571,89e05bec372169e4f170ae9996bab44fd1394fee51956d84e9babb4844510869,git
protocols/figure4/original_dense/recent/plain/none/seed_9329/configuration.json,1572,83cbd4a6358fd6867d2adb450ac5a746546877cc797b4faaac6d3c47a71092b6,git
protocols/figure4/original_dense/recent/ssr_only/cosine/seed_9311/configuration.json,1589,39a6ddd02d691a3443b39f0d2eee24550aa476eabbc5ceb382b0c35003071ae7,git
protocols/figure4/original_dense/recent/ssr_only/cosine/seed_9313/configuration.json,1588,d46a2de170d67a5bd1e66801177f289b3bca84730288211ee088433314f7a14c,git
protocols/figure4/original_dense/recent/ssr_only/cosine/seed_9315/configuration.json,1587,4665b01d322a1c068585f11304bfc2f26993657545e69753c687312c7d0a78a2,git
protocols/figure4/original_dense/recent/ssr_only/cosine/seed_9317/configuration.json,1588,fe64f784172c77c6d707c62669fd747fc0dbf40ce3bf9569a606265898387fac,git
protocols/figure4/original_dense/recent/ssr_only/cosine/seed_9319/configuration.json,1589,1f706c195f5f614aa362ce2288ba2697c4a6801fa67e6a16f8630644c61b4b57,git
protocols/figure4/original_dense/recent/ssr_only/cosine/seed_9321/configuration.json,1589,3cbd062fcb4013cf889a0cf0e8d1642054777090bacc59c97e4f7a0219614105,git
protocols/figure4/original_dense/recent/ssr_only/cosine/seed_9323/configuration.json,1589,73965511a8f7fb0652302b9eb4a416e1ff2dd39c9ccec0f900314434e66678a3,git
protocols/figure4/original_dense/recent/ssr_only/cosine/seed_9325/configuration.json,1587,d3de30efa12106a1c12c78566d1047380cf78cc1aa11c964efa1b247e75d7b54,git
protocols/figure4/original_dense/recent/ssr_only/cosine/seed_9327/configuration.json,1588,7bcf3786c500e31dc744da96d1e6a55d972f3a5be4414283670dcffdf173bdf4,git
protocols/figure4/original_dense/recent/ssr_only/cosine/seed_9329/configuration.json,1588,574c3a43102cf1c71abfb8837cff2f6bfa533768e4cf3b2522df6aba94a6ad23,git
protocols/figure4/original_dense/zsre/plain/none/seed_9311/configuration.json,1557,c4d709d0f35145c5c132f4f941fa8db5aa6832d1821417be31360e8d2846c8fc,git
protocols/figure4/original_dense/zsre/plain/none/seed_9313/configuration.json,1557,7d5fda48765449e1fbde8204c7ed4869b589d5d5dd7c80ead26d1853890b9a95,git
protocols/figure4/original_dense/zsre/plain/none/seed_9315/configuration.json,1557,03875a9042061db2b8b4f964a8ac6b997891e874db71b438983ada62f7461e49,git
protocols/figure4/original_dense/zsre/plain/none/seed_9317/configuration.json,1557,99cf7c334aa9544abf9506668029fdd94be58bbc6467bb22a78e5a8a3224b183,git
protocols/figure4/original_dense/zsre/plain/none/seed_9319/configuration.json,1557,c493620137a39e266e77f29a6eb704a043f7970d088b4670460cf92441e11e9f,git
protocols/figure4/original_dense/zsre/plain/none/seed_9321/configuration.json,1558,a36ee5019e3e9687d10376b19986bd3e7135fbfad10702cbb1254e183ffead24,git
protocols/figure4/original_dense/zsre/plain/none/seed_9323/configuration.json,1557,2b8276bb44eb0b85ee9b449ecf357dacdcf236c6939dd20c97eda525688ccd23,git
protocols/figure4/original_dense/zsre/plain/none/seed_9325/configuration.json,1557,b1ea318ad93e5795a2a5483e3244a05874b0b5ed14a618e6181065a9cc776d7c,git
protocols/figure4/original_dense/zsre/plain/none/seed_9327/configuration.json,1557,5ccd84f26e462edfede07faa569aeea47d41eb0827819071f9cc1ce727956ac6,git
protocols/figure4/original_dense/zsre/plain/none/seed_9329/configuration.json,1557,4569205ca02bdd16f5cbfab350a8409bb590130e195243552da83f9aa1d8a66b,git
protocols/figure4/original_dense/zsre/ssr_only/cosine/seed_9311/configuration.json,1574,096066c54e5b2c4a0e1c11432767a4b14c72b89ecbee7805bd5e8dece0851ec4,git
protocols/figure4/original_dense/zsre/ssr_only/cosine/seed_9313/configuration.json,1574,6a034f54a26ede008deb849808a1a90616e41650794b9e7c6a744d35e11c07f3,git
protocols/figure4/original_dense/zsre/ssr_only/cosine/seed_9315/configuration.json,1574,a5b38795315f2b54764919aeb5e379bc53295eebc764972bcee0fc37b23b530e,git
protocols/figure4/original_dense/zsre/ssr_only/cosine/seed_9317/configuration.json,1573,22865d40107d2064a0ed2c4cd79b3ff2e134907663765054f8386abe9721e158,git
protocols/figure4/original_dense/zsre/ssr_only/cosine/seed_9319/configuration.json,1574,58b9abb31a8802187a1c4a01b3a89e93c58aeb46947b77a0d0b9b2906da01e5f,git
protocols/figure4/original_dense/zsre/ssr_only/cosine/seed_9321/configuration.json,1574,0aa810add6f280c77785cf5daba7930785fcff723e57e7fedefaa06f50dea59e,git
protocols/figure4/original_dense/zsre/ssr_only/cosine/seed_9323/configuration.json,1573,98deb3d373c854bf431175032f67f60c7e19e7901280caf51f8f38fe491ab91d,git
protocols/figure4/original_dense/zsre/ssr_only/cosine/seed_9325/configuration.json,1574,01732423be813331ce0e2385a348091bb27b39567756247d0dde54941985d232,git
protocols/figure4/original_dense/zsre/ssr_only/cosine/seed_9327/configuration.json,1573,5ac03a8f3655a8cd0cdc5bfb69e2265688a10b9d0e1b573eef57d4afe3a7c648,git
protocols/figure4/original_dense/zsre/ssr_only/cosine/seed_9329/configuration.json,1575,4122e80288cd00f9561f4aa0228e33f5871cf3da4b74900599dd465bd962caa0,git
protocols/figure5/wikirecent/rank_16/lambda_0/seed_17631/configuration.json,3621,57dd53fb3f462b32495d414d50dd6e61fe9f952d8298f26b68e4843b83cbf556,git
protocols/figure5/wikirecent/rank_16/lambda_0/seed_17632/configuration.json,3623,fbcc401025a73ed4a8aa310a4c1e481c5f1c92effa4c07a9e688221c362e3aec,git
protocols/figure5/wikirecent/rank_16/lambda_0/seed_17633/configuration.json,3631,89a52c8a04d086727f2a833bba17100deb3501443b60b2d4ea18e2beb03b8ced,git
protocols/figure5/wikirecent/rank_16/lambda_0/seed_17634/configuration.json,3623,06b445dfbb16ca10a8ed5608aa36a599f4870ca709c7ec5e60abcd055f438dc9,git
protocols/figure5/wikirecent/rank_16/lambda_0/seed_17635/configuration.json,3624,305ba9dfab9a1666782f5601ae571fbdb17931c69dae63024f2c377edc191ed8,git
protocols/figure5/wikirecent/rank_16/lambda_0/seed_17636/configuration.json,3625,5c10d19b51f4695539fbb0ace79138de1f9d85dd2c506d5e224a93199ba7fd2c,git
protocols/figure5/wikirecent/rank_16/lambda_0/seed_17637/configuration.json,3624,fbc34af910caafb357c1ee1e85ddbfbac2ca7c3a5483c45c728efca7e0000ad6,git
protocols/figure5/wikirecent/rank_16/lambda_0/seed_17638/configuration.json,3635,bfd5bacb27a4bfb81f7c2438f432c9e9410ca30fa507f76d84e2318b4401807d,git
protocols/figure5/wikirecent/rank_16/lambda_0/seed_17639/configuration.json,3625,d93aec097e66e0dfaa4719e5c16f87eb82b0311b072eae3fcb182341bc3479b7,git
protocols/figure5/wikirecent/rank_16/lambda_0/seed_17640/configuration.json,3635,cf6689ee4a9391a5820b731aba29763c4e888090b13ce9b223ddb64f9505b891,git
protocols/figure5/wikirecent/rank_16/lambda_0p01/seed_17631/configuration.json,3628,ea9eb3d080c5571e366fc925d03f14b207297b258804960a6c780b742885c0a5,git
protocols/figure5/wikirecent/rank_16/lambda_0p01/seed_17632/configuration.json,3630,c48f2c592af73d0c4978b6bba34f1b3d9a0266d8abfbfe39d12789f0fd09e745,git
protocols/figure5/wikirecent/rank_16/lambda_0p01/seed_17633/configuration.json,3626,fd994dc7b12c8d706787c01a489f69f04dee479719ac758ba6d88484fa618081,git
protocols/figure5/wikirecent/rank_16/lambda_0p01/seed_17634/configuration.json,3627,7a559faef2d977469d977f788683b96220c662e0caef1938084852eb93e4b84a,git
protocols/figure5/wikirecent/rank_16/lambda_0p01/seed_17635/configuration.json,3631,4c42dc002e7e9a273866c7d8b8349d09db891273749f444e4523de5a92af779e,git
protocols/figure5/wikirecent/rank_16/lambda_0p01/seed_17636/configuration.json,3641,0f57d2e33befb6edef71b0d27d082a0eea5c6d451bef56a6b94ff6d1d7483527,git
protocols/figure5/wikirecent/rank_16/lambda_0p01/seed_17637/configuration.json,3641,4c4d0d66fbb8818b2c5b09617fb9c64e52e4fe43c8f121f636f5b6fb3ef20273,git
protocols/figure5/wikirecent/rank_16/lambda_0p01/seed_17638/configuration.json,3642,21e4d2bba22ccf70b49eb94509d9e212a98e284ca9d93e994692a207e0538a8f,git
protocols/figure5/wikirecent/rank_16/lambda_0p01/seed_17639/configuration.json,3630,08941794d8cf92986fb9f39a8ac5a591da8f6a36ddd932f32a309ea01c2ea3fc,git
protocols/figure5/wikirecent/rank_16/lambda_0p01/seed_17640/configuration.json,3631,0937a5a936ddd8c941286c0a0e082cfe82c28fa23c341b274aba913826aba63d,git
protocols/figure5/wikirecent/rank_32/lambda_0/seed_17631/configuration.json,3624,fada709ef69da6c3115e9e8fb4631eb6f84bafd33c2b5eff23df741036ea72b6,git
protocols/figure5/wikirecent/rank_32/lambda_0/seed_17632/configuration.json,3625,9af8bf11a0cb9f24294dcee0a546e14f8609ad3d440828e67d5be932398e3899,git
protocols/figure5/wikirecent/rank_32/lambda_0/seed_17633/configuration.json,3624,d1b7c23363bae224afd87392522bbc58a3bd0d148c3ee506e9ba4bd0f49e386f,git
protocols/figure5/wikirecent/rank_32/lambda_0/seed_17634/configuration.json,3633,30596d9fca9e4de27659628115c6b6fac083530de78b4d39af6df5d160434e00,git
protocols/figure5/wikirecent/rank_32/lambda_0/seed_17635/configuration.json,3637,d0087b1e0cace48e0631d0b137842a5b8dc30d14652ef8df931462dc4014d442,git
protocols/figure5/wikirecent/rank_32/lambda_0/seed_17636/configuration.json,3623,0f1e50a76c098458d32c096d44c44cc11230384b850968ac51d82d35ed1dd784,git
protocols/figure5/wikirecent/rank_32/lambda_0/seed_17637/configuration.json,3636,f77ccfa34ad4125d9ac69fbcaca9698727d7b658550028f25fbd2722883d3939,git
protocols/figure5/wikirecent/rank_32/lambda_0/seed_17638/configuration.json,3623,6d83a07edc4a6aed21ec3fe7dde575bfbd8619fed596611577085339a490bdeb,git
protocols/figure5/wikirecent/rank_32/lambda_0/seed_17639/configuration.json,3626,0a3dcc5fb854e9f1129828cbe23d7226b474881a3b42ad299fe5fbd551e70ad7,git
protocols/figure5/wikirecent/rank_32/lambda_0/seed_17640/configuration.json,3626,079b1b9bef76ebb7111a81ee34958a93651c244c3f264a554e33d221b8b40462,git
protocols/figure5/wikirecent/rank_32/lambda_0p03/seed_17631/configuration.json,3640,87edd4af1adb6894f28c9b680ada09ef9ea1dbb804955c61a02afa1181971875,git
protocols/figure5/wikirecent/rank_32/lambda_0p03/seed_17632/configuration.json,3629,e09190932ca3b975429ca485d12e6634a2c97df1f5bf342043db1c6b8e80f9a1,git
protocols/figure5/wikirecent/rank_32/lambda_0p03/seed_17633/configuration.json,3631,ee2745836d103f0c0b87656e003475769ea4b99b19fecbf3d53a4e0acfda75ae,git
protocols/figure5/wikirecent/rank_32/lambda_0p03/seed_17634/configuration.json,3626,605030270a65f74ef1a194baa8d80f1489750cf3f02f0da48a1dda495e9c05ec,git
protocols/figure5/wikirecent/rank_32/lambda_0p03/seed_17635/configuration.json,3631,7a5443a8a65a190ef96db2653d074784ca21893dba9129ad92cca6b0cd6403b2,git
protocols/figure5/wikirecent/rank_32/lambda_0p03/seed_17636/configuration.json,3630,93967fa61d48e7bbb1781af992fe982c9b4a8ae262a5c61e827271dc3199cd42,git
protocols/figure5/wikirecent/rank_32/lambda_0p03/seed_17637/configuration.json,3630,d545b06c94e5d330bf885d69b63cfbad03f05593fdf992e0fac5a7057534b3bc,git
protocols/figure5/wikirecent/rank_32/lambda_0p03/seed_17638/configuration.json,3633,63ef71cdd66dba0e509b30b6d40ff6df902ee713e711a3358800484c5ec6ffd7,git
protocols/figure5/wikirecent/rank_32/lambda_0p03/seed_17639/configuration.json,3632,86954d48c599cf115bf4d45664b84e7916cbda4ae56bfdc0d11c7b8659311db4,git
protocols/figure5/wikirecent/rank_32/lambda_0p03/seed_17640/configuration.json,3631,49ac41156f9b665964ce1308e3cecb40aad5e6fa10bb9fae68d28b5257dea02f,git
protocols/figure5/wikirecent/rank_8/lambda_0/seed_17631/configuration.json,3619,f6960cf95d3cbdee9a91eb1ce587a2c6b3131d005b69429413ff8de3d9e9343c,git
protocols/figure5/wikirecent/rank_8/lambda_0/seed_17632/configuration.json,3621,11a620f85db71be6729c611ebfe3ca5a8ac8074596525abc656542d6fa99c3eb,git
protocols/figure5/wikirecent/rank_8/lambda_0/seed_17633/configuration.json,3619,87f5054e5dd230f0c4d981bdf49e885f5cab703a611a3c6fa43bddf3d1f951c5,git
protocols/figure5/wikirecent/rank_8/lambda_0/seed_17634/configuration.json,3619,51505693df95eb8f8cd1d6f9e35b5f3b9ee6f9c085dfb3db23a93a186ec61b44,git
protocols/figure5/wikirecent/rank_8/lambda_0/seed_17635/configuration.json,3622,c9c9eb1d5e4bc3bf9e317e82dc8a791a0a605c06f2107a50c516695d4a47bd3b,git
protocols/figure5/wikirecent/rank_8/lambda_0/seed_17636/configuration.json,3620,e1275ebebaf31242a52192b40b2b49dac899285beeb702f7da277b6916277451,git
protocols/figure5/wikirecent/rank_8/lambda_0/seed_17637/configuration.json,3633,dacce2c27c3aebd7783d2cde0932fbd07b0a775490f6f106018a0e13da3185f7,git
protocols/figure5/wikirecent/rank_8/lambda_0/seed_17638/configuration.json,3633,052c6f8e880fa1fb8522af54ac8ffddbe29645a10e535b64f3e92f8bdffca152,git
protocols/figure5/wikirecent/rank_8/lambda_0/seed_17639/configuration.json,3633,4eb6ed5ad188b7a58b924bf615a56c7fa049d047ff11c8da794fe46f76c689cb,git
protocols/figure5/wikirecent/rank_8/lambda_0/seed_17640/configuration.json,3619,42b0db645dd1e8ddcdf6f2c6e2345077885d97ae7147fcb8c5a78c543a062895,git
protocols/figure5/wikirecent/rank_8/lambda_0p03/seed_17631/configuration.json,3622,105bae4299d25d9708f766fd5ec711c066db482c84add442a29e84aee0c14dd9,git
protocols/figure5/wikirecent/rank_8/lambda_0p03/seed_17632/configuration.json,3628,5a6ccb44cd015e9f88f33a19d751751d9a909cce251c0cae2f01fb5fd8eae758,git
protocols/figure5/wikirecent/rank_8/lambda_0p03/seed_17633/configuration.json,3639,0e8d0b6b66a36e4a7c68293cd0d2908758e713431cbd26eb08976aea662cf304,git
protocols/figure5/wikirecent/rank_8/lambda_0p03/seed_17634/configuration.json,3625,27ef87fe5eb693382a6a1985fa3b368fc3cc76b6f8e9ec109fe19c07ab5e5a7e,git
protocols/figure5/wikirecent/rank_8/lambda_0p03/seed_17635/configuration.json,3628,0816aa6d798163bd825cfa851e695895fd862b1d3d738231bde7e54d833d2332,git
protocols/figure5/wikirecent/rank_8/lambda_0p03/seed_17636/configuration.json,3626,3a19f9963d61abe6e63a149d5cded9d5d5aa3e0477a890eb293c470a1e18d3b8,git
protocols/figure5/wikirecent/rank_8/lambda_0p03/seed_17637/configuration.json,3627,da9f847f5c60e5202e8f08d6c56724bd777ca9e9849df6e9eac126e791eed258,git
protocols/figure5/wikirecent/rank_8/lambda_0p03/seed_17638/configuration.json,3627,7f5655e6a2f3ad1ff837a9fbf995f9512806c60dd4346ee49c5fad26b95b4278,git
protocols/figure5/wikirecent/rank_8/lambda_0p03/seed_17639/configuration.json,3639,4b89cce85dc3033d903deee93146892ecd6c6e5aca46503e7f97a638a062f66c,git
protocols/figure5/wikirecent/rank_8/lambda_0p03/seed_17640/configuration.json,3639,c976b9fdabce7cd2244db50062105715aaef2cd9234ad3a9fa43a64b549595c3,git
regularizers/biocs.py,2496,ca90b0748971fbd27886f2e9e07c0fecea36642cf3c4b3b358f37d0c35a75b36,git
regularizers/ewc.py,3636,3367074709852775ffe0b26490879c052969edcaf2a849250a1eb8257c972392,git
regularizers/layer_wise.py,9062,b9fb6d55764dc99211e993878c84fbf78da9b7f9adefdeaafcac1ef3ee88fb90,git
regularizers/mas.py,4046,7da6ffd67b0cefead91145dc58d060b51c3b74d1815fbc7cb21fd27f708e52f2,git
regularizers/si.py,4030,8c5286f63ea501cc52bca9123e76c22ce05ca29be5dc857e0e9a577f61afe9c2,git
requirements-analysis.txt,64,db095f3ad10b8bf21daa98f8790cf609fde7fc6e0d568b53310811e8265d0f90,git
requirements-release.txt,180,011ff9a25abda6d3d2012035425aa4681e1a1ba201a85f9eafe22cee916abca1,git
requirements.txt,296,911ce22f6f37628fa75732f1c3893e6fbf03bc108e31ecb8f67782e7b59dbc5d,git
scripts/fig5_dual_campaign.py,8318,600d82b041dcd521b466c8ac4a6f67d8168aba916e350a4a5998fba7be9fae2e,git
scripts/ke_geometry/make_ssr_cosmos_geometry_streams.py,3134,64cbea820eb46b40398a574be8b7244734a1ce9c34c16377290f0ca1f7d6d7bf,git
scripts/ke_geometry/run_ssr_cosmos_ke_geometry.py,55668,55efbf631676d1836e1583b378cf580a329bf4acabf0361c43be4a82b42cf090,git
scripts/ke_geometry/summarize_ssr_cosmos_ke_geometry.py,6093,4fca57b91f5bab074125f3bcc53a461543bfc10014c9c5251337f23ac7accbdb,git
scripts/load_visual_checkpoint.py,890,87e39d193ccb2edac22cb2cd9036a87ba70ae1db14283aacec98aad82288b2d5,git
scripts/rebuild_cub_lowrank_response_maps.py,15933,1a62f5457c14d9cf8ab14b061ed20b51c86984b1d4774d8044fa4d5f2fe777dc,git
scripts/refresh_release_manifests.py,1942,1175a962bf449963a1f24b6878af85e5414a583cb2c3b112ba90162f7d104140,git
scripts/replay_recorded.py,1899,fa73cb3c240f7fdd06bb84565bdafef07374cb526c2f91cb5c6e1000ac4f4fa1,git
scripts/run_fig5_dual_endpoints.py,3974,565dd4268988ed47c023642b2e6050223801c81be68ee46357291ea2ee7a681b,git
scripts/run_llm_ke_easyedit.py,46667,a57620c53fd92202eeb596e731f40987c801027066b64274ad8acaee1218669c,git
scripts/run_lowrank_ke_easyedit.py,31733,3e4b3c9b5ce947ae0c060d802f1dce34645e53cd0f3a4a402ade43b6e59d363b,git
scripts/run_lowrank_ke_rehearsal.py,4814,b2d91ae80803a19013de67cc6646fd3c674e43b4ce614f73d668868fd3dc72c7,git
scripts/verify_locked_editing_assets.py,3117,102b2248051f488048599d06e417de79481a16fd035ca7b4bccd07c1c8c1e6c5,git
scripts/verify_release.py,12668,c7fe65993fcdb9961e9b2f1823825d61c9d6f7a50b554ab3034de8cad514a00e,git
scripts/voc/run_plop_lowrank_v24_sequential_trial.py,16249,d9ec35a0b9236830120fb79557babb8f281c926ab98b4224004f5e04670324f3,git
scripts/voc/summarize_plop_lowrank_v24_10_1.py,8329,6b8c4c07c4322581379f536ea51698fbde8bdf5b9dc6c85d4fa5ddebf44bf146,git
scripts/voc/validate_plop_lowrank_v24_rank_transition.py,2069,d01049bc3e73581628c489e8106aae288d25de51cd1a93c2790156c06aeb714d,git
ssr_utils/__init__.py,54,54babffda36b67fb0a541785243cc7e135cb3a0dd991792e4b712be199eac4e7,git
ssr_utils/dataset_fingerprint.py,1094,c12053a683818721b5c825a1c0fc03a0c974dc2fe8c906587ccdc340038fa619,git
ssr_utils/editing_protocol.py,3729,629eedae27acadde8d528b682f87b6c9ff0aab10e24451a15a09b0b0b06fc152,git
ssr_utils/paired_stats.py,3848,e93c43da9afd3f5009610777a36764b10a822696e0af72e2092b5b1ecbddae7d,git
ssr_utils/result_schema.py,10110,752c74a771b96bf6e4a3424a708beb426fed82d6295bfe15c40971d86fa0d66e,git
ssr_utils/teacher_trajectory.py,2391,1bafeb4c4fa2cbf0cc6ec8195484443039acf9cbc5e4db32b9c5c77050c0e586,git
supporting_records/adapters/protocol.json,1647,fe43c499b1be28289f1668e04aa9ef3d1fee762cf3338441b7a31b7ee50045b8,git
supporting_records/adapters/validation_runs.jsonl,140261,6fd5795edc7566a049471b063622a8e641ffbf154579b135205202891900d137,git
supporting_records/classification_benchmarks/cifar100_kd.jsonl,10669,179a809c5e7eb93774ce8a8d358d16be9b8d89cb81528d3dfade4b17aa1d99d8,git
supporting_records/classification_benchmarks/cifar100_ssr_kd.jsonl,11291,e601eea0037f46b02f41c710d59ab0e902c91dc266bd11768b41517170da726c,git
supporting_records/classification_benchmarks/cifar10_kd.jsonl,7016,640f18189c3b6bb57d4b24e1cc40adf76e1ad2e1df9196e99a0dd82d76843d8c,git
supporting_records/classification_benchmarks/cifar10_ssr_kd.jsonl,7289,46010c4d1b4292299613268a18af2d7264427d24a73e95b120856127ebfe6476,git
supporting_records/classification_benchmarks/five_datasets_kd.jsonl,4278,0a2e6309f9e23028cd8e08783cd096db3f2f267608b381a6451c435c51cb426d,git
supporting_records/classification_benchmarks/five_datasets_ssr_kd.jsonl,4302,c531f3c5a09ab3d3268cb0d19555856ff9e162145e66e1f4f4988e52c6dc2266,git
supporting_records/classification_benchmarks/tinyimagenet_kd.jsonl,4242,4dfe82246bef653beee8dd1cfdae2226f5ec56207963f71c5c51dda49a38d8f4,git
supporting_records/classification_benchmarks/tinyimagenet_ssr_kd.jsonl,4267,b7e94efe2b3215768618ef28c30233b842e91eb5e38a073a7d10d5b255a78c94,git
supporting_records/cub_classification/configs.json,35122,bbeb959350854d677e63a50a5edc58df53d061527910de2a8bb81408c503b1ad,git
supporting_records/cub_classification/cub200_broad.jsonl,3562,062a265fb3767fa80b2f7db689bdc33f86224e6de94582a6e5e3323d0d32f56f,git
supporting_records/cub_classification/cub200_kd.jsonl,3481,9f544e969d755f5ccda9141ab4d778ee134e4870b6f1d15632aaba6034aed449,git
supporting_records/cub_classification/cub200_narrow.jsonl,3564,b8b43cc5ab9cff96d56f59711a113223f06f5d69a984711bf6f76dda9b647ef5,git
supporting_records/cub_classification/cub200_ssr_kd.jsonl,3577,a4412195cf1ce9aadabbc885705b033b2129182624cadd8b602667d58961adfb,git
supporting_records/cub_classification/cub200_strong_inhibition.jsonl,3586,3afe93ef822fc466a2909cd5203db1133b1dfbf17e043cb641c60c3610c63787,git
supporting_records/cub_classification/cub200_weak_inhibition.jsonl,3573,e8a9f2f3d14c007ab6710796b184c435f1059a6d6e79359a1913c369bb46f530,git
supporting_records/cub_mechanism/CUB_MECHANISM_VALIDATION.csv,45502,c48a1c78d4357423533f926360459cf689f8eb7350e6ea48826c8ab7a897a008,git
supporting_records/cub_mechanism/SELECTION_LOCK.json,2183,317d6ee9d6ad2a2e841c723250916ae4dc75bd3340c9ace214b5cc2970cbfe57,git
utils/__init__.py,0,e3b0c44298fc1c149afbf4c8996fb92427ae41e4649b934ca495991b7852b855,git
utils/metrics.py,3627,fc25c480dfbcf5fab0bd7db60072d3d72fcec95e6f63053d66ad83af0c4736d6,git
utils/visualization.py,2555,6740c3b06a407b6b5aa89ad998cd7d120d06a99db5c2d1bd9bff06202ac028f0,git
