rank,method,candidate_id,seed,avg_accuracy,avg_forgetting,final_new_accuracy,aa_gain_vs_kd_pp,af_reduction_vs_kd_pp,final_new_gain_vs_kd_pp,result_file
4,kd,baseline,19231,93.69000000000001,1.6421052631578934,95.4,0.0,0.0,0.0,/unify/ydchen/unidit/bioreg_meeting_20260803_final/results/ssr_cosmos_lrrobust_cifar100_rank4_1node_20260907_r2_cifar100_lowrank_fixedkd_functionalspace/rank_4/robustness/kd_baseline/seed_19231/result.json
4,kd,baseline,19233,92.66,1.7578947368421056,94.0,0.0,0.0,0.0,/unify/ydchen/unidit/bioreg_meeting_20260803_final/results/ssr_cosmos_lrrobust_cifar100_rank4_1node_20260907_r2_cifar100_lowrank_fixedkd_functionalspace/rank_4/robustness/kd_baseline/seed_19233/result.json
4,kd,baseline,19235,92.78,1.6631578947368417,96.2,0.0,0.0,0.0,/unify/ydchen/unidit/bioreg_meeting_20260803_final/results/ssr_cosmos_lrrobust_cifar100_rank4_1node_20260907_r2_cifar100_lowrank_fixedkd_functionalspace/rank_4/robustness/kd_baseline/seed_19235/result.json
4,kd,baseline,19237,93.62,1.3368421052631583,96.4,0.0,0.0,0.0,/unify/ydchen/unidit/bioreg_meeting_20260803_final/results/ssr_cosmos_lrrobust_cifar100_rank4_1node_20260907_r2_cifar100_lowrank_fixedkd_functionalspace/rank_4/robustness/kd_baseline/seed_19237/result.json
4,kd,baseline,19239,92.35,1.8105263157894755,93.0,0.0,0.0,0.0,/unify/ydchen/unidit/bioreg_meeting_20260803_final/results/ssr_cosmos_lrrobust_cifar100_rank4_1node_20260907_r2_cifar100_lowrank_fixedkd_functionalspace/rank_4/robustness/kd_baseline/seed_19239/result.json
4,kd,baseline,19241,93.53,1.4842105263157874,96.8,0.0,0.0,0.0,/unify/ydchen/unidit/bioreg_meeting_20260803_final/results/ssr_cosmos_lrrobust_cifar100_rank4_1node_20260907_r2_cifar100_lowrank_fixedkd_functionalspace/rank_4/robustness/kd_baseline/seed_19241/result.json
4,kd,baseline,19243,92.88,1.6315789473684232,93.0,0.0,0.0,0.0,/unify/ydchen/unidit/bioreg_meeting_20260803_final/results/ssr_cosmos_lrrobust_cifar100_rank4_1node_20260907_r2_cifar100_lowrank_fixedkd_functionalspace/rank_4/robustness/kd_baseline/seed_19243/result.json
4,kd,baseline,19245,93.10999999999999,1.6315789473684226,96.2,0.0,0.0,0.0,/unify/ydchen/unidit/bioreg_meeting_20260803_final/results/ssr_cosmos_lrrobust_cifar100_rank4_1node_20260907_r2_cifar100_lowrank_fixedkd_functionalspace/rank_4/robustness/kd_baseline/seed_19245/result.json
4,kd,baseline,19247,92.39,2.2526315789473697,96.4,0.0,0.0,0.0,/unify/ydchen/unidit/bioreg_meeting_20260803_final/results/ssr_cosmos_lrrobust_cifar100_rank4_1node_20260907_r2_cifar100_lowrank_fixedkd_functionalspace/rank_4/robustness/kd_baseline/seed_19247/result.json
4,kd,baseline,19249,93.66,1.2105263157894743,96.2,0.0,0.0,0.0,/unify/ydchen/unidit/bioreg_meeting_20260803_final/results/ssr_cosmos_lrrobust_cifar100_rank4_1node_20260907_r2_cifar100_lowrank_fixedkd_functionalspace/rank_4/robustness/kd_baseline/seed_19249/result.json
4,kd_ssr,scale_m0p0625,19231,94.35,0.8526315789473679,95.0,0.6599999999999824,0.7894736842105256,-0.4000000000000057,/unify/ydchen/unidit/bioreg_meeting_20260803_final/results/ssr_cosmos_lrrobust_cifar100_rank4_1node_20260907_r2_cifar100_lowrank_fixedkd_functionalspace/rank_4/robustness/kd_ssr_scale_m0p0625/seed_19231/result.json
4,kd_ssr,scale_m0p0625,19233,93.2,1.2736842105263166,93.0,0.5400000000000063,0.484210526315789,-1.0,/unify/ydchen/unidit/bioreg_meeting_20260803_final/results/ssr_cosmos_lrrobust_cifar100_rank4_1node_20260907_r2_cifar100_lowrank_fixedkd_functionalspace/rank_4/robustness/kd_ssr_scale_m0p0625/seed_19233/result.json
4,kd_ssr,scale_m0p0625,19235,93.57,1.0947368421052637,95.6,0.789999999999992,0.568421052631578,-0.6000000000000085,/unify/ydchen/unidit/bioreg_meeting_20260803_final/results/ssr_cosmos_lrrobust_cifar100_rank4_1node_20260907_r2_cifar100_lowrank_fixedkd_functionalspace/rank_4/robustness/kd_ssr_scale_m0p0625/seed_19235/result.json
4,kd_ssr,scale_m0p0625,19237,94.03999999999999,0.8631578947368417,95.8,0.4199999999999875,0.4736842105263166,-0.6000000000000085,/unify/ydchen/unidit/bioreg_meeting_20260803_final/results/ssr_cosmos_lrrobust_cifar100_rank4_1node_20260907_r2_cifar100_lowrank_fixedkd_functionalspace/rank_4/robustness/kd_ssr_scale_m0p0625/seed_19237/result.json
4,kd_ssr,scale_m0p0625,19239,93.18,0.9578947368421055,93.4,0.8300000000000125,0.8526315789473701,0.4000000000000057,/unify/ydchen/unidit/bioreg_meeting_20260803_final/results/ssr_cosmos_lrrobust_cifar100_rank4_1node_20260907_r2_cifar100_lowrank_fixedkd_functionalspace/rank_4/robustness/kd_ssr_scale_m0p0625/seed_19239/result.json
4,kd_ssr,scale_m0p0625,19241,93.97,0.8631578947368425,96.2,0.4399999999999977,0.621052631578945,-0.5999999999999943,/unify/ydchen/unidit/bioreg_meeting_20260803_final/results/ssr_cosmos_lrrobust_cifar100_rank4_1node_20260907_r2_cifar100_lowrank_fixedkd_functionalspace/rank_4/robustness/kd_ssr_scale_m0p0625/seed_19241/result.json
4,kd_ssr,scale_m0p0625,19243,93.66,0.8842105263157901,94.2,0.7800000000000011,0.7473684210526331,1.2000000000000028,/unify/ydchen/unidit/bioreg_meeting_20260803_final/results/ssr_cosmos_lrrobust_cifar100_rank4_1node_20260907_r2_cifar100_lowrank_fixedkd_functionalspace/rank_4/robustness/kd_ssr_scale_m0p0625/seed_19243/result.json
4,kd_ssr,scale_m0p0625,19245,93.55,1.1157894736842129,95.2,0.44000000000001194,0.5157894736842097,-1.0,/unify/ydchen/unidit/bioreg_meeting_20260803_final/results/ssr_cosmos_lrrobust_cifar100_rank4_1node_20260907_r2_cifar100_lowrank_fixedkd_functionalspace/rank_4/robustness/kd_ssr_scale_m0p0625/seed_19245/result.json
4,kd_ssr,scale_m0p0625,19247,93.60999999999999,1.221052631578949,97.6,1.2199999999999847,1.0315789473684207,1.1999999999999886,/unify/ydchen/unidit/bioreg_meeting_20260803_final/results/ssr_cosmos_lrrobust_cifar100_rank4_1node_20260907_r2_cifar100_lowrank_fixedkd_functionalspace/rank_4/robustness/kd_ssr_scale_m0p0625/seed_19247/result.json
4,kd_ssr,scale_m0p0625,19249,94.1,0.7789473684210525,96.0,0.4399999999999977,0.43157894736842184,-0.20000000000000284,/unify/ydchen/unidit/bioreg_meeting_20260803_final/results/ssr_cosmos_lrrobust_cifar100_rank4_1node_20260907_r2_cifar100_lowrank_fixedkd_functionalspace/rank_4/robustness/kd_ssr_scale_m0p0625/seed_19249/result.json
4,kd_ssr,scale_m0p125,19231,94.72000000000001,0.5052631578947373,95.2,1.0300000000000011,1.136842105263156,-0.20000000000000284,/unify/ydchen/unidit/bioreg_meeting_20260803_final/results/ssr_cosmos_lrrobust_cifar100_rank4_1node_20260907_r2_cifar100_lowrank_fixedkd_functionalspace/rank_4/robustness/kd_ssr_scale_m0p125/seed_19231/result.json
4,kd_ssr,scale_m0p125,19233,93.61,0.8526315789473693,93.4,0.9500000000000028,0.9052631578947363,-0.5999999999999943,/unify/ydchen/unidit/bioreg_meeting_20260803_final/results/ssr_cosmos_lrrobust_cifar100_rank4_1node_20260907_r2_cifar100_lowrank_fixedkd_functionalspace/rank_4/robustness/kd_ssr_scale_m0p125/seed_19233/result.json
4,kd_ssr,scale_m0p125,19235,94.03999999999999,0.6421052631578948,96.2,1.259999999999991,1.021052631578947,0.0,/unify/ydchen/unidit/bioreg_meeting_20260803_final/results/ssr_cosmos_lrrobust_cifar100_rank4_1node_20260907_r2_cifar100_lowrank_fixedkd_functionalspace/rank_4/robustness/kd_ssr_scale_m0p125/seed_19235/result.json
4,kd_ssr,scale_m0p125,19237,94.27999999999999,0.6631578947368418,95.8,0.6599999999999824,0.6736842105263164,-0.6000000000000085,/unify/ydchen/unidit/bioreg_meeting_20260803_final/results/ssr_cosmos_lrrobust_cifar100_rank4_1node_20260907_r2_cifar100_lowrank_fixedkd_functionalspace/rank_4/robustness/kd_ssr_scale_m0p125/seed_19237/result.json
4,kd_ssr,scale_m0p125,19239,93.49000000000001,0.6526315789473702,93.0,1.1400000000000148,1.1578947368421053,0.0,/unify/ydchen/unidit/bioreg_meeting_20260803_final/results/ssr_cosmos_lrrobust_cifar100_rank4_1node_20260907_r2_cifar100_lowrank_fixedkd_functionalspace/rank_4/robustness/kd_ssr_scale_m0p125/seed_19239/result.json
4,kd_ssr,scale_m0p125,19241,94.53,0.4947368421052635,96.8,1.0,0.989473684210524,0.0,/unify/ydchen/unidit/bioreg_meeting_20260803_final/results/ssr_cosmos_lrrobust_cifar100_rank4_1node_20260907_r2_cifar100_lowrank_fixedkd_functionalspace/rank_4/robustness/kd_ssr_scale_m0p125/seed_19241/result.json
4,kd_ssr,scale_m0p125,19243,93.69,0.8000000000000002,93.0,0.8100000000000023,0.8315789473684231,0.0,/unify/ydchen/unidit/bioreg_meeting_20260803_final/results/ssr_cosmos_lrrobust_cifar100_rank4_1node_20260907_r2_cifar100_lowrank_fixedkd_functionalspace/rank_4/robustness/kd_ssr_scale_m0p125/seed_19243/result.json
4,kd_ssr,scale_m0p125,19245,93.78,0.8842105263157908,95.0,0.6700000000000159,0.7473684210526318,-1.2000000000000028,/unify/ydchen/unidit/bioreg_meeting_20260803_final/results/ssr_cosmos_lrrobust_cifar100_rank4_1node_20260907_r2_cifar100_lowrank_fixedkd_functionalspace/rank_4/robustness/kd_ssr_scale_m0p125/seed_19245/result.json
4,kd_ssr,scale_m0p125,19247,94.32,0.6736842105263171,98.6,1.9299999999999926,1.5789473684210527,2.1999999999999886,/unify/ydchen/unidit/bioreg_meeting_20260803_final/results/ssr_cosmos_lrrobust_cifar100_rank4_1node_20260907_r2_cifar100_lowrank_fixedkd_functionalspace/rank_4/robustness/kd_ssr_scale_m0p125/seed_19247/result.json
4,kd_ssr,scale_m0p125,19249,94.39000000000001,0.5052631578947351,95.8,0.7300000000000182,0.7052631578947393,-0.4000000000000057,/unify/ydchen/unidit/bioreg_meeting_20260803_final/results/ssr_cosmos_lrrobust_cifar100_rank4_1node_20260907_r2_cifar100_lowrank_fixedkd_functionalspace/rank_4/robustness/kd_ssr_scale_m0p125/seed_19249/result.json
4,kd_ssr,scale_m0p25,19231,94.98,0.284210526315789,95.2,1.289999999999992,1.3578947368421044,-0.20000000000000284,/unify/ydchen/unidit/bioreg_meeting_20260803_final/results/ssr_cosmos_lrrobust_cifar100_rank4_1node_20260907_r2_cifar100_lowrank_fixedkd_functionalspace/rank_4/robustness/kd_ssr_scale_m0p25/seed_19231/result.json
4,kd_ssr,scale_m0p25,19233,94.16999999999999,0.43157894736842123,93.0,1.509999999999991,1.3263157894736843,-1.0,/unify/ydchen/unidit/bioreg_meeting_20260803_final/results/ssr_cosmos_lrrobust_cifar100_rank4_1node_20260907_r2_cifar100_lowrank_fixedkd_functionalspace/rank_4/robustness/kd_ssr_scale_m0p25/seed_19233/result.json
4,kd_ssr,scale_m0p25,19235,94.17,0.4105263157894765,95.8,1.3900000000000006,1.2526315789473652,-0.4000000000000057,/unify/ydchen/unidit/bioreg_meeting_20260803_final/results/ssr_cosmos_lrrobust_cifar100_rank4_1node_20260907_r2_cifar100_lowrank_fixedkd_functionalspace/rank_4/robustness/kd_ssr_scale_m0p25/seed_19235/result.json
4,kd_ssr,scale_m0p25,19237,94.47,0.5157894736842104,96.0,0.8499999999999943,0.8210526315789479,-0.4000000000000057,/unify/ydchen/unidit/bioreg_meeting_20260803_final/results/ssr_cosmos_lrrobust_cifar100_rank4_1node_20260907_r2_cifar100_lowrank_fixedkd_functionalspace/rank_4/robustness/kd_ssr_scale_m0p25/seed_19237/result.json
4,kd_ssr,scale_m0p25,19239,93.62,0.5052631578947373,93.4,1.2700000000000102,1.3052631578947382,0.4000000000000057,/unify/ydchen/unidit/bioreg_meeting_20260803_final/results/ssr_cosmos_lrrobust_cifar100_rank4_1node_20260907_r2_cifar100_lowrank_fixedkd_functionalspace/rank_4/robustness/kd_ssr_scale_m0p25/seed_19239/result.json
4,kd_ssr,scale_m0p25,19241,94.8,0.28421052631578975,97.0,1.269999999999996,1.1999999999999977,0.20000000000000284,/unify/ydchen/unidit/bioreg_meeting_20260803_final/results/ssr_cosmos_lrrobust_cifar100_rank4_1node_20260907_r2_cifar100_lowrank_fixedkd_functionalspace/rank_4/robustness/kd_ssr_scale_m0p25/seed_19241/result.json
4,kd_ssr,scale_m0p25,19243,93.85999999999999,0.5894736842105265,94.0,0.9799999999999898,1.0421052631578966,1.0,/unify/ydchen/unidit/bioreg_meeting_20260803_final/results/ssr_cosmos_lrrobust_cifar100_rank4_1node_20260907_r2_cifar100_lowrank_fixedkd_functionalspace/rank_4/robustness/kd_ssr_scale_m0p25/seed_19243/result.json
4,kd_ssr,scale_m0p25,19245,94.1,0.6210526315789472,95.4,0.9900000000000091,1.0105263157894755,-0.7999999999999972,/unify/ydchen/unidit/bioreg_meeting_20260803_final/results/ssr_cosmos_lrrobust_cifar100_rank4_1node_20260907_r2_cifar100_lowrank_fixedkd_functionalspace/rank_4/robustness/kd_ssr_scale_m0p25/seed_19245/result.json
4,kd_ssr,scale_m0p25,19247,94.54,0.38947368421052436,97.4,2.1500000000000057,1.8631578947368452,1.0,/unify/ydchen/unidit/bioreg_meeting_20260803_final/results/ssr_cosmos_lrrobust_cifar100_rank4_1node_20260907_r2_cifar100_lowrank_fixedkd_functionalspace/rank_4/robustness/kd_ssr_scale_m0p25/seed_19247/result.json
4,kd_ssr,scale_m0p25,19249,94.89,0.3052631578947352,95.6,1.230000000000004,0.9052631578947392,-0.6000000000000085,/unify/ydchen/unidit/bioreg_meeting_20260803_final/results/ssr_cosmos_lrrobust_cifar100_rank4_1node_20260907_r2_cifar100_lowrank_fixedkd_functionalspace/rank_4/robustness/kd_ssr_scale_m0p25/seed_19249/result.json
4,kd_ssr,scale_m0p5,19231,94.97,0.24210526315789443,95.6,1.279999999999987,1.399999999999999,0.19999999999998863,/unify/ydchen/unidit/bioreg_meeting_20260803_final/results/ssr_cosmos_lrrobust_cifar100_rank4_1node_20260907_r2_cifar100_lowrank_fixedkd_functionalspace/rank_4/robustness/kd_ssr_scale_m0p5/seed_19231/result.json
4,kd_ssr,scale_m0p5,19233,94.35999999999999,0.1578947368421045,93.2,1.6999999999999886,1.6000000000000012,-0.7999999999999972,/unify/ydchen/unidit/bioreg_meeting_20260803_final/results/ssr_cosmos_lrrobust_cifar100_rank4_1node_20260907_r2_cifar100_lowrank_fixedkd_functionalspace/rank_4/robustness/kd_ssr_scale_m0p5/seed_19233/result.json
4,kd_ssr,scale_m0p5,19235,94.28,0.26315789473684137,94.4,1.5,1.4000000000000004,-1.7999999999999972,/unify/ydchen/unidit/bioreg_meeting_20260803_final/results/ssr_cosmos_lrrobust_cifar100_rank4_1node_20260907_r2_cifar100_lowrank_fixedkd_functionalspace/rank_4/robustness/kd_ssr_scale_m0p5/seed_19235/result.json
4,kd_ssr,scale_m0p5,19237,94.79999999999998,0.34736842105263277,95.6,1.1799999999999784,0.9894736842105255,-0.8000000000000114,/unify/ydchen/unidit/bioreg_meeting_20260803_final/results/ssr_cosmos_lrrobust_cifar100_rank4_1node_20260907_r2_cifar100_lowrank_fixedkd_functionalspace/rank_4/robustness/kd_ssr_scale_m0p5/seed_19237/result.json
4,kd_ssr,scale_m0p5,19239,93.73999999999998,0.3578947368421081,92.6,1.3899999999999864,1.4526315789473674,-0.4000000000000057,/unify/ydchen/unidit/bioreg_meeting_20260803_final/results/ssr_cosmos_lrrobust_cifar100_rank4_1node_20260907_r2_cifar100_lowrank_fixedkd_functionalspace/rank_4/robustness/kd_ssr_scale_m0p5/seed_19239/result.json
4,kd_ssr,scale_m0p5,19241,94.95,0.16842105263157836,96.6,1.4200000000000017,1.315789473684209,-0.20000000000000284,/unify/ydchen/unidit/bioreg_meeting_20260803_final/results/ssr_cosmos_lrrobust_cifar100_rank4_1node_20260907_r2_cifar100_lowrank_fixedkd_functionalspace/rank_4/robustness/kd_ssr_scale_m0p5/seed_19241/result.json
4,kd_ssr,scale_m0p5,19243,94.1,0.3368421052631582,95.0,1.2199999999999989,1.294736842105265,2.0,/unify/ydchen/unidit/bioreg_meeting_20260803_final/results/ssr_cosmos_lrrobust_cifar100_rank4_1node_20260907_r2_cifar100_lowrank_fixedkd_functionalspace/rank_4/robustness/kd_ssr_scale_m0p5/seed_19243/result.json
4,kd_ssr,scale_m0p5,19245,94.31,0.3684210526315782,95.8,1.200000000000017,1.2631578947368443,-0.4000000000000057,/unify/ydchen/unidit/bioreg_meeting_20260803_final/results/ssr_cosmos_lrrobust_cifar100_rank4_1node_20260907_r2_cifar100_lowrank_fixedkd_functionalspace/rank_4/robustness/kd_ssr_scale_m0p5/seed_19245/result.json
4,kd_ssr,scale_m0p5,19247,94.69999999999999,0.315789473684209,97.6,2.309999999999988,1.9368421052631606,1.1999999999999886,/unify/ydchen/unidit/bioreg_meeting_20260803_final/results/ssr_cosmos_lrrobust_cifar100_rank4_1node_20260907_r2_cifar100_lowrank_fixedkd_functionalspace/rank_4/robustness/kd_ssr_scale_m0p5/seed_19247/result.json
4,kd_ssr,scale_m0p5,19249,94.85,0.32631578947368584,95.6,1.1899999999999977,0.8842105263157884,-0.6000000000000085,/unify/ydchen/unidit/bioreg_meeting_20260803_final/results/ssr_cosmos_lrrobust_cifar100_rank4_1node_20260907_r2_cifar100_lowrank_fixedkd_functionalspace/rank_4/robustness/kd_ssr_scale_m0p5/seed_19249/result.json
4,kd_ssr,scale_m16p0,19231,92.36999999999999,0.07368421052631534,90.2,-1.3200000000000216,1.568421052631578,-5.200000000000003,/unify/ydchen/unidit/bioreg_meeting_20260803_final/results/ssr_cosmos_lrrobust_cifar100_rank4_1node_20260907_r2_cifar100_lowrank_fixedkd_functionalspace/rank_4/robustness/kd_ssr_scale_m16p0/seed_19231/result.json
4,kd_ssr,scale_m16p0,19233,92.07,0.08421052631578992,89.6,-0.5900000000000034,1.6736842105263157,-4.400000000000006,/unify/ydchen/unidit/bioreg_meeting_20260803_final/results/ssr_cosmos_lrrobust_cifar100_rank4_1node_20260907_r2_cifar100_lowrank_fixedkd_functionalspace/rank_4/robustness/kd_ssr_scale_m16p0/seed_19233/result.json
4,kd_ssr,scale_m16p0,19235,91.96000000000001,0.12631578947368377,91.0,-0.8199999999999932,1.536842105263158,-5.200000000000003,/unify/ydchen/unidit/bioreg_meeting_20260803_final/results/ssr_cosmos_lrrobust_cifar100_rank4_1node_20260907_r2_cifar100_lowrank_fixedkd_functionalspace/rank_4/robustness/kd_ssr_scale_m16p0/seed_19235/result.json
4,kd_ssr,scale_m16p0,19237,92.10000000000001,0.2736842105263167,92.4,-1.519999999999996,1.0631578947368416,-4.0,/unify/ydchen/unidit/bioreg_meeting_20260803_final/results/ssr_cosmos_lrrobust_cifar100_rank4_1node_20260907_r2_cifar100_lowrank_fixedkd_functionalspace/rank_4/robustness/kd_ssr_scale_m16p0/seed_19237/result.json
4,kd_ssr,scale_m16p0,19239,92.28,0.09473684210526376,92.0,-0.06999999999999318,1.7157894736842119,-1.0,/unify/ydchen/unidit/bioreg_meeting_20260803_final/results/ssr_cosmos_lrrobust_cifar100_rank4_1node_20260907_r2_cifar100_lowrank_fixedkd_functionalspace/rank_4/robustness/kd_ssr_scale_m16p0/seed_19239/result.json
4,kd_ssr,scale_m16p0,19241,92.45,0.031578947368421505,93.4,-1.0799999999999983,1.4526315789473658,-3.3999999999999915,/unify/ydchen/unidit/bioreg_meeting_20260803_final/results/ssr_cosmos_lrrobust_cifar100_rank4_1node_20260907_r2_cifar100_lowrank_fixedkd_functionalspace/rank_4/robustness/kd_ssr_scale_m16p0/seed_19241/result.json
4,kd_ssr,scale_m16p0,19243,90.9,0.1368421052631576,89.0,-1.9799999999999898,1.4947368421052656,-4.0,/unify/ydchen/unidit/bioreg_meeting_20260803_final/results/ssr_cosmos_lrrobust_cifar100_rank4_1node_20260907_r2_cifar100_lowrank_fixedkd_functionalspace/rank_4/robustness/kd_ssr_scale_m16p0/seed_19243/result.json
4,kd_ssr,scale_m16p0,19245,92.17999999999998,0.13684210526315685,92.2,-0.9300000000000068,1.4947368421052658,-4.0,/unify/ydchen/unidit/bioreg_meeting_20260803_final/results/ssr_cosmos_lrrobust_cifar100_rank4_1node_20260907_r2_cifar100_lowrank_fixedkd_functionalspace/rank_4/robustness/kd_ssr_scale_m16p0/seed_19245/result.json
4,kd_ssr,scale_m16p0,19247,92.66,0.1789473684210522,94.6,0.269999999999996,2.0736842105263174,-1.8000000000000114,/unify/ydchen/unidit/bioreg_meeting_20260803_final/results/ssr_cosmos_lrrobust_cifar100_rank4_1node_20260907_r2_cifar100_lowrank_fixedkd_functionalspace/rank_4/robustness/kd_ssr_scale_m16p0/seed_19247/result.json
4,kd_ssr,scale_m16p0,19249,91.88,0.13684210526315685,91.0,-1.7800000000000011,1.0736842105263176,-5.200000000000003,/unify/ydchen/unidit/bioreg_meeting_20260803_final/results/ssr_cosmos_lrrobust_cifar100_rank4_1node_20260907_r2_cifar100_lowrank_fixedkd_functionalspace/rank_4/robustness/kd_ssr_scale_m16p0/seed_19249/result.json
4,kd_ssr,scale_m1p0,19231,95.03,0.21052631578947442,95.4,1.3399999999999892,1.431578947368419,0.0,/unify/ydchen/unidit/bioreg_meeting_20260803_final/results/ssr_cosmos_lrrobust_cifar100_rank4_1node_20260907_r2_cifar100_lowrank_fixedkd_functionalspace/rank_4/robustness/kd_ssr_scale_m1p0/seed_19231/result.json
4,kd_ssr,scale_m1p0,19233,94.34,0.24210526315789369,93.4,1.6800000000000068,1.515789473684212,-0.5999999999999943,/unify/ydchen/unidit/bioreg_meeting_20260803_final/results/ssr_cosmos_lrrobust_cifar100_rank4_1node_20260907_r2_cifar100_lowrank_fixedkd_functionalspace/rank_4/robustness/kd_ssr_scale_m1p0/seed_19233/result.json
4,kd_ssr,scale_m1p0,19235,94.34,0.2842105263157905,94.2,1.5600000000000023,1.3789473684210511,-2.0,/unify/ydchen/unidit/bioreg_meeting_20260803_final/results/ssr_cosmos_lrrobust_cifar100_rank4_1node_20260907_r2_cifar100_lowrank_fixedkd_functionalspace/rank_4/robustness/kd_ssr_scale_m1p0/seed_19235/result.json
4,kd_ssr,scale_m1p0,19237,94.82000000000001,0.3052631578947367,94.8,1.2000000000000028,1.0315789473684216,-1.6000000000000085,/unify/ydchen/unidit/bioreg_meeting_20260803_final/results/ssr_cosmos_lrrobust_cifar100_rank4_1node_20260907_r2_cifar100_lowrank_fixedkd_functionalspace/rank_4/robustness/kd_ssr_scale_m1p0/seed_19237/result.json
4,kd_ssr,scale_m1p0,19239,93.83,0.284210526315789,93.4,1.480000000000004,1.5263157894736865,0.4000000000000057,/unify/ydchen/unidit/bioreg_meeting_20260803_final/results/ssr_cosmos_lrrobust_cifar100_rank4_1node_20260907_r2_cifar100_lowrank_fixedkd_functionalspace/rank_4/robustness/kd_ssr_scale_m1p0/seed_19239/result.json
4,kd_ssr,scale_m1p0,19241,95.01,0.16842105263157836,96.6,1.480000000000004,1.315789473684209,-0.20000000000000284,/unify/ydchen/unidit/bioreg_meeting_20260803_final/results/ssr_cosmos_lrrobust_cifar100_rank4_1node_20260907_r2_cifar100_lowrank_fixedkd_functionalspace/rank_4/robustness/kd_ssr_scale_m1p0/seed_19241/result.json
4,kd_ssr,scale_m1p0,19243,94.03999999999999,0.34736842105263205,94.0,1.1599999999999966,1.2842105263157912,1.0,/unify/ydchen/unidit/bioreg_meeting_20260803_final/results/ssr_cosmos_lrrobust_cifar100_rank4_1node_20260907_r2_cifar100_lowrank_fixedkd_functionalspace/rank_4/robustness/kd_ssr_scale_m1p0/seed_19243/result.json
4,kd_ssr,scale_m1p0,19245,94.42999999999998,0.3263157894736851,95.8,1.3199999999999932,1.3052631578947373,-0.4000000000000057,/unify/ydchen/unidit/bioreg_meeting_20260803_final/results/ssr_cosmos_lrrobust_cifar100_rank4_1node_20260907_r2_cifar100_lowrank_fixedkd_functionalspace/rank_4/robustness/kd_ssr_scale_m1p0/seed_19245/result.json
4,kd_ssr,scale_m1p0,19247,94.62,0.21052631578947442,97.0,2.230000000000004,2.0421052631578953,0.5999999999999943,/unify/ydchen/unidit/bioreg_meeting_20260803_final/results/ssr_cosmos_lrrobust_cifar100_rank4_1node_20260907_r2_cifar100_lowrank_fixedkd_functionalspace/rank_4/robustness/kd_ssr_scale_m1p0/seed_19247/result.json
4,kd_ssr,scale_m1p0,19249,94.82000000000001,0.38947368421052736,96.2,1.1600000000000108,0.821052631578947,0.0,/unify/ydchen/unidit/bioreg_meeting_20260803_final/results/ssr_cosmos_lrrobust_cifar100_rank4_1node_20260907_r2_cifar100_lowrank_fixedkd_functionalspace/rank_4/robustness/kd_ssr_scale_m1p0/seed_19249/result.json
4,kd_ssr,scale_m2p0,19231,94.83000000000001,0.25263157894736904,94.6,1.1400000000000006,1.3894736842105244,-0.8000000000000114,/unify/ydchen/unidit/bioreg_meeting_20260803_final/results/ssr_cosmos_lrrobust_cifar100_rank4_1node_20260907_r2_cifar100_lowrank_fixedkd_functionalspace/rank_4/robustness/kd_ssr_scale_m2p0/seed_19231/result.json
4,kd_ssr,scale_m2p0,19233,94.03999999999999,0.28421052631578975,91.8,1.3799999999999955,1.473684210526316,-2.200000000000003,/unify/ydchen/unidit/bioreg_meeting_20260803_final/results/ssr_cosmos_lrrobust_cifar100_rank4_1node_20260907_r2_cifar100_lowrank_fixedkd_functionalspace/rank_4/robustness/kd_ssr_scale_m2p0/seed_19233/result.json
4,kd_ssr,scale_m2p0,19235,94.18000000000002,0.3052631578947367,94.0,1.40000000000002,1.357894736842105,-2.200000000000003,/unify/ydchen/unidit/bioreg_meeting_20260803_final/results/ssr_cosmos_lrrobust_cifar100_rank4_1node_20260907_r2_cifar100_lowrank_fixedkd_functionalspace/rank_4/robustness/kd_ssr_scale_m2p0/seed_19235/result.json
4,kd_ssr,scale_m2p0,19237,94.71,0.3368421052631567,95.0,1.0899999999999892,1.0000000000000016,-1.4000000000000057,/unify/ydchen/unidit/bioreg_meeting_20260803_final/results/ssr_cosmos_lrrobust_cifar100_rank4_1node_20260907_r2_cifar100_lowrank_fixedkd_functionalspace/rank_4/robustness/kd_ssr_scale_m2p0/seed_19237/result.json
4,kd_ssr,scale_m2p0,19239,93.67,0.24210526315789369,92.8,1.3200000000000074,1.5684210526315818,-0.20000000000000284,/unify/ydchen/unidit/bioreg_meeting_20260803_final/results/ssr_cosmos_lrrobust_cifar100_rank4_1node_20260907_r2_cifar100_lowrank_fixedkd_functionalspace/rank_4/robustness/kd_ssr_scale_m2p0/seed_19239/result.json
4,kd_ssr,scale_m2p0,19241,94.73000000000002,0.1999999999999976,96.2,1.200000000000017,1.28421052631579,-0.5999999999999943,/unify/ydchen/unidit/bioreg_meeting_20260803_final/results/ssr_cosmos_lrrobust_cifar100_rank4_1node_20260907_r2_cifar100_lowrank_fixedkd_functionalspace/rank_4/robustness/kd_ssr_scale_m2p0/seed_19241/result.json
4,kd_ssr,scale_m2p0,19243,93.91,0.22105263157894828,93.6,1.0300000000000011,1.410526315789475,0.5999999999999943,/unify/ydchen/unidit/bioreg_meeting_20260803_final/results/ssr_cosmos_lrrobust_cifar100_rank4_1node_20260907_r2_cifar100_lowrank_fixedkd_functionalspace/rank_4/robustness/kd_ssr_scale_m2p0/seed_19243/result.json
4,kd_ssr,scale_m2p0,19245,94.39,0.1999999999999991,95.2,1.2800000000000153,1.4315789473684235,-1.0,/unify/ydchen/unidit/bioreg_meeting_20260803_final/results/ssr_cosmos_lrrobust_cifar100_rank4_1node_20260907_r2_cifar100_lowrank_fixedkd_functionalspace/rank_4/robustness/kd_ssr_scale_m2p0/seed_19245/result.json
4,kd_ssr,scale_m2p0,19247,94.37000000000002,0.2736842105263152,97.4,1.9800000000000182,1.9789473684210543,1.0,/unify/ydchen/unidit/bioreg_meeting_20260803_final/results/ssr_cosmos_lrrobust_cifar100_rank4_1node_20260907_r2_cifar100_lowrank_fixedkd_functionalspace/rank_4/robustness/kd_ssr_scale_m2p0/seed_19247/result.json
4,kd_ssr,scale_m2p0,19249,94.64000000000001,0.33684210526315594,96.0,0.9800000000000182,0.8736842105263184,-0.20000000000000284,/unify/ydchen/unidit/bioreg_meeting_20260803_final/results/ssr_cosmos_lrrobust_cifar100_rank4_1node_20260907_r2_cifar100_lowrank_fixedkd_functionalspace/rank_4/robustness/kd_ssr_scale_m2p0/seed_19249/result.json
4,kd_ssr,scale_m4p0,19231,94.62,0.22105263157894678,94.6,0.9299999999999926,1.4210526315789467,-0.8000000000000114,/unify/ydchen/unidit/bioreg_meeting_20260803_final/results/ssr_cosmos_lrrobust_cifar100_rank4_1node_20260907_r2_cifar100_lowrank_fixedkd_functionalspace/rank_4/robustness/kd_ssr_scale_m4p0/seed_19231/result.json
4,kd_ssr,scale_m4p0,19233,93.65,0.17894736842105294,91.2,0.9900000000000091,1.5789473684210527,-2.799999999999997,/unify/ydchen/unidit/bioreg_meeting_20260803_final/results/ssr_cosmos_lrrobust_cifar100_rank4_1node_20260907_r2_cifar100_lowrank_fixedkd_functionalspace/rank_4/robustness/kd_ssr_scale_m4p0/seed_19233/result.json
4,kd_ssr,scale_m4p0,19235,94.09,0.12631578947368452,93.8,1.3100000000000023,1.5368421052631571,-2.4000000000000057,/unify/ydchen/unidit/bioreg_meeting_20260803_final/results/ssr_cosmos_lrrobust_cifar100_rank4_1node_20260907_r2_cifar100_lowrank_fixedkd_functionalspace/rank_4/robustness/kd_ssr_scale_m4p0/seed_19235/result.json
4,kd_ssr,scale_m4p0,19237,94.46000000000001,0.22105263157894753,94.2,0.8400000000000034,1.1157894736842107,-2.200000000000003,/unify/ydchen/unidit/bioreg_meeting_20260803_final/results/ssr_cosmos_lrrobust_cifar100_rank4_1node_20260907_r2_cifar100_lowrank_fixedkd_functionalspace/rank_4/robustness/kd_ssr_scale_m4p0/seed_19237/result.json
4,kd_ssr,scale_m4p0,19239,93.42999999999999,0.10526315789473684,92.8,1.0799999999999983,1.7052631578947386,-0.20000000000000284,/unify/ydchen/unidit/bioreg_meeting_20260803_final/results/ssr_cosmos_lrrobust_cifar100_rank4_1node_20260907_r2_cifar100_lowrank_fixedkd_functionalspace/rank_4/robustness/kd_ssr_scale_m4p0/seed_19239/result.json
4,kd_ssr,scale_m4p0,19241,94.35,0.20000000000000134,95.8,0.8199999999999932,1.2842105263157861,-1.0,/unify/ydchen/unidit/bioreg_meeting_20260803_final/results/ssr_cosmos_lrrobust_cifar100_rank4_1node_20260907_r2_cifar100_lowrank_fixedkd_functionalspace/rank_4/robustness/kd_ssr_scale_m4p0/seed_19241/result.json
4,kd_ssr,scale_m4p0,19243,93.41,0.22105263157894603,92.8,0.5300000000000011,1.4105263157894772,-0.20000000000000284,/unify/ydchen/unidit/bioreg_meeting_20260803_final/results/ssr_cosmos_lrrobust_cifar100_rank4_1node_20260907_r2_cifar100_lowrank_fixedkd_functionalspace/rank_4/robustness/kd_ssr_scale_m4p0/seed_19243/result.json
4,kd_ssr,scale_m4p0,19245,94.17,0.08421052631578843,94.4,1.0600000000000165,1.5473684210526342,-1.7999999999999972,/unify/ydchen/unidit/bioreg_meeting_20260803_final/results/ssr_cosmos_lrrobust_cifar100_rank4_1node_20260907_r2_cifar100_lowrank_fixedkd_functionalspace/rank_4/robustness/kd_ssr_scale_m4p0/seed_19245/result.json
4,kd_ssr,scale_m4p0,19247,94.14000000000001,0.24210526315789593,96.8,1.7500000000000142,2.0105263157894737,0.3999999999999915,/unify/ydchen/unidit/bioreg_meeting_20260803_final/results/ssr_cosmos_lrrobust_cifar100_rank4_1node_20260907_r2_cifar100_lowrank_fixedkd_functionalspace/rank_4/robustness/kd_ssr_scale_m4p0/seed_19247/result.json
4,kd_ssr,scale_m4p0,19249,94.3,0.3052631578947352,95.6,0.6400000000000006,0.9052631578947392,-0.6000000000000085,/unify/ydchen/unidit/bioreg_meeting_20260803_final/results/ssr_cosmos_lrrobust_cifar100_rank4_1node_20260907_r2_cifar100_lowrank_fixedkd_functionalspace/rank_4/robustness/kd_ssr_scale_m4p0/seed_19249/result.json
4,kd_ssr,scale_m8p0,19231,94.24,0.14736842105263218,94.8,0.549999999999983,1.4947368421052611,-0.6000000000000085,/unify/ydchen/unidit/bioreg_meeting_20260803_final/results/ssr_cosmos_lrrobust_cifar100_rank4_1node_20260907_r2_cifar100_lowrank_fixedkd_functionalspace/rank_4/robustness/kd_ssr_scale_m8p0/seed_19231/result.json
4,kd_ssr,scale_m8p0,19233,93.13,0.1789473684210537,90.8,0.46999999999999886,1.578947368421052,-3.200000000000003,/unify/ydchen/unidit/bioreg_meeting_20260803_final/results/ssr_cosmos_lrrobust_cifar100_rank4_1node_20260907_r2_cifar100_lowrank_fixedkd_functionalspace/rank_4/robustness/kd_ssr_scale_m8p0/seed_19233/result.json
4,kd_ssr,scale_m8p0,19235,93.57,0.18947368421052677,93.6,0.789999999999992,1.473684210526315,-2.6000000000000085,/unify/ydchen/unidit/bioreg_meeting_20260803_final/results/ssr_cosmos_lrrobust_cifar100_rank4_1node_20260907_r2_cifar100_lowrank_fixedkd_functionalspace/rank_4/robustness/kd_ssr_scale_m8p0/seed_19235/result.json
4,kd_ssr,scale_m8p0,19237,93.82000000000001,0.1684210526315776,94.0,0.20000000000000284,1.1684210526315806,-2.4000000000000057,/unify/ydchen/unidit/bioreg_meeting_20260803_final/results/ssr_cosmos_lrrobust_cifar100_rank4_1node_20260907_r2_cifar100_lowrank_fixedkd_functionalspace/rank_4/robustness/kd_ssr_scale_m8p0/seed_19237/result.json
4,kd_ssr,scale_m8p0,19239,93.07000000000001,0.24210526315789294,92.8,0.7200000000000131,1.5684210526315825,-0.20000000000000284,/unify/ydchen/unidit/bioreg_meeting_20260803_final/results/ssr_cosmos_lrrobust_cifar100_rank4_1node_20260907_r2_cifar100_lowrank_fixedkd_functionalspace/rank_4/robustness/kd_ssr_scale_m8p0/seed_19239/result.json
4,kd_ssr,scale_m8p0,19241,93.98,0.1999999999999991,95.8,0.45000000000000284,1.2842105263157884,-1.0,/unify/ydchen/unidit/bioreg_meeting_20260803_final/results/ssr_cosmos_lrrobust_cifar100_rank4_1node_20260907_r2_cifar100_lowrank_fixedkd_functionalspace/rank_4/robustness/kd_ssr_scale_m8p0/seed_19241/result.json
4,kd_ssr,scale_m8p0,19243,92.83000000000001,0.1368421052631591,92.0,-0.04999999999998295,1.4947368421052643,-1.0,/unify/ydchen/unidit/bioreg_meeting_20260803_final/results/ssr_cosmos_lrrobust_cifar100_rank4_1node_20260907_r2_cifar100_lowrank_fixedkd_functionalspace/rank_4/robustness/kd_ssr_scale_m8p0/seed_19243/result.json
4,kd_ssr,scale_m8p0,19245,93.50999999999998,0.09473684210526301,94.0,0.3999999999999915,1.5368421052631596,-2.200000000000003,/unify/ydchen/unidit/bioreg_meeting_20260803_final/results/ssr_cosmos_lrrobust_cifar100_rank4_1node_20260907_r2_cifar100_lowrank_fixedkd_functionalspace/rank_4/robustness/kd_ssr_scale_m8p0/seed_19245/result.json
4,kd_ssr,scale_m8p0,19247,93.8,0.22105263157894603,96.2,1.4099999999999966,2.031578947368424,-0.20000000000000284,/unify/ydchen/unidit/bioreg_meeting_20260803_final/results/ssr_cosmos_lrrobust_cifar100_rank4_1node_20260907_r2_cifar100_lowrank_fixedkd_functionalspace/rank_4/robustness/kd_ssr_scale_m8p0/seed_19247/result.json
4,kd_ssr,scale_m8p0,19249,93.75999999999999,0.2736842105263159,94.6,0.09999999999999432,0.9368421052631584,-1.6000000000000085,/unify/ydchen/unidit/bioreg_meeting_20260803_final/results/ssr_cosmos_lrrobust_cifar100_rank4_1node_20260907_r2_cifar100_lowrank_fixedkd_functionalspace/rank_4/robustness/kd_ssr_scale_m8p0/seed_19249/result.json
4,kd_ewc,scale_m0p0625,19231,94.46000000000001,0.8315789473684216,95.6,0.769999999999996,0.8105263157894718,0.19999999999998863,/unify/ydchen/unidit/bioreg_meeting_20260803_final/results/ssr_cosmos_lrrobust_cifar100_rank4_1node_20260907_r2_cifar100_lowrank_fixedkd_functionalspace/rank_4/robustness/kd_ewc_scale_m0p0625/seed_19231/result.json
4,kd_ewc,scale_m0p0625,19233,93.66,0.6421052631578956,93.0,1.0,1.11578947368421,-1.0,/unify/ydchen/unidit/bioreg_meeting_20260803_final/results/ssr_cosmos_lrrobust_cifar100_rank4_1node_20260907_r2_cifar100_lowrank_fixedkd_functionalspace/rank_4/robustness/kd_ewc_scale_m0p0625/seed_19233/result.json
4,kd_ewc,scale_m0p0625,19235,93.72,0.8842105263157901,95.8,0.9399999999999977,0.7789473684210516,-0.4000000000000057,/unify/ydchen/unidit/bioreg_meeting_20260803_final/results/ssr_cosmos_lrrobust_cifar100_rank4_1node_20260907_r2_cifar100_lowrank_fixedkd_functionalspace/rank_4/robustness/kd_ewc_scale_m0p0625/seed_19235/result.json
4,kd_ewc,scale_m0p0625,19237,93.86,1.1473684210526314,95.8,0.23999999999999488,0.1894736842105269,-0.6000000000000085,/unify/ydchen/unidit/bioreg_meeting_20260803_final/results/ssr_cosmos_lrrobust_cifar100_rank4_1node_20260907_r2_cifar100_lowrank_fixedkd_functionalspace/rank_4/robustness/kd_ewc_scale_m0p0625/seed_19237/result.json
4,kd_ewc,scale_m0p0625,19239,93.19000000000001,0.8842105263157908,94.0,0.8400000000000176,0.9263157894736848,1.0,/unify/ydchen/unidit/bioreg_meeting_20260803_final/results/ssr_cosmos_lrrobust_cifar100_rank4_1node_20260907_r2_cifar100_lowrank_fixedkd_functionalspace/rank_4/robustness/kd_ewc_scale_m0p0625/seed_19239/result.json
4,kd_ewc,scale_m0p0625,19241,94.01000000000002,0.9263157894736854,97.0,0.4800000000000182,0.557894736842102,0.20000000000000284,/unify/ydchen/unidit/bioreg_meeting_20260803_final/results/ssr_cosmos_lrrobust_cifar100_rank4_1node_20260907_r2_cifar100_lowrank_fixedkd_functionalspace/rank_4/robustness/kd_ewc_scale_m0p0625/seed_19241/result.json
4,kd_ewc,scale_m0p0625,19243,93.73,0.7368421052631572,93.8,0.8500000000000085,0.894736842105266,0.7999999999999972,/unify/ydchen/unidit/bioreg_meeting_20260803_final/results/ssr_cosmos_lrrobust_cifar100_rank4_1node_20260907_r2_cifar100_lowrank_fixedkd_functionalspace/rank_4/robustness/kd_ewc_scale_m0p0625/seed_19243/result.json
4,kd_ewc,scale_m0p0625,19245,93.67999999999999,0.9473684210526309,95.2,0.5700000000000074,0.6842105263157917,-1.0,/unify/ydchen/unidit/bioreg_meeting_20260803_final/results/ssr_cosmos_lrrobust_cifar100_rank4_1node_20260907_r2_cifar100_lowrank_fixedkd_functionalspace/rank_4/robustness/kd_ewc_scale_m0p0625/seed_19245/result.json
4,kd_ewc,scale_m0p0625,19247,93.78,0.8736842105263155,97.4,1.3900000000000006,1.3789473684210543,1.0,/unify/ydchen/unidit/bioreg_meeting_20260803_final/results/ssr_cosmos_lrrobust_cifar100_rank4_1node_20260907_r2_cifar100_lowrank_fixedkd_functionalspace/rank_4/robustness/kd_ewc_scale_m0p0625/seed_19247/result.json
4,kd_ewc,scale_m0p0625,19249,94.18999999999998,0.7684210526315801,96.0,0.5299999999999869,0.4421052631578942,-0.20000000000000284,/unify/ydchen/unidit/bioreg_meeting_20260803_final/results/ssr_cosmos_lrrobust_cifar100_rank4_1node_20260907_r2_cifar100_lowrank_fixedkd_functionalspace/rank_4/robustness/kd_ewc_scale_m0p0625/seed_19249/result.json
4,kd_ewc,scale_m0p125,19231,94.66999999999999,0.5789473684210541,95.8,0.9799999999999756,1.0631578947368392,0.3999999999999915,/unify/ydchen/unidit/bioreg_meeting_20260803_final/results/ssr_cosmos_lrrobust_cifar100_rank4_1node_20260907_r2_cifar100_lowrank_fixedkd_functionalspace/rank_4/robustness/kd_ewc_scale_m0p125/seed_19231/result.json
4,kd_ewc,scale_m0p125,19233,93.81,0.5999999999999995,93.2,1.1500000000000057,1.1578947368421062,-0.7999999999999972,/unify/ydchen/unidit/bioreg_meeting_20260803_final/results/ssr_cosmos_lrrobust_cifar100_rank4_1node_20260907_r2_cifar100_lowrank_fixedkd_functionalspace/rank_4/robustness/kd_ewc_scale_m0p125/seed_19233/result.json
4,kd_ewc,scale_m0p125,19235,93.87,0.6631578947368433,95.2,1.0900000000000034,0.9999999999999984,-1.0,/unify/ydchen/unidit/bioreg_meeting_20260803_final/results/ssr_cosmos_lrrobust_cifar100_rank4_1node_20260907_r2_cifar100_lowrank_fixedkd_functionalspace/rank_4/robustness/kd_ewc_scale_m0p125/seed_19235/result.json
4,kd_ewc,scale_m0p125,19237,94.25,0.8421052631578955,95.0,0.6299999999999955,0.4947368421052628,-1.4000000000000057,/unify/ydchen/unidit/bioreg_meeting_20260803_final/results/ssr_cosmos_lrrobust_cifar100_rank4_1node_20260907_r2_cifar100_lowrank_fixedkd_functionalspace/rank_4/robustness/kd_ewc_scale_m0p125/seed_19237/result.json
4,kd_ewc,scale_m0p125,19239,93.42999999999999,0.5789473684210549,93.8,1.0799999999999983,1.2315789473684207,0.7999999999999972,/unify/ydchen/unidit/bioreg_meeting_20260803_final/results/ssr_cosmos_lrrobust_cifar100_rank4_1node_20260907_r2_cifar100_lowrank_fixedkd_functionalspace/rank_4/robustness/kd_ewc_scale_m0p125/seed_19239/result.json
4,kd_ewc,scale_m0p125,19241,94.33000000000001,0.6736842105263157,97.0,0.8000000000000114,0.8105263157894718,0.20000000000000284,/unify/ydchen/unidit/bioreg_meeting_20260803_final/results/ssr_cosmos_lrrobust_cifar100_rank4_1node_20260907_r2_cifar100_lowrank_fixedkd_functionalspace/rank_4/robustness/kd_ewc_scale_m0p125/seed_19241/result.json
4,kd_ewc,scale_m0p125,19243,94.05,0.43157894736842123,94.0,1.1700000000000017,1.200000000000002,1.0,/unify/ydchen/unidit/bioreg_meeting_20260803_final/results/ssr_cosmos_lrrobust_cifar100_rank4_1node_20260907_r2_cifar100_lowrank_fixedkd_functionalspace/rank_4/robustness/kd_ewc_scale_m0p125/seed_19243/result.json
4,kd_ewc,scale_m0p125,19245,93.97999999999999,0.7578947368421055,95.8,0.8700000000000045,0.8736842105263171,-0.4000000000000057,/unify/ydchen/unidit/bioreg_meeting_20260803_final/results/ssr_cosmos_lrrobust_cifar100_rank4_1node_20260907_r2_cifar100_lowrank_fixedkd_functionalspace/rank_4/robustness/kd_ewc_scale_m0p125/seed_19245/result.json
4,kd_ewc,scale_m0p125,19247,94.04,0.6421052631578934,97.6,1.6500000000000057,1.6105263157894762,1.1999999999999886,/unify/ydchen/unidit/bioreg_meeting_20260803_final/results/ssr_cosmos_lrrobust_cifar100_rank4_1node_20260907_r2_cifar100_lowrank_fixedkd_functionalspace/rank_4/robustness/kd_ewc_scale_m0p125/seed_19247/result.json
4,kd_ewc,scale_m0p125,19249,94.34,0.6105263157894734,96.0,0.6800000000000068,0.600000000000001,-0.20000000000000284,/unify/ydchen/unidit/bioreg_meeting_20260803_final/results/ssr_cosmos_lrrobust_cifar100_rank4_1node_20260907_r2_cifar100_lowrank_fixedkd_functionalspace/rank_4/robustness/kd_ewc_scale_m0p125/seed_19249/result.json
4,kd_ewc,scale_m0p25,19231,94.81000000000002,0.47368421052631576,95.8,1.1200000000000045,1.1684210526315777,0.3999999999999915,/unify/ydchen/unidit/bioreg_meeting_20260803_final/results/ssr_cosmos_lrrobust_cifar100_rank4_1node_20260907_r2_cifar100_lowrank_fixedkd_functionalspace/rank_4/robustness/kd_ewc_scale_m0p25/seed_19231/result.json
4,kd_ewc,scale_m0p25,19233,93.91,0.43157894736842195,93.0,1.25,1.3263157894736837,-1.0,/unify/ydchen/unidit/bioreg_meeting_20260803_final/results/ssr_cosmos_lrrobust_cifar100_rank4_1node_20260907_r2_cifar100_lowrank_fixedkd_functionalspace/rank_4/robustness/kd_ewc_scale_m0p25/seed_19233/result.json
4,kd_ewc,scale_m0p25,19235,93.96999999999998,0.4947368421052635,94.6,1.1899999999999835,1.1684210526315781,-1.6000000000000085,/unify/ydchen/unidit/bioreg_meeting_20260803_final/results/ssr_cosmos_lrrobust_cifar100_rank4_1node_20260907_r2_cifar100_lowrank_fixedkd_functionalspace/rank_4/robustness/kd_ewc_scale_m0p25/seed_19235/result.json
4,kd_ewc,scale_m0p25,19237,94.44999999999999,0.6105263157894741,94.6,0.8299999999999841,0.7263157894736841,-1.8000000000000114,/unify/ydchen/unidit/bioreg_meeting_20260803_final/results/ssr_cosmos_lrrobust_cifar100_rank4_1node_20260907_r2_cifar100_lowrank_fixedkd_functionalspace/rank_4/robustness/kd_ewc_scale_m0p25/seed_19237/result.json
4,kd_ewc,scale_m0p25,19239,93.53999999999999,0.37894736842105353,93.2,1.1899999999999977,1.431578947368422,0.20000000000000284,/unify/ydchen/unidit/bioreg_meeting_20260803_final/results/ssr_cosmos_lrrobust_cifar100_rank4_1node_20260907_r2_cifar100_lowrank_fixedkd_functionalspace/rank_4/robustness/kd_ewc_scale_m0p25/seed_19239/result.json
4,kd_ewc,scale_m0p25,19241,94.57000000000001,0.48421052631579037,97.2,1.0400000000000063,0.9999999999999971,0.4000000000000057,/unify/ydchen/unidit/bioreg_meeting_20260803_final/results/ssr_cosmos_lrrobust_cifar100_rank4_1node_20260907_r2_cifar100_lowrank_fixedkd_functionalspace/rank_4/robustness/kd_ewc_scale_m0p25/seed_19241/result.json
4,kd_ewc,scale_m0p25,19243,94.04,0.42105263157894884,94.4,1.1600000000000108,1.2105263157894743,1.4000000000000057,/unify/ydchen/unidit/bioreg_meeting_20260803_final/results/ssr_cosmos_lrrobust_cifar100_rank4_1node_20260907_r2_cifar100_lowrank_fixedkd_functionalspace/rank_4/robustness/kd_ewc_scale_m0p25/seed_19243/result.json
4,kd_ewc,scale_m0p25,19245,94.26,0.47368421052631576,96.2,1.15000000000002,1.1578947368421069,0.0,/unify/ydchen/unidit/bioreg_meeting_20260803_final/results/ssr_cosmos_lrrobust_cifar100_rank4_1node_20260907_r2_cifar100_lowrank_fixedkd_functionalspace/rank_4/robustness/kd_ewc_scale_m0p25/seed_19245/result.json
4,kd_ewc,scale_m0p25,19247,94.30999999999999,0.4105263157894735,97.6,1.9199999999999875,1.842105263157896,1.1999999999999886,/unify/ydchen/unidit/bioreg_meeting_20260803_final/results/ssr_cosmos_lrrobust_cifar100_rank4_1node_20260907_r2_cifar100_lowrank_fixedkd_functionalspace/rank_4/robustness/kd_ewc_scale_m0p25/seed_19247/result.json
4,kd_ewc,scale_m0p25,19249,94.50999999999999,0.4421052631578958,95.8,0.8499999999999943,0.7684210526315786,-0.4000000000000057,/unify/ydchen/unidit/bioreg_meeting_20260803_final/results/ssr_cosmos_lrrobust_cifar100_rank4_1node_20260907_r2_cifar100_lowrank_fixedkd_functionalspace/rank_4/robustness/kd_ewc_scale_m0p25/seed_19249/result.json
4,kd_ewc,scale_m0p5,19231,94.99,0.3052631578947352,95.6,1.299999999999983,1.3368421052631583,0.19999999999998863,/unify/ydchen/unidit/bioreg_meeting_20260803_final/results/ssr_cosmos_lrrobust_cifar100_rank4_1node_20260907_r2_cifar100_lowrank_fixedkd_functionalspace/rank_4/robustness/kd_ewc_scale_m0p5/seed_19231/result.json
4,kd_ewc,scale_m0p5,19233,94.13,0.410526315789472,93.2,1.4699999999999989,1.3473684210526335,-0.7999999999999972,/unify/ydchen/unidit/bioreg_meeting_20260803_final/results/ssr_cosmos_lrrobust_cifar100_rank4_1node_20260907_r2_cifar100_lowrank_fixedkd_functionalspace/rank_4/robustness/kd_ewc_scale_m0p5/seed_19233/result.json
4,kd_ewc,scale_m0p5,19235,94.11000000000001,0.3789473684210513,94.4,1.3300000000000125,1.2842105263157904,-1.7999999999999972,/unify/ydchen/unidit/bioreg_meeting_20260803_final/results/ssr_cosmos_lrrobust_cifar100_rank4_1node_20260907_r2_cifar100_lowrank_fixedkd_functionalspace/rank_4/robustness/kd_ewc_scale_m0p5/seed_19235/result.json
4,kd_ewc,scale_m0p5,19237,94.65000000000002,0.4947368421052627,95.2,1.0300000000000153,0.8421052631578956,-1.2000000000000028,/unify/ydchen/unidit/bioreg_meeting_20260803_final/results/ssr_cosmos_lrrobust_cifar100_rank4_1node_20260907_r2_cifar100_lowrank_fixedkd_functionalspace/rank_4/robustness/kd_ewc_scale_m0p5/seed_19237/result.json
4,kd_ewc,scale_m0p5,19239,93.6,0.3157894736842105,92.8,1.25,1.4947368421052651,-0.20000000000000284,/unify/ydchen/unidit/bioreg_meeting_20260803_final/results/ssr_cosmos_lrrobust_cifar100_rank4_1node_20260907_r2_cifar100_lowrank_fixedkd_functionalspace/rank_4/robustness/kd_ewc_scale_m0p5/seed_19239/result.json
4,kd_ewc,scale_m0p5,19241,94.59,0.47368421052631654,97.0,1.0600000000000023,1.0105263157894708,0.20000000000000284,/unify/ydchen/unidit/bioreg_meeting_20260803_final/results/ssr_cosmos_lrrobust_cifar100_rank4_1node_20260907_r2_cifar100_lowrank_fixedkd_functionalspace/rank_4/robustness/kd_ewc_scale_m0p5/seed_19241/result.json
4,kd_ewc,scale_m0p5,19243,93.95000000000002,0.34736842105263055,93.6,1.0700000000000216,1.2842105263157926,0.5999999999999943,/unify/ydchen/unidit/bioreg_meeting_20260803_final/results/ssr_cosmos_lrrobust_cifar100_rank4_1node_20260907_r2_cifar100_lowrank_fixedkd_functionalspace/rank_4/robustness/kd_ewc_scale_m0p5/seed_19243/result.json
4,kd_ewc,scale_m0p5,19245,94.28,0.48421052631578965,96.0,1.170000000000016,1.147368421052633,-0.20000000000000284,/unify/ydchen/unidit/bioreg_meeting_20260803_final/results/ssr_cosmos_lrrobust_cifar100_rank4_1node_20260907_r2_cifar100_lowrank_fixedkd_functionalspace/rank_4/robustness/kd_ewc_scale_m0p5/seed_19245/result.json
4,kd_ewc,scale_m0p5,19247,94.37999999999998,0.28421052631578975,97.8,1.9899999999999807,1.96842105263158,1.3999999999999915,/unify/ydchen/unidit/bioreg_meeting_20260803_final/results/ssr_cosmos_lrrobust_cifar100_rank4_1node_20260907_r2_cifar100_lowrank_fixedkd_functionalspace/rank_4/robustness/kd_ewc_scale_m0p5/seed_19247/result.json
4,kd_ewc,scale_m0p5,19249,94.59,0.3578947368421044,96.0,0.9300000000000068,0.85263157894737,-0.20000000000000284,/unify/ydchen/unidit/bioreg_meeting_20260803_final/results/ssr_cosmos_lrrobust_cifar100_rank4_1node_20260907_r2_cifar100_lowrank_fixedkd_functionalspace/rank_4/robustness/kd_ewc_scale_m0p5/seed_19249/result.json
4,kd_ewc,scale_m16p0,19231,93.74999999999999,0.4105263157894735,94.2,0.05999999999997385,1.23157894736842,-1.2000000000000028,/unify/ydchen/unidit/bioreg_meeting_20260803_final/results/ssr_cosmos_lrrobust_cifar100_rank4_1node_20260907_r2_cifar100_lowrank_fixedkd_functionalspace/rank_4/robustness/kd_ewc_scale_m16p0/seed_19231/result.json
4,kd_ewc,scale_m16p0,19233,93.08000000000001,0.15789473684210525,91.2,0.4200000000000159,1.6000000000000003,-2.799999999999997,/unify/ydchen/unidit/bioreg_meeting_20260803_final/results/ssr_cosmos_lrrobust_cifar100_rank4_1node_20260907_r2_cifar100_lowrank_fixedkd_functionalspace/rank_4/robustness/kd_ewc_scale_m16p0/seed_19233/result.json
4,kd_ewc,scale_m16p0,19235,93.14999999999999,0.18947368421052602,93.6,0.36999999999999034,1.4736842105263157,-2.6000000000000085,/unify/ydchen/unidit/bioreg_meeting_20260803_final/results/ssr_cosmos_lrrobust_cifar100_rank4_1node_20260907_r2_cifar100_lowrank_fixedkd_functionalspace/rank_4/robustness/kd_ewc_scale_m16p0/seed_19235/result.json
4,kd_ewc,scale_m16p0,19237,93.67,0.16842105263157983,94.2,0.04999999999999716,1.1684210526315784,-2.200000000000003,/unify/ydchen/unidit/bioreg_meeting_20260803_final/results/ssr_cosmos_lrrobust_cifar100_rank4_1node_20260907_r2_cifar100_lowrank_fixedkd_functionalspace/rank_4/robustness/kd_ewc_scale_m16p0/seed_19237/result.json
4,kd_ewc,scale_m16p0,19239,92.65,0.3052631578947382,92.4,0.30000000000001137,1.5052631578947373,-0.5999999999999943,/unify/ydchen/unidit/bioreg_meeting_20260803_final/results/ssr_cosmos_lrrobust_cifar100_rank4_1node_20260907_r2_cifar100_lowrank_fixedkd_functionalspace/rank_4/robustness/kd_ewc_scale_m16p0/seed_19239/result.json
4,kd_ewc,scale_m16p0,19241,93.53999999999999,0.1684210526315791,95.0,0.009999999999990905,1.3157894736842084,-1.7999999999999972,/unify/ydchen/unidit/bioreg_meeting_20260803_final/results/ssr_cosmos_lrrobust_cifar100_rank4_1node_20260907_r2_cifar100_lowrank_fixedkd_functionalspace/rank_4/robustness/kd_ewc_scale_m16p0/seed_19241/result.json
4,kd_ewc,scale_m16p0,19243,92.73,0.17894736842105294,92.6,-0.14999999999999147,1.4526315789473703,-0.4000000000000057,/unify/ydchen/unidit/bioreg_meeting_20260803_final/results/ssr_cosmos_lrrobust_cifar100_rank4_1node_20260907_r2_cifar100_lowrank_fixedkd_functionalspace/rank_4/robustness/kd_ewc_scale_m16p0/seed_19243/result.json
4,kd_ewc,scale_m16p0,19245,93.29,0.23157894736842136,94.0,0.18000000000002103,1.4000000000000012,-2.200000000000003,/unify/ydchen/unidit/bioreg_meeting_20260803_final/results/ssr_cosmos_lrrobust_cifar100_rank4_1node_20260907_r2_cifar100_lowrank_fixedkd_functionalspace/rank_4/robustness/kd_ewc_scale_m16p0/seed_19245/result.json
4,kd_ewc,scale_m16p0,19247,93.50999999999999,0.2315789473684221,95.8,1.1199999999999903,2.0210526315789474,-0.6000000000000085,/unify/ydchen/unidit/bioreg_meeting_20260803_final/results/ssr_cosmos_lrrobust_cifar100_rank4_1node_20260907_r2_cifar100_lowrank_fixedkd_functionalspace/rank_4/robustness/kd_ewc_scale_m16p0/seed_19247/result.json
4,kd_ewc,scale_m16p0,19249,93.64,0.22105263157894753,95.0,-0.01999999999999602,0.9894736842105268,-1.2000000000000028,/unify/ydchen/unidit/bioreg_meeting_20260803_final/results/ssr_cosmos_lrrobust_cifar100_rank4_1node_20260907_r2_cifar100_lowrank_fixedkd_functionalspace/rank_4/robustness/kd_ewc_scale_m16p0/seed_19249/result.json
4,kd_ewc,scale_m1p0,19231,94.83000000000001,0.28421052631578975,94.8,1.1400000000000006,1.3578947368421037,-0.6000000000000085,/unify/ydchen/unidit/bioreg_meeting_20260803_final/results/ssr_cosmos_lrrobust_cifar100_rank4_1node_20260907_r2_cifar100_lowrank_fixedkd_functionalspace/rank_4/robustness/kd_ewc_scale_m1p0/seed_19231/result.json
4,kd_ewc,scale_m1p0,19233,94.03,0.33684210526315966,92.4,1.3700000000000045,1.421052631578946,-1.5999999999999943,/unify/ydchen/unidit/bioreg_meeting_20260803_final/results/ssr_cosmos_lrrobust_cifar100_rank4_1node_20260907_r2_cifar100_lowrank_fixedkd_functionalspace/rank_4/robustness/kd_ewc_scale_m1p0/seed_19233/result.json
4,kd_ewc,scale_m1p0,19235,94.06,0.30526315789473746,94.4,1.2800000000000011,1.3578947368421042,-1.7999999999999972,/unify/ydchen/unidit/bioreg_meeting_20260803_final/results/ssr_cosmos_lrrobust_cifar100_rank4_1node_20260907_r2_cifar100_lowrank_fixedkd_functionalspace/rank_4/robustness/kd_ewc_scale_m1p0/seed_19235/result.json
4,kd_ewc,scale_m1p0,19237,94.71000000000001,0.37894736842105053,95.4,1.0900000000000034,0.9578947368421078,-1.0,/unify/ydchen/unidit/bioreg_meeting_20260803_final/results/ssr_cosmos_lrrobust_cifar100_rank4_1node_20260907_r2_cifar100_lowrank_fixedkd_functionalspace/rank_4/robustness/kd_ewc_scale_m1p0/seed_19237/result.json
4,kd_ewc,scale_m1p0,19239,93.59,0.2315789473684206,92.4,1.240000000000009,1.5789473684210549,-0.5999999999999943,/unify/ydchen/unidit/bioreg_meeting_20260803_final/results/ssr_cosmos_lrrobust_cifar100_rank4_1node_20260907_r2_cifar100_lowrank_fixedkd_functionalspace/rank_4/robustness/kd_ewc_scale_m1p0/seed_19239/result.json
4,kd_ewc,scale_m1p0,19241,94.57,0.3684210526315789,96.8,1.039999999999992,1.1157894736842084,0.0,/unify/ydchen/unidit/bioreg_meeting_20260803_final/results/ssr_cosmos_lrrobust_cifar100_rank4_1node_20260907_r2_cifar100_lowrank_fixedkd_functionalspace/rank_4/robustness/kd_ewc_scale_m1p0/seed_19241/result.json
4,kd_ewc,scale_m1p0,19243,93.8,0.34736842105263127,93.4,0.9200000000000017,1.284210526315792,0.4000000000000057,/unify/ydchen/unidit/bioreg_meeting_20260803_final/results/ssr_cosmos_lrrobust_cifar100_rank4_1node_20260907_r2_cifar100_lowrank_fixedkd_functionalspace/rank_4/robustness/kd_ewc_scale_m1p0/seed_19243/result.json
4,kd_ewc,scale_m1p0,19245,94.12,0.4526315789473681,95.2,1.0100000000000193,1.1789473684210545,-1.0,/unify/ydchen/unidit/bioreg_meeting_20260803_final/results/ssr_cosmos_lrrobust_cifar100_rank4_1node_20260907_r2_cifar100_lowrank_fixedkd_functionalspace/rank_4/robustness/kd_ewc_scale_m1p0/seed_19245/result.json
4,kd_ewc,scale_m1p0,19247,94.38000000000001,0.22105263157894678,98.0,1.990000000000009,2.031578947368423,1.5999999999999943,/unify/ydchen/unidit/bioreg_meeting_20260803_final/results/ssr_cosmos_lrrobust_cifar100_rank4_1node_20260907_r2_cifar100_lowrank_fixedkd_functionalspace/rank_4/robustness/kd_ewc_scale_m1p0/seed_19247/result.json
4,kd_ewc,scale_m1p0,19249,94.49000000000001,0.38947368421052586,96.2,0.8300000000000125,0.8210526315789485,0.0,/unify/ydchen/unidit/bioreg_meeting_20260803_final/results/ssr_cosmos_lrrobust_cifar100_rank4_1node_20260907_r2_cifar100_lowrank_fixedkd_functionalspace/rank_4/robustness/kd_ewc_scale_m1p0/seed_19249/result.json
4,kd_ewc,scale_m2p0,19231,94.73,0.25263157894736976,94.4,1.039999999999992,1.3894736842105235,-1.0,/unify/ydchen/unidit/bioreg_meeting_20260803_final/results/ssr_cosmos_lrrobust_cifar100_rank4_1node_20260907_r2_cifar100_lowrank_fixedkd_functionalspace/rank_4/robustness/kd_ewc_scale_m2p0/seed_19231/result.json
4,kd_ewc,scale_m2p0,19233,93.88,0.25263157894736976,91.6,1.2199999999999989,1.5052631578947357,-2.4000000000000057,/unify/ydchen/unidit/bioreg_meeting_20260803_final/results/ssr_cosmos_lrrobust_cifar100_rank4_1node_20260907_r2_cifar100_lowrank_fixedkd_functionalspace/rank_4/robustness/kd_ewc_scale_m2p0/seed_19233/result.json
4,kd_ewc,scale_m2p0,19235,93.93,0.29473684210526435,94.0,1.1500000000000057,1.3684210526315774,-2.200000000000003,/unify/ydchen/unidit/bioreg_meeting_20260803_final/results/ssr_cosmos_lrrobust_cifar100_rank4_1node_20260907_r2_cifar100_lowrank_fixedkd_functionalspace/rank_4/robustness/kd_ewc_scale_m2p0/seed_19235/result.json
4,kd_ewc,scale_m2p0,19237,94.69,0.2315789473684191,95.0,1.0699999999999932,1.1052631578947392,-1.4000000000000057,/unify/ydchen/unidit/bioreg_meeting_20260803_final/results/ssr_cosmos_lrrobust_cifar100_rank4_1node_20260907_r2_cifar100_lowrank_fixedkd_functionalspace/rank_4/robustness/kd_ewc_scale_m2p0/seed_19237/result.json
4,kd_ewc,scale_m2p0,19239,93.44,0.21052631578947442,92.0,1.0900000000000034,1.6000000000000012,-1.0,/unify/ydchen/unidit/bioreg_meeting_20260803_final/results/ssr_cosmos_lrrobust_cifar100_rank4_1node_20260907_r2_cifar100_lowrank_fixedkd_functionalspace/rank_4/robustness/kd_ewc_scale_m2p0/seed_19239/result.json
4,kd_ewc,scale_m2p0,19241,94.41,0.284210526315789,96.6,0.8799999999999955,1.1999999999999984,-0.20000000000000284,/unify/ydchen/unidit/bioreg_meeting_20260803_final/results/ssr_cosmos_lrrobust_cifar100_rank4_1node_20260907_r2_cifar100_lowrank_fixedkd_functionalspace/rank_4/robustness/kd_ewc_scale_m2p0/seed_19241/result.json
4,kd_ewc,scale_m2p0,19243,93.67,0.3052631578947367,92.6,0.7900000000000063,1.3263157894736866,-0.4000000000000057,/unify/ydchen/unidit/bioreg_meeting_20260803_final/results/ssr_cosmos_lrrobust_cifar100_rank4_1node_20260907_r2_cifar100_lowrank_fixedkd_functionalspace/rank_4/robustness/kd_ewc_scale_m2p0/seed_19243/result.json
4,kd_ewc,scale_m2p0,19245,94.13000000000001,0.30526315789473746,94.4,1.0200000000000244,1.3263157894736852,-1.7999999999999972,/unify/ydchen/unidit/bioreg_meeting_20260803_final/results/ssr_cosmos_lrrobust_cifar100_rank4_1node_20260907_r2_cifar100_lowrank_fixedkd_functionalspace/rank_4/robustness/kd_ewc_scale_m2p0/seed_19245/result.json
4,kd_ewc,scale_m2p0,19247,94.19000000000001,0.34736842105263205,97.2,1.8000000000000114,1.9052631578947377,0.7999999999999972,/unify/ydchen/unidit/bioreg_meeting_20260803_final/results/ssr_cosmos_lrrobust_cifar100_rank4_1node_20260907_r2_cifar100_lowrank_fixedkd_functionalspace/rank_4/robustness/kd_ewc_scale_m2p0/seed_19247/result.json
4,kd_ewc,scale_m2p0,19249,94.34,0.3263157894736836,96.0,0.6800000000000068,0.8842105263157907,-0.20000000000000284,/unify/ydchen/unidit/bioreg_meeting_20260803_final/results/ssr_cosmos_lrrobust_cifar100_rank4_1node_20260907_r2_cifar100_lowrank_fixedkd_functionalspace/rank_4/robustness/kd_ewc_scale_m2p0/seed_19249/result.json
4,kd_ewc,scale_m4p0,19231,94.50999999999999,0.2631578947368421,94.2,0.819999999999979,1.3789473684210514,-1.2000000000000028,/unify/ydchen/unidit/bioreg_meeting_20260803_final/results/ssr_cosmos_lrrobust_cifar100_rank4_1node_20260907_r2_cifar100_lowrank_fixedkd_functionalspace/rank_4/robustness/kd_ewc_scale_m4p0/seed_19231/result.json
4,kd_ewc,scale_m4p0,19233,93.64,0.2736842105263152,91.6,0.980000000000004,1.4842105263157905,-2.4000000000000057,/unify/ydchen/unidit/bioreg_meeting_20260803_final/results/ssr_cosmos_lrrobust_cifar100_rank4_1node_20260907_r2_cifar100_lowrank_fixedkd_functionalspace/rank_4/robustness/kd_ewc_scale_m4p0/seed_19233/result.json
4,kd_ewc,scale_m4p0,19235,93.73,0.15789473684210525,93.4,0.9500000000000028,1.5052631578947364,-2.799999999999997,/unify/ydchen/unidit/bioreg_meeting_20260803_final/results/ssr_cosmos_lrrobust_cifar100_rank4_1node_20260907_r2_cifar100_lowrank_fixedkd_functionalspace/rank_4/robustness/kd_ewc_scale_m4p0/seed_19235/result.json
4,kd_ewc,scale_m4p0,19237,94.35,0.25263157894736754,94.6,0.7299999999999898,1.0842105263157906,-1.8000000000000114,/unify/ydchen/unidit/bioreg_meeting_20260803_final/results/ssr_cosmos_lrrobust_cifar100_rank4_1node_20260907_r2_cifar100_lowrank_fixedkd_functionalspace/rank_4/robustness/kd_ewc_scale_m4p0/seed_19237/result.json
4,kd_ewc,scale_m4p0,19239,93.36,0.18947368421052527,92.4,1.0100000000000051,1.6210526315789502,-0.5999999999999943,/unify/ydchen/unidit/bioreg_meeting_20260803_final/results/ssr_cosmos_lrrobust_cifar100_rank4_1node_20260907_r2_cifar100_lowrank_fixedkd_functionalspace/rank_4/robustness/kd_ewc_scale_m4p0/seed_19239/result.json
4,kd_ewc,scale_m4p0,19241,94.27000000000001,0.18947368421052602,96.4,0.7400000000000091,1.2947368421052614,-0.3999999999999915,/unify/ydchen/unidit/bioreg_meeting_20260803_final/results/ssr_cosmos_lrrobust_cifar100_rank4_1node_20260907_r2_cifar100_lowrank_fixedkd_functionalspace/rank_4/robustness/kd_ewc_scale_m4p0/seed_19241/result.json
4,kd_ewc,scale_m4p0,19243,93.42999999999999,0.21052631578947367,92.4,0.5499999999999972,1.4210526315789496,-0.5999999999999943,/unify/ydchen/unidit/bioreg_meeting_20260803_final/results/ssr_cosmos_lrrobust_cifar100_rank4_1node_20260907_r2_cifar100_lowrank_fixedkd_functionalspace/rank_4/robustness/kd_ewc_scale_m4p0/seed_19243/result.json
4,kd_ewc,scale_m4p0,19245,94.01,0.2315789473684221,94.2,0.9000000000000199,1.4000000000000004,-2.0,/unify/ydchen/unidit/bioreg_meeting_20260803_final/results/ssr_cosmos_lrrobust_cifar100_rank4_1node_20260907_r2_cifar100_lowrank_fixedkd_functionalspace/rank_4/robustness/kd_ewc_scale_m4p0/seed_19245/result.json
4,kd_ewc,scale_m4p0,19247,94.05,0.18947368421052602,96.4,1.6599999999999966,2.0631578947368436,0.0,/unify/ydchen/unidit/bioreg_meeting_20260803_final/results/ssr_cosmos_lrrobust_cifar100_rank4_1node_20260907_r2_cifar100_lowrank_fixedkd_functionalspace/rank_4/robustness/kd_ewc_scale_m4p0/seed_19247/result.json
4,kd_ewc,scale_m4p0,19249,94.16,0.21052631578947367,96.2,0.5,1.0000000000000007,0.0,/unify/ydchen/unidit/bioreg_meeting_20260803_final/results/ssr_cosmos_lrrobust_cifar100_rank4_1node_20260907_r2_cifar100_lowrank_fixedkd_functionalspace/rank_4/robustness/kd_ewc_scale_m4p0/seed_19249/result.json
4,kd_ewc,scale_m8p0,19231,94.19,0.2842105263157883,94.0,0.4999999999999858,1.357894736842105,-1.4000000000000057,/unify/ydchen/unidit/bioreg_meeting_20260803_final/results/ssr_cosmos_lrrobust_cifar100_rank4_1node_20260907_r2_cifar100_lowrank_fixedkd_functionalspace/rank_4/robustness/kd_ewc_scale_m8p0/seed_19231/result.json
4,kd_ewc,scale_m8p0,19233,93.3,0.21052631578947442,91.0,0.6400000000000006,1.5473684210526313,-3.0,/unify/ydchen/unidit/bioreg_meeting_20260803_final/results/ssr_cosmos_lrrobust_cifar100_rank4_1node_20260907_r2_cifar100_lowrank_fixedkd_functionalspace/rank_4/robustness/kd_ewc_scale_m8p0/seed_19233/result.json
4,kd_ewc,scale_m8p0,19235,93.44999999999999,0.12631578947368602,93.6,0.6699999999999875,1.5368421052631558,-2.6000000000000085,/unify/ydchen/unidit/bioreg_meeting_20260803_final/results/ssr_cosmos_lrrobust_cifar100_rank4_1node_20260907_r2_cifar100_lowrank_fixedkd_functionalspace/rank_4/robustness/kd_ewc_scale_m8p0/seed_19235/result.json
4,kd_ewc,scale_m8p0,19237,94.04,0.2315789473684206,94.2,0.4200000000000017,1.1052631578947376,-2.200000000000003,/unify/ydchen/unidit/bioreg_meeting_20260803_final/results/ssr_cosmos_lrrobust_cifar100_rank4_1node_20260907_r2_cifar100_lowrank_fixedkd_functionalspace/rank_4/robustness/kd_ewc_scale_m8p0/seed_19237/result.json
4,kd_ewc,scale_m8p0,19239,92.98,0.2631578947368406,92.4,0.6300000000000097,1.547368421052635,-0.5999999999999943,/unify/ydchen/unidit/bioreg_meeting_20260803_final/results/ssr_cosmos_lrrobust_cifar100_rank4_1node_20260907_r2_cifar100_lowrank_fixedkd_functionalspace/rank_4/robustness/kd_ewc_scale_m8p0/seed_19239/result.json
4,kd_ewc,scale_m8p0,19241,93.9,0.16842105263157836,95.6,0.37000000000000455,1.315789473684209,-1.2000000000000028,/unify/ydchen/unidit/bioreg_meeting_20260803_final/results/ssr_cosmos_lrrobust_cifar100_rank4_1node_20260907_r2_cifar100_lowrank_fixedkd_functionalspace/rank_4/robustness/kd_ewc_scale_m8p0/seed_19241/result.json
4,kd_ewc,scale_m8p0,19243,93.18000000000002,0.21052631578947367,92.4,0.3000000000000256,1.4210526315789496,-0.5999999999999943,/unify/ydchen/unidit/bioreg_meeting_20260803_final/results/ssr_cosmos_lrrobust_cifar100_rank4_1node_20260907_r2_cifar100_lowrank_fixedkd_functionalspace/rank_4/robustness/kd_ewc_scale_m8p0/seed_19243/result.json
4,kd_ewc,scale_m8p0,19245,93.66999999999999,0.21052631578947292,94.2,0.5600000000000023,1.4210526315789496,-2.0,/unify/ydchen/unidit/bioreg_meeting_20260803_final/results/ssr_cosmos_lrrobust_cifar100_rank4_1node_20260907_r2_cifar100_lowrank_fixedkd_functionalspace/rank_4/robustness/kd_ewc_scale_m8p0/seed_19245/result.json
4,kd_ewc,scale_m8p0,19247,93.70999999999998,0.29473684210526285,95.8,1.319999999999979,1.957894736842107,-0.6000000000000085,/unify/ydchen/unidit/bioreg_meeting_20260803_final/results/ssr_cosmos_lrrobust_cifar100_rank4_1node_20260907_r2_cifar100_lowrank_fixedkd_functionalspace/rank_4/robustness/kd_ewc_scale_m8p0/seed_19247/result.json
4,kd_ewc,scale_m8p0,19249,93.82,0.284210526315789,95.6,0.1599999999999966,0.9263157894736853,-0.6000000000000085,/unify/ydchen/unidit/bioreg_meeting_20260803_final/results/ssr_cosmos_lrrobust_cifar100_rank4_1node_20260907_r2_cifar100_lowrank_fixedkd_functionalspace/rank_4/robustness/kd_ewc_scale_m8p0/seed_19249/result.json
4,kd_mas,scale_m0p0625,19231,94.14000000000001,1.063157894736843,95.8,0.45000000000000284,0.5789473684210504,0.3999999999999915,/unify/ydchen/unidit/bioreg_meeting_20260803_final/results/ssr_cosmos_lrrobust_cifar100_rank4_1node_20260907_r2_cifar100_lowrank_fixedkd_functionalspace/rank_4/robustness/kd_mas_scale_m0p0625/seed_19231/result.json
4,kd_mas,scale_m0p0625,19233,93.21000000000001,1.11578947368421,93.4,0.5500000000000114,0.6421052631578956,-0.5999999999999943,/unify/ydchen/unidit/bioreg_meeting_20260803_final/results/ssr_cosmos_lrrobust_cifar100_rank4_1node_20260907_r2_cifar100_lowrank_fixedkd_functionalspace/rank_4/robustness/kd_mas_scale_m0p0625/seed_19233/result.json
4,kd_mas,scale_m0p0625,19235,93.35999999999999,1.0842105263157922,95.8,0.5799999999999841,0.5789473684210495,-0.4000000000000057,/unify/ydchen/unidit/bioreg_meeting_20260803_final/results/ssr_cosmos_lrrobust_cifar100_rank4_1node_20260907_r2_cifar100_lowrank_fixedkd_functionalspace/rank_4/robustness/kd_mas_scale_m0p0625/seed_19235/result.json
4,kd_mas,scale_m0p0625,19237,93.94,1.1052631578947383,95.6,0.3199999999999932,0.23157894736842,-0.8000000000000114,/unify/ydchen/unidit/bioreg_meeting_20260803_final/results/ssr_cosmos_lrrobust_cifar100_rank4_1node_20260907_r2_cifar100_lowrank_fixedkd_functionalspace/rank_4/robustness/kd_mas_scale_m0p0625/seed_19237/result.json
4,kd_mas,scale_m0p0625,19239,92.58,1.357894736842106,93.0,0.23000000000000398,0.4526315789473696,0.0,/unify/ydchen/unidit/bioreg_meeting_20260803_final/results/ssr_cosmos_lrrobust_cifar100_rank4_1node_20260907_r2_cifar100_lowrank_fixedkd_functionalspace/rank_4/robustness/kd_mas_scale_m0p0625/seed_19239/result.json
4,kd_mas,scale_m0p0625,19241,93.93,1.0315789473684223,97.4,0.4000000000000057,0.45263157894736517,0.6000000000000085,/unify/ydchen/unidit/bioreg_meeting_20260803_final/results/ssr_cosmos_lrrobust_cifar100_rank4_1node_20260907_r2_cifar100_lowrank_fixedkd_functionalspace/rank_4/robustness/kd_mas_scale_m0p0625/seed_19241/result.json
4,kd_mas,scale_m0p0625,19243,93.22,1.1894736842105267,93.8,0.3400000000000034,0.44210526315789656,0.7999999999999972,/unify/ydchen/unidit/bioreg_meeting_20260803_final/results/ssr_cosmos_lrrobust_cifar100_rank4_1node_20260907_r2_cifar100_lowrank_fixedkd_functionalspace/rank_4/robustness/kd_mas_scale_m0p0625/seed_19243/result.json
4,kd_mas,scale_m0p0625,19245,93.21000000000001,1.357894736842105,96.0,0.10000000000002274,0.27368421052631753,-0.20000000000000284,/unify/ydchen/unidit/bioreg_meeting_20260803_final/results/ssr_cosmos_lrrobust_cifar100_rank4_1node_20260907_r2_cifar100_lowrank_fixedkd_functionalspace/rank_4/robustness/kd_mas_scale_m0p0625/seed_19245/result.json
4,kd_mas,scale_m0p0625,19247,93.44,1.4105263157894727,98.2,1.0499999999999972,0.8421052631578969,1.7999999999999972,/unify/ydchen/unidit/bioreg_meeting_20260803_final/results/ssr_cosmos_lrrobust_cifar100_rank4_1node_20260907_r2_cifar100_lowrank_fixedkd_functionalspace/rank_4/robustness/kd_mas_scale_m0p0625/seed_19247/result.json
4,kd_mas,scale_m0p0625,19249,93.45,1.3052631578947373,95.8,-0.20999999999999375,-0.09473684210526301,-0.4000000000000057,/unify/ydchen/unidit/bioreg_meeting_20260803_final/results/ssr_cosmos_lrrobust_cifar100_rank4_1node_20260907_r2_cifar100_lowrank_fixedkd_functionalspace/rank_4/robustness/kd_mas_scale_m0p0625/seed_19249/result.json
4,kd_mas,scale_m0p125,19231,94.37,0.8105263157894725,95.6,0.6799999999999926,0.8315789473684209,0.19999999999998863,/unify/ydchen/unidit/bioreg_meeting_20260803_final/results/ssr_cosmos_lrrobust_cifar100_rank4_1node_20260907_r2_cifar100_lowrank_fixedkd_functionalspace/rank_4/robustness/kd_mas_scale_m0p125/seed_19231/result.json
4,kd_mas,scale_m0p125,19233,93.47,0.9368421052631585,93.2,0.8100000000000023,0.8210526315789471,-0.7999999999999972,/unify/ydchen/unidit/bioreg_meeting_20260803_final/results/ssr_cosmos_lrrobust_cifar100_rank4_1node_20260907_r2_cifar100_lowrank_fixedkd_functionalspace/rank_4/robustness/kd_mas_scale_m0p125/seed_19233/result.json
4,kd_mas,scale_m0p125,19235,93.52,0.8315789473684202,95.8,0.7399999999999949,0.8315789473684215,-0.4000000000000057,/unify/ydchen/unidit/bioreg_meeting_20260803_final/results/ssr_cosmos_lrrobust_cifar100_rank4_1node_20260907_r2_cifar100_lowrank_fixedkd_functionalspace/rank_4/robustness/kd_mas_scale_m0p125/seed_19235/result.json
4,kd_mas,scale_m0p125,19237,94.0,0.9789473684210516,95.8,0.37999999999999545,0.3578947368421067,-0.6000000000000085,/unify/ydchen/unidit/bioreg_meeting_20260803_final/results/ssr_cosmos_lrrobust_cifar100_rank4_1node_20260907_r2_cifar100_lowrank_fixedkd_functionalspace/rank_4/robustness/kd_mas_scale_m0p125/seed_19237/result.json
4,kd_mas,scale_m0p125,19239,92.63000000000001,1.3368421052631596,94.0,0.28000000000001535,0.47368421052631593,1.0,/unify/ydchen/unidit/bioreg_meeting_20260803_final/results/ssr_cosmos_lrrobust_cifar100_rank4_1node_20260907_r2_cifar100_lowrank_fixedkd_functionalspace/rank_4/robustness/kd_mas_scale_m0p125/seed_19239/result.json
4,kd_mas,scale_m0p125,19241,94.27000000000001,0.7368421052631586,97.2,0.7400000000000091,0.7473684210526288,0.4000000000000057,/unify/ydchen/unidit/bioreg_meeting_20260803_final/results/ssr_cosmos_lrrobust_cifar100_rank4_1node_20260907_r2_cifar100_lowrank_fixedkd_functionalspace/rank_4/robustness/kd_mas_scale_m0p125/seed_19241/result.json
4,kd_mas,scale_m0p125,19243,93.54999999999998,0.8421052631578955,94.8,0.6699999999999875,0.7894736842105278,1.7999999999999972,/unify/ydchen/unidit/bioreg_meeting_20260803_final/results/ssr_cosmos_lrrobust_cifar100_rank4_1node_20260907_r2_cifar100_lowrank_fixedkd_functionalspace/rank_4/robustness/kd_mas_scale_m0p125/seed_19243/result.json
4,kd_mas,scale_m0p125,19245,93.61,0.91578947368421,95.8,0.5000000000000142,0.7157894736842125,-0.4000000000000057,/unify/ydchen/unidit/bioreg_meeting_20260803_final/results/ssr_cosmos_lrrobust_cifar100_rank4_1node_20260907_r2_cifar100_lowrank_fixedkd_functionalspace/rank_4/robustness/kd_mas_scale_m0p125/seed_19245/result.json
4,kd_mas,scale_m0p125,19247,93.73,1.1052631578947383,98.0,1.3400000000000034,1.1473684210526314,1.5999999999999943,/unify/ydchen/unidit/bioreg_meeting_20260803_final/results/ssr_cosmos_lrrobust_cifar100_rank4_1node_20260907_r2_cifar100_lowrank_fixedkd_functionalspace/rank_4/robustness/kd_mas_scale_m0p125/seed_19247/result.json
4,kd_mas,scale_m0p125,19249,93.98,0.936842105263157,95.2,0.3200000000000074,0.2736842105263173,-1.0,/unify/ydchen/unidit/bioreg_meeting_20260803_final/results/ssr_cosmos_lrrobust_cifar100_rank4_1node_20260907_r2_cifar100_lowrank_fixedkd_functionalspace/rank_4/robustness/kd_mas_scale_m0p125/seed_19249/result.json
4,kd_mas,scale_m0p25,19231,94.51000000000002,0.5789473684210511,95.0,0.8200000000000074,1.0631578947368423,-0.4000000000000057,/unify/ydchen/unidit/bioreg_meeting_20260803_final/results/ssr_cosmos_lrrobust_cifar100_rank4_1node_20260907_r2_cifar100_lowrank_fixedkd_functionalspace/rank_4/robustness/kd_mas_scale_m0p25/seed_19231/result.json
4,kd_mas,scale_m0p25,19233,93.66,0.621052631578948,94.0,1.0,1.1368421052631577,0.0,/unify/ydchen/unidit/bioreg_meeting_20260803_final/results/ssr_cosmos_lrrobust_cifar100_rank4_1node_20260907_r2_cifar100_lowrank_fixedkd_functionalspace/rank_4/robustness/kd_mas_scale_m0p25/seed_19233/result.json
4,kd_mas,scale_m0p25,19235,93.67,0.5789473684210527,94.8,0.8900000000000006,1.084210526315789,-1.4000000000000057,/unify/ydchen/unidit/bioreg_meeting_20260803_final/results/ssr_cosmos_lrrobust_cifar100_rank4_1node_20260907_r2_cifar100_lowrank_fixedkd_functionalspace/rank_4/robustness/kd_mas_scale_m0p25/seed_19235/result.json
4,kd_mas,scale_m0p25,19237,94.21000000000001,0.7578947368421011,95.6,0.5900000000000034,0.5789473684210572,-0.8000000000000114,/unify/ydchen/unidit/bioreg_meeting_20260803_final/results/ssr_cosmos_lrrobust_cifar100_rank4_1node_20260907_r2_cifar100_lowrank_fixedkd_functionalspace/rank_4/robustness/kd_mas_scale_m0p25/seed_19237/result.json
4,kd_mas,scale_m0p25,19239,92.77,0.873684210526314,93.6,0.4200000000000017,0.9368421052631616,0.5999999999999943,/unify/ydchen/unidit/bioreg_meeting_20260803_final/results/ssr_cosmos_lrrobust_cifar100_rank4_1node_20260907_r2_cifar100_lowrank_fixedkd_functionalspace/rank_4/robustness/kd_mas_scale_m0p25/seed_19239/result.json
4,kd_mas,scale_m0p25,19241,94.45,0.4526315789473689,97.2,0.9200000000000017,1.0315789473684185,0.4000000000000057,/unify/ydchen/unidit/bioreg_meeting_20260803_final/results/ssr_cosmos_lrrobust_cifar100_rank4_1node_20260907_r2_cifar100_lowrank_fixedkd_functionalspace/rank_4/robustness/kd_mas_scale_m0p25/seed_19241/result.json
4,kd_mas,scale_m0p25,19243,93.84,0.32631578947368434,94.2,0.960000000000008,1.305263157894739,1.2000000000000028,/unify/ydchen/unidit/bioreg_meeting_20260803_final/results/ssr_cosmos_lrrobust_cifar100_rank4_1node_20260907_r2_cifar100_lowrank_fixedkd_functionalspace/rank_4/robustness/kd_mas_scale_m0p25/seed_19243/result.json
4,kd_mas,scale_m0p25,19245,94.07000000000001,0.43157894736842345,96.0,0.9600000000000222,1.199999999999999,-0.20000000000000284,/unify/ydchen/unidit/bioreg_meeting_20260803_final/results/ssr_cosmos_lrrobust_cifar100_rank4_1node_20260907_r2_cifar100_lowrank_fixedkd_functionalspace/rank_4/robustness/kd_mas_scale_m0p25/seed_19245/result.json
4,kd_mas,scale_m0p25,19247,93.78,0.9157894736842124,97.8,1.3900000000000006,1.3368421052631572,1.3999999999999915,/unify/ydchen/unidit/bioreg_meeting_20260803_final/results/ssr_cosmos_lrrobust_cifar100_rank4_1node_20260907_r2_cifar100_lowrank_fixedkd_functionalspace/rank_4/robustness/kd_mas_scale_m0p25/seed_19247/result.json
4,kd_mas,scale_m0p25,19249,94.11999999999998,0.7263157894736864,95.8,0.45999999999997954,0.484210526315788,-0.4000000000000057,/unify/ydchen/unidit/bioreg_meeting_20260803_final/results/ssr_cosmos_lrrobust_cifar100_rank4_1node_20260907_r2_cifar100_lowrank_fixedkd_functionalspace/rank_4/robustness/kd_mas_scale_m0p25/seed_19249/result.json
4,kd_mas,scale_m0p5,19231,94.7,0.3368421052631567,94.8,1.009999999999991,1.3052631578947367,-0.6000000000000085,/unify/ydchen/unidit/bioreg_meeting_20260803_final/results/ssr_cosmos_lrrobust_cifar100_rank4_1node_20260907_r2_cifar100_lowrank_fixedkd_functionalspace/rank_4/robustness/kd_mas_scale_m0p5/seed_19231/result.json
4,kd_mas,scale_m0p5,19233,93.94000000000001,0.30526315789473596,92.8,1.2800000000000153,1.4526315789473696,-1.2000000000000028,/unify/ydchen/unidit/bioreg_meeting_20260803_final/results/ssr_cosmos_lrrobust_cifar100_rank4_1node_20260907_r2_cifar100_lowrank_fixedkd_functionalspace/rank_4/robustness/kd_mas_scale_m0p5/seed_19233/result.json
4,kd_mas,scale_m0p5,19235,93.69000000000001,0.5473684210526318,94.4,0.9100000000000108,1.11578947368421,-1.7999999999999972,/unify/ydchen/unidit/bioreg_meeting_20260803_final/results/ssr_cosmos_lrrobust_cifar100_rank4_1node_20260907_r2_cifar100_lowrank_fixedkd_functionalspace/rank_4/robustness/kd_mas_scale_m0p5/seed_19235/result.json
4,kd_mas,scale_m0p5,19237,94.39999999999999,0.5368421052631573,95.6,0.7799999999999869,0.8000000000000009,-0.8000000000000114,/unify/ydchen/unidit/bioreg_meeting_20260803_final/results/ssr_cosmos_lrrobust_cifar100_rank4_1node_20260907_r2_cifar100_lowrank_fixedkd_functionalspace/rank_4/robustness/kd_mas_scale_m0p5/seed_19237/result.json
4,kd_mas,scale_m0p5,19239,93.0,0.6210526315789457,93.2,0.6500000000000057,1.1894736842105298,0.20000000000000284,/unify/ydchen/unidit/bioreg_meeting_20260803_final/results/ssr_cosmos_lrrobust_cifar100_rank4_1node_20260907_r2_cifar100_lowrank_fixedkd_functionalspace/rank_4/robustness/kd_mas_scale_m0p5/seed_19239/result.json
4,kd_mas,scale_m0p5,19241,94.48999999999998,0.4105263157894743,96.8,0.9599999999999795,1.0736842105263131,0.0,/unify/ydchen/unidit/bioreg_meeting_20260803_final/results/ssr_cosmos_lrrobust_cifar100_rank4_1node_20260907_r2_cifar100_lowrank_fixedkd_functionalspace/rank_4/robustness/kd_mas_scale_m0p5/seed_19241/result.json
4,kd_mas,scale_m0p5,19243,93.95,0.24210526315789443,93.8,1.0700000000000074,1.3894736842105289,0.7999999999999972,/unify/ydchen/unidit/bioreg_meeting_20260803_final/results/ssr_cosmos_lrrobust_cifar100_rank4_1node_20260907_r2_cifar100_lowrank_fixedkd_functionalspace/rank_4/robustness/kd_mas_scale_m0p5/seed_19243/result.json
4,kd_mas,scale_m0p5,19245,94.16,0.25263157894736976,95.6,1.0500000000000114,1.378947368421053,-0.6000000000000085,/unify/ydchen/unidit/bioreg_meeting_20260803_final/results/ssr_cosmos_lrrobust_cifar100_rank4_1node_20260907_r2_cifar100_lowrank_fixedkd_functionalspace/rank_4/robustness/kd_mas_scale_m0p5/seed_19245/result.json
4,kd_mas,scale_m0p5,19247,94.13999999999999,0.536842105263158,97.8,1.7499999999999858,1.7157894736842116,1.3999999999999915,/unify/ydchen/unidit/bioreg_meeting_20260803_final/results/ssr_cosmos_lrrobust_cifar100_rank4_1node_20260907_r2_cifar100_lowrank_fixedkd_functionalspace/rank_4/robustness/kd_mas_scale_m0p5/seed_19247/result.json
4,kd_mas,scale_m0p5,19249,94.36999999999999,0.3578947368421044,95.8,0.7099999999999937,0.85263157894737,-0.4000000000000057,/unify/ydchen/unidit/bioreg_meeting_20260803_final/results/ssr_cosmos_lrrobust_cifar100_rank4_1node_20260907_r2_cifar100_lowrank_fixedkd_functionalspace/rank_4/robustness/kd_mas_scale_m0p5/seed_19249/result.json
4,kd_mas,scale_m16p0,19231,94.27,0.1578947368421045,93.4,0.5799999999999841,1.484210526315789,-2.0,/unify/ydchen/unidit/bioreg_meeting_20260803_final/results/ssr_cosmos_lrrobust_cifar100_rank4_1node_20260907_r2_cifar100_lowrank_fixedkd_functionalspace/rank_4/robustness/kd_mas_scale_m16p0/seed_19231/result.json
4,kd_mas,scale_m16p0,19233,93.48,0.13684210526315835,91.2,0.8200000000000074,1.6210526315789473,-2.799999999999997,/unify/ydchen/unidit/bioreg_meeting_20260803_final/results/ssr_cosmos_lrrobust_cifar100_rank4_1node_20260907_r2_cifar100_lowrank_fixedkd_functionalspace/rank_4/robustness/kd_mas_scale_m16p0/seed_19233/result.json
4,kd_mas,scale_m16p0,19235,93.50999999999999,0.09473684210526301,93.8,0.7299999999999898,1.5684210526315787,-2.4000000000000057,/unify/ydchen/unidit/bioreg_meeting_20260803_final/results/ssr_cosmos_lrrobust_cifar100_rank4_1node_20260907_r2_cifar100_lowrank_fixedkd_functionalspace/rank_4/robustness/kd_mas_scale_m16p0/seed_19235/result.json
4,kd_mas,scale_m16p0,19237,94.02999999999999,0.14736842105263068,94.6,0.4099999999999824,1.1894736842105276,-1.8000000000000114,/unify/ydchen/unidit/bioreg_meeting_20260803_final/results/ssr_cosmos_lrrobust_cifar100_rank4_1node_20260907_r2_cifar100_lowrank_fixedkd_functionalspace/rank_4/robustness/kd_mas_scale_m16p0/seed_19237/result.json
4,kd_mas,scale_m16p0,19239,93.21000000000001,0.13684210526315685,93.2,0.8600000000000136,1.6736842105263188,0.20000000000000284,/unify/ydchen/unidit/bioreg_meeting_20260803_final/results/ssr_cosmos_lrrobust_cifar100_rank4_1node_20260907_r2_cifar100_lowrank_fixedkd_functionalspace/rank_4/robustness/kd_mas_scale_m16p0/seed_19239/result.json
4,kd_mas,scale_m16p0,19241,94.03,0.12631578947368302,95.4,0.5,1.3578947368421044,-1.3999999999999915,/unify/ydchen/unidit/bioreg_meeting_20260803_final/results/ssr_cosmos_lrrobust_cifar100_rank4_1node_20260907_r2_cifar100_lowrank_fixedkd_functionalspace/rank_4/robustness/kd_mas_scale_m16p0/seed_19241/result.json
4,kd_mas,scale_m16p0,19243,93.03999999999999,0.18947368421052826,92.6,0.1599999999999966,1.442105263157895,-0.4000000000000057,/unify/ydchen/unidit/bioreg_meeting_20260803_final/results/ssr_cosmos_lrrobust_cifar100_rank4_1node_20260907_r2_cifar100_lowrank_fixedkd_functionalspace/rank_4/robustness/kd_mas_scale_m16p0/seed_19243/result.json
4,kd_mas,scale_m16p0,19245,93.81000000000002,0.1789473684210537,94.4,0.7000000000000313,1.452631578947369,-1.7999999999999972,/unify/ydchen/unidit/bioreg_meeting_20260803_final/results/ssr_cosmos_lrrobust_cifar100_rank4_1node_20260907_r2_cifar100_lowrank_fixedkd_functionalspace/rank_4/robustness/kd_mas_scale_m16p0/seed_19245/result.json
4,kd_mas,scale_m16p0,19247,93.88000000000002,0.26315789473683987,96.4,1.4900000000000233,1.9894736842105298,0.0,/unify/ydchen/unidit/bioreg_meeting_20260803_final/results/ssr_cosmos_lrrobust_cifar100_rank4_1node_20260907_r2_cifar100_lowrank_fixedkd_functionalspace/rank_4/robustness/kd_mas_scale_m16p0/seed_19247/result.json
4,kd_mas,scale_m16p0,19249,93.76000000000002,0.2736842105263159,94.6,0.10000000000002274,0.9368421052631584,-1.6000000000000085,/unify/ydchen/unidit/bioreg_meeting_20260803_final/results/ssr_cosmos_lrrobust_cifar100_rank4_1node_20260907_r2_cifar100_lowrank_fixedkd_functionalspace/rank_4/robustness/kd_mas_scale_m16p0/seed_19249/result.json
4,kd_mas,scale_m1p0,19231,94.75,0.34736842105263127,94.8,1.059999999999988,1.294736842105262,-0.6000000000000085,/unify/ydchen/unidit/bioreg_meeting_20260803_final/results/ssr_cosmos_lrrobust_cifar100_rank4_1node_20260907_r2_cifar100_lowrank_fixedkd_functionalspace/rank_4/robustness/kd_mas_scale_m1p0/seed_19231/result.json
4,kd_mas,scale_m1p0,19233,94.12,0.18947368421052677,92.4,1.460000000000008,1.568421052631579,-1.5999999999999943,/unify/ydchen/unidit/bioreg_meeting_20260803_final/results/ssr_cosmos_lrrobust_cifar100_rank4_1node_20260907_r2_cifar100_lowrank_fixedkd_functionalspace/rank_4/robustness/kd_mas_scale_m1p0/seed_19233/result.json
4,kd_mas,scale_m1p0,19235,93.85,0.37894736842105575,94.0,1.0699999999999932,1.284210526315786,-2.200000000000003,/unify/ydchen/unidit/bioreg_meeting_20260803_final/results/ssr_cosmos_lrrobust_cifar100_rank4_1node_20260907_r2_cifar100_lowrank_fixedkd_functionalspace/rank_4/robustness/kd_mas_scale_m1p0/seed_19235/result.json
4,kd_mas,scale_m1p0,19237,94.41999999999999,0.43157894736842045,95.2,0.799999999999983,0.9052631578947379,-1.2000000000000028,/unify/ydchen/unidit/bioreg_meeting_20260803_final/results/ssr_cosmos_lrrobust_cifar100_rank4_1node_20260907_r2_cifar100_lowrank_fixedkd_functionalspace/rank_4/robustness/kd_mas_scale_m1p0/seed_19237/result.json
4,kd_mas,scale_m1p0,19239,93.41,0.3684210526315789,92.6,1.0600000000000023,1.4421052631578966,-0.4000000000000057,/unify/ydchen/unidit/bioreg_meeting_20260803_final/results/ssr_cosmos_lrrobust_cifar100_rank4_1node_20260907_r2_cifar100_lowrank_fixedkd_functionalspace/rank_4/robustness/kd_mas_scale_m1p0/seed_19239/result.json
4,kd_mas,scale_m1p0,19241,94.67999999999999,0.18947368421052602,96.8,1.1499999999999915,1.2947368421052614,0.0,/unify/ydchen/unidit/bioreg_meeting_20260803_final/results/ssr_cosmos_lrrobust_cifar100_rank4_1node_20260907_r2_cifar100_lowrank_fixedkd_functionalspace/rank_4/robustness/kd_mas_scale_m1p0/seed_19241/result.json
4,kd_mas,scale_m1p0,19243,93.94,0.17894736842105294,93.6,1.0600000000000023,1.4526315789473703,0.5999999999999943,/unify/ydchen/unidit/bioreg_meeting_20260803_final/results/ssr_cosmos_lrrobust_cifar100_rank4_1node_20260907_r2_cifar100_lowrank_fixedkd_functionalspace/rank_4/robustness/kd_mas_scale_m1p0/seed_19243/result.json
4,kd_mas,scale_m1p0,19245,94.31,0.21052631578947367,95.8,1.200000000000017,1.421052631578949,-0.4000000000000057,/unify/ydchen/unidit/bioreg_meeting_20260803_final/results/ssr_cosmos_lrrobust_cifar100_rank4_1node_20260907_r2_cifar100_lowrank_fixedkd_functionalspace/rank_4/robustness/kd_mas_scale_m1p0/seed_19245/result.json
4,kd_mas,scale_m1p0,19247,94.33,0.3052631578947367,97.8,1.9399999999999977,1.947368421052633,1.3999999999999915,/unify/ydchen/unidit/bioreg_meeting_20260803_final/results/ssr_cosmos_lrrobust_cifar100_rank4_1node_20260907_r2_cifar100_lowrank_fixedkd_functionalspace/rank_4/robustness/kd_mas_scale_m1p0/seed_19247/result.json
4,kd_mas,scale_m1p0,19249,94.32,0.4526315789473696,96.4,0.6599999999999966,0.7578947368421047,0.20000000000000284,/unify/ydchen/unidit/bioreg_meeting_20260803_final/results/ssr_cosmos_lrrobust_cifar100_rank4_1node_20260907_r2_cifar100_lowrank_fixedkd_functionalspace/rank_4/robustness/kd_mas_scale_m1p0/seed_19249/result.json
4,kd_mas,scale_m2p0,19231,94.89999999999999,0.21052631578947442,94.2,1.2099999999999795,1.431578947368419,-1.2000000000000028,/unify/ydchen/unidit/bioreg_meeting_20260803_final/results/ssr_cosmos_lrrobust_cifar100_rank4_1node_20260907_r2_cifar100_lowrank_fixedkd_functionalspace/rank_4/robustness/kd_mas_scale_m2p0/seed_19231/result.json
4,kd_mas,scale_m2p0,19233,94.03,0.24210526315789369,91.8,1.3700000000000045,1.515789473684212,-2.200000000000003,/unify/ydchen/unidit/bioreg_meeting_20260803_final/results/ssr_cosmos_lrrobust_cifar100_rank4_1node_20260907_r2_cifar100_lowrank_fixedkd_functionalspace/rank_4/robustness/kd_mas_scale_m2p0/seed_19233/result.json
4,kd_mas,scale_m2p0,19235,93.94999999999999,0.24210526315789593,93.6,1.1699999999999875,1.4210526315789458,-2.6000000000000085,/unify/ydchen/unidit/bioreg_meeting_20260803_final/results/ssr_cosmos_lrrobust_cifar100_rank4_1node_20260907_r2_cifar100_lowrank_fixedkd_functionalspace/rank_4/robustness/kd_mas_scale_m2p0/seed_19235/result.json
4,kd_mas,scale_m2p0,19237,94.42000000000002,0.3789473684210513,95.0,0.8000000000000114,0.9578947368421069,-1.4000000000000057,/unify/ydchen/unidit/bioreg_meeting_20260803_final/results/ssr_cosmos_lrrobust_cifar100_rank4_1node_20260907_r2_cifar100_lowrank_fixedkd_functionalspace/rank_4/robustness/kd_mas_scale_m2p0/seed_19237/result.json
4,kd_mas,scale_m2p0,19239,93.36999999999999,0.39999999999999897,92.4,1.019999999999996,1.4105263157894765,-0.5999999999999943,/unify/ydchen/unidit/bioreg_meeting_20260803_final/results/ssr_cosmos_lrrobust_cifar100_rank4_1node_20260907_r2_cifar100_lowrank_fixedkd_functionalspace/rank_4/robustness/kd_mas_scale_m2p0/seed_19239/result.json
4,kd_mas,scale_m2p0,19241,94.66,0.26315789473684137,96.0,1.1299999999999955,1.221052631578946,-0.7999999999999972,/unify/ydchen/unidit/bioreg_meeting_20260803_final/results/ssr_cosmos_lrrobust_cifar100_rank4_1node_20260907_r2_cifar100_lowrank_fixedkd_functionalspace/rank_4/robustness/kd_mas_scale_m2p0/seed_19241/result.json
4,kd_mas,scale_m2p0,19243,93.79,0.2736842105263167,93.2,0.9100000000000108,1.3578947368421066,0.20000000000000284,/unify/ydchen/unidit/bioreg_meeting_20260803_final/results/ssr_cosmos_lrrobust_cifar100_rank4_1node_20260907_r2_cifar100_lowrank_fixedkd_functionalspace/rank_4/robustness/kd_mas_scale_m2p0/seed_19243/result.json
4,kd_mas,scale_m2p0,19245,94.39999999999999,0.2000000000000006,95.8,1.2900000000000063,1.431578947368422,-0.4000000000000057,/unify/ydchen/unidit/bioreg_meeting_20260803_final/results/ssr_cosmos_lrrobust_cifar100_rank4_1node_20260907_r2_cifar100_lowrank_fixedkd_functionalspace/rank_4/robustness/kd_mas_scale_m2p0/seed_19245/result.json
4,kd_mas,scale_m2p0,19247,94.35,0.3157894736842113,97.0,1.9599999999999937,1.9368421052631584,0.5999999999999943,/unify/ydchen/unidit/bioreg_meeting_20260803_final/results/ssr_cosmos_lrrobust_cifar100_rank4_1node_20260907_r2_cifar100_lowrank_fixedkd_functionalspace/rank_4/robustness/kd_mas_scale_m2p0/seed_19247/result.json
4,kd_mas,scale_m2p0,19249,94.39000000000001,0.33684210526315744,96.0,0.7300000000000182,0.873684210526317,-0.20000000000000284,/unify/ydchen/unidit/bioreg_meeting_20260803_final/results/ssr_cosmos_lrrobust_cifar100_rank4_1node_20260907_r2_cifar100_lowrank_fixedkd_functionalspace/rank_4/robustness/kd_mas_scale_m2p0/seed_19249/result.json
4,kd_mas,scale_m4p0,19231,94.84,0.1684210526315776,93.8,1.1499999999999915,1.4736842105263157,-1.6000000000000085,/unify/ydchen/unidit/bioreg_meeting_20260803_final/results/ssr_cosmos_lrrobust_cifar100_rank4_1node_20260907_r2_cifar100_lowrank_fixedkd_functionalspace/rank_4/robustness/kd_mas_scale_m4p0/seed_19231/result.json
4,kd_mas,scale_m4p0,19233,93.82,0.25263157894736676,91.6,1.1599999999999966,1.5052631578947389,-2.4000000000000057,/unify/ydchen/unidit/bioreg_meeting_20260803_final/results/ssr_cosmos_lrrobust_cifar100_rank4_1node_20260907_r2_cifar100_lowrank_fixedkd_functionalspace/rank_4/robustness/kd_mas_scale_m4p0/seed_19233/result.json
4,kd_mas,scale_m4p0,19235,94.00000000000003,0.1052631578947361,93.4,1.2200000000000273,1.5578947368421057,-2.799999999999997,/unify/ydchen/unidit/bioreg_meeting_20260803_final/results/ssr_cosmos_lrrobust_cifar100_rank4_1node_20260907_r2_cifar100_lowrank_fixedkd_functionalspace/rank_4/robustness/kd_mas_scale_m4p0/seed_19235/result.json
4,kd_mas,scale_m4p0,19237,94.4,0.29473684210526135,95.0,0.7800000000000011,1.0421052631578969,-1.4000000000000057,/unify/ydchen/unidit/bioreg_meeting_20260803_final/results/ssr_cosmos_lrrobust_cifar100_rank4_1node_20260907_r2_cifar100_lowrank_fixedkd_functionalspace/rank_4/robustness/kd_mas_scale_m4p0/seed_19237/result.json
4,kd_mas,scale_m4p0,19239,93.37,0.43157894736841973,93.0,1.0200000000000102,1.3789473684210558,0.0,/unify/ydchen/unidit/bioreg_meeting_20260803_final/results/ssr_cosmos_lrrobust_cifar100_rank4_1node_20260907_r2_cifar100_lowrank_fixedkd_functionalspace/rank_4/robustness/kd_mas_scale_m4p0/seed_19239/result.json
4,kd_mas,scale_m4p0,19241,94.50000000000001,0.1789473684210507,95.8,0.9700000000000131,1.3052631578947367,-1.0,/unify/ydchen/unidit/bioreg_meeting_20260803_final/results/ssr_cosmos_lrrobust_cifar100_rank4_1node_20260907_r2_cifar100_lowrank_fixedkd_functionalspace/rank_4/robustness/kd_mas_scale_m4p0/seed_19241/result.json
4,kd_mas,scale_m4p0,19243,93.6,0.4105263157894735,93.0,0.7199999999999989,1.2210526315789498,0.0,/unify/ydchen/unidit/bioreg_meeting_20260803_final/results/ssr_cosmos_lrrobust_cifar100_rank4_1node_20260907_r2_cifar100_lowrank_fixedkd_functionalspace/rank_4/robustness/kd_mas_scale_m4p0/seed_19243/result.json
4,kd_mas,scale_m4p0,19245,94.30999999999999,0.2315789473684206,95.4,1.2000000000000028,1.400000000000002,-0.7999999999999972,/unify/ydchen/unidit/bioreg_meeting_20260803_final/results/ssr_cosmos_lrrobust_cifar100_rank4_1node_20260907_r2_cifar100_lowrank_fixedkd_functionalspace/rank_4/robustness/kd_mas_scale_m4p0/seed_19245/result.json
4,kd_mas,scale_m4p0,19247,94.21,0.33684210526315744,96.6,1.8199999999999932,1.9157894736842123,0.19999999999998863,/unify/ydchen/unidit/bioreg_meeting_20260803_final/results/ssr_cosmos_lrrobust_cifar100_rank4_1node_20260907_r2_cifar100_lowrank_fixedkd_functionalspace/rank_4/robustness/kd_mas_scale_m4p0/seed_19247/result.json
4,kd_mas,scale_m4p0,19249,94.26,0.2631578947368406,95.2,0.6000000000000085,0.9473684210526337,-1.0,/unify/ydchen/unidit/bioreg_meeting_20260803_final/results/ssr_cosmos_lrrobust_cifar100_rank4_1node_20260907_r2_cifar100_lowrank_fixedkd_functionalspace/rank_4/robustness/kd_mas_scale_m4p0/seed_19249/result.json
4,kd_mas,scale_m8p0,19231,94.52,0.22105263157894603,93.8,0.8299999999999841,1.4210526315789473,-1.6000000000000085,/unify/ydchen/unidit/bioreg_meeting_20260803_final/results/ssr_cosmos_lrrobust_cifar100_rank4_1node_20260907_r2_cifar100_lowrank_fixedkd_functionalspace/rank_4/robustness/kd_mas_scale_m8p0/seed_19231/result.json
4,kd_mas,scale_m8p0,19233,93.78999999999999,0.14736842105263218,91.2,1.1299999999999955,1.6105263157894734,-2.799999999999997,/unify/ydchen/unidit/bioreg_meeting_20260803_final/results/ssr_cosmos_lrrobust_cifar100_rank4_1node_20260907_r2_cifar100_lowrank_fixedkd_functionalspace/rank_4/robustness/kd_mas_scale_m8p0/seed_19233/result.json
4,kd_mas,scale_m8p0,19235,93.77,0.11578947368421068,93.6,0.9899999999999949,1.547368421052631,-2.6000000000000085,/unify/ydchen/unidit/bioreg_meeting_20260803_final/results/ssr_cosmos_lrrobust_cifar100_rank4_1node_20260907_r2_cifar100_lowrank_fixedkd_functionalspace/rank_4/robustness/kd_mas_scale_m8p0/seed_19235/result.json
4,kd_mas,scale_m8p0,19237,94.29999999999998,0.24210526315789668,94.8,0.6799999999999784,1.0947368421052617,-1.6000000000000085,/unify/ydchen/unidit/bioreg_meeting_20260803_final/results/ssr_cosmos_lrrobust_cifar100_rank4_1node_20260907_r2_cifar100_lowrank_fixedkd_functionalspace/rank_4/robustness/kd_mas_scale_m8p0/seed_19237/result.json
4,kd_mas,scale_m8p0,19239,93.42999999999999,0.1789473684210522,93.2,1.0799999999999983,1.6315789473684235,0.20000000000000284,/unify/ydchen/unidit/bioreg_meeting_20260803_final/results/ssr_cosmos_lrrobust_cifar100_rank4_1node_20260907_r2_cifar100_lowrank_fixedkd_functionalspace/rank_4/robustness/kd_mas_scale_m8p0/seed_19239/result.json
4,kd_mas,scale_m8p0,19241,94.24,0.22105263157894753,96.0,0.7099999999999937,1.2631578947368398,-0.7999999999999972,/unify/ydchen/unidit/bioreg_meeting_20260803_final/results/ssr_cosmos_lrrobust_cifar100_rank4_1node_20260907_r2_cifar100_lowrank_fixedkd_functionalspace/rank_4/robustness/kd_mas_scale_m8p0/seed_19241/result.json
4,kd_mas,scale_m8p0,19243,93.3,0.24210526315789518,92.4,0.4200000000000017,1.389473684210528,-0.5999999999999943,/unify/ydchen/unidit/bioreg_meeting_20260803_final/results/ssr_cosmos_lrrobust_cifar100_rank4_1node_20260907_r2_cifar100_lowrank_fixedkd_functionalspace/rank_4/robustness/kd_mas_scale_m8p0/seed_19243/result.json
4,kd_mas,scale_m8p0,19245,94.15,0.14736842105263218,94.8,1.0400000000000205,1.4842105263157903,-1.4000000000000057,/unify/ydchen/unidit/bioreg_meeting_20260803_final/results/ssr_cosmos_lrrobust_cifar100_rank4_1node_20260907_r2_cifar100_lowrank_fixedkd_functionalspace/rank_4/robustness/kd_mas_scale_m8p0/seed_19245/result.json
4,kd_mas,scale_m8p0,19247,94.22,0.22105263157894678,96.6,1.8299999999999983,2.031578947368423,0.19999999999998863,/unify/ydchen/unidit/bioreg_meeting_20260803_final/results/ssr_cosmos_lrrobust_cifar100_rank4_1node_20260907_r2_cifar100_lowrank_fixedkd_functionalspace/rank_4/robustness/kd_mas_scale_m8p0/seed_19247/result.json
4,kd_mas,scale_m8p0,19249,93.99000000000001,0.30526315789473746,94.4,0.3300000000000125,0.9052631578947369,-1.7999999999999972,/unify/ydchen/unidit/bioreg_meeting_20260803_final/results/ssr_cosmos_lrrobust_cifar100_rank4_1node_20260907_r2_cifar100_lowrank_fixedkd_functionalspace/rank_4/robustness/kd_mas_scale_m8p0/seed_19249/result.json
4,kd_si,scale_m0p0625,19231,94.34,0.8315789473684209,95.6,0.6499999999999915,0.8105263157894725,0.19999999999998863,/unify/ydchen/unidit/bioreg_meeting_20260803_final/results/ssr_cosmos_lrrobust_cifar100_rank4_1node_20260907_r2_cifar100_lowrank_fixedkd_functionalspace/rank_4/robustness/kd_si_scale_m0p0625/seed_19231/result.json
4,kd_si,scale_m0p0625,19233,93.46,0.9789473684210516,92.8,0.7999999999999972,0.778947368421054,-1.2000000000000028,/unify/ydchen/unidit/bioreg_meeting_20260803_final/results/ssr_cosmos_lrrobust_cifar100_rank4_1node_20260907_r2_cifar100_lowrank_fixedkd_functionalspace/rank_4/robustness/kd_si_scale_m0p0625/seed_19233/result.json
4,kd_si,scale_m0p0625,19235,93.59,0.9263157894736832,95.6,0.8100000000000023,0.7368421052631585,-0.6000000000000085,/unify/ydchen/unidit/bioreg_meeting_20260803_final/results/ssr_cosmos_lrrobust_cifar100_rank4_1node_20260907_r2_cifar100_lowrank_fixedkd_functionalspace/rank_4/robustness/kd_si_scale_m0p0625/seed_19235/result.json
4,kd_si,scale_m0p0625,19237,93.93999999999998,1.0105263157894746,95.6,0.31999999999997897,0.32631578947368367,-0.8000000000000114,/unify/ydchen/unidit/bioreg_meeting_20260803_final/results/ssr_cosmos_lrrobust_cifar100_rank4_1node_20260907_r2_cifar100_lowrank_fixedkd_functionalspace/rank_4/robustness/kd_si_scale_m0p0625/seed_19237/result.json
4,kd_si,scale_m0p0625,19239,93.19,0.7894736842105256,93.6,0.8400000000000034,1.02105263157895,0.5999999999999943,/unify/ydchen/unidit/bioreg_meeting_20260803_final/results/ssr_cosmos_lrrobust_cifar100_rank4_1node_20260907_r2_cifar100_lowrank_fixedkd_functionalspace/rank_4/robustness/kd_si_scale_m0p0625/seed_19239/result.json
4,kd_si,scale_m0p0625,19241,94.12,0.9263157894736832,96.8,0.5900000000000034,0.5578947368421042,0.0,/unify/ydchen/unidit/bioreg_meeting_20260803_final/results/ssr_cosmos_lrrobust_cifar100_rank4_1node_20260907_r2_cifar100_lowrank_fixedkd_functionalspace/rank_4/robustness/kd_si_scale_m0p0625/seed_19241/result.json
4,kd_si,scale_m0p0625,19243,93.63999999999999,0.7578947368421063,93.6,0.7599999999999909,0.873684210526317,0.5999999999999943,/unify/ydchen/unidit/bioreg_meeting_20260803_final/results/ssr_cosmos_lrrobust_cifar100_rank4_1node_20260907_r2_cifar100_lowrank_fixedkd_functionalspace/rank_4/robustness/kd_si_scale_m0p0625/seed_19243/result.json
4,kd_si,scale_m0p0625,19245,93.59,1.0105263157894746,95.8,0.4800000000000182,0.621052631578948,-0.4000000000000057,/unify/ydchen/unidit/bioreg_meeting_20260803_final/results/ssr_cosmos_lrrobust_cifar100_rank4_1node_20260907_r2_cifar100_lowrank_fixedkd_functionalspace/rank_4/robustness/kd_si_scale_m0p0625/seed_19245/result.json
4,kd_si,scale_m0p0625,19247,93.53,1.189473684210526,97.2,1.1400000000000006,1.0631578947368436,0.7999999999999972,/unify/ydchen/unidit/bioreg_meeting_20260803_final/results/ssr_cosmos_lrrobust_cifar100_rank4_1node_20260907_r2_cifar100_lowrank_fixedkd_functionalspace/rank_4/robustness/kd_si_scale_m0p0625/seed_19247/result.json
4,kd_si,scale_m0p0625,19249,93.98,0.7894736842105278,96.0,0.3200000000000074,0.42105263157894657,-0.20000000000000284,/unify/ydchen/unidit/bioreg_meeting_20260803_final/results/ssr_cosmos_lrrobust_cifar100_rank4_1node_20260907_r2_cifar100_lowrank_fixedkd_functionalspace/rank_4/robustness/kd_si_scale_m0p0625/seed_19249/result.json
4,kd_si,scale_m0p125,19231,94.59,0.6210526315789494,95.8,0.8999999999999915,1.0210526315789439,0.3999999999999915,/unify/ydchen/unidit/bioreg_meeting_20260803_final/results/ssr_cosmos_lrrobust_cifar100_rank4_1node_20260907_r2_cifar100_lowrank_fixedkd_functionalspace/rank_4/robustness/kd_si_scale_m0p125/seed_19231/result.json
4,kd_si,scale_m0p125,19233,93.78999999999999,0.6947368421052625,93.2,1.1299999999999955,1.0631578947368432,-0.7999999999999972,/unify/ydchen/unidit/bioreg_meeting_20260803_final/results/ssr_cosmos_lrrobust_cifar100_rank4_1node_20260907_r2_cifar100_lowrank_fixedkd_functionalspace/rank_4/robustness/kd_si_scale_m0p125/seed_19233/result.json
4,kd_si,scale_m0p125,19235,93.94999999999999,0.652631578947368,95.2,1.1699999999999875,1.0105263157894737,-1.0,/unify/ydchen/unidit/bioreg_meeting_20260803_final/results/ssr_cosmos_lrrobust_cifar100_rank4_1node_20260907_r2_cifar100_lowrank_fixedkd_functionalspace/rank_4/robustness/kd_si_scale_m0p125/seed_19235/result.json
4,kd_si,scale_m0p125,19237,94.36000000000001,0.6421052631578948,95.4,0.7400000000000091,0.6947368421052634,-1.0,/unify/ydchen/unidit/bioreg_meeting_20260803_final/results/ssr_cosmos_lrrobust_cifar100_rank4_1node_20260907_r2_cifar100_lowrank_fixedkd_functionalspace/rank_4/robustness/kd_si_scale_m0p125/seed_19237/result.json
4,kd_si,scale_m0p125,19239,93.45,0.5789473684210541,93.4,1.1000000000000085,1.2315789473684213,0.4000000000000057,/unify/ydchen/unidit/bioreg_meeting_20260803_final/results/ssr_cosmos_lrrobust_cifar100_rank4_1node_20260907_r2_cifar100_lowrank_fixedkd_functionalspace/rank_4/robustness/kd_si_scale_m0p125/seed_19239/result.json
4,kd_si,scale_m0p125,19241,94.56,0.494736842105262,97.2,1.0300000000000011,0.9894736842105254,0.4000000000000057,/unify/ydchen/unidit/bioreg_meeting_20260803_final/results/ssr_cosmos_lrrobust_cifar100_rank4_1node_20260907_r2_cifar100_lowrank_fixedkd_functionalspace/rank_4/robustness/kd_si_scale_m0p125/seed_19241/result.json
4,kd_si,scale_m0p125,19243,94.12999999999998,0.37894736842105203,94.6,1.2499999999999858,1.2526315789473712,1.5999999999999943,/unify/ydchen/unidit/bioreg_meeting_20260803_final/results/ssr_cosmos_lrrobust_cifar100_rank4_1node_20260907_r2_cifar100_lowrank_fixedkd_functionalspace/rank_4/robustness/kd_si_scale_m0p125/seed_19243/result.json
4,kd_si,scale_m0p125,19245,93.82000000000001,0.7789473684210517,95.4,0.7100000000000222,0.8526315789473708,-0.7999999999999972,/unify/ydchen/unidit/bioreg_meeting_20260803_final/results/ssr_cosmos_lrrobust_cifar100_rank4_1node_20260907_r2_cifar100_lowrank_fixedkd_functionalspace/rank_4/robustness/kd_si_scale_m0p125/seed_19245/result.json
4,kd_si,scale_m0p125,19247,94.17999999999999,0.6210526315789457,97.6,1.789999999999992,1.631578947368424,1.1999999999999886,/unify/ydchen/unidit/bioreg_meeting_20260803_final/results/ssr_cosmos_lrrobust_cifar100_rank4_1node_20260907_r2_cifar100_lowrank_fixedkd_functionalspace/rank_4/robustness/kd_si_scale_m0p125/seed_19247/result.json
4,kd_si,scale_m0p125,19249,94.17,0.6736842105263157,95.2,0.5100000000000051,0.5368421052631587,-1.0,/unify/ydchen/unidit/bioreg_meeting_20260803_final/results/ssr_cosmos_lrrobust_cifar100_rank4_1node_20260907_r2_cifar100_lowrank_fixedkd_functionalspace/rank_4/robustness/kd_si_scale_m0p125/seed_19249/result.json
4,kd_si,scale_m0p25,19231,94.86,0.4210526315789496,95.8,1.1699999999999875,1.2210526315789438,0.3999999999999915,/unify/ydchen/unidit/bioreg_meeting_20260803_final/results/ssr_cosmos_lrrobust_cifar100_rank4_1node_20260907_r2_cifar100_lowrank_fixedkd_functionalspace/rank_4/robustness/kd_si_scale_m0p25/seed_19231/result.json
4,kd_si,scale_m0p25,19233,94.18,0.39999999999999897,93.6,1.5200000000000102,1.3578947368421066,-0.4000000000000057,/unify/ydchen/unidit/bioreg_meeting_20260803_final/results/ssr_cosmos_lrrobust_cifar100_rank4_1node_20260907_r2_cifar100_lowrank_fixedkd_functionalspace/rank_4/robustness/kd_si_scale_m0p25/seed_19233/result.json
4,kd_si,scale_m0p25,19235,94.13,0.38947368421052586,95.4,1.3499999999999943,1.2736842105263158,-0.7999999999999972,/unify/ydchen/unidit/bioreg_meeting_20260803_final/results/ssr_cosmos_lrrobust_cifar100_rank4_1node_20260907_r2_cifar100_lowrank_fixedkd_functionalspace/rank_4/robustness/kd_si_scale_m0p25/seed_19235/result.json
4,kd_si,scale_m0p25,19237,94.66999999999999,0.4947368421052627,95.6,1.049999999999983,0.8421052631578956,-0.8000000000000114,/unify/ydchen/unidit/bioreg_meeting_20260803_final/results/ssr_cosmos_lrrobust_cifar100_rank4_1node_20260907_r2_cifar100_lowrank_fixedkd_functionalspace/rank_4/robustness/kd_si_scale_m0p25/seed_19237/result.json
4,kd_si,scale_m0p25,19239,93.47000000000001,0.4421052631578943,93.0,1.1200000000000188,1.3684210526315812,0.0,/unify/ydchen/unidit/bioreg_meeting_20260803_final/results/ssr_cosmos_lrrobust_cifar100_rank4_1node_20260907_r2_cifar100_lowrank_fixedkd_functionalspace/rank_4/robustness/kd_si_scale_m0p25/seed_19239/result.json
4,kd_si,scale_m0p25,19241,94.66,0.3684210526315812,96.6,1.1299999999999955,1.1157894736842062,-0.20000000000000284,/unify/ydchen/unidit/bioreg_meeting_20260803_final/results/ssr_cosmos_lrrobust_cifar100_rank4_1node_20260907_r2_cifar100_lowrank_fixedkd_functionalspace/rank_4/robustness/kd_si_scale_m0p25/seed_19241/result.json
4,kd_si,scale_m0p25,19243,94.07000000000001,0.3263157894736851,94.8,1.190000000000012,1.3052631578947382,1.7999999999999972,/unify/ydchen/unidit/bioreg_meeting_20260803_final/results/ssr_cosmos_lrrobust_cifar100_rank4_1node_20260907_r2_cifar100_lowrank_fixedkd_functionalspace/rank_4/robustness/kd_si_scale_m0p25/seed_19243/result.json
4,kd_si,scale_m0p25,19245,94.21000000000001,0.48421052631578965,96.0,1.1000000000000227,1.147368421052633,-0.20000000000000284,/unify/ydchen/unidit/bioreg_meeting_20260803_final/results/ssr_cosmos_lrrobust_cifar100_rank4_1node_20260907_r2_cifar100_lowrank_fixedkd_functionalspace/rank_4/robustness/kd_si_scale_m0p25/seed_19245/result.json
4,kd_si,scale_m0p25,19247,94.52,0.32631578947368434,98.0,2.1299999999999955,1.9263157894736853,1.5999999999999943,/unify/ydchen/unidit/bioreg_meeting_20260803_final/results/ssr_cosmos_lrrobust_cifar100_rank4_1node_20260907_r2_cifar100_lowrank_fixedkd_functionalspace/rank_4/robustness/kd_si_scale_m0p25/seed_19247/result.json
4,kd_si,scale_m0p25,19249,94.51,0.410526315789472,95.2,0.8500000000000085,0.8000000000000023,-1.0,/unify/ydchen/unidit/bioreg_meeting_20260803_final/results/ssr_cosmos_lrrobust_cifar100_rank4_1node_20260907_r2_cifar100_lowrank_fixedkd_functionalspace/rank_4/robustness/kd_si_scale_m0p25/seed_19249/result.json
4,kd_si,scale_m0p5,19231,94.94,0.315789473684212,95.4,1.2499999999999858,1.3263157894736815,0.0,/unify/ydchen/unidit/bioreg_meeting_20260803_final/results/ssr_cosmos_lrrobust_cifar100_rank4_1node_20260907_r2_cifar100_lowrank_fixedkd_functionalspace/rank_4/robustness/kd_si_scale_m0p5/seed_19231/result.json
4,kd_si,scale_m0p5,19233,94.19000000000001,0.23157894736842285,93.2,1.5300000000000153,1.5263157894736827,-0.7999999999999972,/unify/ydchen/unidit/bioreg_meeting_20260803_final/results/ssr_cosmos_lrrobust_cifar100_rank4_1node_20260907_r2_cifar100_lowrank_fixedkd_functionalspace/rank_4/robustness/kd_si_scale_m0p5/seed_19233/result.json
4,kd_si,scale_m0p5,19235,94.13000000000001,0.315789473684212,95.2,1.3500000000000085,1.3473684210526298,-1.0,/unify/ydchen/unidit/bioreg_meeting_20260803_final/results/ssr_cosmos_lrrobust_cifar100_rank4_1node_20260907_r2_cifar100_lowrank_fixedkd_functionalspace/rank_4/robustness/kd_si_scale_m0p5/seed_19235/result.json
4,kd_si,scale_m0p5,19237,94.73,0.4526315789473689,95.4,1.1099999999999994,0.8842105263157893,-1.0,/unify/ydchen/unidit/bioreg_meeting_20260803_final/results/ssr_cosmos_lrrobust_cifar100_rank4_1node_20260907_r2_cifar100_lowrank_fixedkd_functionalspace/rank_4/robustness/kd_si_scale_m0p5/seed_19237/result.json
4,kd_si,scale_m0p5,19239,93.43,0.3263157894736851,93.0,1.0800000000000125,1.4842105263157905,0.0,/unify/ydchen/unidit/bioreg_meeting_20260803_final/results/ssr_cosmos_lrrobust_cifar100_rank4_1node_20260907_r2_cifar100_lowrank_fixedkd_functionalspace/rank_4/robustness/kd_si_scale_m0p5/seed_19239/result.json
4,kd_si,scale_m0p5,19241,94.72,0.284210526315789,96.8,1.1899999999999977,1.1999999999999984,0.0,/unify/ydchen/unidit/bioreg_meeting_20260803_final/results/ssr_cosmos_lrrobust_cifar100_rank4_1node_20260907_r2_cifar100_lowrank_fixedkd_functionalspace/rank_4/robustness/kd_si_scale_m0p5/seed_19241/result.json
4,kd_si,scale_m0p5,19243,94.02,0.3157894736842105,94.0,1.1400000000000006,1.3157894736842128,1.0,/unify/ydchen/unidit/bioreg_meeting_20260803_final/results/ssr_cosmos_lrrobust_cifar100_rank4_1node_20260907_r2_cifar100_lowrank_fixedkd_functionalspace/rank_4/robustness/kd_si_scale_m0p5/seed_19243/result.json
4,kd_si,scale_m0p5,19245,94.28,0.38947368421052664,95.2,1.170000000000016,1.242105263157896,-1.0,/unify/ydchen/unidit/bioreg_meeting_20260803_final/results/ssr_cosmos_lrrobust_cifar100_rank4_1node_20260907_r2_cifar100_lowrank_fixedkd_functionalspace/rank_4/robustness/kd_si_scale_m0p5/seed_19245/result.json
4,kd_si,scale_m0p5,19247,94.51999999999998,0.24210526315789593,97.8,2.1299999999999812,2.0105263157894737,1.3999999999999915,/unify/ydchen/unidit/bioreg_meeting_20260803_final/results/ssr_cosmos_lrrobust_cifar100_rank4_1node_20260907_r2_cifar100_lowrank_fixedkd_functionalspace/rank_4/robustness/kd_si_scale_m0p5/seed_19247/result.json
4,kd_si,scale_m0p5,19249,94.60999999999999,0.3578947368421059,96.2,0.9499999999999886,0.8526315789473684,0.0,/unify/ydchen/unidit/bioreg_meeting_20260803_final/results/ssr_cosmos_lrrobust_cifar100_rank4_1node_20260907_r2_cifar100_lowrank_fixedkd_functionalspace/rank_4/robustness/kd_si_scale_m0p5/seed_19249/result.json
4,kd_si,scale_m16p0,19231,93.86,0.24210526315789294,93.4,0.1699999999999875,1.4000000000000004,-2.0,/unify/ydchen/unidit/bioreg_meeting_20260803_final/results/ssr_cosmos_lrrobust_cifar100_rank4_1node_20260907_r2_cifar100_lowrank_fixedkd_functionalspace/rank_4/robustness/kd_si_scale_m16p0/seed_19231/result.json
4,kd_si,scale_m16p0,19233,92.99000000000001,0.15789473684210525,90.4,0.3300000000000125,1.6000000000000003,-3.5999999999999943,/unify/ydchen/unidit/bioreg_meeting_20260803_final/results/ssr_cosmos_lrrobust_cifar100_rank4_1node_20260907_r2_cifar100_lowrank_fixedkd_functionalspace/rank_4/robustness/kd_si_scale_m16p0/seed_19233/result.json
4,kd_si,scale_m16p0,19235,93.25,0.07368421052631609,93.2,0.46999999999999886,1.5894736842105257,-3.0,/unify/ydchen/unidit/bioreg_meeting_20260803_final/results/ssr_cosmos_lrrobust_cifar100_rank4_1node_20260907_r2_cifar100_lowrank_fixedkd_functionalspace/rank_4/robustness/kd_si_scale_m16p0/seed_19235/result.json
4,kd_si,scale_m16p0,19237,93.46,0.14736842105263068,94.0,-0.1600000000000108,1.1894736842105276,-2.4000000000000057,/unify/ydchen/unidit/bioreg_meeting_20260803_final/results/ssr_cosmos_lrrobust_cifar100_rank4_1node_20260907_r2_cifar100_lowrank_fixedkd_functionalspace/rank_4/robustness/kd_si_scale_m16p0/seed_19237/result.json
4,kd_si,scale_m16p0,19239,92.7,0.12631578947368377,92.4,0.3500000000000085,1.6842105263157918,-0.5999999999999943,/unify/ydchen/unidit/bioreg_meeting_20260803_final/results/ssr_cosmos_lrrobust_cifar100_rank4_1node_20260907_r2_cifar100_lowrank_fixedkd_functionalspace/rank_4/robustness/kd_si_scale_m16p0/seed_19239/result.json
4,kd_si,scale_m16p0,19241,93.49,0.21052631578947367,94.8,-0.04000000000000625,1.2736842105263138,-2.0,/unify/ydchen/unidit/bioreg_meeting_20260803_final/results/ssr_cosmos_lrrobust_cifar100_rank4_1node_20260907_r2_cifar100_lowrank_fixedkd_functionalspace/rank_4/robustness/kd_si_scale_m16p0/seed_19241/result.json
4,kd_si,scale_m16p0,19243,92.56,0.21052631578947442,92.6,-0.3199999999999932,1.421052631578949,-0.4000000000000057,/unify/ydchen/unidit/bioreg_meeting_20260803_final/results/ssr_cosmos_lrrobust_cifar100_rank4_1node_20260907_r2_cifar100_lowrank_fixedkd_functionalspace/rank_4/robustness/kd_si_scale_m16p0/seed_19243/result.json
4,kd_si,scale_m16p0,19245,93.28,0.315789473684212,93.8,0.17000000000001592,1.3157894736842106,-2.4000000000000057,/unify/ydchen/unidit/bioreg_meeting_20260803_final/results/ssr_cosmos_lrrobust_cifar100_rank4_1node_20260907_r2_cifar100_lowrank_fixedkd_functionalspace/rank_4/robustness/kd_si_scale_m16p0/seed_19245/result.json
4,kd_si,scale_m16p0,19247,93.42,0.25263157894736676,95.4,1.0300000000000011,2.0000000000000027,-1.0,/unify/ydchen/unidit/bioreg_meeting_20260803_final/results/ssr_cosmos_lrrobust_cifar100_rank4_1node_20260907_r2_cifar100_lowrank_fixedkd_functionalspace/rank_4/robustness/kd_si_scale_m16p0/seed_19247/result.json
4,kd_si,scale_m16p0,19249,93.71,0.18947368421052527,95.6,0.04999999999999716,1.021052631578949,-0.6000000000000085,/unify/ydchen/unidit/bioreg_meeting_20260803_final/results/ssr_cosmos_lrrobust_cifar100_rank4_1node_20260907_r2_cifar100_lowrank_fixedkd_functionalspace/rank_4/robustness/kd_si_scale_m16p0/seed_19249/result.json
4,kd_si,scale_m1p0,19231,94.97,0.18947368421052527,95.0,1.279999999999987,1.452631578947368,-0.4000000000000057,/unify/ydchen/unidit/bioreg_meeting_20260803_final/results/ssr_cosmos_lrrobust_cifar100_rank4_1node_20260907_r2_cifar100_lowrank_fixedkd_functionalspace/rank_4/robustness/kd_si_scale_m1p0/seed_19231/result.json
4,kd_si,scale_m1p0,19233,94.14,0.18947368421052602,92.6,1.480000000000004,1.5684210526315796,-1.4000000000000057,/unify/ydchen/unidit/bioreg_meeting_20260803_final/results/ssr_cosmos_lrrobust_cifar100_rank4_1node_20260907_r2_cifar100_lowrank_fixedkd_functionalspace/rank_4/robustness/kd_si_scale_m1p0/seed_19233/result.json
4,kd_si,scale_m1p0,19235,94.06,0.24210526315789294,95.0,1.2800000000000011,1.4210526315789487,-1.2000000000000028,/unify/ydchen/unidit/bioreg_meeting_20260803_final/results/ssr_cosmos_lrrobust_cifar100_rank4_1node_20260907_r2_cifar100_lowrank_fixedkd_functionalspace/rank_4/robustness/kd_si_scale_m1p0/seed_19235/result.json
4,kd_si,scale_m1p0,19237,94.83000000000001,0.29473684210526135,95.0,1.210000000000008,1.0421052631578969,-1.4000000000000057,/unify/ydchen/unidit/bioreg_meeting_20260803_final/results/ssr_cosmos_lrrobust_cifar100_rank4_1node_20260907_r2_cifar100_lowrank_fixedkd_functionalspace/rank_4/robustness/kd_si_scale_m1p0/seed_19237/result.json
4,kd_si,scale_m1p0,19239,93.49999999999999,0.2736842105263152,92.6,1.1499999999999915,1.5368421052631605,-0.4000000000000057,/unify/ydchen/unidit/bioreg_meeting_20260803_final/results/ssr_cosmos_lrrobust_cifar100_rank4_1node_20260907_r2_cifar100_lowrank_fixedkd_functionalspace/rank_4/robustness/kd_si_scale_m1p0/seed_19239/result.json
4,kd_si,scale_m1p0,19241,94.66999999999999,0.3052631578947382,96.8,1.1399999999999864,1.1789473684210492,0.0,/unify/ydchen/unidit/bioreg_meeting_20260803_final/results/ssr_cosmos_lrrobust_cifar100_rank4_1node_20260907_r2_cifar100_lowrank_fixedkd_functionalspace/rank_4/robustness/kd_si_scale_m1p0/seed_19241/result.json
4,kd_si,scale_m1p0,19243,93.81,0.34736842105263055,93.4,0.9300000000000068,1.2842105263157926,0.4000000000000057,/unify/ydchen/unidit/bioreg_meeting_20260803_final/results/ssr_cosmos_lrrobust_cifar100_rank4_1node_20260907_r2_cifar100_lowrank_fixedkd_functionalspace/rank_4/robustness/kd_si_scale_m1p0/seed_19243/result.json
4,kd_si,scale_m1p0,19245,94.39,0.23157894736842136,95.2,1.2800000000000153,1.4000000000000012,-1.0,/unify/ydchen/unidit/bioreg_meeting_20260803_final/results/ssr_cosmos_lrrobust_cifar100_rank4_1node_20260907_r2_cifar100_lowrank_fixedkd_functionalspace/rank_4/robustness/kd_si_scale_m1p0/seed_19245/result.json
4,kd_si,scale_m1p0,19247,94.44,0.30526315789473746,97.4,2.049999999999997,1.9473684210526323,1.0,/unify/ydchen/unidit/bioreg_meeting_20260803_final/results/ssr_cosmos_lrrobust_cifar100_rank4_1node_20260907_r2_cifar100_lowrank_fixedkd_functionalspace/rank_4/robustness/kd_si_scale_m1p0/seed_19247/result.json
4,kd_si,scale_m1p0,19249,94.58,0.34736842105263127,96.2,0.9200000000000017,0.863157894736843,0.0,/unify/ydchen/unidit/bioreg_meeting_20260803_final/results/ssr_cosmos_lrrobust_cifar100_rank4_1node_20260907_r2_cifar100_lowrank_fixedkd_functionalspace/rank_4/robustness/kd_si_scale_m1p0/seed_19249/result.json
4,kd_si,scale_m2p0,19231,94.78999999999999,0.2736842105263159,95.0,1.09999999999998,1.3684210526315774,-0.4000000000000057,/unify/ydchen/unidit/bioreg_meeting_20260803_final/results/ssr_cosmos_lrrobust_cifar100_rank4_1node_20260907_r2_cifar100_lowrank_fixedkd_functionalspace/rank_4/robustness/kd_si_scale_m2p0/seed_19231/result.json
4,kd_si,scale_m2p0,19233,93.98999999999998,0.1789473684210537,92.0,1.329999999999984,1.578947368421052,-2.0,/unify/ydchen/unidit/bioreg_meeting_20260803_final/results/ssr_cosmos_lrrobust_cifar100_rank4_1node_20260907_r2_cifar100_lowrank_fixedkd_functionalspace/rank_4/robustness/kd_si_scale_m2p0/seed_19233/result.json
4,kd_si,scale_m2p0,19235,93.81,0.3578947368421066,94.4,1.0300000000000011,1.3052631578947351,-1.7999999999999972,/unify/ydchen/unidit/bioreg_meeting_20260803_final/results/ssr_cosmos_lrrobust_cifar100_rank4_1node_20260907_r2_cifar100_lowrank_fixedkd_functionalspace/rank_4/robustness/kd_si_scale_m2p0/seed_19235/result.json
4,kd_si,scale_m2p0,19237,94.71,0.2000000000000006,95.0,1.0899999999999892,1.1368421052631577,-1.4000000000000057,/unify/ydchen/unidit/bioreg_meeting_20260803_final/results/ssr_cosmos_lrrobust_cifar100_rank4_1node_20260907_r2_cifar100_lowrank_fixedkd_functionalspace/rank_4/robustness/kd_si_scale_m2p0/seed_19237/result.json
4,kd_si,scale_m2p0,19239,93.39,0.26315789473683987,92.6,1.0400000000000063,1.5473684210526357,-0.4000000000000057,/unify/ydchen/unidit/bioreg_meeting_20260803_final/results/ssr_cosmos_lrrobust_cifar100_rank4_1node_20260907_r2_cifar100_lowrank_fixedkd_functionalspace/rank_4/robustness/kd_si_scale_m2p0/seed_19239/result.json
4,kd_si,scale_m2p0,19241,94.6,0.22105263157894678,96.6,1.0699999999999932,1.2631578947368407,-0.20000000000000284,/unify/ydchen/unidit/bioreg_meeting_20260803_final/results/ssr_cosmos_lrrobust_cifar100_rank4_1node_20260907_r2_cifar100_lowrank_fixedkd_functionalspace/rank_4/robustness/kd_si_scale_m2p0/seed_19241/result.json
4,kd_si,scale_m2p0,19243,93.54,0.34736842105263205,92.4,0.6600000000000108,1.2842105263157912,-0.5999999999999943,/unify/ydchen/unidit/bioreg_meeting_20260803_final/results/ssr_cosmos_lrrobust_cifar100_rank4_1node_20260907_r2_cifar100_lowrank_fixedkd_functionalspace/rank_4/robustness/kd_si_scale_m2p0/seed_19243/result.json
4,kd_si,scale_m2p0,19245,94.22000000000001,0.25263157894736676,94.8,1.1100000000000279,1.3789473684210558,-1.4000000000000057,/unify/ydchen/unidit/bioreg_meeting_20260803_final/results/ssr_cosmos_lrrobust_cifar100_rank4_1node_20260907_r2_cifar100_lowrank_fixedkd_functionalspace/rank_4/robustness/kd_si_scale_m2p0/seed_19245/result.json
4,kd_si,scale_m2p0,19247,94.21,0.37894736842105425,97.0,1.8199999999999932,1.8736842105263154,0.5999999999999943,/unify/ydchen/unidit/bioreg_meeting_20260803_final/results/ssr_cosmos_lrrobust_cifar100_rank4_1node_20260907_r2_cifar100_lowrank_fixedkd_functionalspace/rank_4/robustness/kd_si_scale_m2p0/seed_19247/result.json
4,kd_si,scale_m2p0,19249,94.2,0.47368421052631726,95.8,0.5400000000000063,0.7368421052631571,-0.4000000000000057,/unify/ydchen/unidit/bioreg_meeting_20260803_final/results/ssr_cosmos_lrrobust_cifar100_rank4_1node_20260907_r2_cifar100_lowrank_fixedkd_functionalspace/rank_4/robustness/kd_si_scale_m2p0/seed_19249/result.json
4,kd_si,scale_m4p0,19231,94.58000000000001,0.17894736842105294,94.4,0.8900000000000006,1.4631578947368404,-1.0,/unify/ydchen/unidit/bioreg_meeting_20260803_final/results/ssr_cosmos_lrrobust_cifar100_rank4_1node_20260907_r2_cifar100_lowrank_fixedkd_functionalspace/rank_4/robustness/kd_si_scale_m4p0/seed_19231/result.json
4,kd_si,scale_m4p0,19233,93.57000000000001,0.2315789473684206,91.0,0.9100000000000108,1.526315789473685,-3.0,/unify/ydchen/unidit/bioreg_meeting_20260803_final/results/ssr_cosmos_lrrobust_cifar100_rank4_1node_20260907_r2_cifar100_lowrank_fixedkd_functionalspace/rank_4/robustness/kd_si_scale_m4p0/seed_19233/result.json
4,kd_si,scale_m4p0,19235,93.63,0.22105263157894678,93.6,0.8499999999999943,1.442105263157895,-2.6000000000000085,/unify/ydchen/unidit/bioreg_meeting_20260803_final/results/ssr_cosmos_lrrobust_cifar100_rank4_1node_20260907_r2_cifar100_lowrank_fixedkd_functionalspace/rank_4/robustness/kd_si_scale_m4p0/seed_19235/result.json
4,kd_si,scale_m4p0,19237,94.41,0.1999999999999991,94.8,0.789999999999992,1.1368421052631592,-1.6000000000000085,/unify/ydchen/unidit/bioreg_meeting_20260803_final/results/ssr_cosmos_lrrobust_cifar100_rank4_1node_20260907_r2_cifar100_lowrank_fixedkd_functionalspace/rank_4/robustness/kd_si_scale_m4p0/seed_19237/result.json
4,kd_si,scale_m4p0,19239,93.19,0.21052631578947367,92.2,0.8400000000000034,1.6000000000000019,-0.7999999999999972,/unify/ydchen/unidit/bioreg_meeting_20260803_final/results/ssr_cosmos_lrrobust_cifar100_rank4_1node_20260907_r2_cifar100_lowrank_fixedkd_functionalspace/rank_4/robustness/kd_si_scale_m4p0/seed_19239/result.json
4,kd_si,scale_m4p0,19241,94.25,0.23157894736841986,95.8,0.7199999999999989,1.2526315789473677,-1.0,/unify/ydchen/unidit/bioreg_meeting_20260803_final/results/ssr_cosmos_lrrobust_cifar100_rank4_1node_20260907_r2_cifar100_lowrank_fixedkd_functionalspace/rank_4/robustness/kd_si_scale_m4p0/seed_19241/result.json
4,kd_si,scale_m4p0,19243,93.25000000000001,0.2736842105263159,92.4,0.37000000000001876,1.3578947368421073,-0.5999999999999943,/unify/ydchen/unidit/bioreg_meeting_20260803_final/results/ssr_cosmos_lrrobust_cifar100_rank4_1node_20260907_r2_cifar100_lowrank_fixedkd_functionalspace/rank_4/robustness/kd_si_scale_m4p0/seed_19243/result.json
4,kd_si,scale_m4p0,19245,94.08000000000001,0.24210526315789443,94.4,0.9700000000000273,1.3894736842105282,-1.7999999999999972,/unify/ydchen/unidit/bioreg_meeting_20260803_final/results/ssr_cosmos_lrrobust_cifar100_rank4_1node_20260907_r2_cifar100_lowrank_fixedkd_functionalspace/rank_4/robustness/kd_si_scale_m4p0/seed_19245/result.json
4,kd_si,scale_m4p0,19247,93.84,0.34736842105262977,96.4,1.4500000000000028,1.9052631578947399,0.0,/unify/ydchen/unidit/bioreg_meeting_20260803_final/results/ssr_cosmos_lrrobust_cifar100_rank4_1node_20260907_r2_cifar100_lowrank_fixedkd_functionalspace/rank_4/robustness/kd_si_scale_m4p0/seed_19247/result.json
4,kd_si,scale_m4p0,19249,94.15,0.2842105263157905,96.0,0.4900000000000091,0.9263157894736838,-0.20000000000000284,/unify/ydchen/unidit/bioreg_meeting_20260803_final/results/ssr_cosmos_lrrobust_cifar100_rank4_1node_20260907_r2_cifar100_lowrank_fixedkd_functionalspace/rank_4/robustness/kd_si_scale_m4p0/seed_19249/result.json
4,kd_si,scale_m8p0,19231,94.15,0.284210526315789,94.0,0.45999999999999375,1.3578947368421044,-1.4000000000000057,/unify/ydchen/unidit/bioreg_meeting_20260803_final/results/ssr_cosmos_lrrobust_cifar100_rank4_1node_20260907_r2_cifar100_lowrank_fixedkd_functionalspace/rank_4/robustness/kd_si_scale_m8p0/seed_19231/result.json
4,kd_si,scale_m8p0,19233,93.23999999999998,0.19999999999999984,90.6,0.5799999999999841,1.5578947368421057,-3.4000000000000057,/unify/ydchen/unidit/bioreg_meeting_20260803_final/results/ssr_cosmos_lrrobust_cifar100_rank4_1node_20260907_r2_cifar100_lowrank_fixedkd_functionalspace/rank_4/robustness/kd_si_scale_m8p0/seed_19233/result.json
4,kd_si,scale_m8p0,19235,93.36000000000001,0.284210526315789,93.2,0.5800000000000125,1.3789473684210527,-3.0,/unify/ydchen/unidit/bioreg_meeting_20260803_final/results/ssr_cosmos_lrrobust_cifar100_rank4_1node_20260907_r2_cifar100_lowrank_fixedkd_functionalspace/rank_4/robustness/kd_si_scale_m8p0/seed_19235/result.json
4,kd_si,scale_m8p0,19237,93.85999999999999,0.18947368421052452,94.2,0.23999999999998067,1.1473684210526338,-2.200000000000003,/unify/ydchen/unidit/bioreg_meeting_20260803_final/results/ssr_cosmos_lrrobust_cifar100_rank4_1node_20260907_r2_cifar100_lowrank_fixedkd_functionalspace/rank_4/robustness/kd_si_scale_m8p0/seed_19237/result.json
4,kd_si,scale_m8p0,19239,93.05,0.16842105263157686,92.6,0.7000000000000028,1.6421052631578987,-0.4000000000000057,/unify/ydchen/unidit/bioreg_meeting_20260803_final/results/ssr_cosmos_lrrobust_cifar100_rank4_1node_20260907_r2_cifar100_lowrank_fixedkd_functionalspace/rank_4/robustness/kd_si_scale_m8p0/seed_19239/result.json
4,kd_si,scale_m8p0,19241,93.89000000000001,0.157894736842106,95.2,0.36000000000001364,1.3263157894736815,-1.5999999999999943,/unify/ydchen/unidit/bioreg_meeting_20260803_final/results/ssr_cosmos_lrrobust_cifar100_rank4_1node_20260907_r2_cifar100_lowrank_fixedkd_functionalspace/rank_4/robustness/kd_si_scale_m8p0/seed_19241/result.json
4,kd_si,scale_m8p0,19243,92.85,0.2736842105263174,92.0,-0.030000000000001137,1.357894736842106,-1.0,/unify/ydchen/unidit/bioreg_meeting_20260803_final/results/ssr_cosmos_lrrobust_cifar100_rank4_1node_20260907_r2_cifar100_lowrank_fixedkd_functionalspace/rank_4/robustness/kd_si_scale_m8p0/seed_19243/result.json
4,kd_si,scale_m8p0,19245,93.72999999999999,0.16842105263157983,93.6,0.6200000000000045,1.4631578947368427,-2.6000000000000085,/unify/ydchen/unidit/bioreg_meeting_20260803_final/results/ssr_cosmos_lrrobust_cifar100_rank4_1node_20260907_r2_cifar100_lowrank_fixedkd_functionalspace/rank_4/robustness/kd_si_scale_m8p0/seed_19245/result.json
4,kd_si,scale_m8p0,19247,93.69999999999999,0.23157894736842285,95.6,1.309999999999988,2.021052631578947,-0.8000000000000114,/unify/ydchen/unidit/bioreg_meeting_20260803_final/results/ssr_cosmos_lrrobust_cifar100_rank4_1node_20260907_r2_cifar100_lowrank_fixedkd_functionalspace/rank_4/robustness/kd_si_scale_m8p0/seed_19247/result.json
4,kd_si,scale_m8p0,19249,93.91999999999999,0.23157894736841986,95.2,0.2599999999999909,0.9789473684210545,-1.0,/unify/ydchen/unidit/bioreg_meeting_20260803_final/results/ssr_cosmos_lrrobust_cifar100_rank4_1node_20260907_r2_cifar100_lowrank_fixedkd_functionalspace/rank_4/robustness/kd_si_scale_m8p0/seed_19249/result.json
