rank,seed,arm,after_edits,geometry_json
16,17631,plain,1,"{""center_surround_contrast"": -0.0008306057934532873, ""definition"": ""Entropy effective rank and normalized alignment between cyclic +/-1 and +/-2 LoRA-B row-cosine profiles and the fixed SSR target weights (+1, -0.2)."", ""effective_rank"": 11.196960911154747, ""effective_rank_fraction"": 0.6998100569471717, ""kernel_alignment"": 2.6399513964341765e-05, ""n_modules"": 56, ""near_row_cosine"": 0.00011333382495390008, ""surround_row_cosine"": 0.000943939623539336}"
16,17631,plain,2,"{""center_surround_contrast"": -0.0029487886765439597, ""definition"": ""Entropy effective rank and normalized alignment between cyclic +/-1 and +/-2 LoRA-B row-cosine profiles and the fixed SSR target weights (+1, -0.2)."", ""effective_rank"": 11.899035592164312, ""effective_rank_fraction"": 0.7436897245102695, ""kernel_alignment"": -0.001078449329984973, ""n_modules"": 56, ""near_row_cosine"": -0.0001957636422957876, ""surround_row_cosine"": 0.0027530251271465594}"
16,17631,plain,5,"{""center_surround_contrast"": -0.0033197382321564616, ""definition"": ""Entropy effective rank and normalized alignment between cyclic +/-1 and +/-2 LoRA-B row-cosine profiles and the fixed SSR target weights (+1, -0.2)."", ""effective_rank"": 12.631656889404569, ""effective_rank_fraction"": 0.7894785555877856, ""kernel_alignment"": -0.0014389737376144956, ""n_modules"": 56, ""near_row_cosine"": -0.00027509712975058525, ""surround_row_cosine"": 0.003044641213948905}"
16,17631,plain,10,"{""center_surround_contrast"": -0.004518108256369098, ""definition"": ""Entropy effective rank and normalized alignment between cyclic +/-1 and +/-2 LoRA-B row-cosine profiles and the fixed SSR target weights (+1, -0.2)."", ""effective_rank"": 13.119810845170703, ""effective_rank_fraction"": 0.8199881778231689, ""kernel_alignment"": -0.004916772899897686, ""n_modules"": 56, ""near_row_cosine"": -0.0019163281711891095, ""surround_row_cosine"": 0.0026017800439928707}"
16,17631,plain,25,"{""center_surround_contrast"": -0.0037813170336968532, ""definition"": ""Entropy effective rank and normalized alignment between cyclic +/-1 and +/-2 LoRA-B row-cosine profiles and the fixed SSR target weights (+1, -0.2)."", ""effective_rank"": 13.757527206625257, ""effective_rank_fraction"": 0.8598454504140786, ""kernel_alignment"": -0.005432178391077157, ""n_modules"": 56, ""near_row_cosine"": -0.002036428277278901, ""surround_row_cosine"": 0.0017448887048366096}"
16,17631,plain,50,"{""center_surround_contrast"": -0.0018531460695417731, ""definition"": ""Entropy effective rank and normalized alignment between cyclic +/-1 and +/-2 LoRA-B row-cosine profiles and the fixed SSR target weights (+1, -0.2)."", ""effective_rank"": 14.207401318209511, ""effective_rank_fraction"": 0.8879625823880944, ""kernel_alignment"": -0.00232384967343283, ""n_modules"": 56, ""near_row_cosine"": -0.0006966473597458389, ""surround_row_cosine"": 0.0011564986854994328}"
16,17631,plain,100,"{""center_surround_contrast"": -0.0020498493021087988, ""definition"": ""Entropy effective rank and normalized alignment between cyclic +/-1 and +/-2 LoRA-B row-cosine profiles and the fixed SSR target weights (+1, -0.2)."", ""effective_rank"": 14.546733162232808, ""effective_rank_fraction"": 0.9091708226395505, ""kernel_alignment"": -0.00396759578351131, ""n_modules"": 56, ""near_row_cosine"": -0.001360512737846875, ""surround_row_cosine"": 0.0006893366288360475}"
16,17631,ssr,1,"{""center_surround_contrast"": 0.007346325454169086, ""definition"": ""Entropy effective rank and normalized alignment between cyclic +/-1 and +/-2 LoRA-B row-cosine profiles and the fixed SSR target weights (+1, -0.2)."", ""effective_rank"": 11.196826027972357, ""effective_rank_fraction"": 0.6998016267482723, ""kernel_alignment"": 0.011509058364319051, ""n_modules"": 56, ""near_row_cosine"": 0.006938057731498962, ""surround_row_cosine"": -0.0004082675207298183}"
16,17631,ssr,2,"{""center_surround_contrast"": 0.010326016155886464, ""definition"": ""Entropy effective rank and normalized alignment between cyclic +/-1 and +/-2 LoRA-B row-cosine profiles and the fixed SSR target weights (+1, -0.2)."", ""effective_rank"": 11.899772437555448, ""effective_rank_fraction"": 0.7437357773472155, ""kernel_alignment"": 0.019378796863228284, ""n_modules"": 56, ""near_row_cosine"": 0.011023672613061666, ""surround_row_cosine"": 0.0006976563818170689}"
16,17631,ssr,5,"{""center_surround_contrast"": 0.025736280004951238, ""definition"": ""Entropy effective rank and normalized alignment between cyclic +/-1 and +/-2 LoRA-B row-cosine profiles and the fixed SSR target weights (+1, -0.2)."", ""effective_rank"": 12.707679271697998, ""effective_rank_fraction"": 0.7942299544811249, ""kernel_alignment"": 0.050235694460882635, ""n_modules"": 56, ""near_row_cosine"": 0.02491415934595612, ""surround_row_cosine"": -0.000822120697234498}"
16,17631,ssr,10,"{""center_surround_contrast"": 0.048905597105788595, ""definition"": ""Entropy effective rank and normalized alignment between cyclic +/-1 and +/-2 LoRA-B row-cosine profiles and the fixed SSR target weights (+1, -0.2)."", ""effective_rank"": 13.18126466018813, ""effective_rank_fraction"": 0.8238290412617582, ""kernel_alignment"": 0.09582768403925002, ""n_modules"": 56, ""near_row_cosine"": 0.044290015166292766, ""surround_row_cosine"": -0.004615582105543581}"
16,17631,ssr,25,"{""center_surround_contrast"": 0.11579604656435549, ""definition"": ""Entropy effective rank and normalized alignment between cyclic +/-1 and +/-2 LoRA-B row-cosine profiles and the fixed SSR target weights (+1, -0.2)."", ""effective_rank"": 13.846998700073787, ""effective_rank_fraction"": 0.8654374187546117, ""kernel_alignment"": 0.24682094203308225, ""n_modules"": 56, ""near_row_cosine"": 0.1042932110639023, ""surround_row_cosine"": -0.011502835091830223}"
16,17631,ssr,50,"{""center_surround_contrast"": 0.19429469081972325, ""definition"": ""Entropy effective rank and normalized alignment between cyclic +/-1 and +/-2 LoRA-B row-cosine profiles and the fixed SSR target weights (+1, -0.2)."", ""effective_rank"": 14.220359521252767, ""effective_rank_fraction"": 0.888772470078298, ""kernel_alignment"": 0.4352142635200705, ""n_modules"": 56, ""near_row_cosine"": 0.18639868225104042, ""surround_row_cosine"": -0.007896008446485732}"
16,17631,ssr,100,"{""center_surround_contrast"": 0.2895327368751168, ""definition"": ""Entropy effective rank and normalized alignment between cyclic +/-1 and +/-2 LoRA-B row-cosine profiles and the fixed SSR target weights (+1, -0.2)."", ""effective_rank"": 14.551581531763077, ""effective_rank_fraction"": 0.9094738457351923, ""kernel_alignment"": 0.639284944693957, ""n_modules"": 56, ""near_row_cosine"": 0.3054080562932151, ""surround_row_cosine"": 0.015875320571077673}"
16,17632,plain,1,"{""center_surround_contrast"": -0.006004272920628344, ""definition"": ""Entropy effective rank and normalized alignment between cyclic +/-1 and +/-2 LoRA-B row-cosine profiles and the fixed SSR target weights (+1, -0.2)."", ""effective_rank"": 11.606719300150871, ""effective_rank_fraction"": 0.7254199562594295, ""kernel_alignment"": -0.00505017566839732, ""n_modules"": 56, ""near_row_cosine"": -0.002584410409456593, ""surround_row_cosine"": 0.0034198625918569242}"
16,17632,plain,2,"{""center_surround_contrast"": -0.006719228408266125, ""definition"": ""Entropy effective rank and normalized alignment between cyclic +/-1 and +/-2 LoRA-B row-cosine profiles and the fixed SSR target weights (+1, -0.2)."", ""effective_rank"": 12.31678178693567, ""effective_rank_fraction"": 0.7697988616834793, ""kernel_alignment"": -0.004232104793378052, ""n_modules"": 56, ""near_row_cosine"": -0.0013110454401612515, ""surround_row_cosine"": 0.005408183037778664}"
16,17632,plain,5,"{""center_surround_contrast"": -0.0072905375922606, ""definition"": ""Entropy effective rank and normalized alignment between cyclic +/-1 and +/-2 LoRA-B row-cosine profiles and the fixed SSR target weights (+1, -0.2)."", ""effective_rank"": 12.554947510361671, ""effective_rank_fraction"": 0.7846842193976045, ""kernel_alignment"": -0.005740790023310183, ""n_modules"": 56, ""near_row_cosine"": -0.0021658801150416756, ""surround_row_cosine"": 0.0051246574787780575}"
16,17632,plain,10,"{""center_surround_contrast"": -0.008867554371785704, ""definition"": ""Entropy effective rank and normalized alignment between cyclic +/-1 and +/-2 LoRA-B row-cosine profiles and the fixed SSR target weights (+1, -0.2)."", ""effective_rank"": 13.025177947112493, ""effective_rank_fraction"": 0.8140736216945308, ""kernel_alignment"": -0.009615623955012, ""n_modules"": 56, ""near_row_cosine"": -0.0038551644943903996, ""surround_row_cosine"": 0.005012389992381421}"
16,17632,plain,25,"{""center_surround_contrast"": -0.00596101809891739, ""definition"": ""Entropy effective rank and normalized alignment between cyclic +/-1 and +/-2 LoRA-B row-cosine profiles and the fixed SSR target weights (+1, -0.2)."", ""effective_rank"": 13.806518754788808, ""effective_rank_fraction"": 0.8629074221743005, ""kernel_alignment"": -0.005802521264870717, ""n_modules"": 56, ""near_row_cosine"": -0.0019244710497982203, ""surround_row_cosine"": 0.004036547029629999}"
16,17632,plain,50,"{""center_surround_contrast"": -0.008316990028106375, ""definition"": ""Entropy effective rank and normalized alignment between cyclic +/-1 and +/-2 LoRA-B row-cosine profiles and the fixed SSR target weights (+1, -0.2)."", ""effective_rank"": 14.241826436349324, ""effective_rank_fraction"": 0.8901141522718328, ""kernel_alignment"": -0.011684171853890543, ""n_modules"": 56, ""near_row_cosine"": -0.0038346307490948156, ""surround_row_cosine"": 0.004482359168832772}"
16,17632,plain,100,"{""center_surround_contrast"": -0.006792149111528748, ""definition"": ""Entropy effective rank and normalized alignment between cyclic +/-1 and +/-2 LoRA-B row-cosine profiles and the fixed SSR target weights (+1, -0.2)."", ""effective_rank"": 14.548302292823792, ""effective_rank_fraction"": 0.909268893301487, ""kernel_alignment"": -0.010424857353232904, ""n_modules"": 56, ""near_row_cosine"": -0.0031537632263020244, ""surround_row_cosine"": 0.00363838587054488}"
16,17632,ssr,1,"{""center_surround_contrast"": 0.0024924642223465654, ""definition"": ""Entropy effective rank and normalized alignment between cyclic +/-1 and +/-2 LoRA-B row-cosine profiles and the fixed SSR target weights (+1, -0.2)."", ""effective_rank"": 11.60684419316905, ""effective_rank_fraction"": 0.7254277620730656, ""kernel_alignment"": 0.007085581902044526, ""n_modules"": 56, ""near_row_cosine"": 0.004514989372442609, ""surround_row_cosine"": 0.0020225249832687303}"
16,17632,ssr,2,"{""center_surround_contrast"": 0.007244409696016061, ""definition"": ""Entropy effective rank and normalized alignment between cyclic +/-1 and +/-2 LoRA-B row-cosine profiles and the fixed SSR target weights (+1, -0.2)."", ""effective_rank"": 12.288625353149005, ""effective_rank_fraction"": 0.7680390845718128, ""kernel_alignment"": 0.017622606383935948, ""n_modules"": 56, ""near_row_cosine"": 0.010435449098752412, ""surround_row_cosine"": 0.003191039378050066}"
16,17632,ssr,5,"{""center_surround_contrast"": 0.023921840008240127, ""definition"": ""Entropy effective rank and normalized alignment between cyclic +/-1 and +/-2 LoRA-B row-cosine profiles and the fixed SSR target weights (+1, -0.2)."", ""effective_rank"": 12.604802361556462, ""effective_rank_fraction"": 0.7878001475972789, ""kernel_alignment"": 0.04437651081518977, ""n_modules"": 56, ""near_row_cosine"": 0.02258336535721485, ""surround_row_cosine"": -0.0013384746775305498}"
16,17632,ssr,10,"{""center_surround_contrast"": 0.04874443948002798, ""definition"": ""Entropy effective rank and normalized alignment between cyclic +/-1 and +/-2 LoRA-B row-cosine profiles and the fixed SSR target weights (+1, -0.2)."", ""effective_rank"": 13.079875873667852, ""effective_rank_fraction"": 0.8174922421042408, ""kernel_alignment"": 0.0945844319565887, ""n_modules"": 56, ""near_row_cosine"": 0.04466796201138225, ""surround_row_cosine"": -0.004076477527373105}"
16,17632,ssr,25,"{""center_surround_contrast"": 0.1134818878823093, ""definition"": ""Entropy effective rank and normalized alignment between cyclic +/-1 and +/-2 LoRA-B row-cosine profiles and the fixed SSR target weights (+1, -0.2)."", ""effective_rank"": 13.848668907369886, ""effective_rank_fraction"": 0.8655418067106179, ""kernel_alignment"": 0.24379459868318268, ""n_modules"": 56, ""near_row_cosine"": 0.10294610381658588, ""surround_row_cosine"": -0.01053578381184447}"
16,17632,ssr,50,"{""center_surround_contrast"": 0.1955738848607455, ""definition"": ""Entropy effective rank and normalized alignment between cyclic +/-1 and +/-2 LoRA-B row-cosine profiles and the fixed SSR target weights (+1, -0.2)."", ""effective_rank"": 14.240444562264852, ""effective_rank_fraction"": 0.8900277851415532, ""kernel_alignment"": 0.43649961959038464, ""n_modules"": 56, ""near_row_cosine"": 0.1848771922024233, ""surround_row_cosine"": -0.010696693233382706}"
16,17632,ssr,100,"{""center_surround_contrast"": 0.28658833314797705, ""definition"": ""Entropy effective rank and normalized alignment between cyclic +/-1 and +/-2 LoRA-B row-cosine profiles and the fixed SSR target weights (+1, -0.2)."", ""effective_rank"": 14.555106571742467, ""effective_rank_fraction"": 0.9096941607339042, ""kernel_alignment"": 0.6370660801018988, ""n_modules"": 56, ""near_row_cosine"": 0.3032325293336596, ""surround_row_cosine"": 0.016644197293187193}"
16,17633,plain,1,"{""center_surround_contrast"": -0.006182598683933196, ""definition"": ""Entropy effective rank and normalized alignment between cyclic +/-1 and +/-2 LoRA-B row-cosine profiles and the fixed SSR target weights (+1, -0.2)."", ""effective_rank"": 11.739087473068919, ""effective_rank_fraction"": 0.7336929670668074, ""kernel_alignment"": -0.005141563294663294, ""n_modules"": 56, ""near_row_cosine"": -0.0030052428212781835, ""surround_row_cosine"": 0.0031773558292635634}"
16,17633,plain,2,"{""center_surround_contrast"": -0.004793184142077475, ""definition"": ""Entropy effective rank and normalized alignment between cyclic +/-1 and +/-2 LoRA-B row-cosine profiles and the fixed SSR target weights (+1, -0.2)."", ""effective_rank"": 11.728854285819189, ""effective_rank_fraction"": 0.7330533928636993, ""kernel_alignment"": -0.004665151131380948, ""n_modules"": 56, ""near_row_cosine"": -0.002800320893584285, ""surround_row_cosine"": 0.001992862862867436}"
16,17633,plain,5,"{""center_surround_contrast"": -0.003120806340510691, ""definition"": ""Entropy effective rank and normalized alignment between cyclic +/-1 and +/-2 LoRA-B row-cosine profiles and the fixed SSR target weights (+1, -0.2)."", ""effective_rank"": 12.48669455732618, ""effective_rank_fraction"": 0.7804184098328862, ""kernel_alignment"": -0.004480377522944374, ""n_modules"": 56, ""near_row_cosine"": -0.002505223255346729, ""surround_row_cosine"": 0.0006155831008202637}"
16,17633,plain,10,"{""center_surround_contrast"": -0.0038862094305451523, ""definition"": ""Entropy effective rank and normalized alignment between cyclic +/-1 and +/-2 LoRA-B row-cosine profiles and the fixed SSR target weights (+1, -0.2)."", ""effective_rank"": 12.966248197214943, ""effective_rank_fraction"": 0.810390512325934, ""kernel_alignment"": -0.0017982556190483073, ""n_modules"": 56, ""near_row_cosine"": -0.000323491597555403, ""surround_row_cosine"": 0.003562717805574981}"
16,17633,plain,25,"{""center_surround_contrast"": -0.003767285706999246, ""definition"": ""Entropy effective rank and normalized alignment between cyclic +/-1 and +/-2 LoRA-B row-cosine profiles and the fixed SSR target weights (+1, -0.2)."", ""effective_rank"": 13.756386335406985, ""effective_rank_fraction"": 0.8597741459629366, ""kernel_alignment"": -0.0032268839136772192, ""n_modules"": 56, ""near_row_cosine"": -0.0008150789247045915, ""surround_row_cosine"": 0.0029522068424349917}"
16,17633,plain,50,"{""center_surround_contrast"": -0.0026198376103171283, ""definition"": ""Entropy effective rank and normalized alignment between cyclic +/-1 and +/-2 LoRA-B row-cosine profiles and the fixed SSR target weights (+1, -0.2)."", ""effective_rank"": 14.189856831516538, ""effective_rank_fraction"": 0.8868660519697836, ""kernel_alignment"": -0.00371380038476283, ""n_modules"": 56, ""near_row_cosine"": -0.0011060745507295777, ""surround_row_cosine"": 0.0015137631333865492}"
16,17633,plain,100,"{""center_surround_contrast"": -0.004218660273701451, ""definition"": ""Entropy effective rank and normalized alignment between cyclic +/-1 and +/-2 LoRA-B row-cosine profiles and the fixed SSR target weights (+1, -0.2)."", ""effective_rank"": 14.577652565070562, ""effective_rank_fraction"": 0.9111032853169101, ""kernel_alignment"": -0.006606400256974406, ""n_modules"": 56, ""near_row_cosine"": -0.002025929627052392, ""surround_row_cosine"": 0.002192730714211523}"
16,17633,ssr,1,"{""center_surround_contrast"": 0.001996056813888052, ""definition"": ""Entropy effective rank and normalized alignment between cyclic +/-1 and +/-2 LoRA-B row-cosine profiles and the fixed SSR target weights (+1, -0.2)."", ""effective_rank"": 11.739134175436837, ""effective_rank_fraction"": 0.7336958859648023, ""kernel_alignment"": 0.006450016610740151, ""n_modules"": 56, ""near_row_cosine"": 0.0038097076983620226, ""surround_row_cosine"": 0.0018136508801295088}"
16,17633,ssr,2,"{""center_surround_contrast"": 0.009026854455961646, ""definition"": ""Entropy effective rank and normalized alignment between cyclic +/-1 and +/-2 LoRA-B row-cosine profiles and the fixed SSR target weights (+1, -0.2)."", ""effective_rank"": 11.723144416298185, ""effective_rank_fraction"": 0.7326965260186366, ""kernel_alignment"": 0.016133869357093187, ""n_modules"": 56, ""near_row_cosine"": 0.008799089325683391, ""surround_row_cosine"": -0.00022776538597619436}"
16,17633,ssr,5,"{""center_surround_contrast"": 0.025626707599648007, ""definition"": ""Entropy effective rank and normalized alignment between cyclic +/-1 and +/-2 LoRA-B row-cosine profiles and the fixed SSR target weights (+1, -0.2)."", ""effective_rank"": 12.336567046386854, ""effective_rank_fraction"": 0.7710354403991784, ""kernel_alignment"": 0.04400603537578718, ""n_modules"": 56, ""near_row_cosine"": 0.022310615770818134, ""surround_row_cosine"": -0.003316092032036977}"
16,17633,ssr,10,"{""center_surround_contrast"": 0.051116805706572316, ""definition"": ""Entropy effective rank and normalized alignment between cyclic +/-1 and +/-2 LoRA-B row-cosine profiles and the fixed SSR target weights (+1, -0.2)."", ""effective_rank"": 12.902218273707799, ""effective_rank_fraction"": 0.8063886421067374, ""kernel_alignment"": 0.09297191704120321, ""n_modules"": 56, ""near_row_cosine"": 0.044006141295540147, ""surround_row_cosine"": -0.007110664144420298}"
16,17633,ssr,25,"{""center_surround_contrast"": 0.11217552393541805, ""definition"": ""Entropy effective rank and normalized alignment between cyclic +/-1 and +/-2 LoRA-B row-cosine profiles and the fixed SSR target weights (+1, -0.2)."", ""effective_rank"": 13.609802629266467, ""effective_rank_fraction"": 0.8506126643291542, ""kernel_alignment"": 0.2301180181093514, ""n_modules"": 56, ""near_row_cosine"": 0.1008026576933584, ""surround_row_cosine"": -0.011372866456180677}"
16,17633,ssr,50,"{""center_surround_contrast"": 0.19438209098630718, ""definition"": ""Entropy effective rank and normalized alignment between cyclic +/-1 and +/-2 LoRA-B row-cosine profiles and the fixed SSR target weights (+1, -0.2)."", ""effective_rank"": 14.12798764875957, ""effective_rank_fraction"": 0.8829992280474731, ""kernel_alignment"": 0.4239916858662452, ""n_modules"": 56, ""near_row_cosine"": 0.1831153874019427, ""surround_row_cosine"": -0.01126670312078204}"
16,17633,ssr,100,"{""center_surround_contrast"": 0.28701510639595135, ""definition"": ""Entropy effective rank and normalized alignment between cyclic +/-1 and +/-2 LoRA-B row-cosine profiles and the fixed SSR target weights (+1, -0.2)."", ""effective_rank"": 14.514081908123833, ""effective_rank_fraction"": 0.9071301192577396, ""kernel_alignment"": 0.6308065650186369, ""n_modules"": 56, ""near_row_cosine"": 0.3004330179787108, ""surround_row_cosine"": 0.013417910710683958}"
16,17634,plain,1,"{""center_surround_contrast"": -0.009568838360012575, ""definition"": ""Entropy effective rank and normalized alignment between cyclic +/-1 and +/-2 LoRA-B row-cosine profiles and the fixed SSR target weights (+1, -0.2)."", ""effective_rank"": 11.474415474704333, ""effective_rank_fraction"": 0.7171509671690208, ""kernel_alignment"": -0.00842406836974468, ""n_modules"": 56, ""near_row_cosine"": -0.004015686342881963, ""surround_row_cosine"": 0.005553151997446548}"
16,17634,plain,2,"{""center_surround_contrast"": -0.006409919480834755, ""definition"": ""Entropy effective rank and normalized alignment between cyclic +/-1 and +/-2 LoRA-B row-cosine profiles and the fixed SSR target weights (+1, -0.2)."", ""effective_rank"": 12.115183519465582, ""effective_rank_fraction"": 0.7571989699665989, ""kernel_alignment"": -0.004702273569169587, ""n_modules"": 56, ""near_row_cosine"": -0.001983223386300129, ""surround_row_cosine"": 0.004426695820646793}"
16,17634,plain,5,"{""center_surround_contrast"": -0.0046699761275834, ""definition"": ""Entropy effective rank and normalized alignment between cyclic +/-1 and +/-2 LoRA-B row-cosine profiles and the fixed SSR target weights (+1, -0.2)."", ""effective_rank"": 12.88294160578932, ""effective_rank_fraction"": 0.8051838503618325, ""kernel_alignment"": -0.0036316235782578588, ""n_modules"": 56, ""near_row_cosine"": -0.0012399088601731429, ""surround_row_cosine"": 0.0034300674138389047}"
16,17634,plain,10,"{""center_surround_contrast"": -0.004998634937302475, ""definition"": ""Entropy effective rank and normalized alignment between cyclic +/-1 and +/-2 LoRA-B row-cosine profiles and the fixed SSR target weights (+1, -0.2)."", ""effective_rank"": 13.113169369953019, ""effective_rank_fraction"": 0.8195730856220637, ""kernel_alignment"": -0.0053842478170866214, ""n_modules"": 56, ""near_row_cosine"": -0.0015509772666908767, ""surround_row_cosine"": 0.003447657631828146}"
16,17634,plain,25,"{""center_surround_contrast"": -0.007093186339521448, ""definition"": ""Entropy effective rank and normalized alignment between cyclic +/-1 and +/-2 LoRA-B row-cosine profiles and the fixed SSR target weights (+1, -0.2)."", ""effective_rank"": 13.679025083780289, ""effective_rank_fraction"": 0.854939067736268, ""kernel_alignment"": -0.009734243610182602, ""n_modules"": 56, ""near_row_cosine"": -0.0034523384071820018, ""surround_row_cosine"": 0.0036408479666403893}"
16,17634,plain,50,"{""center_surround_contrast"": -0.005710592616066735, ""definition"": ""Entropy effective rank and normalized alignment between cyclic +/-1 and +/-2 LoRA-B row-cosine profiles and the fixed SSR target weights (+1, -0.2)."", ""effective_rank"": 14.184880533388682, ""effective_rank_fraction"": 0.8865550333367926, ""kernel_alignment"": -0.009122854373085179, ""n_modules"": 56, ""near_row_cosine"": -0.0030526744259467315, ""surround_row_cosine"": 0.002657918129053931}"
16,17634,plain,100,"{""center_surround_contrast"": -0.005953536713475063, ""definition"": ""Entropy effective rank and normalized alignment between cyclic +/-1 and +/-2 LoRA-B row-cosine profiles and the fixed SSR target weights (+1, -0.2)."", ""effective_rank"": 14.514759144612722, ""effective_rank_fraction"": 0.9071724465382951, ""kernel_alignment"": -0.012024870718310661, ""n_modules"": 56, ""near_row_cosine"": -0.004077685433003353, ""surround_row_cosine"": 0.0018758512626066348}"
16,17634,ssr,1,"{""center_surround_contrast"": -0.001323876919091812, ""definition"": ""Entropy effective rank and normalized alignment between cyclic +/-1 and +/-2 LoRA-B row-cosine profiles and the fixed SSR target weights (+1, -0.2)."", ""effective_rank"": 11.474500515631266, ""effective_rank_fraction"": 0.7171562822269542, ""kernel_alignment"": 0.0032407299869581557, ""n_modules"": 56, ""near_row_cosine"": 0.002854673697584076, ""surround_row_cosine"": 0.00417855064331109}"
16,17634,ssr,2,"{""center_surround_contrast"": 0.007688740131145875, ""definition"": ""Entropy effective rank and normalized alignment between cyclic +/-1 and +/-2 LoRA-B row-cosine profiles and the fixed SSR target weights (+1, -0.2)."", ""effective_rank"": 12.102792835661344, ""effective_rank_fraction"": 0.756424552228834, ""kernel_alignment"": 0.0175655976814986, ""n_modules"": 56, ""near_row_cosine"": 0.009906633757574517, ""surround_row_cosine"": 0.0022178935348295325}"
16,17634,ssr,5,"{""center_surround_contrast"": 0.021214569648561468, ""definition"": ""Entropy effective rank and normalized alignment between cyclic +/-1 and +/-2 LoRA-B row-cosine profiles and the fixed SSR target weights (+1, -0.2)."", ""effective_rank"": 12.899390550596372, ""effective_rank_fraction"": 0.8062119094122733, ""kernel_alignment"": 0.04663762948101586, ""n_modules"": 56, ""near_row_cosine"": 0.022838196419927823, ""surround_row_cosine"": 0.0016236268799860096}"
16,17634,ssr,10,"{""center_surround_contrast"": 0.04649318887719086, ""definition"": ""Entropy effective rank and normalized alignment between cyclic +/-1 and +/-2 LoRA-B row-cosine profiles and the fixed SSR target weights (+1, -0.2)."", ""effective_rank"": 13.135168548141207, ""effective_rank_fraction"": 0.8209480342588255, ""kernel_alignment"": 0.09744896383875, ""n_modules"": 56, ""near_row_cosine"": 0.045544463326223195, ""surround_row_cosine"": -0.0009487256462047558}"
16,17634,ssr,25,"{""center_surround_contrast"": 0.11186975729651749, ""definition"": ""Entropy effective rank and normalized alignment between cyclic +/-1 and +/-2 LoRA-B row-cosine profiles and the fixed SSR target weights (+1, -0.2)."", ""effective_rank"": 13.672909425837654, ""effective_rank_fraction"": 0.8545568391148534, ""kernel_alignment"": 0.2369353368080088, ""n_modules"": 56, ""near_row_cosine"": 0.10373087882596467, ""surround_row_cosine"": -0.008138878600480633}"
16,17634,ssr,50,"{""center_surround_contrast"": 0.19345905698303664, ""definition"": ""Entropy effective rank and normalized alignment between cyclic +/-1 and +/-2 LoRA-B row-cosine profiles and the fixed SSR target weights (+1, -0.2)."", ""effective_rank"": 14.189642527273723, ""effective_rank_fraction"": 0.8868526579546077, ""kernel_alignment"": 0.4290919192135334, ""n_modules"": 56, ""near_row_cosine"": 0.18667640104623778, ""surround_row_cosine"": -0.006782655540908828}"
16,17634,ssr,100,"{""center_surround_contrast"": 0.28688468345041784, ""definition"": ""Entropy effective rank and normalized alignment between cyclic +/-1 and +/-2 LoRA-B row-cosine profiles and the fixed SSR target weights (+1, -0.2)."", ""effective_rank"": 14.523768420730319, ""effective_rank_fraction"": 0.9077355262956449, ""kernel_alignment"": 0.6343925193484341, ""n_modules"": 56, ""near_row_cosine"": 0.30429066265267984, ""surround_row_cosine"": 0.017405977598952762}"
16,17635,plain,1,"{""center_surround_contrast"": -0.006779747758368363, ""definition"": ""Entropy effective rank and normalized alignment between cyclic +/-1 and +/-2 LoRA-B row-cosine profiles and the fixed SSR target weights (+1, -0.2)."", ""effective_rank"": 10.566768120442118, ""effective_rank_fraction"": 0.6604230075276324, ""kernel_alignment"": -0.006496175733315924, ""n_modules"": 56, ""near_row_cosine"": -0.004295861081378202, ""surround_row_cosine"": 0.0024838865847414127}"
16,17635,plain,2,"{""center_surround_contrast"": -0.006922360459741737, ""definition"": ""Entropy effective rank and normalized alignment between cyclic +/-1 and +/-2 LoRA-B row-cosine profiles and the fixed SSR target weights (+1, -0.2)."", ""effective_rank"": 11.82596186867782, ""effective_rank_fraction"": 0.7391226167923638, ""kernel_alignment"": -0.0064782169348031205, ""n_modules"": 56, ""near_row_cosine"": -0.0037131969017666832, ""surround_row_cosine"": 0.0032091634036208105}"
16,17635,plain,5,"{""center_surround_contrast"": -0.006874214109432485, ""definition"": ""Entropy effective rank and normalized alignment between cyclic +/-1 and +/-2 LoRA-B row-cosine profiles and the fixed SSR target weights (+1, -0.2)."", ""effective_rank"": 12.509276922260012, ""effective_rank_fraction"": 0.7818298076412508, ""kernel_alignment"": -0.005488085339103626, ""n_modules"": 56, ""near_row_cosine"": -0.002347657660850798, ""surround_row_cosine"": 0.004526556472358476}"
16,17635,plain,10,"{""center_surround_contrast"": -0.006913884408277227, ""definition"": ""Entropy effective rank and normalized alignment between cyclic +/-1 and +/-2 LoRA-B row-cosine profiles and the fixed SSR target weights (+1, -0.2)."", ""effective_rank"": 12.857298486999102, ""effective_rank_fraction"": 0.8035811554374439, ""kernel_alignment"": -0.0061064653546054615, ""n_modules"": 56, ""near_row_cosine"": -0.0024415758434770396, ""surround_row_cosine"": 0.004472308514518123}"
16,17635,plain,25,"{""center_surround_contrast"": -0.006242838303608421, ""definition"": ""Entropy effective rank and normalized alignment between cyclic +/-1 and +/-2 LoRA-B row-cosine profiles and the fixed SSR target weights (+1, -0.2)."", ""effective_rank"": 13.684117857898984, ""effective_rank_fraction"": 0.8552573661186865, ""kernel_alignment"": -0.005545338669825079, ""n_modules"": 56, ""near_row_cosine"": -0.0018142646708188943, ""surround_row_cosine"": 0.004428573627332558}"
16,17635,plain,50,"{""center_surround_contrast"": -0.006994680444352395, ""definition"": ""Entropy effective rank and normalized alignment between cyclic +/-1 and +/-2 LoRA-B row-cosine profiles and the fixed SSR target weights (+1, -0.2)."", ""effective_rank"": 14.1865639260837, ""effective_rank_fraction"": 0.8866602453802312, ""kernel_alignment"": -0.00769064953965426, ""n_modules"": 56, ""near_row_cosine"": -0.002377573082672565, ""surround_row_cosine"": 0.004617107276901932}"
16,17635,plain,100,"{""center_surround_contrast"": -0.006511142924344833, ""definition"": ""Entropy effective rank and normalized alignment between cyclic +/-1 and +/-2 LoRA-B row-cosine profiles and the fixed SSR target weights (+1, -0.2)."", ""effective_rank"": 14.57141871537481, ""effective_rank_fraction"": 0.9107136697109256, ""kernel_alignment"": -0.009269045777792988, ""n_modules"": 56, ""near_row_cosine"": -0.002930345690661592, ""surround_row_cosine"": 0.0035807972909814062}"
16,17635,ssr,1,"{""center_surround_contrast"": 0.0015170294043075827, ""definition"": ""Entropy effective rank and normalized alignment between cyclic +/-1 and +/-2 LoRA-B row-cosine profiles and the fixed SSR target weights (+1, -0.2)."", ""effective_rank"": 10.566850532378469, ""effective_rank_fraction"": 0.6604281582736543, ""kernel_alignment"": 0.004950060025748826, ""n_modules"": 56, ""near_row_cosine"": 0.002605020706791298, ""surround_row_cosine"": 0.0010879911530667283}"
16,17635,ssr,2,"{""center_surround_contrast"": 0.006047161418661874, ""definition"": ""Entropy effective rank and normalized alignment between cyclic +/-1 and +/-2 LoRA-B row-cosine profiles and the fixed SSR target weights (+1, -0.2)."", ""effective_rank"": 11.814449214509555, ""effective_rank_fraction"": 0.7384030759068472, ""kernel_alignment"": 0.013612288519652793, ""n_modules"": 56, ""near_row_cosine"": 0.0072889767086183254, ""surround_row_cosine"": 0.0012418153263362391}"
16,17635,ssr,5,"{""center_surround_contrast"": 0.02372235282798231, ""definition"": ""Entropy effective rank and normalized alignment between cyclic +/-1 and +/-2 LoRA-B row-cosine profiles and the fixed SSR target weights (+1, -0.2)."", ""effective_rank"": 12.544393154127256, ""effective_rank_fraction"": 0.7840245721329535, ""kernel_alignment"": 0.044272163923908786, ""n_modules"": 56, ""near_row_cosine"": 0.022355286793819165, ""surround_row_cosine"": -0.0013670663943880104}"
16,17635,ssr,10,"{""center_surround_contrast"": 0.051018058185166276, ""definition"": ""Entropy effective rank and normalized alignment between cyclic +/-1 and +/-2 LoRA-B row-cosine profiles and the fixed SSR target weights (+1, -0.2)."", ""effective_rank"": 13.017637178301811, ""effective_rank_fraction"": 0.8136023236438632, ""kernel_alignment"": 0.09447165583177204, ""n_modules"": 56, ""near_row_cosine"": 0.044489948615332, ""surround_row_cosine"": -0.006528110151131321}"
16,17635,ssr,25,"{""center_surround_contrast"": 0.11406717845238745, ""definition"": ""Entropy effective rank and normalized alignment between cyclic +/-1 and +/-2 LoRA-B row-cosine profiles and the fixed SSR target weights (+1, -0.2)."", ""effective_rank"": 13.671582720109395, ""effective_rank_fraction"": 0.8544739200068372, ""kernel_alignment"": 0.23390821044865462, ""n_modules"": 56, ""near_row_cosine"": 0.1023765120189637, ""surround_row_cosine"": -0.011690666329351578}"
16,17635,ssr,50,"{""center_surround_contrast"": 0.1941182002691286, ""definition"": ""Entropy effective rank and normalized alignment between cyclic +/-1 and +/-2 LoRA-B row-cosine profiles and the fixed SSR target weights (+1, -0.2)."", ""effective_rank"": 14.22638178723199, ""effective_rank_fraction"": 0.8891488617019994, ""kernel_alignment"": 0.4290562930649945, ""n_modules"": 56, ""near_row_cosine"": 0.18407798811261145, ""surround_row_cosine"": -0.010040211955388907}"
16,17635,ssr,100,"{""center_surround_contrast"": 0.28486985753157307, ""definition"": ""Entropy effective rank and normalized alignment between cyclic +/-1 and +/-2 LoRA-B row-cosine profiles and the fixed SSR target weights (+1, -0.2)."", ""effective_rank"": 14.554609145436968, ""effective_rank_fraction"": 0.9096630715898105, ""kernel_alignment"": 0.6294259604598794, ""n_modules"": 56, ""near_row_cosine"": 0.3006217904122812, ""surround_row_cosine"": 0.01575193586566976}"
16,17636,plain,1,"{""center_surround_contrast"": -0.006492052254803379, ""definition"": ""Entropy effective rank and normalized alignment between cyclic +/-1 and +/-2 LoRA-B row-cosine profiles and the fixed SSR target weights (+1, -0.2)."", ""effective_rank"": 11.23025379862104, ""effective_rank_fraction"": 0.701890862413815, ""kernel_alignment"": -0.003339413738883325, ""n_modules"": 56, ""near_row_cosine"": -0.00232097707248613, ""surround_row_cosine"": 0.004171074827581833}"
16,17636,plain,2,"{""center_surround_contrast"": -0.0018296127787574992, ""definition"": ""Entropy effective rank and normalized alignment between cyclic +/-1 and +/-2 LoRA-B row-cosine profiles and the fixed SSR target weights (+1, -0.2)."", ""effective_rank"": 11.545377897364752, ""effective_rank_fraction"": 0.721586118585297, ""kernel_alignment"": -0.0006269606794343677, ""n_modules"": 56, ""near_row_cosine"": -0.0007218945445077096, ""surround_row_cosine"": 0.0011077181500565659}"
16,17636,plain,5,"{""center_surround_contrast"": -0.004484187866702476, ""definition"": ""Entropy effective rank and normalized alignment between cyclic +/-1 and +/-2 LoRA-B row-cosine profiles and the fixed SSR target weights (+1, -0.2)."", ""effective_rank"": 12.72126972249576, ""effective_rank_fraction"": 0.795079357655985, ""kernel_alignment"": -0.0021180895694539814, ""n_modules"": 56, ""near_row_cosine"": -0.0006087308792562648, ""surround_row_cosine"": 0.0038754568177604854}"
16,17636,plain,10,"{""center_surround_contrast"": -0.004878917728741986, ""definition"": ""Entropy effective rank and normalized alignment between cyclic +/-1 and +/-2 LoRA-B row-cosine profiles and the fixed SSR target weights (+1, -0.2)."", ""effective_rank"": 13.211823297398432, ""effective_rank_fraction"": 0.825738956087402, ""kernel_alignment"": -0.004038362629736574, ""n_modules"": 56, ""near_row_cosine"": -0.0013184578173682634, ""surround_row_cosine"": 0.0035604597781327485}"
16,17636,plain,25,"{""center_surround_contrast"": -0.007383920790744014, ""definition"": ""Entropy effective rank and normalized alignment between cyclic +/-1 and +/-2 LoRA-B row-cosine profiles and the fixed SSR target weights (+1, -0.2)."", ""effective_rank"": 13.317480776991163, ""effective_rank_fraction"": 0.8323425485619477, ""kernel_alignment"": -0.010124814938795421, ""n_modules"": 56, ""near_row_cosine"": -0.003971209593276269, ""surround_row_cosine"": 0.0034127111295154983}"
16,17636,plain,50,"{""center_surround_contrast"": -0.005363939980140588, ""definition"": ""Entropy effective rank and normalized alignment between cyclic +/-1 and +/-2 LoRA-B row-cosine profiles and the fixed SSR target weights (+1, -0.2)."", ""effective_rank"": 13.254257219178335, ""effective_rank_fraction"": 0.8283910761986459, ""kernel_alignment"": -0.007310876734793834, ""n_modules"": 56, ""near_row_cosine"": -0.0030244841403016054, ""surround_row_cosine"": 0.0023394557590238818}"
16,17636,plain,100,"{""center_surround_contrast"": -0.005183974981524183, ""definition"": ""Entropy effective rank and normalized alignment between cyclic +/-1 and +/-2 LoRA-B row-cosine profiles and the fixed SSR target weights (+1, -0.2)."", ""effective_rank"": 13.50492296900068, ""effective_rank_fraction"": 0.8440576855625425, ""kernel_alignment"": -0.007012413291834362, ""n_modules"": 56, ""near_row_cosine"": -0.002734798082071523, ""surround_row_cosine"": 0.002449176809867432}"
16,17636,ssr,1,"{""center_surround_contrast"": 0.0017190364097976793, ""definition"": ""Entropy effective rank and normalized alignment between cyclic +/-1 and +/-2 LoRA-B row-cosine profiles and the fixed SSR target weights (+1, -0.2)."", ""effective_rank"": 11.230189480951854, ""effective_rank_fraction"": 0.7018868425594909, ""kernel_alignment"": 0.007979122370021026, ""n_modules"": 56, ""near_row_cosine"": 0.004531946269188276, ""surround_row_cosine"": 0.002812910063003723}"
16,17636,ssr,2,"{""center_surround_contrast"": 0.011464200026239268, ""definition"": ""Entropy effective rank and normalized alignment between cyclic +/-1 and +/-2 LoRA-B row-cosine profiles and the fixed SSR target weights (+1, -0.2)."", ""effective_rank"": 11.538019821047783, ""effective_rank_fraction"": 0.7211262388154864, ""kernel_alignment"": 0.018831624934786566, ""n_modules"": 56, ""near_row_cosine"": 0.010311781657167427, ""surround_row_cosine"": -0.0011524178387065018}"
16,17636,ssr,5,"{""center_surround_contrast"": 0.026422753190802593, ""definition"": ""Entropy effective rank and normalized alignment between cyclic +/-1 and +/-2 LoRA-B row-cosine profiles and the fixed SSR target weights (+1, -0.2)."", ""effective_rank"": 12.715692124196462, ""effective_rank_fraction"": 0.7947307577622789, ""kernel_alignment"": 0.04981295611157423, ""n_modules"": 56, ""near_row_cosine"": 0.024761242994177986, ""surround_row_cosine"": -0.0016615102679549767}"
16,17636,ssr,10,"{""center_surround_contrast"": 0.0505946348254968, ""definition"": ""Entropy effective rank and normalized alignment between cyclic +/-1 and +/-2 LoRA-B row-cosine profiles and the fixed SSR target weights (+1, -0.2)."", ""effective_rank"": 13.10719376376697, ""effective_rank_fraction"": 0.8191996102354356, ""kernel_alignment"": 0.09704221299450312, ""n_modules"": 56, ""near_row_cosine"": 0.044753104311114705, ""surround_row_cosine"": -0.005841530495412631}"
16,17636,ssr,25,"{""center_surround_contrast"": 0.11296357716699795, ""definition"": ""Entropy effective rank and normalized alignment between cyclic +/-1 and +/-2 LoRA-B row-cosine profiles and the fixed SSR target weights (+1, -0.2)."", ""effective_rank"": 13.715847892420632, ""effective_rank_fraction"": 0.8572404932762895, ""kernel_alignment"": 0.23373634587707265, ""n_modules"": 56, ""near_row_cosine"": 0.1013714300268995, ""surround_row_cosine"": -0.011592147604200624}"
16,17636,ssr,50,"{""center_surround_contrast"": 0.1935400786543531, ""definition"": ""Entropy effective rank and normalized alignment between cyclic +/-1 and +/-2 LoRA-B row-cosine profiles and the fixed SSR target weights (+1, -0.2)."", ""effective_rank"": 14.104637856994357, ""effective_rank_fraction"": 0.8815398660621473, ""kernel_alignment"": 0.42415807569133385, ""n_modules"": 56, ""near_row_cosine"": 0.18281754359070743, ""surround_row_cosine"": -0.010722536047978792}"
16,17636,ssr,100,"{""center_surround_contrast"": 0.28811900530542645, ""definition"": ""Entropy effective rank and normalized alignment between cyclic +/-1 and +/-2 LoRA-B row-cosine profiles and the fixed SSR target weights (+1, -0.2)."", ""effective_rank"": 14.433086276054382, ""effective_rank_fraction"": 0.9020678922533989, ""kernel_alignment"": 0.6345649598432439, ""n_modules"": 56, ""near_row_cosine"": 0.3030098636767694, ""surround_row_cosine"": 0.014890856341610612}"
16,17637,plain,1,"{""center_surround_contrast"": -0.002762512964961518, ""definition"": ""Entropy effective rank and normalized alignment between cyclic +/-1 and +/-2 LoRA-B row-cosine profiles and the fixed SSR target weights (+1, -0.2)."", ""effective_rank"": 11.27385002374649, ""effective_rank_fraction"": 0.7046156264841557, ""kernel_alignment"": -0.005248098040218403, ""n_modules"": 56, ""near_row_cosine"": -0.003311662257276891, ""surround_row_cosine"": -0.000549149382030529}"
16,17637,plain,2,"{""center_surround_contrast"": -0.0085112030574237, ""definition"": ""Entropy effective rank and normalized alignment between cyclic +/-1 and +/-2 LoRA-B row-cosine profiles and the fixed SSR target weights (+1, -0.2)."", ""effective_rank"": 11.751845583319664, ""effective_rank_fraction"": 0.734490348957479, ""kernel_alignment"": -0.01162131074449592, ""n_modules"": 56, ""near_row_cosine"": -0.006068355575864969, ""surround_row_cosine"": 0.0024428474633038733}"
16,17637,plain,5,"{""center_surround_contrast"": -0.005757723794626405, ""definition"": ""Entropy effective rank and normalized alignment between cyclic +/-1 and +/-2 LoRA-B row-cosine profiles and the fixed SSR target weights (+1, -0.2)."", ""effective_rank"": 12.507575407624245, ""effective_rank_fraction"": 0.7817234629765153, ""kernel_alignment"": -0.009527948942864635, ""n_modules"": 56, ""near_row_cosine"": -0.004671064972821374, ""surround_row_cosine"": 0.0010866587940004785}"
16,17637,plain,10,"{""center_surround_contrast"": -0.002148888254721117, ""definition"": ""Entropy effective rank and normalized alignment between cyclic +/-1 and +/-2 LoRA-B row-cosine profiles and the fixed SSR target weights (+1, -0.2)."", ""effective_rank"": 13.188537039927073, ""effective_rank_fraction"": 0.8242835649954421, ""kernel_alignment"": -0.005153076606282931, ""n_modules"": 56, ""near_row_cosine"": -0.0023338769219013295, ""surround_row_cosine"": -0.00018498852711802886}"
16,17637,plain,25,"{""center_surround_contrast"": -0.00443053573391288, ""definition"": ""Entropy effective rank and normalized alignment between cyclic +/-1 and +/-2 LoRA-B row-cosine profiles and the fixed SSR target weights (+1, -0.2)."", ""effective_rank"": 13.87446123787335, ""effective_rank_fraction"": 0.8671538273670844, ""kernel_alignment"": -0.0076695742774453325, ""n_modules"": 56, ""near_row_cosine"": -0.002795151824622215, ""surround_row_cosine"": 0.0016353838725210934}"
16,17637,plain,50,"{""center_surround_contrast"": -0.005500148955824053, ""definition"": ""Entropy effective rank and normalized alignment between cyclic +/-1 and +/-2 LoRA-B row-cosine profiles and the fixed SSR target weights (+1, -0.2)."", ""effective_rank"": 14.288962611130305, ""effective_rank_fraction"": 0.8930601631956441, ""kernel_alignment"": -0.00851753770932971, ""n_modules"": 56, ""near_row_cosine"": -0.002713051821988951, ""surround_row_cosine"": 0.0027870970012112855}"
16,17637,plain,100,"{""center_surround_contrast"": -0.004007802954479952, ""definition"": ""Entropy effective rank and normalized alignment between cyclic +/-1 and +/-2 LoRA-B row-cosine profiles and the fixed SSR target weights (+1, -0.2)."", ""effective_rank"": 14.62746656366757, ""effective_rank_fraction"": 0.9142166602292231, ""kernel_alignment"": -0.005910849239236475, ""n_modules"": 56, ""near_row_cosine"": -0.001557360446505689, ""surround_row_cosine"": 0.0024504425774856437}"
16,17637,ssr,1,"{""center_surround_contrast"": 0.00543642627807068, ""definition"": ""Entropy effective rank and normalized alignment between cyclic +/-1 and +/-2 LoRA-B row-cosine profiles and the fixed SSR target weights (+1, -0.2)."", ""effective_rank"": 11.273701721004077, ""effective_rank_fraction"": 0.7046063575627548, ""kernel_alignment"": 0.006183328090368636, ""n_modules"": 56, ""near_row_cosine"": 0.0034692974984084557, ""surround_row_cosine"": -0.0019671287206912374}"
16,17637,ssr,2,"{""center_surround_contrast"": 0.005635867053310254, ""definition"": ""Entropy effective rank and normalized alignment between cyclic +/-1 and +/-2 LoRA-B row-cosine profiles and the fixed SSR target weights (+1, -0.2)."", ""effective_rank"": 11.75242434654917, ""effective_rank_fraction"": 0.7345265216593231, ""kernel_alignment"": 0.009625770686398027, ""n_modules"": 56, ""near_row_cosine"": 0.005723319807397534, ""surround_row_cosine"": 8.745291259921426e-05}"
16,17637,ssr,5,"{""center_surround_contrast"": 0.022309788371785544, ""definition"": ""Entropy effective rank and normalized alignment between cyclic +/-1 and +/-2 LoRA-B row-cosine profiles and the fixed SSR target weights (+1, -0.2)."", ""effective_rank"": 12.51428401683058, ""effective_rank_fraction"": 0.7821427510519112, ""kernel_alignment"": 0.03741451311595613, ""n_modules"": 56, ""near_row_cosine"": 0.019041889401445848, ""surround_row_cosine"": -0.003267899066226424}"
16,17637,ssr,10,"{""center_surround_contrast"": 0.04939052921586803, ""definition"": ""Entropy effective rank and normalized alignment between cyclic +/-1 and +/-2 LoRA-B row-cosine profiles and the fixed SSR target weights (+1, -0.2)."", ""effective_rank"": 13.182258435658046, ""effective_rank_fraction"": 0.8238911522286279, ""kernel_alignment"": 0.08934917256452277, ""n_modules"": 56, ""near_row_cosine"": 0.040905121469612435, ""surround_row_cosine"": -0.008485407928154538}"
16,17637,ssr,25,"{""center_surround_contrast"": 0.11425158607640437, ""definition"": ""Entropy effective rank and normalized alignment between cyclic +/-1 and +/-2 LoRA-B row-cosine profiles and the fixed SSR target weights (+1, -0.2)."", ""effective_rank"": 13.856039536850792, ""effective_rank_fraction"": 0.8660024710531745, ""kernel_alignment"": 0.2380537419313831, ""n_modules"": 56, ""near_row_cosine"": 0.10179078575622823, ""surround_row_cosine"": -0.012460800764772881}"
16,17637,ssr,50,"{""center_surround_contrast"": 0.1966286826479648, ""definition"": ""Entropy effective rank and normalized alignment between cyclic +/-1 and +/-2 LoRA-B row-cosine profiles and the fixed SSR target weights (+1, -0.2)."", ""effective_rank"": 14.193907729216985, ""effective_rank_fraction"": 0.8871192330760616, ""kernel_alignment"": 0.433262954599091, ""n_modules"": 56, ""near_row_cosine"": 0.18642906631742204, ""surround_row_cosine"": -0.010199615758340639}"
16,17637,ssr,100,"{""center_surround_contrast"": 0.2860776043630072, ""definition"": ""Entropy effective rank and normalized alignment between cyclic +/-1 and +/-2 LoRA-B row-cosine profiles and the fixed SSR target weights (+1, -0.2)."", ""effective_rank"": 14.47256497825895, ""effective_rank_fraction"": 0.9045353111411844, ""kernel_alignment"": 0.6308458617755345, ""n_modules"": 56, ""near_row_cosine"": 0.30240111225949867, ""surround_row_cosine"": 0.016323507948462584}"
16,17638,plain,1,"{""center_surround_contrast"": -0.006182598683933196, ""definition"": ""Entropy effective rank and normalized alignment between cyclic +/-1 and +/-2 LoRA-B row-cosine profiles and the fixed SSR target weights (+1, -0.2)."", ""effective_rank"": 11.739087473068919, ""effective_rank_fraction"": 0.7336929670668074, ""kernel_alignment"": -0.005141563294663294, ""n_modules"": 56, ""near_row_cosine"": -0.0030052428212781835, ""surround_row_cosine"": 0.0031773558292635634}"
16,17638,plain,2,"{""center_surround_contrast"": -0.006277324806433171, ""definition"": ""Entropy effective rank and normalized alignment between cyclic +/-1 and +/-2 LoRA-B row-cosine profiles and the fixed SSR target weights (+1, -0.2)."", ""effective_rank"": 11.959987831967219, ""effective_rank_fraction"": 0.7474992394979512, ""kernel_alignment"": -0.007580755536951398, ""n_modules"": 56, ""near_row_cosine"": -0.00408156301741006, ""surround_row_cosine"": 0.002195761760893739}"
16,17638,plain,5,"{""center_surround_contrast"": -0.007617951776150481, ""definition"": ""Entropy effective rank and normalized alignment between cyclic +/-1 and +/-2 LoRA-B row-cosine profiles and the fixed SSR target weights (+1, -0.2)."", ""effective_rank"": 12.552035455192838, ""effective_rank_fraction"": 0.7845022159495524, ""kernel_alignment"": -0.008955132966288408, ""n_modules"": 56, ""near_row_cosine"": -0.0039929516512984264, ""surround_row_cosine"": 0.0036250000253598307}"
16,17638,plain,10,"{""center_surround_contrast"": -0.006050993581344041, ""definition"": ""Entropy effective rank and normalized alignment between cyclic +/-1 and +/-2 LoRA-B row-cosine profiles and the fixed SSR target weights (+1, -0.2)."", ""effective_rank"": 12.884961000510625, ""effective_rank_fraction"": 0.8053100625319141, ""kernel_alignment"": -0.0053748677601106465, ""n_modules"": 56, ""near_row_cosine"": -0.0019493631977768797, ""surround_row_cosine"": 0.004101630318603254}"
16,17638,plain,25,"{""center_surround_contrast"": -0.005347973558725373, ""definition"": ""Entropy effective rank and normalized alignment between cyclic +/-1 and +/-2 LoRA-B row-cosine profiles and the fixed SSR target weights (+1, -0.2)."", ""effective_rank"": 13.601597334657397, ""effective_rank_fraction"": 0.8500998334160873, ""kernel_alignment"": -0.004518315429127792, ""n_modules"": 56, ""near_row_cosine"": -0.001146641349220902, ""surround_row_cosine"": 0.0042013321547398974}"
16,17638,plain,50,"{""center_surround_contrast"": -0.00455649644053275, ""definition"": ""Entropy effective rank and normalized alignment between cyclic +/-1 and +/-2 LoRA-B row-cosine profiles and the fixed SSR target weights (+1, -0.2)."", ""effective_rank"": 14.08424066220011, ""effective_rank_fraction"": 0.8802650413875068, ""kernel_alignment"": -0.004042435617780679, ""n_modules"": 56, ""near_row_cosine"": -0.0009376757139380386, ""surround_row_cosine"": 0.003618820719696357}"
16,17638,plain,100,"{""center_surround_contrast"": -0.004731562413715957, ""definition"": ""Entropy effective rank and normalized alignment between cyclic +/-1 and +/-2 LoRA-B row-cosine profiles and the fixed SSR target weights (+1, -0.2)."", ""effective_rank"": 14.53679182274001, ""effective_rank_fraction"": 0.9085494889212506, ""kernel_alignment"": -0.0065119017372775746, ""n_modules"": 56, ""near_row_cosine"": -0.0019536125769913527, ""surround_row_cosine"": 0.0027779497795563657}"
16,17638,ssr,1,"{""center_surround_contrast"": 0.001996056813888052, ""definition"": ""Entropy effective rank and normalized alignment between cyclic +/-1 and +/-2 LoRA-B row-cosine profiles and the fixed SSR target weights (+1, -0.2)."", ""effective_rank"": 11.739134175436837, ""effective_rank_fraction"": 0.7336958859648023, ""kernel_alignment"": 0.006450016610740151, ""n_modules"": 56, ""near_row_cosine"": 0.0038097076983620226, ""surround_row_cosine"": 0.0018136508801295088}"
16,17638,ssr,2,"{""center_surround_contrast"": 0.007953406050676546, ""definition"": ""Entropy effective rank and normalized alignment between cyclic +/-1 and +/-2 LoRA-B row-cosine profiles and the fixed SSR target weights (+1, -0.2)."", ""effective_rank"": 11.968231884496554, ""effective_rank_fraction"": 0.7480144927810346, ""kernel_alignment"": 0.013982025224582424, ""n_modules"": 56, ""near_row_cosine"": 0.007801867742143388, ""surround_row_cosine"": -0.0001515382901483724}"
16,17638,ssr,5,"{""center_surround_contrast"": 0.02421403844865771, ""definition"": ""Entropy effective rank and normalized alignment between cyclic +/-1 and +/-2 LoRA-B row-cosine profiles and the fixed SSR target weights (+1, -0.2)."", ""effective_rank"": 12.648932150432042, ""effective_rank_fraction"": 0.7905582594020026, ""kernel_alignment"": 0.044765258607055464, ""n_modules"": 56, ""near_row_cosine"": 0.022355618302234297, ""surround_row_cosine"": -0.0018584198348565093}"
16,17638,ssr,10,"{""center_surround_contrast"": 0.049422866881026754, ""definition"": ""Entropy effective rank and normalized alignment between cyclic +/-1 and +/-2 LoRA-B row-cosine profiles and the fixed SSR target weights (+1, -0.2)."", ""effective_rank"": 12.844597339630127, ""effective_rank_fraction"": 0.8027873337268829, ""kernel_alignment"": 0.09147340154907267, ""n_modules"": 56, ""near_row_cosine"": 0.04368407224371497, ""surround_row_cosine"": -0.0057387950374894504}"
16,17638,ssr,25,"{""center_surround_contrast"": 0.11374230819222118, ""definition"": ""Entropy effective rank and normalized alignment between cyclic +/-1 and +/-2 LoRA-B row-cosine profiles and the fixed SSR target weights (+1, -0.2)."", ""effective_rank"": 13.543093970843724, ""effective_rank_fraction"": 0.8464433731777328, ""kernel_alignment"": 0.23089101794175804, ""n_modules"": 56, ""near_row_cosine"": 0.1023057949995356, ""surround_row_cosine"": -0.011436512793807196}"
16,17638,ssr,50,"{""center_surround_contrast"": 0.1925786133589489, ""definition"": ""Entropy effective rank and normalized alignment between cyclic +/-1 and +/-2 LoRA-B row-cosine profiles and the fixed SSR target weights (+1, -0.2)."", ""effective_rank"": 14.059776289122444, ""effective_rank_fraction"": 0.8787360180701528, ""kernel_alignment"": 0.4218066634078111, ""n_modules"": 56, ""near_row_cosine"": 0.18233432547588435, ""surround_row_cosine"": -0.010244287632044038}"
16,17638,ssr,100,"{""center_surround_contrast"": 0.28661259290363106, ""definition"": ""Entropy effective rank and normalized alignment between cyclic +/-1 and +/-2 LoRA-B row-cosine profiles and the fixed SSR target weights (+1, -0.2)."", ""effective_rank"": 14.435304616178785, ""effective_rank_fraction"": 0.902206538511174, ""kernel_alignment"": 0.6303300197635378, ""n_modules"": 56, ""near_row_cosine"": 0.30085455712729264, ""surround_row_cosine"": 0.01424196431175265}"
16,17639,plain,1,"{""center_surround_contrast"": -0.004857562659058853, ""definition"": ""Entropy effective rank and normalized alignment between cyclic +/-1 and +/-2 LoRA-B row-cosine profiles and the fixed SSR target weights (+1, -0.2)."", ""effective_rank"": 10.59544024510043, ""effective_rank_fraction"": 0.6622150153187769, ""kernel_alignment"": -0.006699967887210992, ""n_modules"": 56, ""near_row_cosine"": -0.004962180654859236, ""surround_row_cosine"": -0.00010461795480815836}"
16,17639,plain,2,"{""center_surround_contrast"": -0.009098726090867006, ""definition"": ""Entropy effective rank and normalized alignment between cyclic +/-1 and +/-2 LoRA-B row-cosine profiles and the fixed SSR target weights (+1, -0.2)."", ""effective_rank"": 11.813029795885086, ""effective_rank_fraction"": 0.7383143622428179, ""kernel_alignment"": -0.012031274221759045, ""n_modules"": 56, ""near_row_cosine"": -0.006603117093439843, ""surround_row_cosine"": 0.0024956090968057004}"
16,17639,plain,5,"{""center_surround_contrast"": -0.006902910107913028, ""definition"": ""Entropy effective rank and normalized alignment between cyclic +/-1 and +/-2 LoRA-B row-cosine profiles and the fixed SSR target weights (+1, -0.2)."", ""effective_rank"": 12.265323898621968, ""effective_rank_fraction"": 0.766582743663873, ""kernel_alignment"": -0.008875792871484529, ""n_modules"": 56, ""near_row_cosine"": -0.004186658442417216, ""surround_row_cosine"": 0.002716251692748171}"
16,17639,plain,10,"{""center_surround_contrast"": -0.006148715664884159, ""definition"": ""Entropy effective rank and normalized alignment between cyclic +/-1 and +/-2 LoRA-B row-cosine profiles and the fixed SSR target weights (+1, -0.2)."", ""effective_rank"": 12.946753563625471, ""effective_rank_fraction"": 0.8091720977265919, ""kernel_alignment"": -0.009489359172481011, ""n_modules"": 56, ""near_row_cosine"": -0.0038458433444767642, ""surround_row_cosine"": 0.0023028723158396197}"
16,17639,plain,25,"{""center_surround_contrast"": -0.0060093585114892835, ""definition"": ""Entropy effective rank and normalized alignment between cyclic +/-1 and +/-2 LoRA-B row-cosine profiles and the fixed SSR target weights (+1, -0.2)."", ""effective_rank"": 13.590508350304194, ""effective_rank_fraction"": 0.8494067718940121, ""kernel_alignment"": -0.007508653617800779, ""n_modules"": 56, ""near_row_cosine"": -0.0026549383783276426, ""surround_row_cosine"": 0.0033544202002043937}"
16,17639,plain,50,"{""center_surround_contrast"": -0.002507014740850926, ""definition"": ""Entropy effective rank and normalized alignment between cyclic +/-1 and +/-2 LoRA-B row-cosine profiles and the fixed SSR target weights (+1, -0.2)."", ""effective_rank"": 14.021074107715062, ""effective_rank_fraction"": 0.8763171317321914, ""kernel_alignment"": -0.005830476079738998, ""n_modules"": 56, ""near_row_cosine"": -0.0022726283968950156, ""surround_row_cosine"": 0.00023438633083320122}"
16,17639,plain,100,"{""center_surround_contrast"": -0.005117550055729225, ""definition"": ""Entropy effective rank and normalized alignment between cyclic +/-1 and +/-2 LoRA-B row-cosine profiles and the fixed SSR target weights (+1, -0.2)."", ""effective_rank"": 14.21813537819045, ""effective_rank_fraction"": 0.8886334611369031, ""kernel_alignment"": -0.011391838917201571, ""n_modules"": 56, ""near_row_cosine"": -0.004318093481547943, ""surround_row_cosine"": 0.000799456566320649}"
16,17639,ssr,1,"{""center_surround_contrast"": 0.002826626381387801, ""definition"": ""Entropy effective rank and normalized alignment between cyclic +/-1 and +/-2 LoRA-B row-cosine profiles and the fixed SSR target weights (+1, -0.2)."", ""effective_rank"": 10.595401348812238, ""effective_rank_fraction"": 0.6622125843007649, ""kernel_alignment"": 0.0034253930186553456, ""n_modules"": 56, ""near_row_cosine"": 0.0014285400310265167, ""surround_row_cosine"": -0.0013980861988654525}"
16,17639,ssr,2,"{""center_surround_contrast"": 0.004410492935026663, ""definition"": ""Entropy effective rank and normalized alignment between cyclic +/-1 and +/-2 LoRA-B row-cosine profiles and the fixed SSR target weights (+1, -0.2)."", ""effective_rank"": 11.806509281907763, ""effective_rank_fraction"": 0.7379068301192352, ""kernel_alignment"": 0.008069931089786613, ""n_modules"": 56, ""near_row_cosine"": 0.004687229916661246, ""surround_row_cosine"": 0.00027673696812209006}"
16,17639,ssr,5,"{""center_surround_contrast"": 0.021551704772199236, ""definition"": ""Entropy effective rank and normalized alignment between cyclic +/-1 and +/-2 LoRA-B row-cosine profiles and the fixed SSR target weights (+1, -0.2)."", ""effective_rank"": 12.223522980298315, ""effective_rank_fraction"": 0.7639701862686447, ""kernel_alignment"": 0.03829652930393682, ""n_modules"": 56, ""near_row_cosine"": 0.020202407498215637, ""surround_row_cosine"": -0.001349297175823137}"
16,17639,ssr,10,"{""center_surround_contrast"": 0.047663022098796706, ""definition"": ""Entropy effective rank and normalized alignment between cyclic +/-1 and +/-2 LoRA-B row-cosine profiles and the fixed SSR target weights (+1, -0.2)."", ""effective_rank"": 12.591492001499448, ""effective_rank_fraction"": 0.7869682500937155, ""kernel_alignment"": 0.09176032587752811, ""n_modules"": 56, ""near_row_cosine"": 0.043852046015672386, ""surround_row_cosine"": -0.003810975713609618}"
16,17639,ssr,25,"{""center_surround_contrast"": 0.11630142949122403, ""definition"": ""Entropy effective rank and normalized alignment between cyclic +/-1 and +/-2 LoRA-B row-cosine profiles and the fixed SSR target weights (+1, -0.2)."", ""effective_rank"": 13.273237351860319, ""effective_rank_fraction"": 0.8295773344912699, ""kernel_alignment"": 0.23173798966620648, ""n_modules"": 56, ""near_row_cosine"": 0.1023719981645367, ""surround_row_cosine"": -0.013929430835519594}"
16,17639,ssr,50,"{""center_surround_contrast"": 0.19132412590884737, ""definition"": ""Entropy effective rank and normalized alignment between cyclic +/-1 and +/-2 LoRA-B row-cosine profiles and the fixed SSR target weights (+1, -0.2)."", ""effective_rank"": 13.746945862259183, ""effective_rank_fraction"": 0.859184116391199, ""kernel_alignment"": 0.4086340089727725, ""n_modules"": 56, ""near_row_cosine"": 0.1829913784749806, ""surround_row_cosine"": -0.00833274656906724}"
16,17639,ssr,100,"{""center_surround_contrast"": 0.2852423176435488, ""definition"": ""Entropy effective rank and normalized alignment between cyclic +/-1 and +/-2 LoRA-B row-cosine profiles and the fixed SSR target weights (+1, -0.2)."", ""effective_rank"": 14.281111793858663, ""effective_rank_fraction"": 0.8925694871161665, ""kernel_alignment"": 0.623768846105252, ""n_modules"": 56, ""near_row_cosine"": 0.3012391570955515, ""surround_row_cosine"": 0.015996840086050464}"
16,17640,plain,1,"{""center_surround_contrast"": -0.007290396943322516, ""definition"": ""Entropy effective rank and normalized alignment between cyclic +/-1 and +/-2 LoRA-B row-cosine profiles and the fixed SSR target weights (+1, -0.2)."", ""effective_rank"": 11.019474282860756, ""effective_rank_fraction"": 0.6887171426787972, ""kernel_alignment"": -0.007328509493943005, ""n_modules"": 56, ""near_row_cosine"": -0.0051420437406964736, ""surround_row_cosine"": 0.0021483532946149353}"
16,17640,plain,2,"{""center_surround_contrast"": -0.007582218346734797, ""definition"": ""Entropy effective rank and normalized alignment between cyclic +/-1 and +/-2 LoRA-B row-cosine profiles and the fixed SSR target weights (+1, -0.2)."", ""effective_rank"": 11.623321878058569, ""effective_rank_fraction"": 0.7264576173786605, ""kernel_alignment"": -0.006421245776826774, ""n_modules"": 56, ""near_row_cosine"": -0.0035028990106573993, ""surround_row_cosine"": 0.004079319242529371}"
16,17640,plain,5,"{""center_surround_contrast"": -0.004332297859946266, ""definition"": ""Entropy effective rank and normalized alignment between cyclic +/-1 and +/-2 LoRA-B row-cosine profiles and the fixed SSR target weights (+1, -0.2)."", ""effective_rank"": 12.150378308125905, ""effective_rank_fraction"": 0.7593986442578691, ""kernel_alignment"": -0.003535812984150003, ""n_modules"": 56, ""near_row_cosine"": -0.0014229871589382778, ""surround_row_cosine"": 0.002909310731151241}"
16,17640,plain,10,"{""center_surround_contrast"": -0.002571989104970791, ""definition"": ""Entropy effective rank and normalized alignment between cyclic +/-1 and +/-2 LoRA-B row-cosine profiles and the fixed SSR target weights (+1, -0.2)."", ""effective_rank"": 12.788527224745069, ""effective_rank_fraction"": 0.7992829515465668, ""kernel_alignment"": -0.003748765259453129, ""n_modules"": 56, ""near_row_cosine"": -0.0017823676524650572, ""surround_row_cosine"": 0.0007896214468213916}"
16,17640,plain,25,"{""center_surround_contrast"": -0.0017761804878578655, ""definition"": ""Entropy effective rank and normalized alignment between cyclic +/-1 and +/-2 LoRA-B row-cosine profiles and the fixed SSR target weights (+1, -0.2)."", ""effective_rank"": 13.58453249505588, ""effective_rank_fraction"": 0.8490332809409925, ""kernel_alignment"": -0.003343904726924458, ""n_modules"": 56, ""near_row_cosine"": -0.0014490356188616715, ""surround_row_cosine"": 0.000327144971899023}"
16,17640,plain,50,"{""center_surround_contrast"": -0.003307250581981082, ""definition"": ""Entropy effective rank and normalized alignment between cyclic +/-1 and +/-2 LoRA-B row-cosine profiles and the fixed SSR target weights (+1, -0.2)."", ""effective_rank"": 13.998605557850428, ""effective_rank_fraction"": 0.8749128473656518, ""kernel_alignment"": -0.005302280189945512, ""n_modules"": 56, ""near_row_cosine"": -0.0019969937146535294, ""surround_row_cosine"": 0.0013102570805390964}"
16,17640,plain,100,"{""center_surround_contrast"": -0.0028515528518450344, ""definition"": ""Entropy effective rank and normalized alignment between cyclic +/-1 and +/-2 LoRA-B row-cosine profiles and the fixed SSR target weights (+1, -0.2)."", ""effective_rank"": 14.343952689852033, ""effective_rank_fraction"": 0.8964970431157521, ""kernel_alignment"": -0.006462011218055912, ""n_modules"": 56, ""near_row_cosine"": -0.0024979124999485896, ""surround_row_cosine"": 0.00035364035258161105}"
16,17640,ssr,1,"{""center_surround_contrast"": 0.0003276014103903435, ""definition"": ""Entropy effective rank and normalized alignment between cyclic +/-1 and +/-2 LoRA-B row-cosine profiles and the fixed SSR target weights (+1, -0.2)."", ""effective_rank"": 11.019661954471044, ""effective_rank_fraction"": 0.6887288721544402, ""kernel_alignment"": 0.0030150129439009887, ""n_modules"": 56, ""near_row_cosine"": 0.0012293159417302896, ""surround_row_cosine"": 0.0009017146439873613}"
16,17640,ssr,2,"{""center_surround_contrast"": 0.005831830452994576, ""definition"": ""Entropy effective rank and normalized alignment between cyclic +/-1 and +/-2 LoRA-B row-cosine profiles and the fixed SSR target weights (+1, -0.2)."", ""effective_rank"": 11.622369644897324, ""effective_rank_fraction"": 0.7263981028060827, ""kernel_alignment"": 0.0136810123788434, ""n_modules"": 56, ""near_row_cosine"": 0.007755639755227354, ""surround_row_cosine"": 0.0019238091785414976}"
16,17640,ssr,5,"{""center_surround_contrast"": 0.024171118032037545, ""definition"": ""Entropy effective rank and normalized alignment between cyclic +/-1 and +/-2 LoRA-B row-cosine profiles and the fixed SSR target weights (+1, -0.2)."", ""effective_rank"": 12.315292758601053, ""effective_rank_fraction"": 0.7697057974125658, ""kernel_alignment"": 0.04406498939949545, ""n_modules"": 56, ""near_row_cosine"": 0.02287270189961938, ""surround_row_cosine"": -0.0012984162003704114}"
16,17640,ssr,10,"{""center_surround_contrast"": 0.04578358742375193, ""definition"": ""Entropy effective rank and normalized alignment between cyclic +/-1 and +/-2 LoRA-B row-cosine profiles and the fixed SSR target weights (+1, -0.2)."", ""effective_rank"": 12.974364555307798, ""effective_rank_fraction"": 0.8108977847067373, ""kernel_alignment"": 0.08781620197363996, ""n_modules"": 56, ""near_row_cosine"": 0.04136115174125215, ""surround_row_cosine"": -0.004422435448369859}"
16,17640,ssr,25,"{""center_surround_contrast"": 0.109896100325776, ""definition"": ""Entropy effective rank and normalized alignment between cyclic +/-1 and +/-2 LoRA-B row-cosine profiles and the fixed SSR target weights (+1, -0.2)."", ""effective_rank"": 13.722981572151184, ""effective_rank_fraction"": 0.857686348259449, ""kernel_alignment"": 0.23027761932462454, ""n_modules"": 56, ""near_row_cosine"": 0.09954021741370005, ""surround_row_cosine"": -0.01035588240405819}"
16,17640,ssr,50,"{""center_surround_contrast"": 0.19044017665354268, ""definition"": ""Entropy effective rank and normalized alignment between cyclic +/-1 and +/-2 LoRA-B row-cosine profiles and the fixed SSR target weights (+1, -0.2)."", ""effective_rank"": 14.14487972855568, ""effective_rank_fraction"": 0.88405498303473, ""kernel_alignment"": 0.41752902711076395, ""n_modules"": 56, ""near_row_cosine"": 0.1816745752335659, ""surround_row_cosine"": -0.008765602768107783}"
16,17640,ssr,100,"{""center_surround_contrast"": 0.2841745057542409, ""definition"": ""Entropy effective rank and normalized alignment between cyclic +/-1 and +/-2 LoRA-B row-cosine profiles and the fixed SSR target weights (+1, -0.2)."", ""effective_rank"": 14.45511348758425, ""effective_rank_fraction"": 0.9034445929740156, ""kernel_alignment"": 0.625674140506557, ""n_modules"": 56, ""near_row_cosine"": 0.30148697710995165, ""surround_row_cosine"": 0.01731247337348155}"
32,17631,plain,1,"{""center_surround_contrast"": -0.0050121896783821285, ""definition"": ""Entropy effective rank and normalized alignment between cyclic +/-1 and +/-2 LoRA-B row-cosine profiles and the fixed SSR target weights (+1, -0.2)."", ""effective_rank"": 21.02309152058193, ""effective_rank_fraction"": 0.6569716100181853, ""kernel_alignment"": -0.0037845031178481542, ""n_modules"": 56, ""near_row_cosine"": -0.0014546425832772261, ""surround_row_cosine"": 0.003557547189952207}"
32,17631,plain,2,"{""center_surround_contrast"": -0.00634153645036609, ""definition"": ""Entropy effective rank and normalized alignment between cyclic +/-1 and +/-2 LoRA-B row-cosine profiles and the fixed SSR target weights (+1, -0.2)."", ""effective_rank"": 23.27615179334368, ""effective_rank_fraction"": 0.72737974354199, ""kernel_alignment"": -0.004212270271507025, ""n_modules"": 56, ""near_row_cosine"": -0.0013929395634996971, ""surround_row_cosine"": 0.004948596879070725}"
32,17631,plain,5,"{""center_surround_contrast"": -0.0042046342075211995, ""definition"": ""Entropy effective rank and normalized alignment between cyclic +/-1 and +/-2 LoRA-B row-cosine profiles and the fixed SSR target weights (+1, -0.2)."", ""effective_rank"": 25.22857193010194, ""effective_rank_fraction"": 0.7883928728156856, ""kernel_alignment"": -0.004735330562003323, ""n_modules"": 56, ""near_row_cosine"": -0.0018397782654834113, ""surround_row_cosine"": 0.0023648558879878173}"
32,17631,plain,10,"{""center_surround_contrast"": -0.00569462710492579, ""definition"": ""Entropy effective rank and normalized alignment between cyclic +/-1 and +/-2 LoRA-B row-cosine profiles and the fixed SSR target weights (+1, -0.2)."", ""effective_rank"": 26.21089040381568, ""effective_rank_fraction"": 0.81909032511924, ""kernel_alignment"": -0.009239767208003156, ""n_modules"": 56, ""near_row_cosine"": -0.0032647993934265935, ""surround_row_cosine"": 0.002429827779581371}"
32,17631,plain,25,"{""center_surround_contrast"": -0.00406426352206576, ""definition"": ""Entropy effective rank and normalized alignment between cyclic +/-1 and +/-2 LoRA-B row-cosine profiles and the fixed SSR target weights (+1, -0.2)."", ""effective_rank"": 27.257159573691233, ""effective_rank_fraction"": 0.851786236677851, ""kernel_alignment"": -0.004021934521006187, ""n_modules"": 56, ""near_row_cosine"": -0.0006819202111988228, ""surround_row_cosine"": 0.003382343295015744}"
32,17631,plain,50,"{""center_surround_contrast"": -0.005260204174971607, ""definition"": ""Entropy effective rank and normalized alignment between cyclic +/-1 and +/-2 LoRA-B row-cosine profiles and the fixed SSR target weights (+1, -0.2)."", ""effective_rank"": 27.741829574108124, ""effective_rank_fraction"": 0.8669321741908789, ""kernel_alignment"": -0.009283587794665695, ""n_modules"": 56, ""near_row_cosine"": -0.0026523562163285014, ""surround_row_cosine"": 0.002607847980730834}"
32,17631,plain,100,"{""center_surround_contrast"": -0.006098640604510105, ""definition"": ""Entropy effective rank and normalized alignment between cyclic +/-1 and +/-2 LoRA-B row-cosine profiles and the fixed SSR target weights (+1, -0.2)."", ""effective_rank"": 27.686591838087352, ""effective_rank_fraction"": 0.8652059949402298, ""kernel_alignment"": -0.010035565437907021, ""n_modules"": 56, ""near_row_cosine"": -0.002894406493916384, ""surround_row_cosine"": 0.0032042339995541624}"
32,17631,ssr,1,"{""center_surround_contrast"": 0.02083689148171938, ""definition"": ""Entropy effective rank and normalized alignment between cyclic +/-1 and +/-2 LoRA-B row-cosine profiles and the fixed SSR target weights (+1, -0.2)."", ""effective_rank"": 21.022432493312017, ""effective_rank_fraction"": 0.6569510154160005, ""kernel_alignment"": 0.034550118438866254, ""n_modules"": 56, ""near_row_cosine"": 0.020174248402846776, ""surround_row_cosine"": -0.0006626433589969696}"
32,17631,ssr,2,"{""center_surround_contrast"": 0.03479243300431076, ""definition"": ""Entropy effective rank and normalized alignment between cyclic +/-1 and +/-2 LoRA-B row-cosine profiles and the fixed SSR target weights (+1, -0.2)."", ""effective_rank"": 23.304983969245637, ""effective_rank_fraction"": 0.7282807490389261, ""kernel_alignment"": 0.06402860965109929, ""n_modules"": 56, ""near_row_cosine"": 0.03315303900931862, ""surround_row_cosine"": -0.0016393938210187897}"
32,17631,ssr,5,"{""center_surround_contrast"": 0.079002830150005, ""definition"": ""Entropy effective rank and normalized alignment between cyclic +/-1 and +/-2 LoRA-B row-cosine profiles and the fixed SSR target weights (+1, -0.2)."", ""effective_rank"": 25.03617365019662, ""effective_rank_fraction"": 0.7823804265686444, ""kernel_alignment"": 0.1646954192713435, ""n_modules"": 56, ""near_row_cosine"": 0.07412174019762979, ""surround_row_cosine"": -0.004881089976801637}"
32,17631,ssr,10,"{""center_surround_contrast"": 0.14028377135816428, ""definition"": ""Entropy effective rank and normalized alignment between cyclic +/-1 and +/-2 LoRA-B row-cosine profiles and the fixed SSR target weights (+1, -0.2)."", ""effective_rank"": 25.53342668073518, ""effective_rank_fraction"": 0.7979195837729743, ""kernel_alignment"": 0.3050843553750643, ""n_modules"": 56, ""near_row_cosine"": 0.12879809181738114, ""surround_row_cosine"": -0.011485679953433905}"
32,17631,ssr,25,"{""center_surround_contrast"": 0.26581270207784, ""definition"": ""Entropy effective rank and normalized alignment between cyclic +/-1 and +/-2 LoRA-B row-cosine profiles and the fixed SSR target weights (+1, -0.2)."", ""effective_rank"": 24.363628804683685, ""effective_rank_fraction"": 0.7613634001463652, ""kernel_alignment"": 0.541518015121775, ""n_modules"": 56, ""near_row_cosine"": 0.26531710429117084, ""surround_row_cosine"": -0.0004955970640107157}"
32,17631,ssr,50,"{""center_surround_contrast"": 0.3375719479684319, ""definition"": ""Entropy effective rank and normalized alignment between cyclic +/-1 and +/-2 LoRA-B row-cosine profiles and the fixed SSR target weights (+1, -0.2)."", ""effective_rank"": 22.962224402597972, ""effective_rank_fraction"": 0.7175695125811866, ""kernel_alignment"": 0.6490486503711769, ""n_modules"": 56, ""near_row_cosine"": 0.38992986242686, ""surround_row_cosine"": 0.05235791412581291}"
32,17631,ssr,100,"{""center_surround_contrast"": 0.36169058616672245, ""definition"": ""Entropy effective rank and normalized alignment between cyclic +/-1 and +/-2 LoRA-B row-cosine profiles and the fixed SSR target weights (+1, -0.2)."", ""effective_rank"": 22.010272949934006, ""effective_rank_fraction"": 0.6878210296854377, ""kernel_alignment"": 0.6968245490321091, ""n_modules"": 56, ""near_row_cosine"": 0.5097135862867747, ""surround_row_cosine"": 0.14802300151703612}"
32,17632,plain,1,"{""center_surround_contrast"": -0.008153563662615073, ""definition"": ""Entropy effective rank and normalized alignment between cyclic +/-1 and +/-2 LoRA-B row-cosine profiles and the fixed SSR target weights (+1, -0.2)."", ""effective_rank"": 21.829937547445297, ""effective_rank_fraction"": 0.6821855483576655, ""kernel_alignment"": -0.008527105852018784, ""n_modules"": 56, ""near_row_cosine"": -0.004523728840597739, ""surround_row_cosine"": 0.0036298347744637537}"
32,17632,plain,2,"{""center_surround_contrast"": -0.0060900288891779, ""definition"": ""Entropy effective rank and normalized alignment between cyclic +/-1 and +/-2 LoRA-B row-cosine profiles and the fixed SSR target weights (+1, -0.2)."", ""effective_rank"": 23.37381632413183, ""effective_rank_fraction"": 0.7304317601291197, ""kernel_alignment"": -0.004836201033997766, ""n_modules"": 56, ""near_row_cosine"": -0.0019931056761249366, ""surround_row_cosine"": 0.004096923048304494}"
32,17632,plain,5,"{""center_surround_contrast"": -0.0075976820626237895, ""definition"": ""Entropy effective rank and normalized alignment between cyclic +/-1 and +/-2 LoRA-B row-cosine profiles and the fixed SSR target weights (+1, -0.2)."", ""effective_rank"": 24.343481770583562, ""effective_rank_fraction"": 0.7607338053307363, ""kernel_alignment"": -0.0075565199489834155, ""n_modules"": 56, ""near_row_cosine"": -0.0025984859031658353, ""surround_row_cosine"": 0.004999196162056511}"
32,17632,plain,10,"{""center_surround_contrast"": -0.0072948596643982455, ""definition"": ""Entropy effective rank and normalized alignment between cyclic +/-1 and +/-2 LoRA-B row-cosine profiles and the fixed SSR target weights (+1, -0.2)."", ""effective_rank"": 25.499278613499232, ""effective_rank_fraction"": 0.796852456671851, ""kernel_alignment"": -0.009997953995740057, ""n_modules"": 56, ""near_row_cosine"": -0.003653407606699537, ""surround_row_cosine"": 0.003641452111748679}"
32,17632,plain,25,"{""center_surround_contrast"": -0.005557396688215833, ""definition"": ""Entropy effective rank and normalized alignment between cyclic +/-1 and +/-2 LoRA-B row-cosine profiles and the fixed SSR target weights (+1, -0.2)."", ""effective_rank"": 26.813718795776367, ""effective_rank_fraction"": 0.8379287123680115, ""kernel_alignment"": -0.007200076450057428, ""n_modules"": 56, ""near_row_cosine"": -0.0023279415664936615, ""surround_row_cosine"": 0.0032294549439809217}"
32,17632,plain,50,"{""center_surround_contrast"": -0.0048185816891158795, ""definition"": ""Entropy effective rank and normalized alignment between cyclic +/-1 and +/-2 LoRA-B row-cosine profiles and the fixed SSR target weights (+1, -0.2)."", ""effective_rank"": 27.227603205612727, ""effective_rank_fraction"": 0.8508626001753977, ""kernel_alignment"": -0.009840342569792222, ""n_modules"": 56, ""near_row_cosine"": -0.0031514617539219864, ""surround_row_cosine"": 0.0016671199139506954}"
32,17632,plain,100,"{""center_surround_contrast"": -0.0036170921944826007, ""definition"": ""Entropy effective rank and normalized alignment between cyclic +/-1 and +/-2 LoRA-B row-cosine profiles and the fixed SSR target weights (+1, -0.2)."", ""effective_rank"": 27.202167843069347, ""effective_rank_fraction"": 0.8500677450959171, ""kernel_alignment"": -0.00819001507066527, ""n_modules"": 56, ""near_row_cosine"": -0.002628908258234982, ""surround_row_cosine"": 0.0009881840028335936}"
32,17632,ssr,1,"{""center_surround_contrast"": 0.018255802179088017, ""definition"": ""Entropy effective rank and normalized alignment between cyclic +/-1 and +/-2 LoRA-B row-cosine profiles and the fixed SSR target weights (+1, -0.2)."", ""effective_rank"": 21.830933392047882, ""effective_rank_fraction"": 0.6822166685014963, ""kernel_alignment"": 0.031295557721023215, ""n_modules"": 56, ""near_row_cosine"": 0.017535010288286555, ""surround_row_cosine"": -0.000720791964210678}"
32,17632,ssr,2,"{""center_surround_contrast"": 0.036440322205765235, ""definition"": ""Entropy effective rank and normalized alignment between cyclic +/-1 and +/-2 LoRA-B row-cosine profiles and the fixed SSR target weights (+1, -0.2)."", ""effective_rank"": 23.38486771924155, ""effective_rank_fraction"": 0.7307771162262985, ""kernel_alignment"": 0.06639158075605728, ""n_modules"": 56, ""near_row_cosine"": 0.033961762571769735, ""surround_row_cosine"": -0.0024785600777477157}"
32,17632,ssr,5,"{""center_surround_contrast"": 0.08300790606465723, ""definition"": ""Entropy effective rank and normalized alignment between cyclic +/-1 and +/-2 LoRA-B row-cosine profiles and the fixed SSR target weights (+1, -0.2)."", ""effective_rank"": 24.721959701606206, ""effective_rank_fraction"": 0.7725612406751939, ""kernel_alignment"": 0.159252929118728, ""n_modules"": 56, ""near_row_cosine"": 0.07213717763910868, ""surround_row_cosine"": -0.010870727998605747}"
32,17632,ssr,10,"{""center_surround_contrast"": 0.14252640366820352, ""definition"": ""Entropy effective rank and normalized alignment between cyclic +/-1 and +/-2 LoRA-B row-cosine profiles and the fixed SSR target weights (+1, -0.2)."", ""effective_rank"": 25.5221876842635, ""effective_rank_fraction"": 0.7975683651332344, ""kernel_alignment"": 0.2947807457031948, ""n_modules"": 56, ""near_row_cosine"": 0.12921895176571394, ""surround_row_cosine"": -0.013307453488648337}"
32,17632,ssr,25,"{""center_surround_contrast"": 0.2620196380386395, ""definition"": ""Entropy effective rank and normalized alignment between cyclic +/-1 and +/-2 LoRA-B row-cosine profiles and the fixed SSR target weights (+1, -0.2)."", ""effective_rank"": 26.959431537560054, ""effective_rank_fraction"": 0.8424822355487517, ""kernel_alignment"": 0.5953083521287356, ""n_modules"": 56, ""near_row_cosine"": 0.2641368463768491, ""surround_row_cosine"": 0.0021172090075976613}"
32,17632,ssr,50,"{""center_surround_contrast"": 0.34160829934158493, ""definition"": ""Entropy effective rank and normalized alignment between cyclic +/-1 and +/-2 LoRA-B row-cosine profiles and the fixed SSR target weights (+1, -0.2)."", ""effective_rank"": 27.467740433556692, ""effective_rank_fraction"": 0.8583668885486466, ""kernel_alignment"": 0.7480598273021835, ""n_modules"": 56, ""near_row_cosine"": 0.3954204870387912, ""surround_row_cosine"": 0.05381218641663768}"
32,17632,ssr,100,"{""center_surround_contrast"": 0.3707489721210939, ""definition"": ""Entropy effective rank and normalized alignment between cyclic +/-1 and +/-2 LoRA-B row-cosine profiles and the fixed SSR target weights (+1, -0.2)."", ""effective_rank"": 27.80121406487056, ""effective_rank_fraction"": 0.868787939527205, ""kernel_alignment"": 0.7894004833485398, ""n_modules"": 56, ""near_row_cosine"": 0.52387176733464, ""surround_row_cosine"": 0.1531227913552097}"
32,17633,plain,1,"{""center_surround_contrast"": -0.007129195040241549, ""definition"": ""Entropy effective rank and normalized alignment between cyclic +/-1 and +/-2 LoRA-B row-cosine profiles and the fixed SSR target weights (+1, -0.2)."", ""effective_rank"": 21.741676730769022, ""effective_rank_fraction"": 0.6794273978365319, ""kernel_alignment"": -0.006976022863974711, ""n_modules"": 56, ""near_row_cosine"": -0.003838879036525863, ""surround_row_cosine"": 0.0032903161357223454}"
32,17633,plain,2,"{""center_surround_contrast"": -0.007473120358814153, ""definition"": ""Entropy effective rank and normalized alignment between cyclic +/-1 and +/-2 LoRA-B row-cosine profiles and the fixed SSR target weights (+1, -0.2)."", ""effective_rank"": 22.388760622058598, ""effective_rank_fraction"": 0.6996487694393312, ""kernel_alignment"": -0.009239692743774088, ""n_modules"": 56, ""near_row_cosine"": -0.004905210384354827, ""surround_row_cosine"": 0.0025679099287166146}"
32,17633,plain,5,"{""center_surround_contrast"": -0.005902622655932126, ""definition"": ""Entropy effective rank and normalized alignment between cyclic +/-1 and +/-2 LoRA-B row-cosine profiles and the fixed SSR target weights (+1, -0.2)."", ""effective_rank"": 24.403052351304463, ""effective_rank_fraction"": 0.7625953859782645, ""kernel_alignment"": -0.009479413016379112, ""n_modules"": 56, ""near_row_cosine"": -0.004390494763876112, ""surround_row_cosine"": 0.0015121278694485746}"
32,17633,plain,10,"{""center_surround_contrast"": -0.005160914879784936, ""definition"": ""Entropy effective rank and normalized alignment between cyclic +/-1 and +/-2 LoRA-B row-cosine profiles and the fixed SSR target weights (+1, -0.2)."", ""effective_rank"": 25.41812833717891, ""effective_rank_fraction"": 0.7943165105368409, ""kernel_alignment"": -0.007419279754165993, ""n_modules"": 56, ""near_row_cosine"": -0.0025478928426829433, ""surround_row_cosine"": 0.0026130220189120985}"
32,17633,plain,25,"{""center_surround_contrast"": -0.003647762307082303, ""definition"": ""Entropy effective rank and normalized alignment between cyclic +/-1 and +/-2 LoRA-B row-cosine profiles and the fixed SSR target weights (+1, -0.2)."", ""effective_rank"": 26.439149388245173, ""effective_rank_fraction"": 0.8262234183826617, ""kernel_alignment"": -0.005446991705996749, ""n_modules"": 56, ""near_row_cosine"": -0.0018495777016401657, ""surround_row_cosine"": 0.001798184570471254}"
32,17633,plain,50,"{""center_surround_contrast"": -0.00330933493907131, ""definition"": ""Entropy effective rank and normalized alignment between cyclic +/-1 and +/-2 LoRA-B row-cosine profiles and the fixed SSR target weights (+1, -0.2)."", ""effective_rank"": 26.927803644112178, ""effective_rank_fraction"": 0.8414938638785056, ""kernel_alignment"": -0.004689200238252462, ""n_modules"": 56, ""near_row_cosine"": -0.0014421694507810961, ""surround_row_cosine"": 0.0018671653834384674}"
32,17633,plain,100,"{""center_surround_contrast"": -0.0051344051649461365, ""definition"": ""Entropy effective rank and normalized alignment between cyclic +/-1 and +/-2 LoRA-B row-cosine profiles and the fixed SSR target weights (+1, -0.2)."", ""effective_rank"": 27.31884934220995, ""effective_rank_fraction"": 0.853714041944061, ""kernel_alignment"": -0.007098143413064203, ""n_modules"": 56, ""near_row_cosine"": -0.0019894935359323945, ""surround_row_cosine"": 0.0031449114717361226}"
32,17633,ssr,1,"{""center_surround_contrast"": 0.01900917045298099, ""definition"": ""Entropy effective rank and normalized alignment between cyclic +/-1 and +/-2 LoRA-B row-cosine profiles and the fixed SSR target weights (+1, -0.2)."", ""effective_rank"": 21.742067302976334, ""effective_rank_fraction"": 0.6794396032180104, ""kernel_alignment"": 0.03236940012577959, ""n_modules"": 56, ""near_row_cosine"": 0.01797220510966976, ""surround_row_cosine"": -0.0010369653391535394}"
32,17633,ssr,2,"{""center_surround_contrast"": 0.034572231152976335, ""definition"": ""Entropy effective rank and normalized alignment between cyclic +/-1 and +/-2 LoRA-B row-cosine profiles and the fixed SSR target weights (+1, -0.2)."", ""effective_rank"": 22.44575738481113, ""effective_rank_fraction"": 0.7014299182753478, ""kernel_alignment"": 0.05836522206144374, ""n_modules"": 56, ""near_row_cosine"": 0.03020915268085186, ""surround_row_cosine"": -0.00436307846263974}"
32,17633,ssr,5,"{""center_surround_contrast"": 0.08119934271754962, ""definition"": ""Entropy effective rank and normalized alignment between cyclic +/-1 and +/-2 LoRA-B row-cosine profiles and the fixed SSR target weights (+1, -0.2)."", ""effective_rank"": 24.677803558962687, ""effective_rank_fraction"": 0.771181361217584, ""kernel_alignment"": 0.16140129028021225, ""n_modules"": 56, ""near_row_cosine"": 0.07251645201800525, ""surround_row_cosine"": -0.008682890539473322}"
32,17633,ssr,10,"{""center_surround_contrast"": 0.1466142376884818, ""definition"": ""Entropy effective rank and normalized alignment between cyclic +/-1 and +/-2 LoRA-B row-cosine profiles and the fixed SSR target weights (+1, -0.2)."", ""effective_rank"": 25.790315576962062, ""effective_rank_fraction"": 0.8059473617800644, ""kernel_alignment"": 0.315380660683981, ""n_modules"": 56, ""near_row_cosine"": 0.1335624338659857, ""surround_row_cosine"": -0.013051804563864218}"
32,17633,ssr,25,"{""center_surround_contrast"": 0.2616572823109371, ""definition"": ""Entropy effective rank and normalized alignment between cyclic +/-1 and +/-2 LoRA-B row-cosine profiles and the fixed SSR target weights (+1, -0.2)."", ""effective_rank"": 26.877422324248723, ""effective_rank_fraction"": 0.8399194476327726, ""kernel_alignment"": 0.5828600418088692, ""n_modules"": 56, ""near_row_cosine"": 0.26190748258626884, ""surround_row_cosine"": 0.0002501996902018229}"
32,17633,ssr,50,"{""center_surround_contrast"": 0.34144504048994606, ""definition"": ""Entropy effective rank and normalized alignment between cyclic +/-1 and +/-2 LoRA-B row-cosine profiles and the fixed SSR target weights (+1, -0.2)."", ""effective_rank"": 27.591185986995697, ""effective_rank_fraction"": 0.8622245620936155, ""kernel_alignment"": 0.7418560915227447, ""n_modules"": 56, ""near_row_cosine"": 0.3942263882075037, ""surround_row_cosine"": 0.05278134792959983}"
32,17633,ssr,100,"{""center_surround_contrast"": 0.3708235326090029, ""definition"": ""Entropy effective rank and normalized alignment between cyclic +/-1 and +/-2 LoRA-B row-cosine profiles and the fixed SSR target weights (+1, -0.2)."", ""effective_rank"": 28.076285081250326, ""effective_rank_fraction"": 0.8773839087890727, ""kernel_alignment"": 0.7905209884047508, ""n_modules"": 56, ""near_row_cosine"": 0.5256721985393337, ""surround_row_cosine"": 0.15484866253765567}"
32,17634,plain,1,"{""center_surround_contrast"": -0.006021319510702077, ""definition"": ""Entropy effective rank and normalized alignment between cyclic +/-1 and +/-2 LoRA-B row-cosine profiles and the fixed SSR target weights (+1, -0.2)."", ""effective_rank"": 21.398309490510396, ""effective_rank_fraction"": 0.6686971715784499, ""kernel_alignment"": -0.004779390494149993, ""n_modules"": 56, ""near_row_cosine"": -0.0016459658290841617, ""surround_row_cosine"": 0.004375353756456336}"
32,17634,plain,2,"{""center_surround_contrast"": -0.005697622953448445, ""definition"": ""Entropy effective rank and normalized alignment between cyclic +/-1 and +/-2 LoRA-B row-cosine profiles and the fixed SSR target weights (+1, -0.2)."", ""effective_rank"": 23.380124266658513, ""effective_rank_fraction"": 0.7306288833330785, ""kernel_alignment"": -0.0030117676925718634, ""n_modules"": 56, ""near_row_cosine"": -0.00039312664323785734, ""surround_row_cosine"": 0.005304496220820251}"
32,17634,plain,5,"{""center_surround_contrast"": -0.004010406025502432, ""definition"": ""Entropy effective rank and normalized alignment between cyclic +/-1 and +/-2 LoRA-B row-cosine profiles and the fixed SSR target weights (+1, -0.2)."", ""effective_rank"": 24.91917306610516, ""effective_rank_fraction"": 0.7787241583157862, ""kernel_alignment"": -0.003824618918640356, ""n_modules"": 56, ""near_row_cosine"": -0.0009835404832431649, ""surround_row_cosine"": 0.0030268655775996323}"
32,17634,plain,10,"{""center_surround_contrast"": -0.00801361226902892, ""definition"": ""Entropy effective rank and normalized alignment between cyclic +/-1 and +/-2 LoRA-B row-cosine profiles and the fixed SSR target weights (+1, -0.2)."", ""effective_rank"": 25.52955381359373, ""effective_rank_fraction"": 0.797798556674804, ""kernel_alignment"": -0.009695511646636337, ""n_modules"": 56, ""near_row_cosine"": -0.003198275523735512, ""surround_row_cosine"": 0.004815336867717893}"
32,17634,plain,25,"{""center_surround_contrast"": -0.0070442234791698866, ""definition"": ""Entropy effective rank and normalized alignment between cyclic +/-1 and +/-2 LoRA-B row-cosine profiles and the fixed SSR target weights (+1, -0.2)."", ""effective_rank"": 26.364343285560608, ""effective_rank_fraction"": 0.823885727673769, ""kernel_alignment"": -0.010510228686533602, ""n_modules"": 56, ""near_row_cosine"": -0.0034718268767106914, ""surround_row_cosine"": 0.003572396643643775}"
32,17634,plain,50,"{""center_surround_contrast"": -0.004586276385193092, ""definition"": ""Entropy effective rank and normalized alignment between cyclic +/-1 and +/-2 LoRA-B row-cosine profiles and the fixed SSR target weights (+1, -0.2)."", ""effective_rank"": 26.850656492369517, ""effective_rank_fraction"": 0.8390830153865474, ""kernel_alignment"": -0.005960332119587163, ""n_modules"": 56, ""near_row_cosine"": -0.001643259200656238, ""surround_row_cosine"": 0.0029430172461226384}"
32,17634,plain,100,"{""center_surround_contrast"": -0.004881872944159633, ""definition"": ""Entropy effective rank and normalized alignment between cyclic +/-1 and +/-2 LoRA-B row-cosine profiles and the fixed SSR target weights (+1, -0.2)."", ""effective_rank"": 26.851958342960902, ""effective_rank_fraction"": 0.8391236982175282, ""kernel_alignment"": -0.007143789913503237, ""n_modules"": 56, ""near_row_cosine"": -0.0021167725721430285, ""surround_row_cosine"": 0.0027651002487151083}"
32,17634,ssr,1,"{""center_surround_contrast"": 0.01913267331838142, ""definition"": ""Entropy effective rank and normalized alignment between cyclic +/-1 and +/-2 LoRA-B row-cosine profiles and the fixed SSR target weights (+1, -0.2)."", ""effective_rank"": 21.398745979581562, ""effective_rank_fraction"": 0.6687108118619238, ""kernel_alignment"": 0.03197581438780617, ""n_modules"": 56, ""near_row_cosine"": 0.01941344656214434, ""surround_row_cosine"": 0.0002807732109561454}"
32,17634,ssr,2,"{""center_surround_contrast"": 0.03616310426981986, ""definition"": ""Entropy effective rank and normalized alignment between cyclic +/-1 and +/-2 LoRA-B row-cosine profiles and the fixed SSR target weights (+1, -0.2)."", ""effective_rank"": 23.33919393164771, ""effective_rank_fraction"": 0.7293498103639909, ""kernel_alignment"": 0.06836589100411011, ""n_modules"": 56, ""near_row_cosine"": 0.03498309528575711, ""surround_row_cosine"": -0.0011800088204836356}"
32,17634,ssr,5,"{""center_surround_contrast"": 0.08026801979368818, ""definition"": ""Entropy effective rank and normalized alignment between cyclic +/-1 and +/-2 LoRA-B row-cosine profiles and the fixed SSR target weights (+1, -0.2)."", ""effective_rank"": 24.82172814437321, ""effective_rank_fraction"": 0.7756790045116628, ""kernel_alignment"": 0.15808256880180643, ""n_modules"": 56, ""near_row_cosine"": 0.07020341656503401, ""surround_row_cosine"": -0.010064603194190827}"
32,17634,ssr,10,"{""center_surround_contrast"": 0.14144948836682097, ""definition"": ""Entropy effective rank and normalized alignment between cyclic +/-1 and +/-2 LoRA-B row-cosine profiles and the fixed SSR target weights (+1, -0.2)."", ""effective_rank"": 25.62183980856623, ""effective_rank_fraction"": 0.8006824940176946, ""kernel_alignment"": 0.30257260440183537, ""n_modules"": 56, ""near_row_cosine"": 0.12918643204362265, ""surround_row_cosine"": -0.01226305715856922}"
32,17634,ssr,25,"{""center_surround_contrast"": 0.25322249066084623, ""definition"": ""Entropy effective rank and normalized alignment between cyclic +/-1 and +/-2 LoRA-B row-cosine profiles and the fixed SSR target weights (+1, -0.2)."", ""effective_rank"": 25.294331286634716, ""effective_rank_fraction"": 0.7904478527073349, ""kernel_alignment"": 0.5342404005516852, ""n_modules"": 56, ""near_row_cosine"": 0.2537734621603574, ""surround_row_cosine"": 0.0005509705156977621}"
32,17634,ssr,50,"{""center_surround_contrast"": 0.3394463619749461, ""definition"": ""Entropy effective rank and normalized alignment between cyclic +/-1 and +/-2 LoRA-B row-cosine profiles and the fixed SSR target weights (+1, -0.2)."", ""effective_rank"": 24.328777262142726, ""effective_rank_fraction"": 0.7602742894419602, ""kernel_alignment"": 0.6782240239637238, ""n_modules"": 56, ""near_row_cosine"": 0.39137533213943243, ""surround_row_cosine"": 0.051928970347424705}"
32,17634,ssr,100,"{""center_surround_contrast"": 0.3676701499415296, ""definition"": ""Entropy effective rank and normalized alignment between cyclic +/-1 and +/-2 LoRA-B row-cosine profiles and the fixed SSR target weights (+1, -0.2)."", ""effective_rank"": 24.619172504970006, ""effective_rank_fraction"": 0.7693491407803127, ""kernel_alignment"": 0.742935267410108, ""n_modules"": 56, ""near_row_cosine"": 0.51685860460358, ""surround_row_cosine"": 0.14918845489488117}"
32,17635,plain,1,"{""center_surround_contrast"": -0.005408095055567433, ""definition"": ""Entropy effective rank and normalized alignment between cyclic +/-1 and +/-2 LoRA-B row-cosine profiles and the fixed SSR target weights (+1, -0.2)."", ""effective_rank"": 19.867445160235675, ""effective_rank_fraction"": 0.6208576612573649, ""kernel_alignment"": -0.005161214656254742, ""n_modules"": 56, ""near_row_cosine"": -0.003135176689511354, ""surround_row_cosine"": 0.0022729183640746798}"
32,17635,plain,2,"{""center_surround_contrast"": -0.005672514498915656, ""definition"": ""Entropy effective rank and normalized alignment between cyclic +/-1 and +/-2 LoRA-B row-cosine profiles and the fixed SSR target weights (+1, -0.2)."", ""effective_rank"": 22.522171344075883, ""effective_rank_fraction"": 0.7038178545023713, ""kernel_alignment"": -0.005438936080671348, ""n_modules"": 56, ""near_row_cosine"": -0.003237085576269497, ""surround_row_cosine"": 0.002435428933495132}"
32,17635,plain,5,"{""center_surround_contrast"": -0.004716985616791395, ""definition"": ""Entropy effective rank and normalized alignment between cyclic +/-1 and +/-2 LoRA-B row-cosine profiles and the fixed SSR target weights (+1, -0.2)."", ""effective_rank"": 25.190181962081365, ""effective_rank_fraction"": 0.7871931863150426, ""kernel_alignment"": -0.006367203202249324, ""n_modules"": 56, ""near_row_cosine"": -0.0029964863705182715, ""surround_row_cosine"": 0.0017204990498222677}"
32,17635,plain,10,"{""center_surround_contrast"": -0.0055285153347150685, ""definition"": ""Entropy effective rank and normalized alignment between cyclic +/-1 and +/-2 LoRA-B row-cosine profiles and the fixed SSR target weights (+1, -0.2)."", ""effective_rank"": 25.88364670957838, ""effective_rank_fraction"": 0.8088639596743243, ""kernel_alignment"": -0.007487226636190566, ""n_modules"": 56, ""near_row_cosine"": -0.0028780650936823804, ""surround_row_cosine"": 0.002650450263120417}"
32,17635,plain,25,"{""center_surround_contrast"": -0.0041448176754264356, ""definition"": ""Entropy effective rank and normalized alignment between cyclic +/-1 and +/-2 LoRA-B row-cosine profiles and the fixed SSR target weights (+1, -0.2)."", ""effective_rank"": 26.930089277880533, ""effective_rank_fraction"": 0.8415652899337667, ""kernel_alignment"": -0.00664175494018439, ""n_modules"": 56, ""near_row_cosine"": -0.0022641986167530248, ""surround_row_cosine"": 0.001880619093883849}"
32,17635,plain,50,"{""center_surround_contrast"": -0.005928658825203976, ""definition"": ""Entropy effective rank and normalized alignment between cyclic +/-1 and +/-2 LoRA-B row-cosine profiles and the fixed SSR target weights (+1, -0.2)."", ""effective_rank"": 27.378772769655498, ""effective_rank_fraction"": 0.8555866490517343, ""kernel_alignment"": -0.008294487140509383, ""n_modules"": 56, ""near_row_cosine"": -0.0023758388786713374, ""surround_row_cosine"": 0.003552820002369117}"
32,17635,plain,100,"{""center_surround_contrast"": -0.004971816809432181, ""definition"": ""Entropy effective rank and normalized alignment between cyclic +/-1 and +/-2 LoRA-B row-cosine profiles and the fixed SSR target weights (+1, -0.2)."", ""effective_rank"": 27.46067805801119, ""effective_rank_fraction"": 0.8581461893128497, ""kernel_alignment"": -0.007295279113480189, ""n_modules"": 56, ""near_row_cosine"": -0.0021423566707068986, ""surround_row_cosine"": 0.0028294602899612592}"
32,17635,ssr,1,"{""center_surround_contrast"": 0.01991412426806554, ""definition"": ""Entropy effective rank and normalized alignment between cyclic +/-1 and +/-2 LoRA-B row-cosine profiles and the fixed SSR target weights (+1, -0.2)."", ""effective_rank"": 19.86779796225684, ""effective_rank_fraction"": 0.6208686863205263, ""kernel_alignment"": 0.03168097855476505, ""n_modules"": 56, ""near_row_cosine"": 0.01798755178482939, ""surround_row_cosine"": -0.0019265724863544165}"
32,17635,ssr,2,"{""center_surround_contrast"": 0.03508085750010131, ""definition"": ""Entropy effective rank and normalized alignment between cyclic +/-1 and +/-2 LoRA-B row-cosine profiles and the fixed SSR target weights (+1, -0.2)."", ""effective_rank"": 22.51883359040533, ""effective_rank_fraction"": 0.7037135497001665, ""kernel_alignment"": 0.060814420418215116, ""n_modules"": 56, ""near_row_cosine"": 0.030862569207134323, ""surround_row_cosine"": -0.0042182885882117}"
32,17635,ssr,5,"{""center_surround_contrast"": 0.08097117350968931, ""definition"": ""Entropy effective rank and normalized alignment between cyclic +/-1 and +/-2 LoRA-B row-cosine profiles and the fixed SSR target weights (+1, -0.2)."", ""effective_rank"": 24.62779188156128, ""effective_rank_fraction"": 0.76961849629879, ""kernel_alignment"": 0.15984257789594786, ""n_modules"": 56, ""near_row_cosine"": 0.07358318573096767, ""surround_row_cosine"": -0.007387987870190824}"
32,17635,ssr,10,"{""center_surround_contrast"": 0.14352331862651876, ""definition"": ""Entropy effective rank and normalized alignment between cyclic +/-1 and +/-2 LoRA-B row-cosine profiles and the fixed SSR target weights (+1, -0.2)."", ""effective_rank"": 25.153954557010106, ""effective_rank_fraction"": 0.7860610799065658, ""kernel_alignment"": 0.2990316462570003, ""n_modules"": 56, ""near_row_cosine"": 0.131787509557658, ""surround_row_cosine"": -0.011735809298053417}"
32,17635,ssr,25,"{""center_surround_contrast"": 0.2590874631090888, ""definition"": ""Entropy effective rank and normalized alignment between cyclic +/-1 and +/-2 LoRA-B row-cosine profiles and the fixed SSR target weights (+1, -0.2)."", ""effective_rank"": 26.348296088831766, ""effective_rank_fraction"": 0.8233842527759927, ""kernel_alignment"": 0.5668530787474343, ""n_modules"": 56, ""near_row_cosine"": 0.2609135515854827, ""surround_row_cosine"": 0.0018260889883094933}"
32,17635,ssr,50,"{""center_surround_contrast"": 0.33806817872183664, ""definition"": ""Entropy effective rank and normalized alignment between cyclic +/-1 and +/-2 LoRA-B row-cosine profiles and the fixed SSR target weights (+1, -0.2)."", ""effective_rank"": 27.091636615140096, ""effective_rank_fraction"": 0.846613644223128, ""kernel_alignment"": 0.7305659579911402, ""n_modules"": 56, ""near_row_cosine"": 0.39375441641147646, ""surround_row_cosine"": 0.05568623697451715}"
32,17635,ssr,100,"{""center_surround_contrast"": 0.37078426046563046, ""definition"": ""Entropy effective rank and normalized alignment between cyclic +/-1 and +/-2 LoRA-B row-cosine profiles and the fixed SSR target weights (+1, -0.2)."", ""effective_rank"": 27.613561110837118, ""effective_rank_fraction"": 0.8629237847136599, ""kernel_alignment"": 0.7845301194382566, ""n_modules"": 56, ""near_row_cosine"": 0.5244160989033324, ""surround_row_cosine"": 0.15363183437979647}"
32,17636,plain,1,"{""center_surround_contrast"": -0.00677272083079775, ""definition"": ""Entropy effective rank and normalized alignment between cyclic +/-1 and +/-2 LoRA-B row-cosine profiles and the fixed SSR target weights (+1, -0.2)."", ""effective_rank"": 20.638872406312398, ""effective_rank_fraction"": 0.6449647626972624, ""kernel_alignment"": -0.0027223945854919812, ""n_modules"": 56, ""near_row_cosine"": -0.0013233174831839278, ""surround_row_cosine"": 0.005449403329164073}"
32,17636,plain,2,"{""center_surround_contrast"": -0.006733949648540667, ""definition"": ""Entropy effective rank and normalized alignment between cyclic +/-1 and +/-2 LoRA-B row-cosine profiles and the fixed SSR target weights (+1, -0.2)."", ""effective_rank"": 21.544637982334407, ""effective_rank_fraction"": 0.6732699369479502, ""kernel_alignment"": -0.005027564645388338, ""n_modules"": 56, ""near_row_cosine"": -0.0018225435674789228, ""surround_row_cosine"": 0.00491140614966363}"
32,17636,plain,5,"{""center_surround_contrast"": -0.006342343593132682, ""definition"": ""Entropy effective rank and normalized alignment between cyclic +/-1 and +/-2 LoRA-B row-cosine profiles and the fixed SSR target weights (+1, -0.2)."", ""effective_rank"": 24.22049911107336, ""effective_rank_fraction"": 0.7568905972210425, ""kernel_alignment"": -0.008405744779988058, ""n_modules"": 56, ""near_row_cosine"": -0.003721434484305064, ""surround_row_cosine"": 0.0026209092591540995}"
32,17636,plain,10,"{""center_surround_contrast"": -0.0059603153832930335, ""definition"": ""Entropy effective rank and normalized alignment between cyclic +/-1 and +/-2 LoRA-B row-cosine profiles and the fixed SSR target weights (+1, -0.2)."", ""effective_rank"": 25.301290852682932, ""effective_rank_fraction"": 0.7906653391463416, ""kernel_alignment"": -0.007479949151080031, ""n_modules"": 56, ""near_row_cosine"": -0.002673003298955986, ""surround_row_cosine"": 0.0032873121253292736}"
32,17636,plain,25,"{""center_surround_contrast"": -0.0053619669717071316, ""definition"": ""Entropy effective rank and normalized alignment between cyclic +/-1 and +/-2 LoRA-B row-cosine profiles and the fixed SSR target weights (+1, -0.2)."", ""effective_rank"": 26.41092245067869, ""effective_rank_fraction"": 0.8253413265837091, ""kernel_alignment"": -0.009255480160520944, ""n_modules"": 56, ""near_row_cosine"": -0.003150585252244907, ""surround_row_cosine"": 0.0022113816881496207}"
32,17636,plain,50,"{""center_surround_contrast"": -0.005966499549166266, ""definition"": ""Entropy effective rank and normalized alignment between cyclic +/-1 and +/-2 LoRA-B row-cosine profiles and the fixed SSR target weights (+1, -0.2)."", ""effective_rank"": 26.999918571540288, ""effective_rank_fraction"": 0.843747455360634, ""kernel_alignment"": -0.01068141960630393, ""n_modules"": 56, ""near_row_cosine"": -0.0033643261705427513, ""surround_row_cosine"": 0.0026021733990221818}"
32,17636,plain,100,"{""center_surround_contrast"": -0.004986608125493929, ""definition"": ""Entropy effective rank and normalized alignment between cyclic +/-1 and +/-2 LoRA-B row-cosine profiles and the fixed SSR target weights (+1, -0.2)."", ""effective_rank"": 26.650334153856548, ""effective_rank_fraction"": 0.8328229423080171, ""kernel_alignment"": -0.008909632724160994, ""n_modules"": 56, ""near_row_cosine"": -0.002802633439257209, ""surround_row_cosine"": 0.002183974633226171}"
32,17636,ssr,1,"{""center_surround_contrast"": 0.018342824002112526, ""definition"": ""Entropy effective rank and normalized alignment between cyclic +/-1 and +/-2 LoRA-B row-cosine profiles and the fixed SSR target weights (+1, -0.2)."", ""effective_rank"": 20.63826243366514, ""effective_rank_fraction"": 0.6449457010520356, ""kernel_alignment"": 0.033803823129476634, ""n_modules"": 56, ""near_row_cosine"": 0.01981028303427073, ""surround_row_cosine"": 0.0014674593195585267}"
32,17636,ssr,2,"{""center_surround_contrast"": 0.03351246377652777, ""definition"": ""Entropy effective rank and normalized alignment between cyclic +/-1 and +/-2 LoRA-B row-cosine profiles and the fixed SSR target weights (+1, -0.2)."", ""effective_rank"": 21.599536316735403, ""effective_rank_fraction"": 0.6749855098979813, ""kernel_alignment"": 0.05655136555703523, ""n_modules"": 56, ""near_row_cosine"": 0.03128836751784547, ""surround_row_cosine"": -0.0022240964681259356}"
32,17636,ssr,5,"{""center_surround_contrast"": 0.07952702484908514, ""definition"": ""Entropy effective rank and normalized alignment between cyclic +/-1 and +/-2 LoRA-B row-cosine profiles and the fixed SSR target weights (+1, -0.2)."", ""effective_rank"": 24.608631168092998, ""effective_rank_fraction"": 0.7690197240029062, ""kernel_alignment"": 0.1535779099379267, ""n_modules"": 56, ""near_row_cosine"": 0.06931548746901431, ""surround_row_cosine"": -0.01021153702900587}"
32,17636,ssr,10,"{""center_surround_contrast"": 0.13902313821017742, ""definition"": ""Entropy effective rank and normalized alignment between cyclic +/-1 and +/-2 LoRA-B row-cosine profiles and the fixed SSR target weights (+1, -0.2)."", ""effective_rank"": 25.512058070727758, ""effective_rank_fraction"": 0.7972518147102424, ""kernel_alignment"": 0.29251294855826665, ""n_modules"": 56, ""near_row_cosine"": 0.12725273316859134, ""surround_row_cosine"": -0.011770404180944232}"
32,17636,ssr,25,"{""center_surround_contrast"": 0.26062602649575894, ""definition"": ""Entropy effective rank and normalized alignment between cyclic +/-1 and +/-2 LoRA-B row-cosine profiles and the fixed SSR target weights (+1, -0.2)."", ""effective_rank"": 26.788144247872488, ""effective_rank_fraction"": 0.8371295077460152, ""kernel_alignment"": 0.580364853276738, ""n_modules"": 56, ""near_row_cosine"": 0.26069128034370287, ""surround_row_cosine"": 6.525309650636966e-05}"
32,17636,ssr,50,"{""center_surround_contrast"": 0.3420319956328188, ""definition"": ""Entropy effective rank and normalized alignment between cyclic +/-1 and +/-2 LoRA-B row-cosine profiles and the fixed SSR target weights (+1, -0.2)."", ""effective_rank"": 27.57215624196189, ""effective_rank_fraction"": 0.861629882561309, ""kernel_alignment"": 0.7430864681622812, ""n_modules"": 56, ""near_row_cosine"": 0.3936520359878029, ""surround_row_cosine"": 0.05162004046308409}"
32,17636,ssr,100,"{""center_surround_contrast"": 0.3734129127115011, ""definition"": ""Entropy effective rank and normalized alignment between cyclic +/-1 and +/-2 LoRA-B row-cosine profiles and the fixed SSR target weights (+1, -0.2)."", ""effective_rank"": 28.099457842963083, ""effective_rank_fraction"": 0.8781080575925964, ""kernel_alignment"": 0.7950293078486408, ""n_modules"": 56, ""near_row_cosine"": 0.524936318530568, ""surround_row_cosine"": 0.15152340665060493}"
32,17637,plain,1,"{""center_surround_contrast"": -0.0037870692134934613, ""definition"": ""Entropy effective rank and normalized alignment between cyclic +/-1 and +/-2 LoRA-B row-cosine profiles and the fixed SSR target weights (+1, -0.2)."", ""effective_rank"": 21.54246013930866, ""effective_rank_fraction"": 0.6732018793533956, ""kernel_alignment"": -0.005597235740944078, ""n_modules"": 56, ""near_row_cosine"": -0.0029626805002668072, ""surround_row_cosine"": 0.0008243886841228232}"
32,17637,plain,2,"{""center_surround_contrast"": -0.005734419118588059, ""definition"": ""Entropy effective rank and normalized alignment between cyclic +/-1 and +/-2 LoRA-B row-cosine profiles and the fixed SSR target weights (+1, -0.2)."", ""effective_rank"": 23.19594326189586, ""effective_rank_fraction"": 0.7248732269342456, ""kernel_alignment"": -0.010582801943330975, ""n_modules"": 56, ""near_row_cosine"": -0.004881695972666681, ""surround_row_cosine"": 0.0008527232208247629}"
32,17637,plain,5,"{""center_surround_contrast"": -0.005350367250295156, ""definition"": ""Entropy effective rank and normalized alignment between cyclic +/-1 and +/-2 LoRA-B row-cosine profiles and the fixed SSR target weights (+1, -0.2)."", ""effective_rank"": 24.502898607935222, ""effective_rank_fraction"": 0.7657155814979757, ""kernel_alignment"": -0.007249494998762072, ""n_modules"": 56, ""near_row_cosine"": -0.002643591184551042, ""surround_row_cosine"": 0.0027067759908894523}"
32,17637,plain,10,"{""center_surround_contrast"": -0.004314030615205411, ""definition"": ""Entropy effective rank and normalized alignment between cyclic +/-1 and +/-2 LoRA-B row-cosine profiles and the fixed SSR target weights (+1, -0.2)."", ""effective_rank"": 25.622316122055054, ""effective_rank_fraction"": 0.8006973788142204, ""kernel_alignment"": -0.007525348471452682, ""n_modules"": 56, ""near_row_cosine"": -0.002656250335687917, ""surround_row_cosine"": 0.0016577802202846215}"
32,17637,plain,25,"{""center_surround_contrast"": -0.007902352268242143, ""definition"": ""Entropy effective rank and normalized alignment between cyclic +/-1 and +/-2 LoRA-B row-cosine profiles and the fixed SSR target weights (+1, -0.2)."", ""effective_rank"": 26.796945112092153, ""effective_rank_fraction"": 0.8374045347528798, ""kernel_alignment"": -0.01309899208873893, ""n_modules"": 56, ""near_row_cosine"": -0.0040597274964966346, ""surround_row_cosine"": 0.0038426248348904274}"
32,17637,plain,50,"{""center_surround_contrast"": -0.007766197309787718, ""definition"": ""Entropy effective rank and normalized alignment between cyclic +/-1 and +/-2 LoRA-B row-cosine profiles and the fixed SSR target weights (+1, -0.2)."", ""effective_rank"": 27.288289759840282, ""effective_rank_fraction"": 0.8527590549950088, ""kernel_alignment"": -0.012561344215289491, ""n_modules"": 56, ""near_row_cosine"": -0.0035304560681532443, ""surround_row_cosine"": 0.004235741233320108}"
32,17637,plain,100,"{""center_surround_contrast"": -0.006926634297997225, ""definition"": ""Entropy effective rank and normalized alignment between cyclic +/-1 and +/-2 LoRA-B row-cosine profiles and the fixed SSR target weights (+1, -0.2)."", ""effective_rank"": 27.41033329282488, ""effective_rank_fraction"": 0.8565729154007775, ""kernel_alignment"": -0.011076079054224206, ""n_modules"": 56, ""near_row_cosine"": -0.0031096146470060504, ""surround_row_cosine"": 0.0038170195699162184}"
32,17637,ssr,1,"{""center_surround_contrast"": 0.022174648302357776, ""definition"": ""Entropy effective rank and normalized alignment between cyclic +/-1 and +/-2 LoRA-B row-cosine profiles and the fixed SSR target weights (+1, -0.2)."", ""effective_rank"": 21.54211788943836, ""effective_rank_fraction"": 0.6731911840449487, ""kernel_alignment"": 0.03357542613983761, ""n_modules"": 56, ""near_row_cosine"": 0.018726503492351703, ""surround_row_cosine"": -0.003448144968782937}"
32,17637,ssr,2,"{""center_surround_contrast"": 0.03868085149484354, ""definition"": ""Entropy effective rank and normalized alignment between cyclic +/-1 and +/-2 LoRA-B row-cosine profiles and the fixed SSR target weights (+1, -0.2)."", ""effective_rank"": 22.60882802946227, ""effective_rank_fraction"": 0.7065258759206959, ""kernel_alignment"": 0.06367177131629173, ""n_modules"": 56, ""near_row_cosine"": 0.03260693262979787, ""surround_row_cosine"": -0.006073918786049555}"
32,17637,ssr,5,"{""center_surround_contrast"": 0.07742886566224375, ""definition"": ""Entropy effective rank and normalized alignment between cyclic +/-1 and +/-2 LoRA-B row-cosine profiles and the fixed SSR target weights (+1, -0.2)."", ""effective_rank"": 23.789120316505432, ""effective_rank_fraction"": 0.7434100098907948, ""kernel_alignment"": 0.14758222410455346, ""n_modules"": 56, ""near_row_cosine"": 0.06930297536642424, ""surround_row_cosine"": -0.008125889519370893}"
32,17637,ssr,10,"{""center_surround_contrast"": 0.13925342953630857, ""definition"": ""Entropy effective rank and normalized alignment between cyclic +/-1 and +/-2 LoRA-B row-cosine profiles and the fixed SSR target weights (+1, -0.2)."", ""effective_rank"": 24.531856115375245, ""effective_rank_fraction"": 0.7666205036054764, ""kernel_alignment"": 0.28257552527689506, ""n_modules"": 56, ""near_row_cosine"": 0.12758455854574485, ""surround_row_cosine"": -0.011668871034739172}"
32,17637,ssr,25,"{""center_surround_contrast"": 0.257943085793938, ""definition"": ""Entropy effective rank and normalized alignment between cyclic +/-1 and +/-2 LoRA-B row-cosine profiles and the fixed SSR target weights (+1, -0.2)."", ""effective_rank"": 26.139854899474553, ""effective_rank_fraction"": 0.8168704656085798, ""kernel_alignment"": 0.558808347210288, ""n_modules"": 56, ""near_row_cosine"": 0.25879562619541374, ""surround_row_cosine"": 0.0008525398701359725}"
32,17637,ssr,50,"{""center_surround_contrast"": 0.3378550575247833, ""definition"": ""Entropy effective rank and normalized alignment between cyclic +/-1 and +/-2 LoRA-B row-cosine profiles and the fixed SSR target weights (+1, -0.2)."", ""effective_rank"": 27.010485580989293, ""effective_rank_fraction"": 0.8440776744059154, ""kernel_alignment"": 0.7270851513104779, ""n_modules"": 56, ""near_row_cosine"": 0.3931760569768292, ""surround_row_cosine"": 0.055320998429254226}"
32,17637,ssr,100,"{""center_surround_contrast"": 0.3694624447130731, ""definition"": ""Entropy effective rank and normalized alignment between cyclic +/-1 and +/-2 LoRA-B row-cosine profiles and the fixed SSR target weights (+1, -0.2)."", ""effective_rank"": 27.434743872710637, ""effective_rank_fraction"": 0.8573357460222074, ""kernel_alignment"": 0.7842733056417533, ""n_modules"": 56, ""near_row_cosine"": 0.5222768614600811, ""surround_row_cosine"": 0.1528144148843629}"
32,17638,plain,1,"{""center_surround_contrast"": -0.007129195040241549, ""definition"": ""Entropy effective rank and normalized alignment between cyclic +/-1 and +/-2 LoRA-B row-cosine profiles and the fixed SSR target weights (+1, -0.2)."", ""effective_rank"": 21.741676730769022, ""effective_rank_fraction"": 0.6794273978365319, ""kernel_alignment"": -0.006976022863974711, ""n_modules"": 56, ""near_row_cosine"": -0.003838879036525863, ""surround_row_cosine"": 0.0032903161357223454}"
32,17638,plain,2,"{""center_surround_contrast"": -0.00537013729418894, ""definition"": ""Entropy effective rank and normalized alignment between cyclic +/-1 and +/-2 LoRA-B row-cosine profiles and the fixed SSR target weights (+1, -0.2)."", ""effective_rank"": 23.100599237850734, ""effective_rank_fraction"": 0.7218937261828354, ""kernel_alignment"": -0.007867273129509807, ""n_modules"": 56, ""near_row_cosine"": -0.004186327164331617, ""surround_row_cosine"": 0.0011838100524203452}"
32,17638,plain,5,"{""center_surround_contrast"": -0.006753491425895065, ""definition"": ""Entropy effective rank and normalized alignment between cyclic +/-1 and +/-2 LoRA-B row-cosine profiles and the fixed SSR target weights (+1, -0.2)."", ""effective_rank"": 24.504299942936214, ""effective_rank_fraction"": 0.7657593732167567, ""kernel_alignment"": -0.012342725040850513, ""n_modules"": 56, ""near_row_cosine"": -0.005652336235730867, ""surround_row_cosine"": 0.0011011552498010652}"
32,17638,plain,10,"{""center_surround_contrast"": -0.004876116412300949, ""definition"": ""Entropy effective rank and normalized alignment between cyclic +/-1 and +/-2 LoRA-B row-cosine profiles and the fixed SSR target weights (+1, -0.2)."", ""effective_rank"": 25.127730288675853, ""effective_rank_fraction"": 0.7852415715211204, ""kernel_alignment"": -0.009487142880971078, ""n_modules"": 56, ""near_row_cosine"": -0.003852230620395858, ""surround_row_cosine"": 0.0010238859566535602}"
32,17638,plain,25,"{""center_surround_contrast"": -0.00462951481780952, ""definition"": ""Entropy effective rank and normalized alignment between cyclic +/-1 and +/-2 LoRA-B row-cosine profiles and the fixed SSR target weights (+1, -0.2)."", ""effective_rank"": 25.950809930052074, ""effective_rank_fraction"": 0.8109628103141273, ""kernel_alignment"": -0.005721905471481088, ""n_modules"": 56, ""near_row_cosine"": -0.0017484188501839526, ""surround_row_cosine"": 0.0028810959995878094}"
32,17638,plain,50,"{""center_surround_contrast"": -0.002502322154344126, ""definition"": ""Entropy effective rank and normalized alignment between cyclic +/-1 and +/-2 LoRA-B row-cosine profiles and the fixed SSR target weights (+1, -0.2)."", ""effective_rank"": 26.563198489802225, ""effective_rank_fraction"": 0.8300999528063195, ""kernel_alignment"": -0.0037596058566902817, ""n_modules"": 56, ""near_row_cosine"": -0.0013091803554873748, ""surround_row_cosine"": 0.0011931418725258222}"
32,17638,plain,100,"{""center_surround_contrast"": -0.0011137443902303598, ""definition"": ""Entropy effective rank and normalized alignment between cyclic +/-1 and +/-2 LoRA-B row-cosine profiles and the fixed SSR target weights (+1, -0.2)."", ""effective_rank"": 26.193181693553925, ""effective_rank_fraction"": 0.8185369279235601, ""kernel_alignment"": -0.0013348181780332069, ""n_modules"": 56, ""near_row_cosine"": -0.0005285933967960382, ""surround_row_cosine"": 0.0005851509273010639}"
32,17638,ssr,1,"{""center_surround_contrast"": 0.01900917045298099, ""definition"": ""Entropy effective rank and normalized alignment between cyclic +/-1 and +/-2 LoRA-B row-cosine profiles and the fixed SSR target weights (+1, -0.2)."", ""effective_rank"": 21.742067302976334, ""effective_rank_fraction"": 0.6794396032180104, ""kernel_alignment"": 0.03236940012577959, ""n_modules"": 56, ""near_row_cosine"": 0.01797220510966976, ""surround_row_cosine"": -0.0010369653391535394}"
32,17638,ssr,2,"{""center_surround_contrast"": 0.037028118826648485, ""definition"": ""Entropy effective rank and normalized alignment between cyclic +/-1 and +/-2 LoRA-B row-cosine profiles and the fixed SSR target weights (+1, -0.2)."", ""effective_rank"": 23.131716613258632, ""effective_rank_fraction"": 0.7228661441643323, ""kernel_alignment"": 0.06227093563419268, ""n_modules"": 56, ""near_row_cosine"": 0.031456034323127824, ""surround_row_cosine"": -0.005572084588753309}"
32,17638,ssr,5,"{""center_surround_contrast"": 0.0797804747209219, ""definition"": ""Entropy effective rank and normalized alignment between cyclic +/-1 and +/-2 LoRA-B row-cosine profiles and the fixed SSR target weights (+1, -0.2)."", ""effective_rank"": 24.67388908777918, ""effective_rank_fraction"": 0.7710590339930994, ""kernel_alignment"": 0.15337070441871348, ""n_modules"": 56, ""near_row_cosine"": 0.07015207983619932, ""surround_row_cosine"": -0.009628395231759766}"
32,17638,ssr,10,"{""center_surround_contrast"": 0.1417503347287753, ""definition"": ""Entropy effective rank and normalized alignment between cyclic +/-1 and +/-2 LoRA-B row-cosine profiles and the fixed SSR target weights (+1, -0.2)."", ""effective_rank"": 25.355444482394628, ""effective_rank_fraction"": 0.7923576400748321, ""kernel_alignment"": 0.2930809213513774, ""n_modules"": 56, ""near_row_cosine"": 0.12870489732761467, ""surround_row_cosine"": -0.013045437714026775}"
32,17638,ssr,25,"{""center_surround_contrast"": 0.2583416800147721, ""definition"": ""Entropy effective rank and normalized alignment between cyclic +/-1 and +/-2 LoRA-B row-cosine profiles and the fixed SSR target weights (+1, -0.2)."", ""effective_rank"": 26.42455677475248, ""effective_rank_fraction"": 0.825767399211015, ""kernel_alignment"": 0.56389590884958, ""n_modules"": 56, ""near_row_cosine"": 0.2596608692380999, ""surround_row_cosine"": 0.0013191897235498929}"
32,17638,ssr,50,"{""center_surround_contrast"": 0.33669528351830585, ""definition"": ""Entropy effective rank and normalized alignment between cyclic +/-1 and +/-2 LoRA-B row-cosine profiles and the fixed SSR target weights (+1, -0.2)."", ""effective_rank"": 27.214636947427476, ""effective_rank_fraction"": 0.8504574046071086, ""kernel_alignment"": 0.7283827252686024, ""n_modules"": 56, ""near_row_cosine"": 0.3897826565163476, ""surround_row_cosine"": 0.053087372781841884}"
32,17638,ssr,100,"{""center_surround_contrast"": 0.37115901256246225, ""definition"": ""Entropy effective rank and normalized alignment between cyclic +/-1 and +/-2 LoRA-B row-cosine profiles and the fixed SSR target weights (+1, -0.2)."", ""effective_rank"": 27.600450124059403, ""effective_rank_fraction"": 0.8625140663768563, ""kernel_alignment"": 0.7846926464033979, ""n_modules"": 56, ""near_row_cosine"": 0.5231384814583829, ""surround_row_cosine"": 0.1519794655365071}"
32,17639,plain,1,"{""center_surround_contrast"": -0.0034451437490393543, ""definition"": ""Entropy effective rank and normalized alignment between cyclic +/-1 and +/-2 LoRA-B row-cosine profiles and the fixed SSR target weights (+1, -0.2)."", ""effective_rank"": 19.932850237403596, ""effective_rank_fraction"": 0.6229015699188624, ""kernel_alignment"": -0.004284224385238693, ""n_modules"": 56, ""near_row_cosine"": -0.002997879772530203, ""surround_row_cosine"": 0.00044726382059577323}"
32,17639,plain,2,"{""center_surround_contrast"": -0.005614848092331418, ""definition"": ""Entropy effective rank and normalized alignment between cyclic +/-1 and +/-2 LoRA-B row-cosine profiles and the fixed SSR target weights (+1, -0.2)."", ""effective_rank"": 23.001824923924037, ""effective_rank_fraction"": 0.7188070288726262, ""kernel_alignment"": -0.0072808653816796975, ""n_modules"": 56, ""near_row_cosine"": -0.0036950409147331288, ""surround_row_cosine"": 0.0019198072316482595}"
32,17639,plain,5,"{""center_surround_contrast"": -0.006614126737986226, ""definition"": ""Entropy effective rank and normalized alignment between cyclic +/-1 and +/-2 LoRA-B row-cosine profiles and the fixed SSR target weights (+1, -0.2)."", ""effective_rank"": 23.93896192737988, ""effective_rank_fraction"": 0.7480925602306212, ""kernel_alignment"": -0.006260231981286779, ""n_modules"": 56, ""near_row_cosine"": -0.002490291523697254, ""surround_row_cosine"": 0.004123835151273981}"
32,17639,plain,10,"{""center_surround_contrast"": -0.00559053033651123, ""definition"": ""Entropy effective rank and normalized alignment between cyclic +/-1 and +/-2 LoRA-B row-cosine profiles and the fixed SSR target weights (+1, -0.2)."", ""effective_rank"": 25.425840190478734, ""effective_rank_fraction"": 0.7945575059524604, ""kernel_alignment"": -0.008371742641299664, ""n_modules"": 56, ""near_row_cosine"": -0.003260642906602535, ""surround_row_cosine"": 0.0023298875320116558}"
32,17639,plain,25,"{""center_surround_contrast"": -0.0037869116334020092, ""definition"": ""Entropy effective rank and normalized alignment between cyclic +/-1 and +/-2 LoRA-B row-cosine profiles and the fixed SSR target weights (+1, -0.2)."", ""effective_rank"": 26.64998492172786, ""effective_rank_fraction"": 0.8328120288039956, ""kernel_alignment"": -0.005432750511577719, ""n_modules"": 56, ""near_row_cosine"": -0.0017454556904600135, ""surround_row_cosine"": 0.0020414560195994064}"
32,17639,plain,50,"{""center_surround_contrast"": -0.004700791735168812, ""definition"": ""Entropy effective rank and normalized alignment between cyclic +/-1 and +/-2 LoRA-B row-cosine profiles and the fixed SSR target weights (+1, -0.2)."", ""effective_rank"": 27.273686579295568, ""effective_rank_fraction"": 0.8523027056029865, ""kernel_alignment"": -0.008443538691153663, ""n_modules"": 56, ""near_row_cosine"": -0.002535650216421865, ""surround_row_cosine"": 0.0021651415217677694}"
32,17639,plain,100,"{""center_surround_contrast"": -0.005499153545575349, ""definition"": ""Entropy effective rank and normalized alignment between cyclic +/-1 and +/-2 LoRA-B row-cosine profiles and the fixed SSR target weights (+1, -0.2)."", ""effective_rank"": 27.26931357383728, ""effective_rank_fraction"": 0.852166049182415, ""kernel_alignment"": -0.008494563608629895, ""n_modules"": 56, ""near_row_cosine"": -0.0024277304619642693, ""surround_row_cosine"": 0.0030714230932582204}"
32,17639,ssr,1,"{""center_surround_contrast"": 0.01978734566988091, ""definition"": ""Entropy effective rank and normalized alignment between cyclic +/-1 and +/-2 LoRA-B row-cosine profiles and the fixed SSR target weights (+1, -0.2)."", ""effective_rank"": 19.93273386784962, ""effective_rank_fraction"": 0.6228979333703006, ""kernel_alignment"": 0.027815395650707484, ""n_modules"": 56, ""near_row_cosine"": 0.01639407451180627, ""surround_row_cosine"": -0.003393271392139598}"
32,17639,ssr,2,"{""center_surround_contrast"": 0.03586483369664555, ""definition"": ""Entropy effective rank and normalized alignment between cyclic +/-1 and +/-2 LoRA-B row-cosine profiles and the fixed SSR target weights (+1, -0.2)."", ""effective_rank"": 22.959204350199016, ""effective_rank_fraction"": 0.7174751359437193, ""kernel_alignment"": 0.060177392359556894, ""n_modules"": 56, ""near_row_cosine"": 0.03138826203524202, ""surround_row_cosine"": -0.0044765719841442266}"
32,17639,ssr,5,"{""center_surround_contrast"": 0.07884930815946843, ""definition"": ""Entropy effective rank and normalized alignment between cyclic +/-1 and +/-2 LoRA-B row-cosine profiles and the fixed SSR target weights (+1, -0.2)."", ""effective_rank"": 23.96195334621838, ""effective_rank_fraction"": 0.7488110420693244, ""kernel_alignment"": 0.15109838588562394, ""n_modules"": 56, ""near_row_cosine"": 0.07061634994378047, ""surround_row_cosine"": -0.008232958281886178}"
32,17639,ssr,10,"{""center_surround_contrast"": 0.14124488601061913, ""definition"": ""Entropy effective rank and normalized alignment between cyclic +/-1 and +/-2 LoRA-B row-cosine profiles and the fixed SSR target weights (+1, -0.2)."", ""effective_rank"": 25.04005352088383, ""effective_rank_fraction"": 0.7825016725276197, ""kernel_alignment"": 0.29135468755183475, ""n_modules"": 56, ""near_row_cosine"": 0.12771829224324652, ""surround_row_cosine"": -0.013526594165211594}"
32,17639,ssr,25,"{""center_surround_contrast"": 0.25978039863652413, ""definition"": ""Entropy effective rank and normalized alignment between cyclic +/-1 and +/-2 LoRA-B row-cosine profiles and the fixed SSR target weights (+1, -0.2)."", ""effective_rank"": 26.094264686107635, ""effective_rank_fraction"": 0.8154457714408636, ""kernel_alignment"": 0.568673270488424, ""n_modules"": 56, ""near_row_cosine"": 0.2605038795487157, ""surround_row_cosine"": 0.0007234821912171746}"
32,17639,ssr,50,"{""center_surround_contrast"": 0.32638043338166817, ""definition"": ""Entropy effective rank and normalized alignment between cyclic +/-1 and +/-2 LoRA-B row-cosine profiles and the fixed SSR target weights (+1, -0.2)."", ""effective_rank"": 26.4023078083992, ""effective_rank_fraction"": 0.825072119012475, ""kernel_alignment"": 0.7068786437490157, ""n_modules"": 56, ""near_row_cosine"": 0.3770359894260764, ""surround_row_cosine"": 0.050655555354231704}"
32,17639,ssr,100,"{""center_surround_contrast"": 0.37043715867080856, ""definition"": ""Entropy effective rank and normalized alignment between cyclic +/-1 and +/-2 LoRA-B row-cosine profiles and the fixed SSR target weights (+1, -0.2)."", ""effective_rank"": 25.2844665987151, ""effective_rank_fraction"": 0.7901395812098468, ""kernel_alignment"": 0.7565597340996777, ""n_modules"": 56, ""near_row_cosine"": 0.5246245046811444, ""surround_row_cosine"": 0.15418734238483012}"
32,17640,plain,1,"{""center_surround_contrast"": -0.005874743278712101, ""definition"": ""Entropy effective rank and normalized alignment between cyclic +/-1 and +/-2 LoRA-B row-cosine profiles and the fixed SSR target weights (+1, -0.2)."", ""effective_rank"": 20.14990759747369, ""effective_rank_fraction"": 0.6296846124210528, ""kernel_alignment"": -0.004493063928358814, ""n_modules"": 56, ""near_row_cosine"": -0.002910504200761872, ""surround_row_cosine"": 0.002964239224460081}"
32,17640,plain,2,"{""center_surround_contrast"": -0.006453147557164941, ""definition"": ""Entropy effective rank and normalized alignment between cyclic +/-1 and +/-2 LoRA-B row-cosine profiles and the fixed SSR target weights (+1, -0.2)."", ""effective_rank"": 22.742389329842158, ""effective_rank_fraction"": 0.7106996665575674, ""kernel_alignment"": -0.006654849091059337, ""n_modules"": 56, ""near_row_cosine"": -0.0033790989966908974, ""surround_row_cosine"": 0.0030740486272406997}"
32,17640,plain,5,"{""center_surround_contrast"": -0.008909064047786939, ""definition"": ""Entropy effective rank and normalized alignment between cyclic +/-1 and +/-2 LoRA-B row-cosine profiles and the fixed SSR target weights (+1, -0.2)."", ""effective_rank"": 23.743429362773895, ""effective_rank_fraction"": 0.7419821675866842, ""kernel_alignment"": -0.011652372752775721, ""n_modules"": 56, ""near_row_cosine"": -0.00473258935978395, ""surround_row_cosine"": 0.00417647458691915}"
32,17640,plain,10,"{""center_surround_contrast"": -0.0080566833120039, ""definition"": ""Entropy effective rank and normalized alignment between cyclic +/-1 and +/-2 LoRA-B row-cosine profiles and the fixed SSR target weights (+1, -0.2)."", ""effective_rank"": 24.59877946972847, ""effective_rank_fraction"": 0.7687118584290147, ""kernel_alignment"": -0.01204005492153166, ""n_modules"": 56, ""near_row_cosine"": -0.004729572656028073, ""surround_row_cosine"": 0.003327110705868108}"
32,17640,plain,25,"{""center_surround_contrast"": -0.004611455622320396, ""definition"": ""Entropy effective rank and normalized alignment between cyclic +/-1 and +/-2 LoRA-B row-cosine profiles and the fixed SSR target weights (+1, -0.2)."", ""effective_rank"": 25.993403358118876, ""effective_rank_fraction"": 0.8122938549412149, ""kernel_alignment"": -0.003993174215858224, ""n_modules"": 56, ""near_row_cosine"": -0.0010325895428512208, ""surround_row_cosine"": 0.0035788661647140024}"
32,17640,plain,50,"{""center_surround_contrast"": -0.004752202915759491, ""definition"": ""Entropy effective rank and normalized alignment between cyclic +/-1 and +/-2 LoRA-B row-cosine profiles and the fixed SSR target weights (+1, -0.2)."", ""effective_rank"": 26.763687763895305, ""effective_rank_fraction"": 0.8363652426217283, ""kernel_alignment"": -0.0065515410668532635, ""n_modules"": 56, ""near_row_cosine"": -0.001977793382008843, ""surround_row_cosine"": 0.0027744094721648643}"
32,17640,plain,100,"{""center_surround_contrast"": -0.004321158078840069, ""definition"": ""Entropy effective rank and normalized alignment between cyclic +/-1 and +/-2 LoRA-B row-cosine profiles and the fixed SSR target weights (+1, -0.2)."", ""effective_rank"": 26.883184671401978, ""effective_rank_fraction"": 0.8400995209813118, ""kernel_alignment"": -0.005656773764972708, ""n_modules"": 56, ""near_row_cosine"": -0.0017129404129343179, ""surround_row_cosine"": 0.00260821750453033}"
32,17640,ssr,1,"{""center_surround_contrast"": 0.017642844015166963, ""definition"": ""Entropy effective rank and normalized alignment between cyclic +/-1 and +/-2 LoRA-B row-cosine profiles and the fixed SSR target weights (+1, -0.2)."", ""effective_rank"": 20.150014647415706, ""effective_rank_fraction"": 0.6296879577317408, ""kernel_alignment"": 0.028778756953865274, ""n_modules"": 56, ""near_row_cosine"": 0.01679685748188474, ""surround_row_cosine"": -0.000845986316822486}"
32,17640,ssr,2,"{""center_surround_contrast"": 0.03437961236964578, ""definition"": ""Entropy effective rank and normalized alignment between cyclic +/-1 and +/-2 LoRA-B row-cosine profiles and the fixed SSR target weights (+1, -0.2)."", ""effective_rank"": 22.71636093514306, ""effective_rank_fraction"": 0.7098862792232207, ""kernel_alignment"": 0.058691155307834766, ""n_modules"": 56, ""near_row_cosine"": 0.030647223734246967, ""surround_row_cosine"": -0.0037323888854448994}"
32,17640,ssr,5,"{""center_surround_contrast"": 0.07918588872001107, ""definition"": ""Entropy effective rank and normalized alignment between cyclic +/-1 and +/-2 LoRA-B row-cosine profiles and the fixed SSR target weights (+1, -0.2)."", ""effective_rank"": 24.740035751036235, ""effective_rank_fraction"": 0.7731261172198823, ""kernel_alignment"": 0.15685169854467468, ""n_modules"": 56, ""near_row_cosine"": 0.07157168296232287, ""surround_row_cosine"": -0.007614205739498304}"
32,17640,ssr,10,"{""center_surround_contrast"": 0.14288650855555066, ""definition"": ""Entropy effective rank and normalized alignment between cyclic +/-1 and +/-2 LoRA-B row-cosine profiles and the fixed SSR target weights (+1, -0.2)."", ""effective_rank"": 25.40169589434351, ""effective_rank_fraction"": 0.7938029966982347, ""kernel_alignment"": 0.3027205744625202, ""n_modules"": 56, ""near_row_cosine"": 0.13170615237738403, ""surround_row_cosine"": -0.011180356085658007}"
32,17640,ssr,25,"{""center_surround_contrast"": 0.25890634501619, ""definition"": ""Entropy effective rank and normalized alignment between cyclic +/-1 and +/-2 LoRA-B row-cosine profiles and the fixed SSR target weights (+1, -0.2)."", ""effective_rank"": 26.701851163591655, ""effective_rank_fraction"": 0.8344328488622392, ""kernel_alignment"": 0.5753169013187289, ""n_modules"": 56, ""near_row_cosine"": 0.26039998659065794, ""surround_row_cosine"": 0.0014936421560248294}"
32,17640,ssr,50,"{""center_surround_contrast"": 0.3380914607218334, ""definition"": ""Entropy effective rank and normalized alignment between cyclic +/-1 and +/-2 LoRA-B row-cosine profiles and the fixed SSR target weights (+1, -0.2)."", ""effective_rank"": 27.482784024306707, ""effective_rank_fraction"": 0.8588370007595846, ""kernel_alignment"": 0.7371203963245664, ""n_modules"": 56, ""near_row_cosine"": 0.3898299429565668, ""surround_row_cosine"": 0.05173848264218707}"
32,17640,ssr,100,"{""center_surround_contrast"": 0.369695040397346, ""definition"": ""Entropy effective rank and normalized alignment between cyclic +/-1 and +/-2 LoRA-B row-cosine profiles and the fixed SSR target weights (+1, -0.2)."", ""effective_rank"": 27.71641205889838, ""effective_rank_fraction"": 0.8661378768405744, ""kernel_alignment"": 0.7853354481714112, ""n_modules"": 56, ""near_row_cosine"": 0.518901977555028, ""surround_row_cosine"": 0.1492069390868502}"
64,17631,plain,1,"{""center_surround_contrast"": -0.006327137533974435, ""definition"": ""Entropy effective rank and normalized alignment between cyclic +/-1 and +/-2 LoRA-B row-cosine profiles and the fixed SSR target weights (+1, -0.2)."", ""effective_rank"": 38.856220066547394, ""effective_rank_fraction"": 0.607128438539803, ""kernel_alignment"": -0.0034565854383410105, ""n_modules"": 56, ""near_row_cosine"": -0.0013231081058100763, ""surround_row_cosine"": 0.005004029595966131}"
64,17631,plain,2,"{""center_surround_contrast"": -0.006249000804278434, ""definition"": ""Entropy effective rank and normalized alignment between cyclic +/-1 and +/-2 LoRA-B row-cosine profiles and the fixed SSR target weights (+1, -0.2)."", ""effective_rank"": 41.229769638606484, ""effective_rank_fraction"": 0.6442151506032263, ""kernel_alignment"": -0.005788372171082301, ""n_modules"": 56, ""near_row_cosine"": -0.0027614674410350354, ""surround_row_cosine"": 0.00348753323474479}"
64,17631,plain,5,"{""center_surround_contrast"": -0.006566974001803568, ""definition"": ""Entropy effective rank and normalized alignment between cyclic +/-1 and +/-2 LoRA-B row-cosine profiles and the fixed SSR target weights (+1, -0.2)."", ""effective_rank"": 46.67825717585427, ""effective_rank_fraction"": 0.729347768372723, ""kernel_alignment"": -0.007502897559139196, ""n_modules"": 56, ""near_row_cosine"": -0.0028254477232800518, ""surround_row_cosine"": 0.003741526380898514}"
64,17631,plain,10,"{""center_surround_contrast"": -0.006348678606238016, ""definition"": ""Entropy effective rank and normalized alignment between cyclic +/-1 and +/-2 LoRA-B row-cosine profiles and the fixed SSR target weights (+1, -0.2)."", ""effective_rank"": 48.65165485654558, ""effective_rank_fraction"": 0.7601821071335247, ""kernel_alignment"": -0.010973234935331025, ""n_modules"": 56, ""near_row_cosine"": -0.0038411670344170746, ""surround_row_cosine"": 0.0025075117745083325}"
64,17631,plain,25,"{""center_surround_contrast"": -0.005968601164827955, ""definition"": ""Entropy effective rank and normalized alignment between cyclic +/-1 and +/-2 LoRA-B row-cosine profiles and the fixed SSR target weights (+1, -0.2)."", ""effective_rank"": 48.837255426815574, ""effective_rank_fraction"": 0.7630821160439933, ""kernel_alignment"": -0.012148716675125928, ""n_modules"": 56, ""near_row_cosine"": -0.004089369611132757, ""surround_row_cosine"": 0.0018792316755674879}"
64,17631,plain,50,"{""center_surround_contrast"": -0.007006209921590718, ""definition"": ""Entropy effective rank and normalized alignment between cyclic +/-1 and +/-2 LoRA-B row-cosine profiles and the fixed SSR target weights (+1, -0.2)."", ""effective_rank"": 48.93317723274231, ""effective_rank_fraction"": 0.7645808942615986, ""kernel_alignment"": -0.01163979755451042, ""n_modules"": 56, ""near_row_cosine"": -0.00349024590364674, ""surround_row_cosine"": 0.003515964062119435}"
64,17631,plain,100,"{""center_surround_contrast"": -0.00797075652267917, ""definition"": ""Entropy effective rank and normalized alignment between cyclic +/-1 and +/-2 LoRA-B row-cosine profiles and the fixed SSR target weights (+1, -0.2)."", ""effective_rank"": 48.478971702711924, ""effective_rank_fraction"": 0.7574839328548738, ""kernel_alignment"": -0.010586822260977766, ""n_modules"": 56, ""near_row_cosine"": -0.0031370819583896392, ""surround_row_cosine"": 0.004833674637146552}"
64,17631,ssr,1,"{""center_surround_contrast"": -0.00374578215684908, ""definition"": ""Entropy effective rank and normalized alignment between cyclic +/-1 and +/-2 LoRA-B row-cosine profiles and the fixed SSR target weights (+1, -0.2)."", ""effective_rank"": 38.85628237043108, ""effective_rank_fraction"": 0.6071294120379856, ""kernel_alignment"": 0.00047721257215016516, ""n_modules"": 56, ""near_row_cosine"": 0.0008290888877127145, ""surround_row_cosine"": 0.004574870942373569}"
64,17631,ssr,2,"{""center_surround_contrast"": -0.0012187162439139295, ""definition"": ""Entropy effective rank and normalized alignment between cyclic +/-1 and +/-2 LoRA-B row-cosine profiles and the fixed SSR target weights (+1, -0.2)."", ""effective_rank"": 41.113569140434265, ""effective_rank_fraction"": 0.6423995178192854, ""kernel_alignment"": 0.0021350192109821364, ""n_modules"": 56, ""near_row_cosine"": 0.0012252024524579091, ""surround_row_cosine"": 0.002443918496802715}"
64,17631,ssr,5,"{""center_surround_contrast"": 0.007097413085700412, ""definition"": ""Entropy effective rank and normalized alignment between cyclic +/-1 and +/-2 LoRA-B row-cosine profiles and the fixed SSR target weights (+1, -0.2)."", ""effective_rank"": 46.74658599921635, ""effective_rank_fraction"": 0.7304154062377555, ""kernel_alignment"": 0.014377962994201101, ""n_modules"": 56, ""near_row_cosine"": 0.006131092294578723, ""surround_row_cosine"": -0.0009663209265064714}"
64,17631,ssr,10,"{""center_surround_contrast"": 0.013837570085472959, ""definition"": ""Entropy effective rank and normalized alignment between cyclic +/-1 and +/-2 LoRA-B row-cosine profiles and the fixed SSR target weights (+1, -0.2)."", ""effective_rank"": 49.23070764541626, ""effective_rank_fraction"": 0.7692298069596291, ""kernel_alignment"": 0.032812746581060176, ""n_modules"": 56, ""near_row_cosine"": 0.012237593530114412, ""surround_row_cosine"": -0.0015999765715345607}"
64,17631,ssr,25,"{""center_surround_contrast"": 0.03580780119851364, ""definition"": ""Entropy effective rank and normalized alignment between cyclic +/-1 and +/-2 LoRA-B row-cosine profiles and the fixed SSR target weights (+1, -0.2)."", ""effective_rank"": 49.08004968506949, ""effective_rank_fraction"": 0.7668757763292108, ""kernel_alignment"": 0.09118716953422076, ""n_modules"": 56, ""near_row_cosine"": 0.0320766262219487, ""surround_row_cosine"": -0.0037311751351743233}"
64,17631,ssr,50,"{""center_surround_contrast"": 0.07182264171673783, ""definition"": ""Entropy effective rank and normalized alignment between cyclic +/-1 and +/-2 LoRA-B row-cosine profiles and the fixed SSR target weights (+1, -0.2)."", ""effective_rank"": 49.314316340855186, ""effective_rank_fraction"": 0.7705361928258623, ""kernel_alignment"": 0.18621370675308363, ""n_modules"": 56, ""near_row_cosine"": 0.0631836605607532, ""surround_row_cosine"": -0.00863898139180362}"
64,17631,ssr,100,"{""center_surround_contrast"": 0.12975390212211224, ""definition"": ""Entropy effective rank and normalized alignment between cyclic +/-1 and +/-2 LoRA-B row-cosine profiles and the fixed SSR target weights (+1, -0.2)."", ""effective_rank"": 49.77245141778673, ""effective_rank_fraction"": 0.7776945534029177, ""kernel_alignment"": 0.3398327786874558, ""n_modules"": 56, ""near_row_cosine"": 0.11624214259375419, ""surround_row_cosine"": -0.013511758771138764}"
64,17632,plain,1,"{""center_surround_contrast"": -0.010322275339214164, ""definition"": ""Entropy effective rank and normalized alignment between cyclic +/-1 and +/-2 LoRA-B row-cosine profiles and the fixed SSR target weights (+1, -0.2)."", ""effective_rank"": 40.494926367487224, ""effective_rank_fraction"": 0.6327332244919879, ""kernel_alignment"": -0.009676324865527672, ""n_modules"": 56, ""near_row_cosine"": -0.004726075615492066, ""surround_row_cosine"": 0.00559619965010175}"
64,17632,plain,2,"{""center_surround_contrast"": -0.005355996559956111, ""definition"": ""Entropy effective rank and normalized alignment between cyclic +/-1 and +/-2 LoRA-B row-cosine profiles and the fixed SSR target weights (+1, -0.2)."", ""effective_rank"": 43.607252248695914, ""effective_rank_fraction"": 0.6813633163858737, ""kernel_alignment"": -0.0051916604723690595, ""n_modules"": 56, ""near_row_cosine"": -0.001997365859226972, ""surround_row_cosine"": 0.003358630825500443}"
64,17632,plain,5,"{""center_surround_contrast"": -0.0060095777230994175, ""definition"": ""Entropy effective rank and normalized alignment between cyclic +/-1 and +/-2 LoRA-B row-cosine profiles and the fixed SSR target weights (+1, -0.2)."", ""effective_rank"": 47.01257124117443, ""effective_rank_fraction"": 0.7345714256433504, ""kernel_alignment"": -0.007120385647275336, ""n_modules"": 56, ""near_row_cosine"": -0.0025475506325684755, ""surround_row_cosine"": 0.0034620270881922416}"
64,17632,plain,10,"{""center_surround_contrast"": -0.00572787517532041, ""definition"": ""Entropy effective rank and normalized alignment between cyclic +/-1 and +/-2 LoRA-B row-cosine profiles and the fixed SSR target weights (+1, -0.2)."", ""effective_rank"": 48.5350524187088, ""effective_rank_fraction"": 0.758360194042325, ""kernel_alignment"": -0.008988650824903743, ""n_modules"": 56, ""near_row_cosine"": -0.0031703134154668078, ""surround_row_cosine"": 0.0025575616786324773}"
64,17632,plain,25,"{""center_surround_contrast"": -0.004268828433331302, ""definition"": ""Entropy effective rank and normalized alignment between cyclic +/-1 and +/-2 LoRA-B row-cosine profiles and the fixed SSR target weights (+1, -0.2)."", ""effective_rank"": 50.704989075660706, ""effective_rank_fraction"": 0.7922654543071985, ""kernel_alignment"": -0.01018023685355729, ""n_modules"": 56, ""near_row_cosine"": -0.0034595021110622576, ""surround_row_cosine"": 0.0008093264088009684}"
64,17632,plain,50,"{""center_surround_contrast"": -0.0033081780706457464, ""definition"": ""Entropy effective rank and normalized alignment between cyclic +/-1 and +/-2 LoRA-B row-cosine profiles and the fixed SSR target weights (+1, -0.2)."", ""effective_rank"": 50.2716999564852, ""effective_rank_fraction"": 0.7854953118200813, ""kernel_alignment"": -0.005673625274669446, ""n_modules"": 56, ""near_row_cosine"": -0.0017882335804253152, ""surround_row_cosine"": 0.0015199445240016629}"
64,17632,plain,100,"{""center_surround_contrast"": -0.004935032586737569, ""definition"": ""Entropy effective rank and normalized alignment between cyclic +/-1 and +/-2 LoRA-B row-cosine profiles and the fixed SSR target weights (+1, -0.2)."", ""effective_rank"": 49.38971839632307, ""effective_rank_fraction"": 0.771714349942548, ""kernel_alignment"": -0.007169157175147639, ""n_modules"": 56, ""near_row_cosine"": -0.0021221781092078474, ""surround_row_cosine"": 0.0028128544495952417}"
64,17632,ssr,1,"{""center_surround_contrast"": -0.007651823982346936, ""definition"": ""Entropy effective rank and normalized alignment between cyclic +/-1 and +/-2 LoRA-B row-cosine profiles and the fixed SSR target weights (+1, -0.2)."", ""effective_rank"": 40.495224782398765, ""effective_rank_fraction"": 0.6327378872249807, ""kernel_alignment"": -0.005425941744761076, ""n_modules"": 56, ""near_row_cosine"": -0.002497967671843071, ""surround_row_cosine"": 0.005153856244890319}"
64,17632,ssr,2,"{""center_surround_contrast"": -0.0002826989802997558, ""definition"": ""Entropy effective rank and normalized alignment between cyclic +/-1 and +/-2 LoRA-B row-cosine profiles and the fixed SSR target weights (+1, -0.2)."", ""effective_rank"": 43.168563885348185, ""effective_rank_fraction"": 0.6745088107085654, ""kernel_alignment"": 0.0028662839495154913, ""n_modules"": 56, ""near_row_cosine"": 0.001739311145424186, ""surround_row_cosine"": 0.002022010035294183}"
64,17632,ssr,5,"{""center_surround_contrast"": 0.0031064356153365225, ""definition"": ""Entropy effective rank and normalized alignment between cyclic +/-1 and +/-2 LoRA-B row-cosine profiles and the fixed SSR target weights (+1, -0.2)."", ""effective_rank"": 46.859691807201926, ""effective_rank_fraction"": 0.7321826844875301, ""kernel_alignment"": 0.012131425869532513, ""n_modules"": 56, ""near_row_cosine"": 0.0055292840335304, ""surround_row_cosine"": 0.0024228483841527903}"
64,17632,ssr,10,"{""center_surround_contrast"": 0.011293459163945434, ""definition"": ""Entropy effective rank and normalized alignment between cyclic +/-1 and +/-2 LoRA-B row-cosine profiles and the fixed SSR target weights (+1, -0.2)."", ""effective_rank"": 49.440143959862844, ""effective_rank_fraction"": 0.7725022493728569, ""kernel_alignment"": 0.03182760756317293, ""n_modules"": 56, ""near_row_cosine"": 0.012342360171455116, ""surround_row_cosine"": 0.001048901138087136}"
64,17632,ssr,25,"{""center_surround_contrast"": 0.035191412757350396, ""definition"": ""Entropy effective rank and normalized alignment between cyclic +/-1 and +/-2 LoRA-B row-cosine profiles and the fixed SSR target weights (+1, -0.2)."", ""effective_rank"": 50.917666384152, ""effective_rank_fraction"": 0.795588537252375, ""kernel_alignment"": 0.09685374842540893, ""n_modules"": 56, ""near_row_cosine"": 0.032418730112632535, ""surround_row_cosine"": -0.0027726825013100354}"
64,17632,ssr,50,"{""center_surround_contrast"": 0.0714091273590124, ""definition"": ""Entropy effective rank and normalized alignment between cyclic +/-1 and +/-2 LoRA-B row-cosine profiles and the fixed SSR target weights (+1, -0.2)."", ""effective_rank"": 50.093037128448486, ""effective_rank_fraction"": 0.7827037051320076, ""kernel_alignment"": 0.1913089850318751, ""n_modules"": 56, ""near_row_cosine"": 0.06344350808233555, ""surround_row_cosine"": -0.007965619491090235}"
64,17632,ssr,100,"{""center_surround_contrast"": 0.12888422931012297, ""definition"": ""Entropy effective rank and normalized alignment between cyclic +/-1 and +/-2 LoRA-B row-cosine profiles and the fixed SSR target weights (+1, -0.2)."", ""effective_rank"": 49.32370114326477, ""effective_rank_fraction"": 0.770682830363512, ""kernel_alignment"": 0.33911237493157387, ""n_modules"": 56, ""near_row_cosine"": 0.11991161247715354, ""surround_row_cosine"": -0.008972617110495256}"
64,17633,plain,1,"{""center_surround_contrast"": -0.006154414008571101, ""definition"": ""Entropy effective rank and normalized alignment between cyclic +/-1 and +/-2 LoRA-B row-cosine profiles and the fixed SSR target weights (+1, -0.2)."", ""effective_rank"": 40.01655548810959, ""effective_rank_fraction"": 0.6252586795017123, ""kernel_alignment"": -0.006782906914720245, ""n_modules"": 56, ""near_row_cosine"": -0.003686396632474498, ""surround_row_cosine"": 0.0024680172835879993}"
64,17633,plain,2,"{""center_surround_contrast"": -0.004808800099583874, ""definition"": ""Entropy effective rank and normalized alignment between cyclic +/-1 and +/-2 LoRA-B row-cosine profiles and the fixed SSR target weights (+1, -0.2)."", ""effective_rank"": 42.35009584256581, ""effective_rank_fraction"": 0.6617202475400907, ""kernel_alignment"": -0.00513464120448199, ""n_modules"": 56, ""near_row_cosine"": -0.0026809015081019944, ""surround_row_cosine"": 0.002127898257770409}"
64,17633,plain,5,"{""center_surround_contrast"": -0.0051237171511664716, ""definition"": ""Entropy effective rank and normalized alignment between cyclic +/-1 and +/-2 LoRA-B row-cosine profiles and the fixed SSR target weights (+1, -0.2)."", ""effective_rank"": 46.97829801695687, ""effective_rank_fraction"": 0.7340359065149511, ""kernel_alignment"": -0.007262089027010785, ""n_modules"": 56, ""near_row_cosine"": -0.0029639704846756232, ""surround_row_cosine"": 0.0021597467493847944}"
64,17633,plain,10,"{""center_surround_contrast"": -0.005431965201361371, ""definition"": ""Entropy effective rank and normalized alignment between cyclic +/-1 and +/-2 LoRA-B row-cosine profiles and the fixed SSR target weights (+1, -0.2)."", ""effective_rank"": 48.680974687848774, ""effective_rank_fraction"": 0.7606402294976371, ""kernel_alignment"": -0.008023866175887764, ""n_modules"": 56, ""near_row_cosine"": -0.002766874222028751, ""surround_row_cosine"": 0.002665090698038901}"
64,17633,plain,25,"{""center_surround_contrast"": -0.005500336102808693, ""definition"": ""Entropy effective rank and normalized alignment between cyclic +/-1 and +/-2 LoRA-B row-cosine profiles and the fixed SSR target weights (+1, -0.2)."", ""effective_rank"": 49.57746403557913, ""effective_rank_fraction"": 0.774647875555924, ""kernel_alignment"": -0.009305275313376373, ""n_modules"": 56, ""near_row_cosine"": -0.0027962594439096783, ""surround_row_cosine"": 0.0027040766326941984}"
64,17633,plain,50,"{""center_surround_contrast"": -0.00564956108844074, ""definition"": ""Entropy effective rank and normalized alignment between cyclic +/-1 and +/-2 LoRA-B row-cosine profiles and the fixed SSR target weights (+1, -0.2)."", ""effective_rank"": 49.722119893346516, ""effective_rank_fraction"": 0.7769081233335393, ""kernel_alignment"": -0.01032597714791856, ""n_modules"": 56, ""near_row_cosine"": -0.0030639653676709194, ""surround_row_cosine"": 0.0025855956279363973}"
64,17633,plain,100,"{""center_surround_contrast"": -0.0056249961754864285, ""definition"": ""Entropy effective rank and normalized alignment between cyclic +/-1 and +/-2 LoRA-B row-cosine profiles and the fixed SSR target weights (+1, -0.2)."", ""effective_rank"": 49.03966007913862, ""effective_rank_fraction"": 0.766244688736541, ""kernel_alignment"": -0.007767397322043377, ""n_modules"": 56, ""near_row_cosine"": -0.0020824865771698698, ""surround_row_cosine"": 0.0035425096764681386}"
64,17633,ssr,1,"{""center_surround_contrast"": -0.0035713483500460696, ""definition"": ""Entropy effective rank and normalized alignment between cyclic +/-1 and +/-2 LoRA-B row-cosine profiles and the fixed SSR target weights (+1, -0.2)."", ""effective_rank"": 40.01664468220302, ""effective_rank_fraction"": 0.6252600731594222, ""kernel_alignment"": -0.002832504356255023, ""n_modules"": 56, ""near_row_cosine"": -0.0015428529898469736, ""surround_row_cosine"": 0.0020284952851657833}"
64,17633,ssr,2,"{""center_surround_contrast"": -0.000727854945580475, ""definition"": ""Entropy effective rank and normalized alignment between cyclic +/-1 and +/-2 LoRA-B row-cosine profiles and the fixed SSR target weights (+1, -0.2)."", ""effective_rank"": 42.333862296172555, ""effective_rank_fraction"": 0.6614665983776962, ""kernel_alignment"": 0.0017089683980365017, ""n_modules"": 56, ""near_row_cosine"": 0.0007665246279689848, ""surround_row_cosine"": 0.0014943795270353022}"
64,17633,ssr,5,"{""center_surround_contrast"": 0.0031185792166590026, ""definition"": ""Entropy effective rank and normalized alignment between cyclic +/-1 and +/-2 LoRA-B row-cosine profiles and the fixed SSR target weights (+1, -0.2)."", ""effective_rank"": 46.172148065907614, ""effective_rank_fraction"": 0.7214398135298065, ""kernel_alignment"": 0.008326851831757916, ""n_modules"": 56, ""near_row_cosine"": 0.0034696100192377344, ""surround_row_cosine"": 0.00035103092315174375}"
64,17633,ssr,10,"{""center_surround_contrast"": 0.012448951381624542, ""definition"": ""Entropy effective rank and normalized alignment between cyclic +/-1 and +/-2 LoRA-B row-cosine profiles and the fixed SSR target weights (+1, -0.2)."", ""effective_rank"": 48.10563818046025, ""effective_rank_fraction"": 0.7516505965696914, ""kernel_alignment"": 0.03153079212435322, ""n_modules"": 56, ""near_row_cosine"": 0.012254974571598203, ""surround_row_cosine"": -0.00019397675019458153}"
64,17633,ssr,25,"{""center_surround_contrast"": 0.033853418039923, ""definition"": ""Entropy effective rank and normalized alignment between cyclic +/-1 and +/-2 LoRA-B row-cosine profiles and the fixed SSR target weights (+1, -0.2)."", ""effective_rank"": 50.07935951437269, ""effective_rank_fraction"": 0.7824899924120733, ""kernel_alignment"": 0.09163139350545992, ""n_modules"": 56, ""near_row_cosine"": 0.03210295301687438, ""surround_row_cosine"": -0.0017504647504600662}"
64,17633,ssr,50,"{""center_surround_contrast"": 0.0672981342067942, ""definition"": ""Entropy effective rank and normalized alignment between cyclic +/-1 and +/-2 LoRA-B row-cosine profiles and the fixed SSR target weights (+1, -0.2)."", ""effective_rank"": 49.97432088851929, ""effective_rank_fraction"": 0.7808487638831139, ""kernel_alignment"": 0.1813807363089706, ""n_modules"": 56, ""near_row_cosine"": 0.061004725858635665, ""surround_row_cosine"": -0.0062934085742329315}"
64,17633,ssr,100,"{""center_surround_contrast"": 0.12878693011589348, ""definition"": ""Entropy effective rank and normalized alignment between cyclic +/-1 and +/-2 LoRA-B row-cosine profiles and the fixed SSR target weights (+1, -0.2)."", ""effective_rank"": 49.22264208112444, ""effective_rank_fraction"": 0.7691037825175694, ""kernel_alignment"": 0.33823585510253906, ""n_modules"": 56, ""near_row_cosine"": 0.11763491488194891, ""surround_row_cosine"": -0.011152015328012306}"
64,17634,plain,1,"{""center_surround_contrast"": -0.006747344007765475, ""definition"": ""Entropy effective rank and normalized alignment between cyclic +/-1 and +/-2 LoRA-B row-cosine profiles and the fixed SSR target weights (+1, -0.2)."", ""effective_rank"": 39.31171137094498, ""effective_rank_fraction"": 0.6142454901710153, ""kernel_alignment"": -0.0054079920460310404, ""n_modules"": 56, ""near_row_cosine"": -0.0022453491734008174, ""surround_row_cosine"": 0.004501994688260831}"
64,17634,plain,2,"{""center_surround_contrast"": -0.004728174943011254, ""definition"": ""Entropy effective rank and normalized alignment between cyclic +/-1 and +/-2 LoRA-B row-cosine profiles and the fixed SSR target weights (+1, -0.2)."", ""effective_rank"": 44.78350337062563, ""effective_rank_fraction"": 0.6997422401660255, ""kernel_alignment"": -0.0010645849018016764, ""n_modules"": 56, ""near_row_cosine"": 0.0002964740117152229, ""surround_row_cosine"": 0.0050246488899574615}"
64,17634,plain,5,"{""center_surround_contrast"": -0.0023359224578598514, ""definition"": ""Entropy effective rank and normalized alignment between cyclic +/-1 and +/-2 LoRA-B row-cosine profiles and the fixed SSR target weights (+1, -0.2)."", ""effective_rank"": 47.80642649105617, ""effective_rank_fraction"": 0.7469754139227527, ""kernel_alignment"": -0.0025980097221430954, ""n_modules"": 56, ""near_row_cosine"": -0.0010116097286559775, ""surround_row_cosine"": 0.0013243126594326376}"
64,17634,plain,10,"{""center_surround_contrast"": -0.005596924773791605, ""definition"": ""Entropy effective rank and normalized alignment between cyclic +/-1 and +/-2 LoRA-B row-cosine profiles and the fixed SSR target weights (+1, -0.2)."", ""effective_rank"": 49.434251001902986, ""effective_rank_fraction"": 0.7724101719047342, ""kernel_alignment"": -0.009615652835366615, ""n_modules"": 56, ""near_row_cosine"": -0.003385642529987568, ""surround_row_cosine"": 0.0022112822115169756}"
64,17634,plain,25,"{""center_surround_contrast"": -0.007096570111960838, ""definition"": ""Entropy effective rank and normalized alignment between cyclic +/-1 and +/-2 LoRA-B row-cosine profiles and the fixed SSR target weights (+1, -0.2)."", ""effective_rank"": 50.12307729039873, ""effective_rank_fraction"": 0.7831730826624802, ""kernel_alignment"": -0.010221839694297939, ""n_modules"": 56, ""near_row_cosine"": -0.002983299434552984, ""surround_row_cosine"": 0.0041132707892757026}"
64,17634,plain,50,"{""center_surround_contrast"": -0.00911066755985043, ""definition"": ""Entropy effective rank and normalized alignment between cyclic +/-1 and +/-2 LoRA-B row-cosine profiles and the fixed SSR target weights (+1, -0.2)."", ""effective_rank"": 50.2177792106356, ""effective_rank_fraction"": 0.7846528001661812, ""kernel_alignment"": -0.01379531830986837, ""n_modules"": 56, ""near_row_cosine"": -0.003965446640255063, ""surround_row_cosine"": 0.005145221017301083}"
64,17634,plain,100,"{""center_surround_contrast"": -0.006879248177158713, ""definition"": ""Entropy effective rank and normalized alignment between cyclic +/-1 and +/-2 LoRA-B row-cosine profiles and the fixed SSR target weights (+1, -0.2)."", ""effective_rank"": 49.47048165116991, ""effective_rank_fraction"": 0.7729762757995299, ""kernel_alignment"": -0.009545447785058059, ""n_modules"": 56, ""near_row_cosine"": -0.002875318693002425, ""surround_row_cosine"": 0.004003929594806063}"
64,17634,ssr,1,"{""center_surround_contrast"": -0.004164795046173302, ""definition"": ""Entropy effective rank and normalized alignment between cyclic +/-1 and +/-2 LoRA-B row-cosine profiles and the fixed SSR target weights (+1, -0.2)."", ""effective_rank"": 39.31177461998803, ""effective_rank_fraction"": 0.614246478437313, ""kernel_alignment"": -0.001426125257629402, ""n_modules"": 56, ""near_row_cosine"": -9.370489455510069e-05, ""surround_row_cosine"": 0.004071090220041437}"
64,17634,ssr,2,"{""center_surround_contrast"": -0.0005344147398968094, ""definition"": ""Entropy effective rank and normalized alignment between cyclic +/-1 and +/-2 LoRA-B row-cosine profiles and the fixed SSR target weights (+1, -0.2)."", ""effective_rank"": 44.65273118019104, ""effective_rank_fraction"": 0.697698924690485, ""kernel_alignment"": 0.006932438865208366, ""n_modules"": 56, ""near_row_cosine"": 0.004005776030550935, ""surround_row_cosine"": 0.004540190891150684}"
64,17634,ssr,5,"{""center_surround_contrast"": 0.006890218577089919, ""definition"": ""Entropy effective rank and normalized alignment between cyclic +/-1 and +/-2 LoRA-B row-cosine profiles and the fixed SSR target weights (+1, -0.2)."", ""effective_rank"": 47.75172815152577, ""effective_rank_fraction"": 0.7461207523675901, ""kernel_alignment"": 0.01790628366208174, ""n_modules"": 56, ""near_row_cosine"": 0.0070814790170702835, ""surround_row_cosine"": 0.00019126054170166232}"
64,17634,ssr,10,"{""center_surround_contrast"": 0.013391387459705584, ""definition"": ""Entropy effective rank and normalized alignment between cyclic +/-1 and +/-2 LoRA-B row-cosine profiles and the fixed SSR target weights (+1, -0.2)."", ""effective_rank"": 49.003739493233816, ""effective_rank_fraction"": 0.7656834295817784, ""kernel_alignment"": 0.03541339076517553, ""n_modules"": 56, ""near_row_cosine"": 0.01318403561692451, ""surround_row_cosine"": -0.00020735193350317004}"
64,17634,ssr,25,"{""center_surround_contrast"": 0.0359557989618874, ""definition"": ""Entropy effective rank and normalized alignment between cyclic +/-1 and +/-2 LoRA-B row-cosine profiles and the fixed SSR target weights (+1, -0.2)."", ""effective_rank"": 50.408076763153076, ""effective_rank_fraction"": 0.7876261994242668, ""kernel_alignment"": 0.09693620219227991, ""n_modules"": 56, ""near_row_cosine"": 0.0319815985608979, ""surround_row_cosine"": -0.00397420012710167}"
64,17634,ssr,50,"{""center_surround_contrast"": 0.07283700335704323, ""definition"": ""Entropy effective rank and normalized alignment between cyclic +/-1 and +/-2 LoRA-B row-cosine profiles and the fixed SSR target weights (+1, -0.2)."", ""effective_rank"": 50.05445461613792, ""effective_rank_fraction"": 0.782100853377155, ""kernel_alignment"": 0.1960481778452439, ""n_modules"": 56, ""near_row_cosine"": 0.06569052046896624, ""surround_row_cosine"": -0.007146483453912619}"
64,17634,ssr,100,"{""center_surround_contrast"": 0.13509281182528607, ""definition"": ""Entropy effective rank and normalized alignment between cyclic +/-1 and +/-2 LoRA-B row-cosine profiles and the fixed SSR target weights (+1, -0.2)."", ""effective_rank"": 49.18124427114214, ""effective_rank_fraction"": 0.768456941736596, ""kernel_alignment"": 0.34914679386253866, ""n_modules"": 56, ""near_row_cosine"": 0.12348998580793186, ""surround_row_cosine"": -0.011602826765478573}"
64,17635,plain,1,"{""center_surround_contrast"": -0.007022415986284614, ""definition"": ""Entropy effective rank and normalized alignment between cyclic +/-1 and +/-2 LoRA-B row-cosine profiles and the fixed SSR target weights (+1, -0.2)."", ""effective_rank"": 36.866780068193165, ""effective_rank_fraction"": 0.5760434385655182, ""kernel_alignment"": -0.00473144493662403, ""n_modules"": 56, ""near_row_cosine"": -0.0024594496104067987, ""surround_row_cosine"": 0.004562966334300914}"
64,17635,plain,2,"{""center_surround_contrast"": -0.008521880372427404, ""definition"": ""Entropy effective rank and normalized alignment between cyclic +/-1 and +/-2 LoRA-B row-cosine profiles and the fixed SSR target weights (+1, -0.2)."", ""effective_rank"": 43.30120045798165, ""effective_rank_fraction"": 0.6765812571559633, ""kernel_alignment"": -0.005916614817319247, ""n_modules"": 56, ""near_row_cosine"": -0.0019098758688674675, ""surround_row_cosine"": 0.00661200472092917}"
64,17635,plain,5,"{""center_surround_contrast"": -0.0060451222078492205, ""definition"": ""Entropy effective rank and normalized alignment between cyclic +/-1 and +/-2 LoRA-B row-cosine profiles and the fixed SSR target weights (+1, -0.2)."", ""effective_rank"": 47.903077840805054, ""effective_rank_fraction"": 0.748485591262579, ""kernel_alignment"": -0.007339883923642836, ""n_modules"": 56, ""near_row_cosine"": -0.0025021654192788185, ""surround_row_cosine"": 0.003542956785687628}"
64,17635,plain,10,"{""center_surround_contrast"": -0.0057015583302667695, ""definition"": ""Entropy effective rank and normalized alignment between cyclic +/-1 and +/-2 LoRA-B row-cosine profiles and the fixed SSR target weights (+1, -0.2)."", ""effective_rank"": 49.23742466313498, ""effective_rank_fraction"": 0.7693347603614841, ""kernel_alignment"": -0.005009264166996478, ""n_modules"": 56, ""near_row_cosine"": -0.0012381710080912206, ""surround_row_cosine"": 0.004463387207579217}"
64,17635,plain,25,"{""center_surround_contrast"": -0.004694801883618181, ""definition"": ""Entropy effective rank and normalized alignment between cyclic +/-1 and +/-2 LoRA-B row-cosine profiles and the fixed SSR target weights (+1, -0.2)."", ""effective_rank"": 49.84404957294464, ""effective_rank_fraction"": 0.77881327457726, ""kernel_alignment"": -0.005698802350155217, ""n_modules"": 56, ""near_row_cosine"": -0.0017513314250468934, ""surround_row_cosine"": 0.002943470416929423}"
64,17635,plain,50,"{""center_surround_contrast"": -0.005713327629304591, ""definition"": ""Entropy effective rank and normalized alignment between cyclic +/-1 and +/-2 LoRA-B row-cosine profiles and the fixed SSR target weights (+1, -0.2)."", ""effective_rank"": 49.55095183849335, ""effective_rank_fraction"": 0.7742336224764585, ""kernel_alignment"": -0.0065995071251693715, ""n_modules"": 56, ""near_row_cosine"": -0.00210649508608185, ""surround_row_cosine"": 0.0036068325280536684}"
64,17635,plain,100,"{""center_surround_contrast"": -0.004309118701972433, ""definition"": ""Entropy effective rank and normalized alignment between cyclic +/-1 and +/-2 LoRA-B row-cosine profiles and the fixed SSR target weights (+1, -0.2)."", ""effective_rank"": 48.99820905072349, ""effective_rank_fraction"": 0.7655970164175545, ""kernel_alignment"": -0.0035848455425886118, ""n_modules"": 56, ""near_row_cosine"": -0.0008246345205407124, ""surround_row_cosine"": 0.003484484158957254}"
64,17635,ssr,1,"{""center_surround_contrast"": -0.0045125780161470175, ""definition"": ""Entropy effective rank and normalized alignment between cyclic +/-1 and +/-2 LoRA-B row-cosine profiles and the fixed SSR target weights (+1, -0.2)."", ""effective_rank"": 36.86684787699154, ""effective_rank_fraction"": 0.5760444980779929, ""kernel_alignment"": -0.0010005069608252728, ""n_modules"": 56, ""near_row_cosine"": -0.00039892799622975883, ""surround_row_cosine"": 0.004113649920327589}"
64,17635,ssr,2,"{""center_surround_contrast"": -0.00443007557259989, ""definition"": ""Entropy effective rank and normalized alignment between cyclic +/-1 and +/-2 LoRA-B row-cosine profiles and the fixed SSR target weights (+1, -0.2)."", ""effective_rank"": 43.368001682417734, ""effective_rank_fraction"": 0.6776250262877771, ""kernel_alignment"": 0.001901542535311559, ""n_modules"": 56, ""near_row_cosine"": 0.0019256944083930908, ""surround_row_cosine"": 0.00635577012430336}"
64,17635,ssr,5,"{""center_surround_contrast"": 0.0042787911172906335, ""definition"": ""Entropy effective rank and normalized alignment between cyclic +/-1 and +/-2 LoRA-B row-cosine profiles and the fixed SSR target weights (+1, -0.2)."", ""effective_rank"": 48.135321642671315, ""effective_rank_fraction"": 0.7521144006667393, ""kernel_alignment"": 0.012993776144347586, ""n_modules"": 56, ""near_row_cosine"": 0.005340053592200482, ""surround_row_cosine"": 0.001061262525191913}"
64,17635,ssr,10,"{""center_surround_contrast"": 0.012582246855475075, ""definition"": ""Entropy effective rank and normalized alignment between cyclic +/-1 and +/-2 LoRA-B row-cosine profiles and the fixed SSR target weights (+1, -0.2)."", ""effective_rank"": 48.722523416791645, ""effective_rank_fraction"": 0.7612894283873695, ""kernel_alignment"": 0.032034027489446865, ""n_modules"": 56, ""near_row_cosine"": 0.011886233028755149, ""surround_row_cosine"": -0.0006960139628294622}"
64,17635,ssr,25,"{""center_surround_contrast"": 0.03507447885515701, ""definition"": ""Entropy effective rank and normalized alignment between cyclic +/-1 and +/-2 LoRA-B row-cosine profiles and the fixed SSR target weights (+1, -0.2)."", ""effective_rank"": 49.25044735840389, ""effective_rank_fraction"": 0.7695382399750608, ""kernel_alignment"": 0.08947515690566174, ""n_modules"": 56, ""near_row_cosine"": 0.030662684921740686, ""surround_row_cosine"": -0.0044117937930942775}"
64,17635,ssr,50,"{""center_surround_contrast"": 0.07189134608155914, ""definition"": ""Entropy effective rank and normalized alignment between cyclic +/-1 and +/-2 LoRA-B row-cosine profiles and the fixed SSR target weights (+1, -0.2)."", ""effective_rank"": 47.2212747165135, ""effective_rank_fraction"": 0.7378324174455234, ""kernel_alignment"": 0.1716719476306545, ""n_modules"": 56, ""near_row_cosine"": 0.06213385272505028, ""surround_row_cosine"": -0.009757492969843691}"
64,17635,ssr,100,"{""center_surround_contrast"": 0.13417526497505605, ""definition"": ""Entropy effective rank and normalized alignment between cyclic +/-1 and +/-2 LoRA-B row-cosine profiles and the fixed SSR target weights (+1, -0.2)."", ""effective_rank"": 47.34749782085419, ""effective_rank_fraction"": 0.7398046534508467, ""kernel_alignment"": 0.3347670388008867, ""n_modules"": 56, ""near_row_cosine"": 0.1231105980529849, ""surround_row_cosine"": -0.011064665908370281}"
64,17636,plain,1,"{""center_surround_contrast"": -0.00961044971024551, ""definition"": ""Entropy effective rank and normalized alignment between cyclic +/-1 and +/-2 LoRA-B row-cosine profiles and the fixed SSR target weights (+1, -0.2)."", ""effective_rank"": 38.918665264333995, ""effective_rank_fraction"": 0.6081041447552187, ""kernel_alignment"": -0.008485227495709426, ""n_modules"": 56, ""near_row_cosine"": -0.0038052468937946416, ""surround_row_cosine"": 0.00580520285854748}"
64,17636,plain,2,"{""center_surround_contrast"": -0.005705417089172572, ""definition"": ""Entropy effective rank and normalized alignment between cyclic +/-1 and +/-2 LoRA-B row-cosine profiles and the fixed SSR target weights (+1, -0.2)."", ""effective_rank"": 41.28154011283602, ""effective_rank_fraction"": 0.6450240642630628, ""kernel_alignment"": -0.006000799071313979, ""n_modules"": 56, ""near_row_cosine"": -0.0024997588074516636, ""surround_row_cosine"": 0.0032056583908602727}"
64,17636,plain,5,"{""center_surround_contrast"": -0.005959362483866114, ""definition"": ""Entropy effective rank and normalized alignment between cyclic +/-1 and +/-2 LoRA-B row-cosine profiles and the fixed SSR target weights (+1, -0.2)."", ""effective_rank"": 47.08838840893337, ""effective_rank_fraction"": 0.7357560688895839, ""kernel_alignment"": -0.007468571262636812, ""n_modules"": 56, ""near_row_cosine"": -0.002735320105784922, ""surround_row_cosine"": 0.003224042408744156}"
64,17636,plain,10,"{""center_surround_contrast"": -0.006120304057341335, ""definition"": ""Entropy effective rank and normalized alignment between cyclic +/-1 and +/-2 LoRA-B row-cosine profiles and the fixed SSR target weights (+1, -0.2)."", ""effective_rank"": 49.379743337631226, ""effective_rank_fraction"": 0.7715584896504879, ""kernel_alignment"": -0.009330791014820403, ""n_modules"": 56, ""near_row_cosine"": -0.003350766057077895, ""surround_row_cosine"": 0.0027695379845421747}"
64,17636,plain,25,"{""center_surround_contrast"": -0.005288222735803824, ""definition"": ""Entropy effective rank and normalized alignment between cyclic +/-1 and +/-2 LoRA-B row-cosine profiles and the fixed SSR target weights (+1, -0.2)."", ""effective_rank"": 51.170499665396555, ""effective_rank_fraction"": 0.7995390572718212, ""kernel_alignment"": -0.008525781074240513, ""n_modules"": 56, ""near_row_cosine"": -0.0026253168334733346, ""surround_row_cosine"": 0.0026629058747857925}"
64,17636,plain,50,"{""center_surround_contrast"": -0.00526077490368542, ""definition"": ""Entropy effective rank and normalized alignment between cyclic +/-1 and +/-2 LoRA-B row-cosine profiles and the fixed SSR target weights (+1, -0.2)."", ""effective_rank"": 51.19343515804836, ""effective_rank_fraction"": 0.7998974243445056, ""kernel_alignment"": -0.006544252455991487, ""n_modules"": 56, ""near_row_cosine"": -0.0012461137329345157, ""surround_row_cosine"": 0.004014661084186497}"
64,17636,plain,100,"{""center_surround_contrast"": -0.007223142213271265, ""definition"": ""Entropy effective rank and normalized alignment between cyclic +/-1 and +/-2 LoRA-B row-cosine profiles and the fixed SSR target weights (+1, -0.2)."", ""effective_rank"": 50.373507142066956, ""effective_rank_fraction"": 0.7870860490947962, ""kernel_alignment"": -0.009382788091638108, ""n_modules"": 56, ""near_row_cosine"": -0.0025501318811101165, ""surround_row_cosine"": 0.004673010299370617}"
64,17636,ssr,1,"{""center_surround_contrast"": -0.007018598589638714, ""definition"": ""Entropy effective rank and normalized alignment between cyclic +/-1 and +/-2 LoRA-B row-cosine profiles and the fixed SSR target weights (+1, -0.2)."", ""effective_rank"": 38.91896407944815, ""effective_rank_fraction"": 0.6081088137413774, ""kernel_alignment"": -0.004555089308983692, ""n_modules"": 56, ""near_row_cosine"": -0.001658944812074229, ""surround_row_cosine"": 0.005359654027935383}"
64,17636,ssr,2,"{""center_surround_contrast"": -0.0027436009009501766, ""definition"": ""Entropy effective rank and normalized alignment between cyclic +/-1 and +/-2 LoRA-B row-cosine profiles and the fixed SSR target weights (+1, -0.2)."", ""effective_rank"": 40.99323111772537, ""effective_rank_fraction"": 0.6405192362144589, ""kernel_alignment"": -0.0014760440241973682, ""n_modules"": 56, ""near_row_cosine"": -0.0003297368800433885, ""surround_row_cosine"": 0.0024138640199972933}"
64,17636,ssr,5,"{""center_surround_contrast"": 0.002082388486347294, ""definition"": ""Entropy effective rank and normalized alignment between cyclic +/-1 and +/-2 LoRA-B row-cosine profiles and the fixed SSR target weights (+1, -0.2)."", ""effective_rank"": 47.486955906663624, ""effective_rank_fraction"": 0.7419836860416191, ""kernel_alignment"": 0.010031829779336476, ""n_modules"": 56, ""near_row_cosine"": 0.00449814837858753, ""surround_row_cosine"": 0.002415759795829737}"
64,17636,ssr,10,"{""center_surround_contrast"": 0.008440090027371687, ""definition"": ""Entropy effective rank and normalized alignment between cyclic +/-1 and +/-2 LoRA-B row-cosine profiles and the fixed SSR target weights (+1, -0.2)."", ""effective_rank"": 49.305693234716145, ""effective_rank_fraction"": 0.7704014567924398, ""kernel_alignment"": 0.026468342764668966, ""n_modules"": 56, ""near_row_cosine"": 0.010487753474892867, ""surround_row_cosine"": 0.002047663462300469}"
64,17636,ssr,25,"{""center_surround_contrast"": 0.035143554310447404, ""definition"": ""Entropy effective rank and normalized alignment between cyclic +/-1 and +/-2 LoRA-B row-cosine profiles and the fixed SSR target weights (+1, -0.2)."", ""effective_rank"": 50.23234702859606, ""effective_rank_fraction"": 0.7848804223218134, ""kernel_alignment"": 0.09462092783152391, ""n_modules"": 56, ""near_row_cosine"": 0.031730232421458435, ""surround_row_cosine"": -0.0034133217988190673}"
64,17636,ssr,50,"{""center_surround_contrast"": 0.07252091037974294, ""definition"": ""Entropy effective rank and normalized alignment between cyclic +/-1 and +/-2 LoRA-B row-cosine profiles and the fixed SSR target weights (+1, -0.2)."", ""effective_rank"": 50.215359466416494, ""effective_rank_fraction"": 0.7846149916627577, ""kernel_alignment"": 0.19833233832780806, ""n_modules"": 56, ""near_row_cosine"": 0.06627804277065609, ""surround_row_cosine"": -0.006242867731478847}"
64,17636,ssr,100,"{""center_surround_contrast"": 0.13398701611108013, ""definition"": ""Entropy effective rank and normalized alignment between cyclic +/-1 and +/-2 LoRA-B row-cosine profiles and the fixed SSR target weights (+1, -0.2)."", ""effective_rank"": 49.44513785839081, ""effective_rank_fraction"": 0.7725802790373564, ""kernel_alignment"": 0.3491995061880776, ""n_modules"": 56, ""near_row_cosine"": 0.12196426662350339, ""surround_row_cosine"": -0.012022748332453505}"
64,17637,plain,1,"{""center_surround_contrast"": -0.0013016302920212702, ""definition"": ""Entropy effective rank and normalized alignment between cyclic +/-1 and +/-2 LoRA-B row-cosine profiles and the fixed SSR target weights (+1, -0.2)."", ""effective_rank"": 40.37103886263711, ""effective_rank_fraction"": 0.6307974822287048, ""kernel_alignment"": -0.0030720275995658342, ""n_modules"": 56, ""near_row_cosine"": -0.001641785985027257, ""surround_row_cosine"": -0.0003401557725218092}"
64,17637,plain,2,"{""center_surround_contrast"": 0.0003699713665160484, ""definition"": ""Entropy effective rank and normalized alignment between cyclic +/-1 and +/-2 LoRA-B row-cosine profiles and the fixed SSR target weights (+1, -0.2)."", ""effective_rank"": 43.30788950409208, ""effective_rank_fraction"": 0.6766857735014388, ""kernel_alignment"": -0.0004480496588387593, ""n_modules"": 56, ""near_row_cosine"": -0.00019015335939392178, ""surround_row_cosine"": -0.0005601248412858696}"
64,17637,plain,5,"{""center_surround_contrast"": -0.005222677263580928, ""definition"": ""Entropy effective rank and normalized alignment between cyclic +/-1 and +/-2 LoRA-B row-cosine profiles and the fixed SSR target weights (+1, -0.2)."", ""effective_rank"": 46.98520218474524, ""effective_rank_fraction"": 0.7341437841366444, ""kernel_alignment"": -0.008930567244078702, ""n_modules"": 56, ""near_row_cosine"": -0.0034736712716819185, ""surround_row_cosine"": 0.0017490060015948725}"
64,17637,plain,10,"{""center_surround_contrast"": -0.00682075316321321, ""definition"": ""Entropy effective rank and normalized alignment between cyclic +/-1 and +/-2 LoRA-B row-cosine profiles and the fixed SSR target weights (+1, -0.2)."", ""effective_rank"": 47.17191936288561, ""effective_rank_fraction"": 0.7370612400450877, ""kernel_alignment"": -0.011482861331517467, ""n_modules"": 56, ""near_row_cosine"": -0.00419359407299323, ""surround_row_cosine"": 0.0026271591376436326}"
64,17637,plain,25,"{""center_surround_contrast"": -0.008841588873890163, ""definition"": ""Entropy effective rank and normalized alignment between cyclic +/-1 and +/-2 LoRA-B row-cosine profiles and the fixed SSR target weights (+1, -0.2)."", ""effective_rank"": 45.99678431238447, ""effective_rank_fraction"": 0.7186997548810073, ""kernel_alignment"": -0.012118660393623162, ""n_modules"": 56, ""near_row_cosine"": -0.003961086272283865, ""surround_row_cosine"": 0.004880502722569092}"
64,17637,plain,50,"{""center_surround_contrast"": -0.004690342029789463, ""definition"": ""Entropy effective rank and normalized alignment between cyclic +/-1 and +/-2 LoRA-B row-cosine profiles and the fixed SSR target weights (+1, -0.2)."", ""effective_rank"": 45.5137734413147, ""effective_rank_fraction"": 0.7111527100205421, ""kernel_alignment"": -0.005590481249263186, ""n_modules"": 56, ""near_row_cosine"": -0.0014969062743018316, ""surround_row_cosine"": 0.0031934356538840802}"
64,17637,plain,100,"{""center_surround_contrast"": -0.008047782466746867, ""definition"": ""Entropy effective rank and normalized alignment between cyclic +/-1 and +/-2 LoRA-B row-cosine profiles and the fixed SSR target weights (+1, -0.2)."", ""effective_rank"": 45.295632106917246, ""effective_rank_fraction"": 0.707744251670582, ""kernel_alignment"": -0.014071884023516239, ""n_modules"": 56, ""near_row_cosine"": -0.004881846873623934, ""surround_row_cosine"": 0.003165935659808383}"
64,17637,ssr,1,"{""center_surround_contrast"": 0.0013428222212366692, ""definition"": ""Entropy effective rank and normalized alignment between cyclic +/-1 and +/-2 LoRA-B row-cosine profiles and the fixed SSR target weights (+1, -0.2)."", ""effective_rank"": 40.37109419277736, ""effective_rank_fraction"": 0.6307983467621463, ""kernel_alignment"": 0.0011034638487866946, ""n_modules"": 56, ""near_row_cosine"": 0.0005572076947178825, ""surround_row_cosine"": -0.0007856144670768117}"
64,17637,ssr,2,"{""center_surround_contrast"": 0.004530776560256656, ""definition"": ""Entropy effective rank and normalized alignment between cyclic +/-1 and +/-2 LoRA-B row-cosine profiles and the fixed SSR target weights (+1, -0.2)."", ""effective_rank"": 43.30965405702591, ""effective_rank_fraction"": 0.6767133446410298, ""kernel_alignment"": 0.006434410252820401, ""n_modules"": 56, ""near_row_cosine"": 0.003091438366287288, ""surround_row_cosine"": -0.0014393383181803593}"
64,17637,ssr,5,"{""center_surround_contrast"": 0.003043507972116848, ""definition"": ""Entropy effective rank and normalized alignment between cyclic +/-1 and +/-2 LoRA-B row-cosine profiles and the fixed SSR target weights (+1, -0.2)."", ""effective_rank"": 46.70169748578753, ""effective_rank_fraction"": 0.7297140232154301, ""kernel_alignment"": 0.009669973588253404, ""n_modules"": 56, ""near_row_cosine"": 0.004328745912062004, ""surround_row_cosine"": 0.001285237937866311}"
64,17637,ssr,10,"{""center_surround_contrast"": 0.012154617045390686, ""definition"": ""Entropy effective rank and normalized alignment between cyclic +/-1 and +/-2 LoRA-B row-cosine profiles and the fixed SSR target weights (+1, -0.2)."", ""effective_rank"": 47.93485232761928, ""effective_rank_fraction"": 0.7489820676190513, ""kernel_alignment"": 0.031840811229942895, ""n_modules"": 56, ""near_row_cosine"": 0.012320663364334905, ""surround_row_cosine"": 0.00016604621591146244}"
64,17637,ssr,25,"{""center_surround_contrast"": 0.034705219769551016, ""definition"": ""Entropy effective rank and normalized alignment between cyclic +/-1 and +/-2 LoRA-B row-cosine profiles and the fixed SSR target weights (+1, -0.2)."", ""effective_rank"": 47.854493566921775, ""effective_rank_fraction"": 0.7477264619831527, ""kernel_alignment"": 0.08962838568550069, ""n_modules"": 56, ""near_row_cosine"": 0.0320722789235463, ""surround_row_cosine"": -0.002632940794813164}"
64,17637,ssr,50,"{""center_surround_contrast"": 0.07296179218350776, ""definition"": ""Entropy effective rank and normalized alignment between cyclic +/-1 and +/-2 LoRA-B row-cosine profiles and the fixed SSR target weights (+1, -0.2)."", ""effective_rank"": 47.79915067127773, ""effective_rank_fraction"": 0.7468617292387145, ""kernel_alignment"": 0.1796815058748637, ""n_modules"": 56, ""near_row_cosine"": 0.06329706705374909, ""surround_row_cosine"": -0.009664725078177332}"
64,17637,ssr,100,"{""center_surround_contrast"": 0.13344941960115517, ""definition"": ""Entropy effective rank and normalized alignment between cyclic +/-1 and +/-2 LoRA-B row-cosine profiles and the fixed SSR target weights (+1, -0.2)."", ""effective_rank"": 47.77592151505606, ""effective_rank_fraction"": 0.746498773672751, ""kernel_alignment"": 0.33135821856558323, ""n_modules"": 56, ""near_row_cosine"": 0.12023670954762825, ""surround_row_cosine"": -0.013212709491524168}"
64,17638,plain,1,"{""center_surround_contrast"": -0.006154414008571101, ""definition"": ""Entropy effective rank and normalized alignment between cyclic +/-1 and +/-2 LoRA-B row-cosine profiles and the fixed SSR target weights (+1, -0.2)."", ""effective_rank"": 40.01655548810959, ""effective_rank_fraction"": 0.6252586795017123, ""kernel_alignment"": -0.006782906914720245, ""n_modules"": 56, ""near_row_cosine"": -0.003686396632474498, ""surround_row_cosine"": 0.0024680172835879993}"
64,17638,plain,2,"{""center_surround_contrast"": -0.005001852934323584, ""definition"": ""Entropy effective rank and normalized alignment between cyclic +/-1 and +/-2 LoRA-B row-cosine profiles and the fixed SSR target weights (+1, -0.2)."", ""effective_rank"": 43.9700853569167, ""effective_rank_fraction"": 0.6870325837018234, ""kernel_alignment"": -0.003210589559655221, ""n_modules"": 56, ""near_row_cosine"": -0.0011531586034314908, ""surround_row_cosine"": 0.0038486943823435077}"
64,17638,plain,5,"{""center_surround_contrast"": -0.005350670279377872, ""definition"": ""Entropy effective rank and normalized alignment between cyclic +/-1 and +/-2 LoRA-B row-cosine profiles and the fixed SSR target weights (+1, -0.2)."", ""effective_rank"": 47.476115175655906, ""effective_rank_fraction"": 0.7418142996196235, ""kernel_alignment"": -0.0046059093609593605, ""n_modules"": 56, ""near_row_cosine"": -0.000962612211229238, ""surround_row_cosine"": 0.004388058083155296}"
64,17638,plain,10,"{""center_surround_contrast"": -0.005981410075816842, ""definition"": ""Entropy effective rank and normalized alignment between cyclic +/-1 and +/-2 LoRA-B row-cosine profiles and the fixed SSR target weights (+1, -0.2)."", ""effective_rank"": 48.39438482693264, ""effective_rank_fraction"": 0.7561622629208224, ""kernel_alignment"": -0.009785831259900337, ""n_modules"": 56, ""near_row_cosine"": -0.003310703170411346, ""surround_row_cosine"": 0.0026707070223242874}"
64,17638,plain,25,"{""center_surround_contrast"": -0.007735689296168857, ""definition"": ""Entropy effective rank and normalized alignment between cyclic +/-1 and +/-2 LoRA-B row-cosine profiles and the fixed SSR target weights (+1, -0.2)."", ""effective_rank"": 49.063715543065754, ""effective_rank_fraction"": 0.7666205553604024, ""kernel_alignment"": -0.011957912865390037, ""n_modules"": 56, ""near_row_cosine"": -0.0037640855877855628, ""surround_row_cosine"": 0.003971603603206729}"
64,17638,plain,50,"{""center_surround_contrast"": -0.005923910115728046, ""definition"": ""Entropy effective rank and normalized alignment between cyclic +/-1 and +/-2 LoRA-B row-cosine profiles and the fixed SSR target weights (+1, -0.2)."", ""effective_rank"": 49.15588928971972, ""effective_rank_fraction"": 0.7680607701518706, ""kernel_alignment"": -0.0094232942446979, ""n_modules"": 56, ""near_row_cosine"": -0.002937290299436362, ""surround_row_cosine"": 0.0029866197741544704}"
64,17638,plain,100,"{""center_surround_contrast"": -0.005468647701491136, ""definition"": ""Entropy effective rank and normalized alignment between cyclic +/-1 and +/-2 LoRA-B row-cosine profiles and the fixed SSR target weights (+1, -0.2)."", ""effective_rank"": 48.83574511323656, ""effective_rank_fraction"": 0.7630585173943213, ""kernel_alignment"": -0.005784303121150255, ""n_modules"": 56, ""near_row_cosine"": -0.001463646305637667, ""surround_row_cosine"": 0.00400500154916829}"
64,17638,ssr,1,"{""center_surround_contrast"": -0.0035713483500460696, ""definition"": ""Entropy effective rank and normalized alignment between cyclic +/-1 and +/-2 LoRA-B row-cosine profiles and the fixed SSR target weights (+1, -0.2)."", ""effective_rank"": 40.01664468220302, ""effective_rank_fraction"": 0.6252600731594222, ""kernel_alignment"": -0.002832504356255023, ""n_modules"": 56, ""near_row_cosine"": -0.0015428529898469736, ""surround_row_cosine"": 0.0020284952851657833}"
64,17638,ssr,2,"{""center_surround_contrast"": -0.001905319867156712, ""definition"": ""Entropy effective rank and normalized alignment between cyclic +/-1 and +/-2 LoRA-B row-cosine profiles and the fixed SSR target weights (+1, -0.2)."", ""effective_rank"": 43.84348702430725, ""effective_rank_fraction"": 0.6850544847548008, ""kernel_alignment"": 0.002323412433075386, ""n_modules"": 56, ""near_row_cosine"": 0.0018256518321452728, ""surround_row_cosine"": 0.0037309715342936606}"
64,17638,ssr,5,"{""center_surround_contrast"": 0.0023555103476350526, ""definition"": ""Entropy effective rank and normalized alignment between cyclic +/-1 and +/-2 LoRA-B row-cosine profiles and the fixed SSR target weights (+1, -0.2)."", ""effective_rank"": 47.716054788657594, ""effective_rank_fraction"": 0.7455633560727749, ""kernel_alignment"": 0.009613571601741049, ""n_modules"": 56, ""near_row_cosine"": 0.004332399648514443, ""surround_row_cosine"": 0.0019768891678333084}"
64,17638,ssr,10,"{""center_surround_contrast"": 0.010830487960317572, ""definition"": ""Entropy effective rank and normalized alignment between cyclic +/-1 and +/-2 LoRA-B row-cosine profiles and the fixed SSR target weights (+1, -0.2)."", ""effective_rank"": 48.86528543063572, ""effective_rank_fraction"": 0.7635200848536832, ""kernel_alignment"": 0.031553807309267407, ""n_modules"": 56, ""near_row_cosine"": 0.012331842142884852, ""surround_row_cosine"": 0.0015013542670203606}"
64,17638,ssr,25,"{""center_surround_contrast"": 0.03439885416966198, ""definition"": ""Entropy effective rank and normalized alignment between cyclic +/-1 and +/-2 LoRA-B row-cosine profiles and the fixed SSR target weights (+1, -0.2)."", ""effective_rank"": 48.80059550489698, ""effective_rank_fraction"": 0.7625093047640153, ""kernel_alignment"": 0.09114452990719915, ""n_modules"": 56, ""near_row_cosine"": 0.031999204673671296, ""surround_row_cosine"": -0.0023996495220412074}"
64,17638,ssr,50,"{""center_surround_contrast"": 0.06980966294317373, ""definition"": ""Entropy effective rank and normalized alignment between cyclic +/-1 and +/-2 LoRA-B row-cosine profiles and the fixed SSR target weights (+1, -0.2)."", ""effective_rank"": 48.41384751456124, ""effective_rank_fraction"": 0.7564663674150194, ""kernel_alignment"": 0.18173252402006515, ""n_modules"": 56, ""near_row_cosine"": 0.0644576887799693, ""surround_row_cosine"": -0.005351974093303267}"
64,17638,ssr,100,"{""center_surround_contrast"": 0.13182323472574353, ""definition"": ""Entropy effective rank and normalized alignment between cyclic +/-1 and +/-2 LoRA-B row-cosine profiles and the fixed SSR target weights (+1, -0.2)."", ""effective_rank"": 47.795083676065715, ""effective_rank_fraction"": 0.7467981824385268, ""kernel_alignment"": 0.32465823420456474, ""n_modules"": 56, ""near_row_cosine"": 0.12113469220431788, ""surround_row_cosine"": -0.010688542040562814}"
64,17639,plain,1,"{""center_surround_contrast"": -0.0066573396221169135, ""definition"": ""Entropy effective rank and normalized alignment between cyclic +/-1 and +/-2 LoRA-B row-cosine profiles and the fixed SSR target weights (+1, -0.2)."", ""effective_rank"": 35.83361484323229, ""effective_rank_fraction"": 0.5599002319255045, ""kernel_alignment"": -0.006042770455678692, ""n_modules"": 56, ""near_row_cosine"": -0.003293153134498945, ""surround_row_cosine"": 0.0033641864647506736}"
64,17639,plain,2,"{""center_surround_contrast"": -0.0029731447492460056, ""definition"": ""Entropy effective rank and normalized alignment between cyclic +/-1 and +/-2 LoRA-B row-cosine profiles and the fixed SSR target weights (+1, -0.2)."", ""effective_rank"": 42.87973381791796, ""effective_rank_fraction"": 0.6699958409049681, ""kernel_alignment"": -0.004340928621201914, ""n_modules"": 56, ""near_row_cosine"": -0.0017229175589039058, ""surround_row_cosine"": 0.0012502271477257765}"
64,17639,plain,5,"{""center_surround_contrast"": -0.006000101066352467, ""definition"": ""Entropy effective rank and normalized alignment between cyclic +/-1 and +/-2 LoRA-B row-cosine profiles and the fixed SSR target weights (+1, -0.2)."", ""effective_rank"": 44.83300998381206, ""effective_rank_fraction"": 0.7005157809970635, ""kernel_alignment"": -0.009237545061677923, ""n_modules"": 56, ""near_row_cosine"": -0.0033277423660495386, ""surround_row_cosine"": 0.0026723587642274132}"
64,17639,plain,10,"{""center_surround_contrast"": -0.006204260924797771, ""definition"": ""Entropy effective rank and normalized alignment between cyclic +/-1 and +/-2 LoRA-B row-cosine profiles and the fixed SSR target weights (+1, -0.2)."", ""effective_rank"": 45.6551707642419, ""effective_rank_fraction"": 0.7133620431912797, ""kernel_alignment"": -0.008762122892481525, ""n_modules"": 56, ""near_row_cosine"": -0.002541073512864906, ""surround_row_cosine"": 0.0036631872605669613}"
64,17639,plain,25,"{""center_surround_contrast"": -0.005396311567892553, ""definition"": ""Entropy effective rank and normalized alignment between cyclic +/-1 and +/-2 LoRA-B row-cosine profiles and the fixed SSR target weights (+1, -0.2)."", ""effective_rank"": 45.99755447251456, ""effective_rank_fraction"": 0.71871178863304, ""kernel_alignment"": -0.007692273100864051, ""n_modules"": 56, ""near_row_cosine"": -0.0026947081816095825, ""surround_row_cosine"": 0.002701603348149157}"
64,17639,plain,50,"{""center_surround_contrast"": -0.004415994728333317, ""definition"": ""Entropy effective rank and normalized alignment between cyclic +/-1 and +/-2 LoRA-B row-cosine profiles and the fixed SSR target weights (+1, -0.2)."", ""effective_rank"": 46.337413804871694, ""effective_rank_fraction"": 0.7240220907011202, ""kernel_alignment"": -0.008092773255027299, ""n_modules"": 56, ""near_row_cosine"": -0.003102019187021402, ""surround_row_cosine"": 0.0013139755585456214}"
64,17639,plain,100,"{""center_surround_contrast"": -0.0066206599783202235, ""definition"": ""Entropy effective rank and normalized alignment between cyclic +/-1 and +/-2 LoRA-B row-cosine profiles and the fixed SSR target weights (+1, -0.2)."", ""effective_rank"": 46.62158683368138, ""effective_rank_fraction"": 0.7284622942762715, ""kernel_alignment"": -0.011315272289461322, ""n_modules"": 56, ""near_row_cosine"": -0.004192163349748463, ""surround_row_cosine"": 0.0024284967972302445}"
64,17639,ssr,1,"{""center_surround_contrast"": -0.004217616132726627, ""definition"": ""Entropy effective rank and normalized alignment between cyclic +/-1 and +/-2 LoRA-B row-cosine profiles and the fixed SSR target weights (+1, -0.2)."", ""effective_rank"": 35.833741860730306, ""effective_rank_fraction"": 0.559902216573911, ""kernel_alignment"": -0.0025174936532234176, ""n_modules"": 56, ""near_row_cosine"": -0.0012613937703593236, ""surround_row_cosine"": 0.0029562223124750225}"
64,17639,ssr,2,"{""center_surround_contrast"": 0.0013097409953063885, ""definition"": ""Entropy effective rank and normalized alignment between cyclic +/-1 and +/-2 LoRA-B row-cosine profiles and the fixed SSR target weights (+1, -0.2)."", ""effective_rank"": 42.70463043451309, ""effective_rank_fraction"": 0.6672598505392671, ""kernel_alignment"": 0.002837744263030929, ""n_modules"": 56, ""near_row_cosine"": 0.0017756674157811045, ""surround_row_cosine"": 0.000465926463220967}"
64,17639,ssr,5,"{""center_surround_contrast"": 0.008316931182759748, ""definition"": ""Entropy effective rank and normalized alignment between cyclic +/-1 and +/-2 LoRA-B row-cosine profiles and the fixed SSR target weights (+1, -0.2)."", ""effective_rank"": 45.93553718498775, ""effective_rank_fraction"": 0.7177427685154336, ""kernel_alignment"": 0.017945668232122052, ""n_modules"": 56, ""near_row_cosine"": 0.007863878869849421, ""surround_row_cosine"": -0.0004530524545072824}"
64,17639,ssr,10,"{""center_surround_contrast"": 0.015858867667183012, ""definition"": ""Entropy effective rank and normalized alignment between cyclic +/-1 and +/-2 LoRA-B row-cosine profiles and the fixed SSR target weights (+1, -0.2)."", ""effective_rank"": 45.7399668097496, ""effective_rank_fraction"": 0.7146869814023376, ""kernel_alignment"": 0.033674864783409114, ""n_modules"": 56, ""near_row_cosine"": 0.013640625676089257, ""surround_row_cosine"": -0.0022182419769316247}"
64,17639,ssr,25,"{""center_surround_contrast"": 0.042009963400362595, ""definition"": ""Entropy effective rank and normalized alignment between cyclic +/-1 and +/-2 LoRA-B row-cosine profiles and the fixed SSR target weights (+1, -0.2)."", ""effective_rank"": 40.570463623319355, ""effective_rank_fraction"": 0.6339134941143649, ""kernel_alignment"": 0.07748077049784895, ""n_modules"": 56, ""near_row_cosine"": 0.03462556011592304, ""surround_row_cosine"": -0.007384403294768812}"
64,17639,ssr,50,"{""center_surround_contrast"": 0.07330720241381121, ""definition"": ""Entropy effective rank and normalized alignment between cyclic +/-1 and +/-2 LoRA-B row-cosine profiles and the fixed SSR target weights (+1, -0.2)."", ""effective_rank"": 41.16825539725167, ""effective_rank_fraction"": 0.6432539905820573, ""kernel_alignment"": 0.14356298631589326, ""n_modules"": 56, ""near_row_cosine"": 0.06194797675457916, ""surround_row_cosine"": -0.011359225731861702}"
64,17639,ssr,100,"{""center_surround_contrast"": 0.13143502086001846, ""definition"": ""Entropy effective rank and normalized alignment between cyclic +/-1 and +/-2 LoRA-B row-cosine profiles and the fixed SSR target weights (+1, -0.2)."", ""effective_rank"": 39.42115765810013, ""effective_rank_fraction"": 0.6159555884078145, ""kernel_alignment"": 0.26356169820896214, ""n_modules"": 56, ""near_row_cosine"": 0.11756484057488185, ""surround_row_cosine"": -0.013870180850582463}"
64,17640,plain,1,"{""center_surround_contrast"": -0.00893129148296014, ""definition"": ""Entropy effective rank and normalized alignment between cyclic +/-1 and +/-2 LoRA-B row-cosine profiles and the fixed SSR target weights (+1, -0.2)."", ""effective_rank"": 36.75487836769649, ""effective_rank_fraction"": 0.5742949744952577, ""kernel_alignment"": -0.00982755041747753, ""n_modules"": 56, ""near_row_cosine"": -0.005772767063587838, ""surround_row_cosine"": 0.0031585244552323794}"
64,17640,plain,2,"{""center_surround_contrast"": -0.011024838744300982, ""definition"": ""Entropy effective rank and normalized alignment between cyclic +/-1 and +/-2 LoRA-B row-cosine profiles and the fixed SSR target weights (+1, -0.2)."", ""effective_rank"": 40.65987587826592, ""effective_rank_fraction"": 0.635310560597905, ""kernel_alignment"": -0.011689941876414065, ""n_modules"": 56, ""near_row_cosine"": -0.005484527359970214, ""surround_row_cosine"": 0.005540311456050924}"
64,17640,plain,5,"{""center_surround_contrast"": -0.007520409388234839, ""definition"": ""Entropy effective rank and normalized alignment between cyclic +/-1 and +/-2 LoRA-B row-cosine profiles and the fixed SSR target weights (+1, -0.2)."", ""effective_rank"": 44.97003669398171, ""effective_rank_fraction"": 0.7026568233434642, ""kernel_alignment"": -0.009750551015323643, ""n_modules"": 56, ""near_row_cosine"": -0.0037644650773082894, ""surround_row_cosine"": 0.0037559443693940663}"
64,17640,plain,10,"{""center_surround_contrast"": -0.006686083498477404, ""definition"": ""Entropy effective rank and normalized alignment between cyclic +/-1 and +/-2 LoRA-B row-cosine profiles and the fixed SSR target weights (+1, -0.2)."", ""effective_rank"": 46.64804923534393, ""effective_rank_fraction"": 0.728875769302249, ""kernel_alignment"": -0.008124737104740884, ""n_modules"": 56, ""near_row_cosine"": -0.002539895465815789, ""surround_row_cosine"": 0.004146188215470049}"
64,17640,plain,25,"{""center_surround_contrast"": -0.005876433431175039, ""definition"": ""Entropy effective rank and normalized alignment between cyclic +/-1 and +/-2 LoRA-B row-cosine profiles and the fixed SSR target weights (+1, -0.2)."", ""effective_rank"": 47.7989216532026, ""effective_rank_fraction"": 0.7468581508312906, ""kernel_alignment"": -0.008699455885659648, ""n_modules"": 56, ""near_row_cosine"": -0.0026928948030087796, ""surround_row_cosine"": 0.003183538594385027}"
64,17640,plain,50,"{""center_surround_contrast"": -0.006833771486396602, ""definition"": ""Entropy effective rank and normalized alignment between cyclic +/-1 and +/-2 LoRA-B row-cosine profiles and the fixed SSR target weights (+1, -0.2)."", ""effective_rank"": 47.56161786828722, ""effective_rank_fraction"": 0.7431502791919878, ""kernel_alignment"": -0.008353019494734326, ""n_modules"": 56, ""near_row_cosine"": -0.0022618323559332305, ""surround_row_cosine"": 0.004571939143456153}"
64,17640,plain,100,"{""center_surround_contrast"": -0.00889385549297523, ""definition"": ""Entropy effective rank and normalized alignment between cyclic +/-1 and +/-2 LoRA-B row-cosine profiles and the fixed SSR target weights (+1, -0.2)."", ""effective_rank"": 47.18042131832668, ""effective_rank_fraction"": 0.7371940830988544, ""kernel_alignment"": -0.010442168029320393, ""n_modules"": 56, ""near_row_cosine"": -0.0026640235385977057, ""surround_row_cosine"": 0.00622983196443069}"
64,17640,ssr,1,"{""center_surround_contrast"": -0.006484367824409024, ""definition"": ""Entropy effective rank and normalized alignment between cyclic +/-1 and +/-2 LoRA-B row-cosine profiles and the fixed SSR target weights (+1, -0.2)."", ""effective_rank"": 36.75507141011102, ""effective_rank_fraction"": 0.5742979907829847, ""kernel_alignment"": -0.006290929693932412, ""n_modules"": 56, ""near_row_cosine"": -0.0037353513611638584, ""surround_row_cosine"": 0.0027490164798759254}"
64,17640,ssr,2,"{""center_surround_contrast"": -0.006945211388353658, ""definition"": ""Entropy effective rank and normalized alignment between cyclic +/-1 and +/-2 LoRA-B row-cosine profiles and the fixed SSR target weights (+1, -0.2)."", ""effective_rank"": 40.67986509629658, ""effective_rank_fraction"": 0.6356228921296341, ""kernel_alignment"": -0.004928277573461466, ""n_modules"": 56, ""near_row_cosine"": -0.002017401749201651, ""surround_row_cosine"": 0.0049278096963202445}"
64,17640,ssr,5,"{""center_surround_contrast"": 0.0031447841746350086, ""definition"": ""Entropy effective rank and normalized alignment between cyclic +/-1 and +/-2 LoRA-B row-cosine profiles and the fixed SSR target weights (+1, -0.2)."", ""effective_rank"": 45.56003681250981, ""effective_rank_fraction"": 0.7118755751954657, ""kernel_alignment"": 0.010168937145083743, ""n_modules"": 56, ""near_row_cosine"": 0.0047210587409998485, ""surround_row_cosine"": 0.0015762747302362967}"
64,17640,ssr,10,"{""center_surround_contrast"": 0.010576192053641924, ""definition"": ""Entropy effective rank and normalized alignment between cyclic +/-1 and +/-2 LoRA-B row-cosine profiles and the fixed SSR target weights (+1, -0.2)."", ""effective_rank"": 48.211155550820486, ""effective_rank_fraction"": 0.7532993054815701, ""kernel_alignment"": 0.030219592693486317, ""n_modules"": 56, ""near_row_cosine"": 0.012436371981623649, ""surround_row_cosine"": 0.0018601800807768346}"
64,17640,ssr,25,"{""center_surround_contrast"": 0.033177580493169705, ""definition"": ""Entropy effective rank and normalized alignment between cyclic +/-1 and +/-2 LoRA-B row-cosine profiles and the fixed SSR target weights (+1, -0.2)."", ""effective_rank"": 48.76774450710842, ""effective_rank_fraction"": 0.761996007923569, ""kernel_alignment"": 0.09147325946417238, ""n_modules"": 56, ""near_row_cosine"": 0.03216310018823216, ""surround_row_cosine"": -0.00101448047696197}"
64,17640,ssr,50,"{""center_surround_contrast"": 0.06961273353746426, ""definition"": ""Entropy effective rank and normalized alignment between cyclic +/-1 and +/-2 LoRA-B row-cosine profiles and the fixed SSR target weights (+1, -0.2)."", ""effective_rank"": 48.44429833548409, ""effective_rank_fraction"": 0.7569421614919389, ""kernel_alignment"": 0.17877601918631367, ""n_modules"": 56, ""near_row_cosine"": 0.0619807294403602, ""surround_row_cosine"": -0.007632004214688745}"
64,17640,ssr,100,"{""center_surround_contrast"": 0.13147279666736722, ""definition"": ""Entropy effective rank and normalized alignment between cyclic +/-1 and +/-2 LoRA-B row-cosine profiles and the fixed SSR target weights (+1, -0.2)."", ""effective_rank"": 47.83685546261923, ""effective_rank_fraction"": 0.7474508666034255, ""kernel_alignment"": 0.3250443765095302, ""n_modules"": 56, ""near_row_cosine"": 0.12041252997836896, ""surround_row_cosine"": -0.011060266381848902}"
8,17631,plain,1,"{""center_surround_contrast"": -0.001003819322379838, ""definition"": ""Entropy effective rank and normalized alignment between cyclic +/-1 and +/-2 LoRA-B row-cosine profiles and the fixed SSR target weights (+1, -0.2)."", ""effective_rank"": 6.146564008934157, ""effective_rank_fraction"": 0.7683205011167696, ""kernel_alignment"": 0.0016409409254265486, ""n_modules"": 56, ""near_row_cosine"": 0.0012021399488730822, ""surround_row_cosine"": 0.002205959293080793}"
8,17631,plain,2,"{""center_surround_contrast"": -0.0028590587566473652, ""definition"": ""Entropy effective rank and normalized alignment between cyclic +/-1 and +/-2 LoRA-B row-cosine profiles and the fixed SSR target weights (+1, -0.2)."", ""effective_rank"": 6.33271174877882, ""effective_rank_fraction"": 0.7915889685973525, ""kernel_alignment"": 0.0019282555934166472, ""n_modules"": 56, ""near_row_cosine"": 0.0020673736778137808, ""surround_row_cosine"": 0.004926432592843152}"
8,17631,plain,5,"{""center_surround_contrast"": -0.003925047489506791, ""definition"": ""Entropy effective rank and normalized alignment between cyclic +/-1 and +/-2 LoRA-B row-cosine profiles and the fixed SSR target weights (+1, -0.2)."", ""effective_rank"": 6.49908554979733, ""effective_rank_fraction"": 0.8123856937246663, ""kernel_alignment"": 0.0004833957249112637, ""n_modules"": 56, ""near_row_cosine"": 0.0010440415374302705, ""surround_row_cosine"": 0.00496908914595094}"
8,17631,plain,10,"{""center_surround_contrast"": -0.006373194602149721, ""definition"": ""Entropy effective rank and normalized alignment between cyclic +/-1 and +/-2 LoRA-B row-cosine profiles and the fixed SSR target weights (+1, -0.2)."", ""effective_rank"": 6.700808763504028, ""effective_rank_fraction"": 0.8376010954380035, ""kernel_alignment"": -0.005254644356422692, ""n_modules"": 56, ""near_row_cosine"": -0.0020672481112861923, ""surround_row_cosine"": 0.004305946479949593}"
8,17631,plain,25,"{""center_surround_contrast"": -0.005280710732871999, ""definition"": ""Entropy effective rank and normalized alignment between cyclic +/-1 and +/-2 LoRA-B row-cosine profiles and the fixed SSR target weights (+1, -0.2)."", ""effective_rank"": 7.053022712469101, ""effective_rank_fraction"": 0.8816278390586376, ""kernel_alignment"": -0.004348192863793494, ""n_modules"": 56, ""near_row_cosine"": -0.0014217663388405657, ""surround_row_cosine"": 0.0038589444814403706}"
8,17631,plain,50,"{""center_surround_contrast"": -0.0059812970934477305, ""definition"": ""Entropy effective rank and normalized alignment between cyclic +/-1 and +/-2 LoRA-B row-cosine profiles and the fixed SSR target weights (+1, -0.2)."", ""effective_rank"": 7.293995797634125, ""effective_rank_fraction"": 0.9117494747042656, ""kernel_alignment"": -0.007610735193468696, ""n_modules"": 56, ""near_row_cosine"": -0.003023615887936363, ""surround_row_cosine"": 0.0029576813069849906}"
8,17631,plain,100,"{""center_surround_contrast"": -0.0023402242129252826, ""definition"": ""Entropy effective rank and normalized alignment between cyclic +/-1 and +/-2 LoRA-B row-cosine profiles and the fixed SSR target weights (+1, -0.2)."", ""effective_rank"": 7.47886218556336, ""effective_rank_fraction"": 0.93485777319542, ""kernel_alignment"": -0.004808482349939628, ""n_modules"": 56, ""near_row_cosine"": -0.0022836577240273725, ""surround_row_cosine"": 5.656647200729428e-05}"
8,17631,ssr,1,"{""center_surround_contrast"": 0.02352653308272628, ""definition"": ""Entropy effective rank and normalized alignment between cyclic +/-1 and +/-2 LoRA-B row-cosine profiles and the fixed SSR target weights (+1, -0.2)."", ""effective_rank"": 6.146271588546889, ""effective_rank_fraction"": 0.7682839485683611, ""kernel_alignment"": 0.03458352178599203, ""n_modules"": 56, ""near_row_cosine"": 0.02180823809326934, ""surround_row_cosine"": -0.0017182951300388335}"
8,17631,ssr,2,"{""center_surround_contrast"": 0.036048923725112605, ""definition"": ""Entropy effective rank and normalized alignment between cyclic +/-1 and +/-2 LoRA-B row-cosine profiles and the fixed SSR target weights (+1, -0.2)."", ""effective_rank"": 6.3165967507021765, ""effective_rank_fraction"": 0.7895745938377721, ""kernel_alignment"": 0.05691281658645104, ""n_modules"": 56, ""near_row_cosine"": 0.03490312337141534, ""surround_row_cosine"": -0.0011458003195587351}"
8,17631,ssr,5,"{""center_surround_contrast"": 0.07989830167831055, ""definition"": ""Entropy effective rank and normalized alignment between cyclic +/-1 and +/-2 LoRA-B row-cosine profiles and the fixed SSR target weights (+1, -0.2)."", ""effective_rank"": 6.455177044229848, ""effective_rank_fraction"": 0.806897130528731, ""kernel_alignment"": 0.12690621752491488, ""n_modules"": 56, ""near_row_cosine"": 0.07122861475883319, ""surround_row_cosine"": -0.008669686777596195}"
8,17631,ssr,10,"{""center_surround_contrast"": 0.1379187357212816, ""definition"": ""Entropy effective rank and normalized alignment between cyclic +/-1 and +/-2 LoRA-B row-cosine profiles and the fixed SSR target weights (+1, -0.2)."", ""effective_rank"": 6.713142965521131, ""effective_rank_fraction"": 0.8391428706901414, ""kernel_alignment"": 0.22996838211214968, ""n_modules"": 56, ""near_row_cosine"": 0.12419154425151646, ""surround_row_cosine"": -0.013727192279865059}"
8,17631,ssr,25,"{""center_surround_contrast"": 0.24805499686460408, ""definition"": ""Entropy effective rank and normalized alignment between cyclic +/-1 and +/-2 LoRA-B row-cosine profiles and the fixed SSR target weights (+1, -0.2)."", ""effective_rank"": 7.022826752492359, ""effective_rank_fraction"": 0.8778533440615449, ""kernel_alignment"": 0.44970027210989166, ""n_modules"": 56, ""near_row_cosine"": 0.250212164396154, ""surround_row_cosine"": 0.0021571676392600886}"
8,17631,ssr,50,"{""center_surround_contrast"": 0.32792194806305425, ""definition"": ""Entropy effective rank and normalized alignment between cyclic +/-1 and +/-2 LoRA-B row-cosine profiles and the fixed SSR target weights (+1, -0.2)."", ""effective_rank"": 7.306235232523509, ""effective_rank_fraction"": 0.9132794040654386, ""kernel_alignment"": 0.6255035617255739, ""n_modules"": 56, ""near_row_cosine"": 0.3787067428763424, ""surround_row_cosine"": 0.05078479697528694}"
8,17631,ssr,100,"{""center_surround_contrast"": 0.35921162992183653, ""definition"": ""Entropy effective rank and normalized alignment between cyclic +/-1 and +/-2 LoRA-B row-cosine profiles and the fixed SSR target weights (+1, -0.2)."", ""effective_rank"": 7.465829387307167, ""effective_rank_fraction"": 0.9332286734133959, ""kernel_alignment"": 0.7122497864599739, ""n_modules"": 56, ""near_row_cosine"": 0.5064466131318892, ""surround_row_cosine"": 0.1472349818130689}"
8,17632,plain,1,"{""center_surround_contrast"": -0.00833933466284569, ""definition"": ""Entropy effective rank and normalized alignment between cyclic +/-1 and +/-2 LoRA-B row-cosine profiles and the fixed SSR target weights (+1, -0.2)."", ""effective_rank"": 6.367514480437551, ""effective_rank_fraction"": 0.7959393100546939, ""kernel_alignment"": -0.0070235929545430864, ""n_modules"": 56, ""near_row_cosine"": -0.004077627380736106, ""surround_row_cosine"": 0.004261707284058502}"
8,17632,plain,2,"{""center_surround_contrast"": -0.009113885559989805, ""definition"": ""Entropy effective rank and normalized alignment between cyclic +/-1 and +/-2 LoRA-B row-cosine profiles and the fixed SSR target weights (+1, -0.2)."", ""effective_rank"": 6.478675039751189, ""effective_rank_fraction"": 0.8098343799688986, ""kernel_alignment"": -0.006057117772732974, ""n_modules"": 56, ""near_row_cosine"": -0.0027047469952127096, ""surround_row_cosine"": 0.006409138631170208}"
8,17632,plain,5,"{""center_surround_contrast"": -0.005836471278079054, ""definition"": ""Entropy effective rank and normalized alignment between cyclic +/-1 and +/-2 LoRA-B row-cosine profiles and the fixed SSR target weights (+1, -0.2)."", ""effective_rank"": 6.576696817364011, ""effective_rank_fraction"": 0.8220871021705014, ""kernel_alignment"": -0.007051590458234256, ""n_modules"": 56, ""near_row_cosine"": -0.003694962533960019, ""surround_row_cosine"": 0.0021415085934027695}"
8,17632,plain,10,"{""center_surround_contrast"": -0.0064464033390062726, ""definition"": ""Entropy effective rank and normalized alignment between cyclic +/-1 and +/-2 LoRA-B row-cosine profiles and the fixed SSR target weights (+1, -0.2)."", ""effective_rank"": 6.745683831827981, ""effective_rank_fraction"": 0.8432104789784977, ""kernel_alignment"": -0.005625217553512941, ""n_modules"": 56, ""near_row_cosine"": -0.0025296876868066776, ""surround_row_cosine"": 0.003916715573528303}"
8,17632,plain,25,"{""center_surround_contrast"": -0.0057620344804100955, ""definition"": ""Entropy effective rank and normalized alignment between cyclic +/-1 and +/-2 LoRA-B row-cosine profiles and the fixed SSR target weights (+1, -0.2)."", ""effective_rank"": 7.040215707251003, ""effective_rank_fraction"": 0.8800269634063754, ""kernel_alignment"": -0.007784969057541145, ""n_modules"": 56, ""near_row_cosine"": -0.003871093115386819, ""surround_row_cosine"": 0.0018909414236856848}"
8,17632,plain,50,"{""center_surround_contrast"": -0.002822966481679552, ""definition"": ""Entropy effective rank and normalized alignment between cyclic +/-1 and +/-2 LoRA-B row-cosine profiles and the fixed SSR target weights (+1, -0.2)."", ""effective_rank"": 7.238779440522194, ""effective_rank_fraction"": 0.9048474300652742, ""kernel_alignment"": -0.004158292201152238, ""n_modules"": 56, ""near_row_cosine"": -0.0021370947709198973, ""surround_row_cosine"": 0.0006858716333226768}"
8,17632,plain,100,"{""center_surround_contrast"": -0.002819489937142602, ""definition"": ""Entropy effective rank and normalized alignment between cyclic +/-1 and +/-2 LoRA-B row-cosine profiles and the fixed SSR target weights (+1, -0.2)."", ""effective_rank"": 7.45237219120775, ""effective_rank_fraction"": 0.9315465239009687, ""kernel_alignment"": -0.004027549732070059, ""n_modules"": 56, ""near_row_cosine"": -0.0018749003567271366, ""surround_row_cosine"": 0.0009445896357647143}"
8,17632,ssr,1,"{""center_surround_contrast"": 0.01654794196448555, ""definition"": ""Entropy effective rank and normalized alignment between cyclic +/-1 and +/-2 LoRA-B row-cosine profiles and the fixed SSR target weights (+1, -0.2)."", ""effective_rank"": 6.367727756500244, ""effective_rank_fraction"": 0.7959659695625305, ""kernel_alignment"": 0.02638037787749324, ""n_modules"": 56, ""near_row_cosine"": 0.016734430719874842, ""surround_row_cosine"": 0.00018648858115609206}"
8,17632,ssr,2,"{""center_surround_contrast"": 0.03212565840970326, ""definition"": ""Entropy effective rank and normalized alignment between cyclic +/-1 and +/-2 LoRA-B row-cosine profiles and the fixed SSR target weights (+1, -0.2)."", ""effective_rank"": 6.477198372994151, ""effective_rank_fraction"": 0.8096497966242688, ""kernel_alignment"": 0.05264579640424927, ""n_modules"": 56, ""near_row_cosine"": 0.03190896209834396, ""surround_row_cosine"": -0.00021669607154503216}"
8,17632,ssr,5,"{""center_surround_contrast"": 0.07728412216861866, ""definition"": ""Entropy effective rank and normalized alignment between cyclic +/-1 and +/-2 LoRA-B row-cosine profiles and the fixed SSR target weights (+1, -0.2)."", ""effective_rank"": 6.530886954494885, ""effective_rank_fraction"": 0.8163608693118606, ""kernel_alignment"": 0.12045117858464696, ""n_modules"": 56, ""near_row_cosine"": 0.06851906775929299, ""surround_row_cosine"": -0.008765055029211257}"
8,17632,ssr,10,"{""center_surround_contrast"": 0.13326094149877982, ""definition"": ""Entropy effective rank and normalized alignment between cyclic +/-1 and +/-2 LoRA-B row-cosine profiles and the fixed SSR target weights (+1, -0.2)."", ""effective_rank"": 6.642757285918508, ""effective_rank_fraction"": 0.8303446607398135, ""kernel_alignment"": 0.22128579512770685, ""n_modules"": 56, ""near_row_cosine"": 0.12384628880369876, ""surround_row_cosine"": -0.009414652670134924}"
8,17632,ssr,25,"{""center_surround_contrast"": 0.24381994801972595, ""definition"": ""Entropy effective rank and normalized alignment between cyclic +/-1 and +/-2 LoRA-B row-cosine profiles and the fixed SSR target weights (+1, -0.2)."", ""effective_rank"": 6.979608216456004, ""effective_rank_fraction"": 0.8724510270570005, ""kernel_alignment"": 0.4434397332370281, ""n_modules"": 56, ""near_row_cosine"": 0.249814818347139, ""surround_row_cosine"": 0.005994870826855602}"
8,17632,ssr,50,"{""center_surround_contrast"": 0.3255575872691614, ""definition"": ""Entropy effective rank and normalized alignment between cyclic +/-1 and +/-2 LoRA-B row-cosine profiles and the fixed SSR target weights (+1, -0.2)."", ""effective_rank"": 7.198720997997692, ""effective_rank_fraction"": 0.8998401247497115, ""kernel_alignment"": 0.6169660445302725, ""n_modules"": 56, ""near_row_cosine"": 0.37979528387742384, ""surround_row_cosine"": 0.054237696392062516}"
8,17632,ssr,100,"{""center_surround_contrast"": 0.3594221295788884, ""definition"": ""Entropy effective rank and normalized alignment between cyclic +/-1 and +/-2 LoRA-B row-cosine profiles and the fixed SSR target weights (+1, -0.2)."", ""effective_rank"": 7.375611667122159, ""effective_rank_fraction"": 0.9219514583902699, ""kernel_alignment"": 0.7108928678291184, ""n_modules"": 56, ""near_row_cosine"": 0.5069054975839598, ""surround_row_cosine"": 0.14748336524436517}"
8,17633,plain,1,"{""center_surround_contrast"": -0.008127618523888356, ""definition"": ""Entropy effective rank and normalized alignment between cyclic +/-1 and +/-2 LoRA-B row-cosine profiles and the fixed SSR target weights (+1, -0.2)."", ""effective_rank"": 6.233139046600886, ""effective_rank_fraction"": 0.7791423808251108, ""kernel_alignment"": -0.00723547017124864, ""n_modules"": 56, ""near_row_cosine"": -0.004720160679555972, ""surround_row_cosine"": 0.0034074577311652577}"
8,17633,plain,2,"{""center_surround_contrast"": -0.006624243132786692, ""definition"": ""Entropy effective rank and normalized alignment between cyclic +/-1 and +/-2 LoRA-B row-cosine profiles and the fixed SSR target weights (+1, -0.2)."", ""effective_rank"": 6.261160778147834, ""effective_rank_fraction"": 0.7826450972684792, ""kernel_alignment"": -0.009324435035523493, ""n_modules"": 56, ""near_row_cosine"": -0.006095756410234441, ""surround_row_cosine"": 0.0005284868697604647}"
8,17633,plain,5,"{""center_surround_contrast"": -0.006851613961251652, ""definition"": ""Entropy effective rank and normalized alignment between cyclic +/-1 and +/-2 LoRA-B row-cosine profiles and the fixed SSR target weights (+1, -0.2)."", ""effective_rank"": 6.488018187029021, ""effective_rank_fraction"": 0.8110022733786276, ""kernel_alignment"": -0.00786196337893281, ""n_modules"": 56, ""near_row_cosine"": -0.004356057002431564, ""surround_row_cosine"": 0.002495556977009983}"
8,17633,plain,10,"{""center_surround_contrast"": -0.009870790439890698, ""definition"": ""Entropy effective rank and normalized alignment between cyclic +/-1 and +/-2 LoRA-B row-cosine profiles and the fixed SSR target weights (+1, -0.2)."", ""effective_rank"": 6.681232605661664, ""effective_rank_fraction"": 0.835154075707708, ""kernel_alignment"": -0.010440164548851629, ""n_modules"": 56, ""near_row_cosine"": -0.004787234166542476, ""surround_row_cosine"": 0.005083556248272154}"
8,17633,plain,25,"{""center_surround_contrast"": -0.0056972834624632795, ""definition"": ""Entropy effective rank and normalized alignment between cyclic +/-1 and +/-2 LoRA-B row-cosine profiles and the fixed SSR target weights (+1, -0.2)."", ""effective_rank"": 6.999396498714175, ""effective_rank_fraction"": 0.8749245623392718, ""kernel_alignment"": -0.005804068889119662, ""n_modules"": 56, ""near_row_cosine"": -0.0021155935106175355, ""surround_row_cosine"": 0.003581690079175002}"
8,17633,plain,50,"{""center_surround_contrast"": -0.005722669286894545, ""definition"": ""Entropy effective rank and normalized alignment between cyclic +/-1 and +/-2 LoRA-B row-cosine profiles and the fixed SSR target weights (+1, -0.2)."", ""effective_rank"": 7.246085288269179, ""effective_rank_fraction"": 0.9057606610336474, ""kernel_alignment"": -0.007881347043621645, ""n_modules"": 56, ""near_row_cosine"": -0.0030873373200880194, ""surround_row_cosine"": 0.002635331930442979}"
8,17633,plain,100,"{""center_surround_contrast"": -0.006542849668351534, ""definition"": ""Entropy effective rank and normalized alignment between cyclic +/-1 and +/-2 LoRA-B row-cosine profiles and the fixed SSR target weights (+1, -0.2)."", ""effective_rank"": 7.459978761417525, ""effective_rank_fraction"": 0.9324973451771906, ""kernel_alignment"": -0.010980546601753563, ""n_modules"": 56, ""near_row_cosine"": -0.0046330769369628145, ""surround_row_cosine"": 0.0019097728498828864}"
8,17633,ssr,1,"{""center_surround_contrast"": 0.01611740776570514, ""definition"": ""Entropy effective rank and normalized alignment between cyclic +/-1 and +/-2 LoRA-B row-cosine profiles and the fixed SSR target weights (+1, -0.2)."", ""effective_rank"": 6.233236263905253, ""effective_rank_fraction"": 0.7791545329881566, ""kernel_alignment"": 0.024839297208278106, ""n_modules"": 56, ""near_row_cosine"": 0.015478686558448577, ""surround_row_cosine"": -0.0006387213726871518}"
8,17633,ssr,2,"{""center_surround_contrast"": 0.03359595200579081, ""definition"": ""Entropy effective rank and normalized alignment between cyclic +/-1 and +/-2 LoRA-B row-cosine profiles and the fixed SSR target weights (+1, -0.2)."", ""effective_rank"": 6.2541227212974, ""effective_rank_fraction"": 0.781765340162175, ""kernel_alignment"": 0.04710166912523813, ""n_modules"": 56, ""near_row_cosine"": 0.027613150267695476, ""surround_row_cosine"": -0.00598280152748235}"
8,17633,ssr,5,"{""center_surround_contrast"": 0.07936908165824466, ""definition"": ""Entropy effective rank and normalized alignment between cyclic +/-1 and +/-2 LoRA-B row-cosine profiles and the fixed SSR target weights (+1, -0.2)."", ""effective_rank"": 6.478494245026793, ""effective_rank_fraction"": 0.8098117806283491, ""kernel_alignment"": 0.12395861325785518, ""n_modules"": 56, ""near_row_cosine"": 0.06914199784763955, ""surround_row_cosine"": -0.010227082879802245}"
8,17633,ssr,10,"{""center_surround_contrast"": 0.1378027819030519, ""definition"": ""Entropy effective rank and normalized alignment between cyclic +/-1 and +/-2 LoRA-B row-cosine profiles and the fixed SSR target weights (+1, -0.2)."", ""effective_rank"": 6.65246407687664, ""effective_rank_fraction"": 0.83155800960958, ""kernel_alignment"": 0.22935618313827685, ""n_modules"": 56, ""near_row_cosine"": 0.12638531049846538, ""surround_row_cosine"": -0.011417471175418217}"
8,17633,ssr,25,"{""center_surround_contrast"": 0.24500507422323736, ""definition"": ""Entropy effective rank and normalized alignment between cyclic +/-1 and +/-2 LoRA-B row-cosine profiles and the fixed SSR target weights (+1, -0.2)."", ""effective_rank"": 7.000157509531293, ""effective_rank_fraction"": 0.8750196886914117, ""kernel_alignment"": 0.4485385102619018, ""n_modules"": 56, ""near_row_cosine"": 0.251848487782159, ""surround_row_cosine"": 0.00684341243874899}"
8,17633,ssr,50,"{""center_surround_contrast"": 0.3248676092230848, ""definition"": ""Entropy effective rank and normalized alignment between cyclic +/-1 and +/-2 LoRA-B row-cosine profiles and the fixed SSR target weights (+1, -0.2)."", ""effective_rank"": 7.22593471620764, ""effective_rank_fraction"": 0.903241839525955, ""kernel_alignment"": 0.6184701790500964, ""n_modules"": 56, ""near_row_cosine"": 0.3805145133020622, ""surround_row_cosine"": 0.055646903022924174}"
8,17633,ssr,100,"{""center_surround_contrast"": 0.3580611722011651, ""definition"": ""Entropy effective rank and normalized alignment between cyclic +/-1 and +/-2 LoRA-B row-cosine profiles and the fixed SSR target weights (+1, -0.2)."", ""effective_rank"": 7.421458380562918, ""effective_rank_fraction"": 0.9276822975703648, ""kernel_alignment"": 0.7100409687097583, ""n_modules"": 56, ""near_row_cosine"": 0.5085321232410414, ""surround_row_cosine"": 0.15047094751415507}"
8,17634,plain,1,"{""center_surround_contrast"": -0.008790208355224292, ""definition"": ""Entropy effective rank and normalized alignment between cyclic +/-1 and +/-2 LoRA-B row-cosine profiles and the fixed SSR target weights (+1, -0.2)."", ""effective_rank"": 6.078136205673218, ""effective_rank_fraction"": 0.7597670257091522, ""kernel_alignment"": -0.00881490290131686, ""n_modules"": 56, ""near_row_cosine"": -0.005136094478725032, ""surround_row_cosine"": 0.0036541137461816625}"
8,17634,plain,2,"{""center_surround_contrast"": -0.009012112905371135, ""definition"": ""Entropy effective rank and normalized alignment between cyclic +/-1 and +/-2 LoRA-B row-cosine profiles and the fixed SSR target weights (+1, -0.2)."", ""effective_rank"": 6.419624596834183, ""effective_rank_fraction"": 0.8024530746042728, ""kernel_alignment"": -0.009948262218261204, ""n_modules"": 56, ""near_row_cosine"": -0.005616097464423676, ""surround_row_cosine"": 0.0033960154295138117}"
8,17634,plain,5,"{""center_surround_contrast"": -0.006641625609648014, ""definition"": ""Entropy effective rank and normalized alignment between cyclic +/-1 and +/-2 LoRA-B row-cosine profiles and the fixed SSR target weights (+1, -0.2)."", ""effective_rank"": 6.6772274268524985, ""effective_rank_fraction"": 0.8346534283565623, ""kernel_alignment"": -0.007030557613948726, ""n_modules"": 56, ""near_row_cosine"": -0.003908656517523923, ""surround_row_cosine"": 0.002732969220882556}"
8,17634,plain,10,"{""center_surround_contrast"": -0.002339811428100802, ""definition"": ""Entropy effective rank and normalized alignment between cyclic +/-1 and +/-2 LoRA-B row-cosine profiles and the fixed SSR target weights (+1, -0.2)."", ""effective_rank"": 6.785260500652449, ""effective_rank_fraction"": 0.8481575625815562, ""kernel_alignment"": -0.00021867412345142972, ""n_modules"": 56, ""near_row_cosine"": -0.00010711972728521299, ""surround_row_cosine"": 0.0022326918195696116}"
8,17634,plain,25,"{""center_surround_contrast"": -0.0017982088694615023, ""definition"": ""Entropy effective rank and normalized alignment between cyclic +/-1 and +/-2 LoRA-B row-cosine profiles and the fixed SSR target weights (+1, -0.2)."", ""effective_rank"": 7.067867010831833, ""effective_rank_fraction"": 0.8834833763539791, ""kernel_alignment"": 0.00040673486663373695, ""n_modules"": 56, ""near_row_cosine"": 0.0007573531396961439, ""surround_row_cosine"": 0.0025555619339944053}"
8,17634,plain,50,"{""center_surround_contrast"": -0.003452931970449364, ""definition"": ""Entropy effective rank and normalized alignment between cyclic +/-1 and +/-2 LoRA-B row-cosine profiles and the fixed SSR target weights (+1, -0.2)."", ""effective_rank"": 7.302632597940309, ""effective_rank_fraction"": 0.9128290747425386, ""kernel_alignment"": -0.004603831745823429, ""n_modules"": 56, ""near_row_cosine"": -0.001840066553735856, ""surround_row_cosine"": 0.001612865520233494}"
8,17634,plain,100,"{""center_surround_contrast"": -0.0031890528324376127, ""definition"": ""Entropy effective rank and normalized alignment between cyclic +/-1 and +/-2 LoRA-B row-cosine profiles and the fixed SSR target weights (+1, -0.2)."", ""effective_rank"": 7.4903773452554425, ""effective_rank_fraction"": 0.9362971681569303, ""kernel_alignment"": -0.0019671535529986227, ""n_modules"": 56, ""near_row_cosine"": -0.00046496416743886074, ""surround_row_cosine"": 0.0027240886706749734}"
8,17634,ssr,1,"{""center_surround_contrast"": 0.014845952645243545, ""definition"": ""Entropy effective rank and normalized alignment between cyclic +/-1 and +/-2 LoRA-B row-cosine profiles and the fixed SSR target weights (+1, -0.2)."", ""effective_rank"": 6.07828858920506, ""effective_rank_fraction"": 0.7597860736506326, ""kernel_alignment"": 0.022129665140320345, ""n_modules"": 56, ""near_row_cosine"": 0.014617283272465491, ""surround_row_cosine"": -0.00022866938473141218}"
8,17634,ssr,2,"{""center_surround_contrast"": 0.032568420246077166, ""definition"": ""Entropy effective rank and normalized alignment between cyclic +/-1 and +/-2 LoRA-B row-cosine profiles and the fixed SSR target weights (+1, -0.2)."", ""effective_rank"": 6.407245859503746, ""effective_rank_fraction"": 0.8009057324379683, ""kernel_alignment"": 0.05023306448180977, ""n_modules"": 56, ""near_row_cosine"": 0.029149708170215102, ""surround_row_cosine"": -0.003418712397823193}"
8,17634,ssr,5,"{""center_surround_contrast"": 0.07836090874791678, ""definition"": ""Entropy effective rank and normalized alignment between cyclic +/-1 and +/-2 LoRA-B row-cosine profiles and the fixed SSR target weights (+1, -0.2)."", ""effective_rank"": 6.617739036679268, ""effective_rank_fraction"": 0.8272173795849085, ""kernel_alignment"": 0.12530666972244425, ""n_modules"": 56, ""near_row_cosine"": 0.0689592419325241, ""surround_row_cosine"": -0.00940166691491738}"
8,17634,ssr,10,"{""center_surround_contrast"": 0.1345879665043737, ""definition"": ""Entropy effective rank and normalized alignment between cyclic +/-1 and +/-2 LoRA-B row-cosine profiles and the fixed SSR target weights (+1, -0.2)."", ""effective_rank"": 6.7657182067632675, ""effective_rank_fraction"": 0.8457147758454084, ""kernel_alignment"": 0.2259425767697394, ""n_modules"": 56, ""near_row_cosine"": 0.12353297908391271, ""surround_row_cosine"": -0.011054987354782497}"
8,17634,ssr,25,"{""center_surround_contrast"": 0.250923107777323, ""definition"": ""Entropy effective rank and normalized alignment between cyclic +/-1 and +/-2 LoRA-B row-cosine profiles and the fixed SSR target weights (+1, -0.2)."", ""effective_rank"": 7.0566267520189285, ""effective_rank_fraction"": 0.8820783440023661, ""kernel_alignment"": 0.4554368471726775, ""n_modules"": 56, ""near_row_cosine"": 0.2517327690230948, ""surround_row_cosine"": 0.0008096612785136262}"
8,17634,ssr,50,"{""center_surround_contrast"": 0.3289926984746541, ""definition"": ""Entropy effective rank and normalized alignment between cyclic +/-1 and +/-2 LoRA-B row-cosine profiles and the fixed SSR target weights (+1, -0.2)."", ""effective_rank"": 7.245254959378924, ""effective_rank_fraction"": 0.9056568699223655, ""kernel_alignment"": 0.6216766389885119, ""n_modules"": 56, ""near_row_cosine"": 0.3790121961917196, ""surround_row_cosine"": 0.050019497843875015}"
8,17634,ssr,100,"{""center_surround_contrast"": 0.361967470629939, ""definition"": ""Entropy effective rank and normalized alignment between cyclic +/-1 and +/-2 LoRA-B row-cosine profiles and the fixed SSR target weights (+1, -0.2)."", ""effective_rank"": 7.459731951355934, ""effective_rank_fraction"": 0.9324664939194918, ""kernel_alignment"": 0.7156124881335667, ""n_modules"": 56, ""near_row_cosine"": 0.5081567869388631, ""surround_row_cosine"": 0.14618931690763148}"
8,17635,plain,1,"{""center_surround_contrast"": -0.007228671463183543, ""definition"": ""Entropy effective rank and normalized alignment between cyclic +/-1 and +/-2 LoRA-B row-cosine profiles and the fixed SSR target weights (+1, -0.2)."", ""effective_rank"": 5.656208614153521, ""effective_rank_fraction"": 0.7070260767691902, ""kernel_alignment"": -0.004508273467373718, ""n_modules"": 56, ""near_row_cosine"": -0.0028679930674115894, ""surround_row_cosine"": 0.004360678508549296}"
8,17635,plain,2,"{""center_surround_contrast"": -0.0029283750908299616, ""definition"": ""Entropy effective rank and normalized alignment between cyclic +/-1 and +/-2 LoRA-B row-cosine profiles and the fixed SSR target weights (+1, -0.2)."", ""effective_rank"": 6.108979353947299, ""effective_rank_fraction"": 0.7636224192434123, ""kernel_alignment"": -0.0009933424710522687, ""n_modules"": 56, ""near_row_cosine"": -0.00043177586729013583, ""surround_row_cosine"": 0.002496599442695567}"
8,17635,plain,5,"{""center_surround_contrast"": 4.210727326738246e-05, ""definition"": ""Entropy effective rank and normalized alignment between cyclic +/-1 and +/-2 LoRA-B row-cosine profiles and the fixed SSR target weights (+1, -0.2)."", ""effective_rank"": 6.469721834574427, ""effective_rank_fraction"": 0.8087152293218034, ""kernel_alignment"": -0.00041404549327645726, ""n_modules"": 56, ""near_row_cosine"": -0.00022182761754915452, ""surround_row_cosine"": -0.00026393493408249924}"
8,17635,plain,10,"{""center_surround_contrast"": -0.004030350399261806, ""definition"": ""Entropy effective rank and normalized alignment between cyclic +/-1 and +/-2 LoRA-B row-cosine profiles and the fixed SSR target weights (+1, -0.2)."", ""effective_rank"": 6.7285959060703, ""effective_rank_fraction"": 0.8410744882587875, ""kernel_alignment"": -0.0037005208749698276, ""n_modules"": 56, ""near_row_cosine"": -0.0017091303468207894, ""surround_row_cosine"": 0.0023212199590229177}"
8,17635,plain,25,"{""center_surround_contrast"": 0.0001241958593059929, ""definition"": ""Entropy effective rank and normalized alignment between cyclic +/-1 and +/-2 LoRA-B row-cosine profiles and the fixed SSR target weights (+1, -0.2)."", ""effective_rank"": 7.079242714813777, ""effective_rank_fraction"": 0.8849053393517221, ""kernel_alignment"": 0.000691997497077474, ""n_modules"": 56, ""near_row_cosine"": 0.0003993131306937616, ""surround_row_cosine"": 0.0002751172903897116}"
8,17635,plain,50,"{""center_surround_contrast"": -0.00038862275583336934, ""definition"": ""Entropy effective rank and normalized alignment between cyclic +/-1 and +/-2 LoRA-B row-cosine profiles and the fixed SSR target weights (+1, -0.2)."", ""effective_rank"": 7.306604515228953, ""effective_rank_fraction"": 0.9133255644036191, ""kernel_alignment"": 0.0031380506473267034, ""n_modules"": 56, ""near_row_cosine"": 0.002060801665850574, ""surround_row_cosine"": 0.002449424379765982}"
8,17635,plain,100,"{""center_surround_contrast"": -0.0016148099457495846, ""definition"": ""Entropy effective rank and normalized alignment between cyclic +/-1 and +/-2 LoRA-B row-cosine profiles and the fixed SSR target weights (+1, -0.2)."", ""effective_rank"": 7.51160631435258, ""effective_rank_fraction"": 0.9389507892940725, ""kernel_alignment"": -0.0023524412073519284, ""n_modules"": 56, ""near_row_cosine"": -0.0008563539668102749, ""surround_row_cosine"": 0.000758455978679454}"
8,17635,ssr,1,"{""center_surround_contrast"": 0.01713565689819266, ""definition"": ""Entropy effective rank and normalized alignment between cyclic +/-1 and +/-2 LoRA-B row-cosine profiles and the fixed SSR target weights (+1, -0.2)."", ""effective_rank"": 5.656192944518157, ""effective_rank_fraction"": 0.7070241180647696, ""kernel_alignment"": 0.027065007511867276, ""n_modules"": 56, ""near_row_cosine"": 0.017550002632820645, ""surround_row_cosine"": 0.0004143460215085984}"
8,17635,ssr,2,"{""center_surround_contrast"": 0.03558059429295619, ""definition"": ""Entropy effective rank and normalized alignment between cyclic +/-1 and +/-2 LoRA-B row-cosine profiles and the fixed SSR target weights (+1, -0.2)."", ""effective_rank"": 6.096940513168063, ""effective_rank_fraction"": 0.7621175641460078, ""kernel_alignment"": 0.05436082510381571, ""n_modules"": 56, ""near_row_cosine"": 0.03298254261088524, ""surround_row_cosine"": -0.0025980517018199733}"
8,17635,ssr,5,"{""center_surround_contrast"": 0.078225842835049, ""definition"": ""Entropy effective rank and normalized alignment between cyclic +/-1 and +/-2 LoRA-B row-cosine profiles and the fixed SSR target weights (+1, -0.2)."", ""effective_rank"": 6.4533089473843575, ""effective_rank_fraction"": 0.8066636184230447, ""kernel_alignment"": 0.12280121472265039, ""n_modules"": 56, ""near_row_cosine"": 0.06934093586668105, ""surround_row_cosine"": -0.008884907015661676}"
8,17635,ssr,10,"{""center_surround_contrast"": 0.13428271781387074, ""definition"": ""Entropy effective rank and normalized alignment between cyclic +/-1 and +/-2 LoRA-B row-cosine profiles and the fixed SSR target weights (+1, -0.2)."", ""effective_rank"": 6.8035515908684046, ""effective_rank_fraction"": 0.8504439488585506, ""kernel_alignment"": 0.22834514786622354, ""n_modules"": 56, ""near_row_cosine"": 0.12289848577763353, ""surround_row_cosine"": -0.011384232612596992}"
8,17635,ssr,25,"{""center_surround_contrast"": 0.24801441215510878, ""definition"": ""Entropy effective rank and normalized alignment between cyclic +/-1 and +/-2 LoRA-B row-cosine profiles and the fixed SSR target weights (+1, -0.2)."", ""effective_rank"": 7.024193210261209, ""effective_rank_fraction"": 0.8780241512826511, ""kernel_alignment"": 0.44670807889529635, ""n_modules"": 56, ""near_row_cosine"": 0.24895296012982726, ""surround_row_cosine"": 0.0009385490963852915}"
8,17635,ssr,50,"{""center_surround_contrast"": 0.32485238409468103, ""definition"": ""Entropy effective rank and normalized alignment between cyclic +/-1 and +/-2 LoRA-B row-cosine profiles and the fixed SSR target weights (+1, -0.2)."", ""effective_rank"": 7.251688491020884, ""effective_rank_fraction"": 0.9064610613776105, ""kernel_alignment"": 0.6164143939635583, ""n_modules"": 56, ""near_row_cosine"": 0.3765474086893456, ""surround_row_cosine"": 0.051695025085272}"
8,17635,ssr,100,"{""center_surround_contrast"": 0.36145726684480906, ""definition"": ""Entropy effective rank and normalized alignment between cyclic +/-1 and +/-2 LoRA-B row-cosine profiles and the fixed SSR target weights (+1, -0.2)."", ""effective_rank"": 7.417892028178487, ""effective_rank_fraction"": 0.9272365035223109, ""kernel_alignment"": 0.7123248952307871, ""n_modules"": 56, ""near_row_cosine"": 0.5076814212703279, ""surround_row_cosine"": 0.14622415229678154}"
8,17636,plain,1,"{""center_surround_contrast"": -0.009395662505994551, ""definition"": ""Entropy effective rank and normalized alignment between cyclic +/-1 and +/-2 LoRA-B row-cosine profiles and the fixed SSR target weights (+1, -0.2)."", ""effective_rank"": 6.086273155042104, ""effective_rank_fraction"": 0.760784144380263, ""kernel_alignment"": -0.00615253527004305, ""n_modules"": 56, ""near_row_cosine"": -0.004004485422878393, ""surround_row_cosine"": 0.005391177191735811}"
8,17636,plain,2,"{""center_surround_contrast"": -0.00886038983194989, ""definition"": ""Entropy effective rank and normalized alignment between cyclic +/-1 and +/-2 LoRA-B row-cosine profiles and the fixed SSR target weights (+1, -0.2)."", ""effective_rank"": 6.246572409357343, ""effective_rank_fraction"": 0.7808215511696679, ""kernel_alignment"": -0.006741583459578189, ""n_modules"": 56, ""near_row_cosine"": -0.0041264900299730865, ""surround_row_cosine"": 0.004733899921640321}"
8,17636,plain,5,"{""center_surround_contrast"": -0.007603209863321224, ""definition"": ""Entropy effective rank and normalized alignment between cyclic +/-1 and +/-2 LoRA-B row-cosine profiles and the fixed SSR target weights (+1, -0.2)."", ""effective_rank"": 6.571555636823177, ""effective_rank_fraction"": 0.8214444546028972, ""kernel_alignment"": -0.004743913319219116, ""n_modules"": 56, ""near_row_cosine"": -0.0021261298609585666, ""surround_row_cosine"": 0.0054770798976408385}"
8,17636,plain,10,"{""center_surround_contrast"": -0.004894376094203575, ""definition"": ""Entropy effective rank and normalized alignment between cyclic +/-1 and +/-2 LoRA-B row-cosine profiles and the fixed SSR target weights (+1, -0.2)."", ""effective_rank"": 6.755111260073526, ""effective_rank_fraction"": 0.8443889075091907, ""kernel_alignment"": -0.0025628344632683104, ""n_modules"": 56, ""near_row_cosine"": -0.0007874886589109207, ""surround_row_cosine"": 0.004106887479013364}"
8,17636,plain,25,"{""center_surround_contrast"": -0.005475338600392985, ""definition"": ""Entropy effective rank and normalized alignment between cyclic +/-1 and +/-2 LoRA-B row-cosine profiles and the fixed SSR target weights (+1, -0.2)."", ""effective_rank"": 7.099117764404841, ""effective_rank_fraction"": 0.8873897205506052, ""kernel_alignment"": -0.005398769946623361, ""n_modules"": 56, ""near_row_cosine"": -0.0022528610477041055, ""surround_row_cosine"": 0.0032224775851708337}"
8,17636,plain,50,"{""center_surround_contrast"": -0.0032314962112910245, ""definition"": ""Entropy effective rank and normalized alignment between cyclic +/-1 and +/-2 LoRA-B row-cosine profiles and the fixed SSR target weights (+1, -0.2)."", ""effective_rank"": 7.332862251571246, ""effective_rank_fraction"": 0.9166077814464058, ""kernel_alignment"": -0.002220394128796345, ""n_modules"": 56, ""near_row_cosine"": -0.000630920414063699, ""surround_row_cosine"": 0.0026005758372775745}"
8,17636,plain,100,"{""center_surround_contrast"": -0.001657761976405579, ""definition"": ""Entropy effective rank and normalized alignment between cyclic +/-1 and +/-2 LoRA-B row-cosine profiles and the fixed SSR target weights (+1, -0.2)."", ""effective_rank"": 7.505258973155703, ""effective_rank_fraction"": 0.9381573716444629, ""kernel_alignment"": -0.0039003429013584013, ""n_modules"": 56, ""near_row_cosine"": -0.0017568937577639838, ""surround_row_cosine"": -9.913176134952143e-05}"
8,17636,ssr,1,"{""center_surround_contrast"": 0.014776034642376805, ""definition"": ""Entropy effective rank and normalized alignment between cyclic +/-1 and +/-2 LoRA-B row-cosine profiles and the fixed SSR target weights (+1, -0.2)."", ""effective_rank"": 6.086181966321809, ""effective_rank_fraction"": 0.7607727457902261, ""kernel_alignment"": 0.025466738861203857, ""n_modules"": 56, ""near_row_cosine"": 0.016221588131884346, ""surround_row_cosine"": 0.0014455532410855604}"
8,17636,ssr,2,"{""center_surround_contrast"": 0.030188439401691927, ""definition"": ""Entropy effective rank and normalized alignment between cyclic +/-1 and +/-2 LoRA-B row-cosine profiles and the fixed SSR target weights (+1, -0.2)."", ""effective_rank"": 6.241681344807148, ""effective_rank_fraction"": 0.7802101681008935, ""kernel_alignment"": 0.047413578691963006, ""n_modules"": 56, ""near_row_cosine"": 0.028769763864277462, ""surround_row_cosine"": -0.0014186756257004163}"
8,17636,ssr,5,"{""center_surround_contrast"": 0.07599767769819923, ""definition"": ""Entropy effective rank and normalized alignment between cyclic +/-1 and +/-2 LoRA-B row-cosine profiles and the fixed SSR target weights (+1, -0.2)."", ""effective_rank"": 6.50524763656514, ""effective_rank_fraction"": 0.8131559545706425, ""kernel_alignment"": 0.12074913926023458, ""n_modules"": 56, ""near_row_cosine"": 0.06818004213606141, ""surround_row_cosine"": -0.007817635087121744}"
8,17636,ssr,10,"{""center_surround_contrast"": 0.13646255090965756, ""definition"": ""Entropy effective rank and normalized alignment between cyclic +/-1 and +/-2 LoRA-B row-cosine profiles and the fixed SSR target weights (+1, -0.2)."", ""effective_rank"": 6.648848955120359, ""effective_rank_fraction"": 0.8311061193900449, ""kernel_alignment"": 0.22164073307067156, ""n_modules"": 56, ""near_row_cosine"": 0.12346557454605188, ""surround_row_cosine"": -0.012996976635934385}"
8,17636,ssr,25,"{""center_surround_contrast"": 0.2470850168195154, ""definition"": ""Entropy effective rank and normalized alignment between cyclic +/-1 and +/-2 LoRA-B row-cosine profiles and the fixed SSR target weights (+1, -0.2)."", ""effective_rank"": 7.015985882708005, ""effective_rank_fraction"": 0.8769982353385006, ""kernel_alignment"": 0.44379053038677996, ""n_modules"": 56, ""near_row_cosine"": 0.2473224007657596, ""surround_row_cosine"": 0.0002373847349710038}"
8,17636,ssr,50,"{""center_surround_contrast"": 0.32610600627958775, ""definition"": ""Entropy effective rank and normalized alignment between cyclic +/-1 and +/-2 LoRA-B row-cosine profiles and the fixed SSR target weights (+1, -0.2)."", ""effective_rank"": 7.263199197394507, ""effective_rank_fraction"": 0.9078998996743134, ""kernel_alignment"": 0.6187992226332426, ""n_modules"": 56, ""near_row_cosine"": 0.3763717314494508, ""surround_row_cosine"": 0.05026572608455483}"
8,17636,ssr,100,"{""center_surround_contrast"": 0.36000988685658997, ""definition"": ""Entropy effective rank and normalized alignment between cyclic +/-1 and +/-2 LoRA-B row-cosine profiles and the fixed SSR target weights (+1, -0.2)."", ""effective_rank"": 7.473208825503077, ""effective_rank_fraction"": 0.9341511031878846, ""kernel_alignment"": 0.7139789893158844, ""n_modules"": 56, ""near_row_cosine"": 0.5076537564662951, ""surround_row_cosine"": 0.14764387170518084}"
8,17637,plain,1,"{""center_surround_contrast"": -0.0031973810255294666, ""definition"": ""Entropy effective rank and normalized alignment between cyclic +/-1 and +/-2 LoRA-B row-cosine profiles and the fixed SSR target weights (+1, -0.2)."", ""effective_rank"": 6.219182782939502, ""effective_rank_fraction"": 0.7773978478674377, ""kernel_alignment"": -0.003280970858846948, ""n_modules"": 56, ""near_row_cosine"": -0.002120683283594969, ""surround_row_cosine"": 0.0010766979836002325}"
8,17637,plain,2,"{""center_surround_contrast"": -0.0030554550342328313, ""definition"": ""Entropy effective rank and normalized alignment between cyclic +/-1 and +/-2 LoRA-B row-cosine profiles and the fixed SSR target weights (+1, -0.2)."", ""effective_rank"": 6.212965401155608, ""effective_rank_fraction"": 0.776620675144451, ""kernel_alignment"": -0.004850174512414794, ""n_modules"": 56, ""near_row_cosine"": -0.0029501213315857706, ""surround_row_cosine"": 0.00010533378651546494}"
8,17637,plain,5,"{""center_surround_contrast"": -0.00184843986893871, ""definition"": ""Entropy effective rank and normalized alignment between cyclic +/-1 and +/-2 LoRA-B row-cosine profiles and the fixed SSR target weights (+1, -0.2)."", ""effective_rank"": 6.518670318382127, ""effective_rank_fraction"": 0.8148337897977659, ""kernel_alignment"": -0.00012129649465870388, ""n_modules"": 56, ""near_row_cosine"": 0.000656788269095289, ""surround_row_cosine"": 0.0025052281567436046}"
8,17637,plain,10,"{""center_surround_contrast"": -0.005691751090385618, ""definition"": ""Entropy effective rank and normalized alignment between cyclic +/-1 and +/-2 LoRA-B row-cosine profiles and the fixed SSR target weights (+1, -0.2)."", ""effective_rank"": 6.87168460232871, ""effective_rank_fraction"": 0.8589605752910887, ""kernel_alignment"": -0.003519758268469429, ""n_modules"": 56, ""near_row_cosine"": -0.00080047884382241, ""surround_row_cosine"": 0.004891272150416626}"
8,17637,plain,25,"{""center_surround_contrast"": -0.005866169558430556, ""definition"": ""Entropy effective rank and normalized alignment between cyclic +/-1 and +/-2 LoRA-B row-cosine profiles and the fixed SSR target weights (+1, -0.2)."", ""effective_rank"": 7.139053908841951, ""effective_rank_fraction"": 0.8923817386052438, ""kernel_alignment"": -0.008368521698425216, ""n_modules"": 56, ""near_row_cosine"": -0.003446641527781529, ""surround_row_cosine"": 0.0024195279167023337}"
8,17637,plain,50,"{""center_surround_contrast"": -0.004527495021258281, ""definition"": ""Entropy effective rank and normalized alignment between cyclic +/-1 and +/-2 LoRA-B row-cosine profiles and the fixed SSR target weights (+1, -0.2)."", ""effective_rank"": 7.329106654439654, ""effective_rank_fraction"": 0.9161383318049567, ""kernel_alignment"": -0.007651557222873505, ""n_modules"": 56, ""near_row_cosine"": -0.003179560368023106, ""surround_row_cosine"": 0.0013479345631302359}"
8,17637,plain,100,"{""center_surround_contrast"": -0.0035019042035336107, ""definition"": ""Entropy effective rank and normalized alignment between cyclic +/-1 and +/-2 LoRA-B row-cosine profiles and the fixed SSR target weights (+1, -0.2)."", ""effective_rank"": 7.485416201608522, ""effective_rank_fraction"": 0.9356770252010652, ""kernel_alignment"": -0.0046093635958511315, ""n_modules"": 56, ""near_row_cosine"": -0.0016892842686502263, ""surround_row_cosine"": 0.001812620018686825}"
8,17637,ssr,1,"{""center_surround_contrast"": 0.020514155735976862, ""definition"": ""Entropy effective rank and normalized alignment between cyclic +/-1 and +/-2 LoRA-B row-cosine profiles and the fixed SSR target weights (+1, -0.2)."", ""effective_rank"": 6.219083884997027, ""effective_rank_fraction"": 0.7773854856246284, ""kernel_alignment"": 0.028165864036834267, ""n_modules"": 56, ""near_row_cosine"": 0.017730484233847425, ""surround_row_cosine"": -0.002783671622247701}"
8,17637,ssr,2,"{""center_surround_contrast"": 0.03771237219500888, ""definition"": ""Entropy effective rank and normalized alignment between cyclic +/-1 and +/-2 LoRA-B row-cosine profiles and the fixed SSR target weights (+1, -0.2)."", ""effective_rank"": 6.2139119399445395, ""effective_rank_fraction"": 0.7767389924930674, ""kernel_alignment"": 0.0518833835397215, ""n_modules"": 56, ""near_row_cosine"": 0.031169235462065056, ""surround_row_cosine"": -0.006543136699942157}"
8,17637,ssr,5,"{""center_surround_contrast"": 0.08025624717785311, ""definition"": ""Entropy effective rank and normalized alignment between cyclic +/-1 and +/-2 LoRA-B row-cosine profiles and the fixed SSR target weights (+1, -0.2)."", ""effective_rank"": 6.53634716038193, ""effective_rank_fraction"": 0.8170433950477413, ""kernel_alignment"": 0.1278854839370719, ""n_modules"": 56, ""near_row_cosine"": 0.07241316089805748, ""surround_row_cosine"": -0.007843086313966654}"
8,17637,ssr,10,"{""center_surround_contrast"": 0.13161937722803227, ""definition"": ""Entropy effective rank and normalized alignment between cyclic +/-1 and +/-2 LoRA-B row-cosine profiles and the fixed SSR target weights (+1, -0.2)."", ""effective_rank"": 6.845962216811521, ""effective_rank_fraction"": 0.8557452771014401, ""kernel_alignment"": 0.22725935865725788, ""n_modules"": 56, ""near_row_cosine"": 0.12231008296034165, ""surround_row_cosine"": -0.009309294562366892}"
8,17637,ssr,25,"{""center_surround_contrast"": 0.25227973403941306, ""definition"": ""Entropy effective rank and normalized alignment between cyclic +/-1 and +/-2 LoRA-B row-cosine profiles and the fixed SSR target weights (+1, -0.2)."", ""effective_rank"": 7.04525172497545, ""effective_rank_fraction"": 0.8806564656219312, ""kernel_alignment"": 0.4589059402101806, ""n_modules"": 56, ""near_row_cosine"": 0.2557794095150062, ""surround_row_cosine"": 0.00349967785210278}"
8,17637,ssr,50,"{""center_surround_contrast"": 0.32773372903466225, ""definition"": ""Entropy effective rank and normalized alignment between cyclic +/-1 and +/-2 LoRA-B row-cosine profiles and the fixed SSR target weights (+1, -0.2)."", ""effective_rank"": 7.2997551666838785, ""effective_rank_fraction"": 0.9124693958354848, ""kernel_alignment"": 0.6245205628552607, ""n_modules"": 56, ""near_row_cosine"": 0.3813372340851596, ""surround_row_cosine"": 0.053603502277318124}"
8,17637,ssr,100,"{""center_surround_contrast"": 0.3620214177561658, ""definition"": ""Entropy effective rank and normalized alignment between cyclic +/-1 and +/-2 LoRA-B row-cosine profiles and the fixed SSR target weights (+1, -0.2)."", ""effective_rank"": 7.475335044520242, ""effective_rank_fraction"": 0.9344168805650303, ""kernel_alignment"": 0.7166028376668692, ""n_modules"": 56, ""near_row_cosine"": 0.5108470259500402, ""surround_row_cosine"": 0.14882560666384442}"
8,17638,plain,1,"{""center_surround_contrast"": -0.008127618523888356, ""definition"": ""Entropy effective rank and normalized alignment between cyclic +/-1 and +/-2 LoRA-B row-cosine profiles and the fixed SSR target weights (+1, -0.2)."", ""effective_rank"": 6.233139046600886, ""effective_rank_fraction"": 0.7791423808251108, ""kernel_alignment"": -0.00723547017124864, ""n_modules"": 56, ""near_row_cosine"": -0.004720160679555972, ""surround_row_cosine"": 0.0034074577311652577}"
8,17638,plain,2,"{""center_surround_contrast"": -0.002280346702069177, ""definition"": ""Entropy effective rank and normalized alignment between cyclic +/-1 and +/-2 LoRA-B row-cosine profiles and the fixed SSR target weights (+1, -0.2)."", ""effective_rank"": 6.315330566040108, ""effective_rank_fraction"": 0.7894163207550134, ""kernel_alignment"": -0.002661402970261406, ""n_modules"": 56, ""near_row_cosine"": -0.00198203415961221, ""surround_row_cosine"": 0.00029831278880010364}"
8,17638,plain,5,"{""center_surround_contrast"": -0.0063867452575193185, ""definition"": ""Entropy effective rank and normalized alignment between cyclic +/-1 and +/-2 LoRA-B row-cosine profiles and the fixed SSR target weights (+1, -0.2)."", ""effective_rank"": 6.453724912234716, ""effective_rank_fraction"": 0.8067156140293394, ""kernel_alignment"": -0.007543209835213409, ""n_modules"": 56, ""near_row_cosine"": -0.004428962852476356, ""surround_row_cosine"": 0.001957782421543795}"
8,17638,plain,10,"{""center_surround_contrast"": -0.0026592557790406446, ""definition"": ""Entropy effective rank and normalized alignment between cyclic +/-1 and +/-2 LoRA-B row-cosine profiles and the fixed SSR target weights (+1, -0.2)."", ""effective_rank"": 6.637664952448436, ""effective_rank_fraction"": 0.8297081190560545, ""kernel_alignment"": -0.0014280595895408102, ""n_modules"": 56, ""near_row_cosine"": -0.0007042464663494943, ""surround_row_cosine"": 0.0019550091830231914}"
8,17638,plain,25,"{""center_surround_contrast"": -0.005344511791398483, ""definition"": ""Entropy effective rank and normalized alignment between cyclic +/-1 and +/-2 LoRA-B row-cosine profiles and the fixed SSR target weights (+1, -0.2)."", ""effective_rank"": 7.030001589230128, ""effective_rank_fraction"": 0.878750198653766, ""kernel_alignment"": -0.006197245140161353, ""n_modules"": 56, ""near_row_cosine"": -0.0027918204042569933, ""surround_row_cosine"": 0.0025526913154213355}"
8,17638,plain,50,"{""center_surround_contrast"": -0.0007702221804980322, ""definition"": ""Entropy effective rank and normalized alignment between cyclic +/-1 and +/-2 LoRA-B row-cosine profiles and the fixed SSR target weights (+1, -0.2)."", ""effective_rank"": 7.256882169416972, ""effective_rank_fraction"": 0.9071102711771215, ""kernel_alignment"": -2.922127766526373e-05, ""n_modules"": 56, ""near_row_cosine"": 0.00011560265167125705, ""surround_row_cosine"": 0.0008858248546427408}"
8,17638,plain,100,"{""center_surround_contrast"": -0.0027868673028673845, ""definition"": ""Entropy effective rank and normalized alignment between cyclic +/-1 and +/-2 LoRA-B row-cosine profiles and the fixed SSR target weights (+1, -0.2)."", ""effective_rank"": 7.450425656778472, ""effective_rank_fraction"": 0.931303207097309, ""kernel_alignment"": -0.004098027069890772, ""n_modules"": 56, ""near_row_cosine"": -0.0017698141941114695, ""surround_row_cosine"": 0.0010170530868062347}"
8,17638,ssr,1,"{""center_surround_contrast"": 0.01611740776570514, ""definition"": ""Entropy effective rank and normalized alignment between cyclic +/-1 and +/-2 LoRA-B row-cosine profiles and the fixed SSR target weights (+1, -0.2)."", ""effective_rank"": 6.233236263905253, ""effective_rank_fraction"": 0.7791545329881566, ""kernel_alignment"": 0.024839297208278106, ""n_modules"": 56, ""near_row_cosine"": 0.015478686558448577, ""surround_row_cosine"": -0.0006387213726871518}"
8,17638,ssr,2,"{""center_surround_contrast"": 0.03907390561237532, ""definition"": ""Entropy effective rank and normalized alignment between cyclic +/-1 and +/-2 LoRA-B row-cosine profiles and the fixed SSR target weights (+1, -0.2)."", ""effective_rank"": 6.306586827550616, ""effective_rank_fraction"": 0.788323353443827, ""kernel_alignment"": 0.05613305864764178, ""n_modules"": 56, ""near_row_cosine"": 0.03309884236244086, ""surround_row_cosine"": -0.00597506293213103}"
8,17638,ssr,5,"{""center_surround_contrast"": 0.07710196343915802, ""definition"": ""Entropy effective rank and normalized alignment between cyclic +/-1 and +/-2 LoRA-B row-cosine profiles and the fixed SSR target weights (+1, -0.2)."", ""effective_rank"": 6.452586408172335, ""effective_rank_fraction"": 0.8065733010215419, ""kernel_alignment"": 0.11939402223963823, ""n_modules"": 56, ""near_row_cosine"": 0.06809785084000655, ""surround_row_cosine"": -0.009004112705952139}"
8,17638,ssr,10,"{""center_surround_contrast"": 0.1349691590626857, ""definition"": ""Entropy effective rank and normalized alignment between cyclic +/-1 and +/-2 LoRA-B row-cosine profiles and the fixed SSR target weights (+1, -0.2)."", ""effective_rank"": 6.614693407501493, ""effective_rank_fraction"": 0.8268366759376866, ""kernel_alignment"": 0.219044068628656, ""n_modules"": 56, ""near_row_cosine"": 0.12099728753258075, ""surround_row_cosine"": -0.013971869460614732}"
8,17638,ssr,25,"{""center_surround_contrast"": 0.24782559495153172, ""definition"": ""Entropy effective rank and normalized alignment between cyclic +/-1 and +/-2 LoRA-B row-cosine profiles and the fixed SSR target weights (+1, -0.2)."", ""effective_rank"": 6.9957346724612375, ""effective_rank_fraction"": 0.8744668340576547, ""kernel_alignment"": 0.4421047440596989, ""n_modules"": 56, ""near_row_cosine"": 0.2454155667551926, ""surround_row_cosine"": -0.002410028127282463}"
8,17638,ssr,50,"{""center_surround_contrast"": 0.3258166407634105, ""definition"": ""Entropy effective rank and normalized alignment between cyclic +/-1 and +/-2 LoRA-B row-cosine profiles and the fixed SSR target weights (+1, -0.2)."", ""effective_rank"": 7.20303483733109, ""effective_rank_fraction"": 0.9003793546663863, ""kernel_alignment"": 0.6136953797457474, ""n_modules"": 56, ""near_row_cosine"": 0.37533214102898327, ""surround_row_cosine"": 0.049515499242780994}"
8,17638,ssr,100,"{""center_surround_contrast"": 0.35971845087728327, ""definition"": ""Entropy effective rank and normalized alignment between cyclic +/-1 and +/-2 LoRA-B row-cosine profiles and the fixed SSR target weights (+1, -0.2)."", ""effective_rank"": 7.4274628183671405, ""effective_rank_fraction"": 0.9284328522958926, ""kernel_alignment"": 0.7095796455230031, ""n_modules"": 56, ""near_row_cosine"": 0.5041491647383997, ""surround_row_cosine"": 0.14443071199847118}"
8,17639,plain,1,"{""center_surround_contrast"": -0.006254095752540577, ""definition"": ""Entropy effective rank and normalized alignment between cyclic +/-1 and +/-2 LoRA-B row-cosine profiles and the fixed SSR target weights (+1, -0.2)."", ""effective_rank"": 5.842116282454558, ""effective_rank_fraction"": 0.7302645353068198, ""kernel_alignment"": -0.005964641436094098, ""n_modules"": 56, ""near_row_cosine"": -0.004006802860073678, ""surround_row_cosine"": 0.002247292977244797}"
8,17639,plain,2,"{""center_surround_contrast"": -0.01288952508080651, ""definition"": ""Entropy effective rank and normalized alignment between cyclic +/-1 and +/-2 LoRA-B row-cosine profiles and the fixed SSR target weights (+1, -0.2)."", ""effective_rank"": 6.112443108643804, ""effective_rank_fraction"": 0.7640553885804755, ""kernel_alignment"": -0.01225007267352599, ""n_modules"": 56, ""near_row_cosine"": -0.006587434925677371, ""surround_row_cosine"": 0.006302090059502267}"
8,17639,plain,5,"{""center_surround_contrast"": -0.009457387451090784, ""definition"": ""Entropy effective rank and normalized alignment between cyclic +/-1 and +/-2 LoRA-B row-cosine profiles and the fixed SSR target weights (+1, -0.2)."", ""effective_rank"": 6.17070834338665, ""effective_rank_fraction"": 0.7713385429233313, ""kernel_alignment"": -0.009819658809387226, ""n_modules"": 56, ""near_row_cosine"": -0.005193123473873129, ""surround_row_cosine"": 0.004264263867558579}"
8,17639,plain,10,"{""center_surround_contrast"": -0.009613942297749287, ""definition"": ""Entropy effective rank and normalized alignment between cyclic +/-1 and +/-2 LoRA-B row-cosine profiles and the fixed SSR target weights (+1, -0.2)."", ""effective_rank"": 6.412535209740911, ""effective_rank_fraction"": 0.8015669012176139, ""kernel_alignment"": -0.006815388004984665, ""n_modules"": 56, ""near_row_cosine"": -0.0028368387313873556, ""surround_row_cosine"": 0.006777103487235893}"
8,17639,plain,25,"{""center_surround_contrast"": -0.009473074989468191, ""definition"": ""Entropy effective rank and normalized alignment between cyclic +/-1 and +/-2 LoRA-B row-cosine profiles and the fixed SSR target weights (+1, -0.2)."", ""effective_rank"": 6.875795300517764, ""effective_rank_fraction"": 0.8594744125647205, ""kernel_alignment"": -0.012384355143045207, ""n_modules"": 56, ""near_row_cosine"": -0.005645327430621754, ""surround_row_cosine"": 0.003827747714045212}"
8,17639,plain,50,"{""center_surround_contrast"": -0.008791022628429346, ""definition"": ""Entropy effective rank and normalized alignment between cyclic +/-1 and +/-2 LoRA-B row-cosine profiles and the fixed SSR target weights (+1, -0.2)."", ""effective_rank"": 7.133031278848648, ""effective_rank_fraction"": 0.891628909856081, ""kernel_alignment"": -0.011472577871115521, ""n_modules"": 56, ""near_row_cosine"": -0.0048866218247504934, ""surround_row_cosine"": 0.0039044007837998962}"
8,17639,plain,100,"{""center_surround_contrast"": -0.005431921090348624, ""definition"": ""Entropy effective rank and normalized alignment between cyclic +/-1 and +/-2 LoRA-B row-cosine profiles and the fixed SSR target weights (+1, -0.2)."", ""effective_rank"": 7.360360305224146, ""effective_rank_fraction"": 0.9200450381530183, ""kernel_alignment"": -0.007803460719385059, ""n_modules"": 56, ""near_row_cosine"": -0.003237866390398787, ""surround_row_cosine"": 0.002194054709661941}"
8,17639,ssr,1,"{""center_surround_contrast"": 0.01617353525112516, ""definition"": ""Entropy effective rank and normalized alignment between cyclic +/-1 and +/-2 LoRA-B row-cosine profiles and the fixed SSR target weights (+1, -0.2)."", ""effective_rank"": 5.842055529356003, ""effective_rank_fraction"": 0.7302569411695004, ""kernel_alignment"": 0.022104311623706963, ""n_modules"": 56, ""near_row_cosine"": 0.014659436113496278, ""surround_row_cosine"": -0.001514099207270192}"
8,17639,ssr,2,"{""center_surround_contrast"": 0.027133064009831287, ""definition"": ""Entropy effective rank and normalized alignment between cyclic +/-1 and +/-2 LoRA-B row-cosine profiles and the fixed SSR target weights (+1, -0.2)."", ""effective_rank"": 6.106830877917154, ""effective_rank_fraction"": 0.7633538597396442, ""kernel_alignment"": 0.04195397823583644, ""n_modules"": 56, ""near_row_cosine"": 0.02667275446804394, ""surround_row_cosine"": -0.0004603097705902266}"
8,17639,ssr,5,"{""center_surround_contrast"": 0.07629612534739343, ""definition"": ""Entropy effective rank and normalized alignment between cyclic +/-1 and +/-2 LoRA-B row-cosine profiles and the fixed SSR target weights (+1, -0.2)."", ""effective_rank"": 6.113511521901403, ""effective_rank_fraction"": 0.7641889402376754, ""kernel_alignment"": 0.11443458908719809, ""n_modules"": 56, ""near_row_cosine"": 0.06845367407160145, ""surround_row_cosine"": -0.007842451952715886}"
8,17639,ssr,10,"{""center_surround_contrast"": 0.13273592183499464, ""definition"": ""Entropy effective rank and normalized alignment between cyclic +/-1 and +/-2 LoRA-B row-cosine profiles and the fixed SSR target weights (+1, -0.2)."", ""effective_rank"": 6.406386736248221, ""effective_rank_fraction"": 0.8007983420310276, ""kernel_alignment"": 0.2154413902732943, ""n_modules"": 56, ""near_row_cosine"": 0.12336575911779489, ""surround_row_cosine"": -0.009370163605646147}"
8,17639,ssr,25,"{""center_surround_contrast"": 0.24564037917714032, ""definition"": ""Entropy effective rank and normalized alignment between cyclic +/-1 and +/-2 LoRA-B row-cosine profiles and the fixed SSR target weights (+1, -0.2)."", ""effective_rank"": 6.857890082257135, ""effective_rank_fraction"": 0.8572362602821418, ""kernel_alignment"": 0.4359717773539679, ""n_modules"": 56, ""near_row_cosine"": 0.24590587077130166, ""surround_row_cosine"": 0.0002654924289475146}"
8,17639,ssr,50,"{""center_surround_contrast"": 0.3249212113608207, ""definition"": ""Entropy effective rank and normalized alignment between cyclic +/-1 and +/-2 LoRA-B row-cosine profiles and the fixed SSR target weights (+1, -0.2)."", ""effective_rank"": 7.10341194484915, ""effective_rank_fraction"": 0.8879264931061438, ""kernel_alignment"": 0.6087707621710641, ""n_modules"": 56, ""near_row_cosine"": 0.37617409349020037, ""surround_row_cosine"": 0.05125288429969389}"
8,17639,ssr,100,"{""center_surround_contrast"": 0.3601764500407236, ""definition"": ""Entropy effective rank and normalized alignment between cyclic +/-1 and +/-2 LoRA-B row-cosine profiles and the fixed SSR target weights (+1, -0.2)."", ""effective_rank"": 7.362564059240477, ""effective_rank_fraction"": 0.9203205074050597, ""kernel_alignment"": 0.7082085021372352, ""n_modules"": 56, ""near_row_cosine"": 0.505955436666097, ""surround_row_cosine"": 0.1457789881221418}"
8,17640,plain,1,"{""center_surround_contrast"": -0.009942332889685141, ""definition"": ""Entropy effective rank and normalized alignment between cyclic +/-1 and +/-2 LoRA-B row-cosine profiles and the fixed SSR target weights (+1, -0.2)."", ""effective_rank"": 5.9460789912513325, ""effective_rank_fraction"": 0.7432598739064166, ""kernel_alignment"": -0.010323877565887025, ""n_modules"": 56, ""near_row_cosine"": -0.00744579263430621, ""surround_row_cosine"": 0.002496540478854773}"
8,17640,plain,2,"{""center_surround_contrast"": -0.009587982534347768, ""definition"": ""Entropy effective rank and normalized alignment between cyclic +/-1 and +/-2 LoRA-B row-cosine profiles and the fixed SSR target weights (+1, -0.2)."", ""effective_rank"": 5.949374819440501, ""effective_rank_fraction"": 0.7436718524300626, ""kernel_alignment"": -0.008748756686405354, ""n_modules"": 56, ""near_row_cosine"": -0.005509907510193963, ""surround_row_cosine"": 0.004078075301159905}"
8,17640,plain,5,"{""center_surround_contrast"": -0.0035853112962545963, ""definition"": ""Entropy effective rank and normalized alignment between cyclic +/-1 and +/-2 LoRA-B row-cosine profiles and the fixed SSR target weights (+1, -0.2)."", ""effective_rank"": 6.288583531975746, ""effective_rank_fraction"": 0.7860729414969683, ""kernel_alignment"": -0.0024698189346444065, ""n_modules"": 56, ""near_row_cosine"": -0.00048044259684892107, ""surround_row_cosine"": 0.0031048686414578697}"
8,17640,plain,10,"{""center_surround_contrast"": -0.0029191556864783964, ""definition"": ""Entropy effective rank and normalized alignment between cyclic +/-1 and +/-2 LoRA-B row-cosine profiles and the fixed SSR target weights (+1, -0.2)."", ""effective_rank"": 6.508914252477033, ""effective_rank_fraction"": 0.8136142815596291, ""kernel_alignment"": -0.000378119713851837, ""n_modules"": 56, ""near_row_cosine"": 0.000768585950871576, ""surround_row_cosine"": 0.0036877414890373727}"
8,17640,plain,25,"{""center_surround_contrast"": -0.0009209390544648547, ""definition"": ""Entropy effective rank and normalized alignment between cyclic +/-1 and +/-2 LoRA-B row-cosine profiles and the fixed SSR target weights (+1, -0.2)."", ""effective_rank"": 6.941215947270393, ""effective_rank_fraction"": 0.8676519934087992, ""kernel_alignment"": 0.0007945502220536584, ""n_modules"": 56, ""near_row_cosine"": 0.001006676303014891, ""surround_row_cosine"": 0.001927615322399236}"
8,17640,plain,50,"{""center_surround_contrast"": -0.0007547465616620944, ""definition"": ""Entropy effective rank and normalized alignment between cyclic +/-1 and +/-2 LoRA-B row-cosine profiles and the fixed SSR target weights (+1, -0.2)."", ""effective_rank"": 7.193814724683762, ""effective_rank_fraction"": 0.8992268405854702, ""kernel_alignment"": -0.00011936360208762513, ""n_modules"": 56, ""near_row_cosine"": 0.00017712580276046139, ""surround_row_cosine"": 0.0009318725419039506}"
8,17640,plain,100,"{""center_surround_contrast"": -0.002878148936880669, ""definition"": ""Entropy effective rank and normalized alignment between cyclic +/-1 and +/-2 LoRA-B row-cosine profiles and the fixed SSR target weights (+1, -0.2)."", ""effective_rank"": 7.435340966497149, ""effective_rank_fraction"": 0.9294176208121436, ""kernel_alignment"": -0.0032499621464532015, ""n_modules"": 56, ""near_row_cosine"": -0.0010332583156663791, ""surround_row_cosine"": 0.0018448905594011325}"
8,17640,ssr,1,"{""center_surround_contrast"": 0.012333437033833303, ""definition"": ""Entropy effective rank and normalized alignment between cyclic +/-1 and +/-2 LoRA-B row-cosine profiles and the fixed SSR target weights (+1, -0.2)."", ""effective_rank"": 5.9464573200259885, ""effective_rank_fraction"": 0.7433071650032486, ""kernel_alignment"": 0.018115259473103964, ""n_modules"": 56, ""near_row_cosine"": 0.011180664367462408, ""surround_row_cosine"": -0.001152772823583551}"
8,17640,ssr,2,"{""center_surround_contrast"": 0.030284828200819902, ""definition"": ""Entropy effective rank and normalized alignment between cyclic +/-1 and +/-2 LoRA-B row-cosine profiles and the fixed SSR target weights (+1, -0.2)."", ""effective_rank"": 5.942487266446863, ""effective_rank_fraction"": 0.7428109083058578, ""kernel_alignment"": 0.0454068877463994, ""n_modules"": 56, ""near_row_cosine"": 0.028337519715673158, ""surround_row_cosine"": -0.001947308416544859}"
8,17640,ssr,5,"{""center_surround_contrast"": 0.07612775096536747, ""definition"": ""Entropy effective rank and normalized alignment between cyclic +/-1 and +/-2 LoRA-B row-cosine profiles and the fixed SSR target weights (+1, -0.2)."", ""effective_rank"": 6.282449311443737, ""effective_rank_fraction"": 0.7853061639304671, ""kernel_alignment"": 0.11557915740247283, ""n_modules"": 56, ""near_row_cosine"": 0.06687058247293212, ""surround_row_cosine"": -0.009257168034569725}"
8,17640,ssr,10,"{""center_surround_contrast"": 0.13553199754096568, ""definition"": ""Entropy effective rank and normalized alignment between cyclic +/-1 and +/-2 LoRA-B row-cosine profiles and the fixed SSR target weights (+1, -0.2)."", ""effective_rank"": 6.511583094085966, ""effective_rank_fraction"": 0.8139478867607457, ""kernel_alignment"": 0.2207601028494537, ""n_modules"": 56, ""near_row_cosine"": 0.1245635002518871, ""surround_row_cosine"": -0.0109684973952296}"
8,17640,ssr,25,"{""center_surround_contrast"": 0.24265018411512884, ""definition"": ""Entropy effective rank and normalized alignment between cyclic +/-1 and +/-2 LoRA-B row-cosine profiles and the fixed SSR target weights (+1, -0.2)."", ""effective_rank"": 6.924992876393454, ""effective_rank_fraction"": 0.8656241095491818, ""kernel_alignment"": 0.43910033415470806, ""n_modules"": 56, ""near_row_cosine"": 0.24832906860059925, ""surround_row_cosine"": 0.005678883937954586}"
8,17640,ssr,50,"{""center_surround_contrast"": 0.32288459728338886, ""definition"": ""Entropy effective rank and normalized alignment between cyclic +/-1 and +/-2 LoRA-B row-cosine profiles and the fixed SSR target weights (+1, -0.2)."", ""effective_rank"": 7.140704957502229, ""effective_rank_fraction"": 0.8925881196877786, ""kernel_alignment"": 0.6082311267299312, ""n_modules"": 56, ""near_row_cosine"": 0.37495765103293316, ""surround_row_cosine"": 0.0520730559614354}"
8,17640,ssr,100,"{""center_surround_contrast"": 0.36135921135012594, ""definition"": ""Entropy effective rank and normalized alignment between cyclic +/-1 and +/-2 LoRA-B row-cosine profiles and the fixed SSR target weights (+1, -0.2)."", ""effective_rank"": 7.3822624534368515, ""effective_rank_fraction"": 0.9227828066796064, ""kernel_alignment"": 0.7088262114141669, ""n_modules"": 56, ""near_row_cosine"": 0.5059666304982134, ""surround_row_cosine"": 0.14460741775110364}"
