rank,seed,arm,after_edits,age_bin,edit_age,history_position,retained_efficacy
16,17631,plain,1,age_0,0,0,1.0
16,17631,plain,2,age_1_9,1,0,1.0
16,17631,plain,2,age_0,0,1,1.0
16,17631,plain,5,age_1_9,4,0,1.0
16,17631,plain,5,age_1_9,3,1,1.0
16,17631,plain,5,age_1_9,2,2,1.0
16,17631,plain,5,age_1_9,1,3,1.0
16,17631,plain,5,age_0,0,4,1.0
16,17631,plain,10,age_1_9,9,0,1.0
16,17631,plain,10,age_1_9,8,1,1.0
16,17631,plain,10,age_1_9,7,2,1.0
16,17631,plain,10,age_1_9,6,3,1.0
16,17631,plain,10,age_1_9,5,4,0.0
16,17631,plain,10,age_1_9,4,5,1.0
16,17631,plain,10,age_1_9,3,6,1.0
16,17631,plain,10,age_1_9,2,7,1.0
16,17631,plain,10,age_1_9,1,8,1.0
16,17631,plain,10,age_0,0,9,1.0
16,17631,plain,25,age_10_99,24,0,1.0
16,17631,plain,25,age_10_99,23,1,0.0
16,17631,plain,25,age_10_99,22,2,0.0
16,17631,plain,25,age_10_99,21,3,1.0
16,17631,plain,25,age_10_99,20,4,1.0
16,17631,plain,25,age_10_99,19,5,0.0
16,17631,plain,25,age_10_99,18,6,1.0
16,17631,plain,25,age_10_99,17,7,1.0
16,17631,plain,25,age_10_99,16,8,1.0
16,17631,plain,25,age_10_99,15,9,0.0
16,17631,plain,25,age_10_99,14,10,1.0
16,17631,plain,25,age_10_99,13,11,0.0
16,17631,plain,25,age_10_99,12,12,1.0
16,17631,plain,25,age_10_99,11,13,1.0
16,17631,plain,25,age_10_99,10,14,0.0
16,17631,plain,25,age_1_9,9,15,1.0
16,17631,plain,25,age_1_9,8,16,1.0
16,17631,plain,25,age_1_9,7,17,0.0
16,17631,plain,25,age_1_9,6,18,1.0
16,17631,plain,25,age_1_9,5,19,1.0
16,17631,plain,25,age_1_9,4,20,1.0
16,17631,plain,25,age_1_9,3,21,1.0
16,17631,plain,25,age_1_9,2,22,1.0
16,17631,plain,25,age_1_9,1,23,1.0
16,17631,plain,25,age_0,0,24,1.0
16,17631,plain,50,age_10_99,49,0,1.0
16,17631,plain,50,age_10_99,48,1,0.0
16,17631,plain,50,age_10_99,47,2,0.0
16,17631,plain,50,age_10_99,46,3,0.0
16,17631,plain,50,age_10_99,45,4,1.0
16,17631,plain,50,age_10_99,44,5,0.0
16,17631,plain,50,age_10_99,43,6,1.0
16,17631,plain,50,age_10_99,42,7,1.0
16,17631,plain,50,age_10_99,41,8,0.0
16,17631,plain,50,age_10_99,40,9,1.0
16,17631,plain,50,age_10_99,39,10,1.0
16,17631,plain,50,age_10_99,38,11,1.0
16,17631,plain,50,age_10_99,37,12,1.0
16,17631,plain,50,age_10_99,36,13,1.0
16,17631,plain,50,age_10_99,35,14,1.0
16,17631,plain,50,age_10_99,34,15,1.0
16,17631,plain,50,age_10_99,33,16,1.0
16,17631,plain,50,age_10_99,32,17,0.0
16,17631,plain,50,age_10_99,31,18,1.0
16,17631,plain,50,age_10_99,30,19,1.0
16,17631,plain,50,age_10_99,29,20,1.0
16,17631,plain,50,age_10_99,28,21,1.0
16,17631,plain,50,age_10_99,27,22,0.0
16,17631,plain,50,age_10_99,26,23,1.0
16,17631,plain,50,age_10_99,25,24,1.0
16,17631,plain,50,age_10_99,24,25,1.0
16,17631,plain,50,age_10_99,23,26,1.0
16,17631,plain,50,age_10_99,22,27,1.0
16,17631,plain,50,age_10_99,21,28,0.0
16,17631,plain,50,age_10_99,20,29,1.0
16,17631,plain,50,age_10_99,19,30,1.0
16,17631,plain,50,age_10_99,18,31,1.0
16,17631,plain,50,age_10_99,17,32,0.0
16,17631,plain,50,age_10_99,16,33,1.0
16,17631,plain,50,age_10_99,15,34,1.0
16,17631,plain,50,age_10_99,14,35,1.0
16,17631,plain,50,age_10_99,13,36,1.0
16,17631,plain,50,age_10_99,12,37,1.0
16,17631,plain,50,age_10_99,11,38,1.0
16,17631,plain,50,age_10_99,10,39,1.0
16,17631,plain,50,age_1_9,9,40,1.0
16,17631,plain,50,age_1_9,8,41,1.0
16,17631,plain,50,age_1_9,7,42,1.0
16,17631,plain,50,age_1_9,6,43,0.0
16,17631,plain,50,age_1_9,5,44,0.0
16,17631,plain,50,age_1_9,4,45,1.0
16,17631,plain,50,age_1_9,3,46,1.0
16,17631,plain,50,age_1_9,2,47,0.0
16,17631,plain,50,age_1_9,1,48,1.0
16,17631,plain,50,age_0,0,49,1.0
16,17631,plain,100,age_10_99,99,0,1.0
16,17631,plain,100,age_10_99,98,1,0.0
16,17631,plain,100,age_10_99,97,2,0.0
16,17631,plain,100,age_10_99,96,3,0.0
16,17631,plain,100,age_10_99,95,4,0.0
16,17631,plain,100,age_10_99,94,5,0.0
16,17631,plain,100,age_10_99,93,6,0.0
16,17631,plain,100,age_10_99,92,7,0.0
16,17631,plain,100,age_10_99,91,8,0.0
16,17631,plain,100,age_10_99,90,9,0.0
16,17631,plain,100,age_10_99,89,10,0.0
16,17631,plain,100,age_10_99,88,11,0.0
16,17631,plain,100,age_10_99,87,12,0.0
16,17631,plain,100,age_10_99,86,13,1.0
16,17631,plain,100,age_10_99,85,14,1.0
16,17631,plain,100,age_10_99,84,15,0.0
16,17631,plain,100,age_10_99,83,16,0.0
16,17631,plain,100,age_10_99,82,17,0.0
16,17631,plain,100,age_10_99,81,18,0.0
16,17631,plain,100,age_10_99,80,19,0.0
16,17631,plain,100,age_10_99,79,20,0.0
16,17631,plain,100,age_10_99,78,21,0.0
16,17631,plain,100,age_10_99,77,22,0.0
16,17631,plain,100,age_10_99,76,23,0.0
16,17631,plain,100,age_10_99,75,24,0.0
16,17631,plain,100,age_10_99,74,25,1.0
16,17631,plain,100,age_10_99,73,26,1.0
16,17631,plain,100,age_10_99,72,27,1.0
16,17631,plain,100,age_10_99,71,28,1.0
16,17631,plain,100,age_10_99,70,29,0.0
16,17631,plain,100,age_10_99,69,30,0.0
16,17631,plain,100,age_10_99,68,31,0.0
16,17631,plain,100,age_10_99,67,32,1.0
16,17631,plain,100,age_10_99,66,33,0.0
16,17631,plain,100,age_10_99,65,34,1.0
16,17631,plain,100,age_10_99,64,35,0.0
16,17631,plain,100,age_10_99,63,36,0.0
16,17631,plain,100,age_10_99,62,37,0.0
16,17631,plain,100,age_10_99,61,38,1.0
16,17631,plain,100,age_10_99,60,39,1.0
16,17631,plain,100,age_10_99,59,40,1.0
16,17631,plain,100,age_10_99,58,41,1.0
16,17631,plain,100,age_10_99,57,42,1.0
16,17631,plain,100,age_10_99,56,43,0.0
16,17631,plain,100,age_10_99,55,44,1.0
16,17631,plain,100,age_10_99,54,45,1.0
16,17631,plain,100,age_10_99,53,46,0.0
16,17631,plain,100,age_10_99,52,47,0.0
16,17631,plain,100,age_10_99,51,48,1.0
16,17631,plain,100,age_10_99,50,49,0.0
16,17631,plain,100,age_10_99,49,50,1.0
16,17631,plain,100,age_10_99,48,51,1.0
16,17631,plain,100,age_10_99,47,52,1.0
16,17631,plain,100,age_10_99,46,53,1.0
16,17631,plain,100,age_10_99,45,54,0.0
16,17631,plain,100,age_10_99,44,55,1.0
16,17631,plain,100,age_10_99,43,56,1.0
16,17631,plain,100,age_10_99,42,57,0.0
16,17631,plain,100,age_10_99,41,58,1.0
16,17631,plain,100,age_10_99,40,59,1.0
16,17631,plain,100,age_10_99,39,60,1.0
16,17631,plain,100,age_10_99,38,61,0.0
16,17631,plain,100,age_10_99,37,62,0.0
16,17631,plain,100,age_10_99,36,63,0.0
16,17631,plain,100,age_10_99,35,64,1.0
16,17631,plain,100,age_10_99,34,65,0.0
16,17631,plain,100,age_10_99,33,66,1.0
16,17631,plain,100,age_10_99,32,67,1.0
16,17631,plain,100,age_10_99,31,68,0.0
16,17631,plain,100,age_10_99,30,69,1.0
16,17631,plain,100,age_10_99,29,70,1.0
16,17631,plain,100,age_10_99,28,71,1.0
16,17631,plain,100,age_10_99,27,72,0.0
16,17631,plain,100,age_10_99,26,73,0.0
16,17631,plain,100,age_10_99,25,74,0.0
16,17631,plain,100,age_10_99,24,75,0.0
16,17631,plain,100,age_10_99,23,76,0.0
16,17631,plain,100,age_10_99,22,77,1.0
16,17631,plain,100,age_10_99,21,78,0.0
16,17631,plain,100,age_10_99,20,79,0.0
16,17631,plain,100,age_10_99,19,80,1.0
16,17631,plain,100,age_10_99,18,81,0.0
16,17631,plain,100,age_10_99,17,82,0.0
16,17631,plain,100,age_10_99,16,83,1.0
16,17631,plain,100,age_10_99,15,84,1.0
16,17631,plain,100,age_10_99,14,85,0.0
16,17631,plain,100,age_10_99,13,86,0.0
16,17631,plain,100,age_10_99,12,87,0.0
16,17631,plain,100,age_10_99,11,88,0.0
16,17631,plain,100,age_10_99,10,89,1.0
16,17631,plain,100,age_1_9,9,90,1.0
16,17631,plain,100,age_1_9,8,91,0.0
16,17631,plain,100,age_1_9,7,92,0.0
16,17631,plain,100,age_1_9,6,93,0.0
16,17631,plain,100,age_1_9,5,94,0.0
16,17631,plain,100,age_1_9,4,95,0.0
16,17631,plain,100,age_1_9,3,96,1.0
16,17631,plain,100,age_1_9,2,97,1.0
16,17631,plain,100,age_1_9,1,98,1.0
16,17631,plain,100,age_0,0,99,1.0
16,17631,ssr,1,age_0,0,0,1.0
16,17631,ssr,2,age_1_9,1,0,1.0
16,17631,ssr,2,age_0,0,1,1.0
16,17631,ssr,5,age_1_9,4,0,1.0
16,17631,ssr,5,age_1_9,3,1,1.0
16,17631,ssr,5,age_1_9,2,2,1.0
16,17631,ssr,5,age_1_9,1,3,1.0
16,17631,ssr,5,age_0,0,4,1.0
16,17631,ssr,10,age_1_9,9,0,1.0
16,17631,ssr,10,age_1_9,8,1,1.0
16,17631,ssr,10,age_1_9,7,2,1.0
16,17631,ssr,10,age_1_9,6,3,1.0
16,17631,ssr,10,age_1_9,5,4,0.0
16,17631,ssr,10,age_1_9,4,5,1.0
16,17631,ssr,10,age_1_9,3,6,1.0
16,17631,ssr,10,age_1_9,2,7,1.0
16,17631,ssr,10,age_1_9,1,8,1.0
16,17631,ssr,10,age_0,0,9,1.0
16,17631,ssr,25,age_10_99,24,0,1.0
16,17631,ssr,25,age_10_99,23,1,0.0
16,17631,ssr,25,age_10_99,22,2,0.0
16,17631,ssr,25,age_10_99,21,3,1.0
16,17631,ssr,25,age_10_99,20,4,1.0
16,17631,ssr,25,age_10_99,19,5,1.0
16,17631,ssr,25,age_10_99,18,6,1.0
16,17631,ssr,25,age_10_99,17,7,1.0
16,17631,ssr,25,age_10_99,16,8,1.0
16,17631,ssr,25,age_10_99,15,9,0.0
16,17631,ssr,25,age_10_99,14,10,1.0
16,17631,ssr,25,age_10_99,13,11,1.0
16,17631,ssr,25,age_10_99,12,12,1.0
16,17631,ssr,25,age_10_99,11,13,1.0
16,17631,ssr,25,age_10_99,10,14,0.0
16,17631,ssr,25,age_1_9,9,15,1.0
16,17631,ssr,25,age_1_9,8,16,1.0
16,17631,ssr,25,age_1_9,7,17,1.0
16,17631,ssr,25,age_1_9,6,18,0.0
16,17631,ssr,25,age_1_9,5,19,1.0
16,17631,ssr,25,age_1_9,4,20,1.0
16,17631,ssr,25,age_1_9,3,21,1.0
16,17631,ssr,25,age_1_9,2,22,1.0
16,17631,ssr,25,age_1_9,1,23,1.0
16,17631,ssr,25,age_0,0,24,1.0
16,17631,ssr,50,age_10_99,49,0,1.0
16,17631,ssr,50,age_10_99,48,1,0.0
16,17631,ssr,50,age_10_99,47,2,0.0
16,17631,ssr,50,age_10_99,46,3,0.0
16,17631,ssr,50,age_10_99,45,4,1.0
16,17631,ssr,50,age_10_99,44,5,0.0
16,17631,ssr,50,age_10_99,43,6,0.0
16,17631,ssr,50,age_10_99,42,7,1.0
16,17631,ssr,50,age_10_99,41,8,0.0
16,17631,ssr,50,age_10_99,40,9,0.0
16,17631,ssr,50,age_10_99,39,10,1.0
16,17631,ssr,50,age_10_99,38,11,0.0
16,17631,ssr,50,age_10_99,37,12,0.0
16,17631,ssr,50,age_10_99,36,13,1.0
16,17631,ssr,50,age_10_99,35,14,1.0
16,17631,ssr,50,age_10_99,34,15,0.0
16,17631,ssr,50,age_10_99,33,16,1.0
16,17631,ssr,50,age_10_99,32,17,0.0
16,17631,ssr,50,age_10_99,31,18,1.0
16,17631,ssr,50,age_10_99,30,19,1.0
16,17631,ssr,50,age_10_99,29,20,0.0
16,17631,ssr,50,age_10_99,28,21,1.0
16,17631,ssr,50,age_10_99,27,22,0.0
16,17631,ssr,50,age_10_99,26,23,0.0
16,17631,ssr,50,age_10_99,25,24,1.0
16,17631,ssr,50,age_10_99,24,25,0.0
16,17631,ssr,50,age_10_99,23,26,1.0
16,17631,ssr,50,age_10_99,22,27,1.0
16,17631,ssr,50,age_10_99,21,28,0.0
16,17631,ssr,50,age_10_99,20,29,1.0
16,17631,ssr,50,age_10_99,19,30,1.0
16,17631,ssr,50,age_10_99,18,31,1.0
16,17631,ssr,50,age_10_99,17,32,1.0
16,17631,ssr,50,age_10_99,16,33,1.0
16,17631,ssr,50,age_10_99,15,34,1.0
16,17631,ssr,50,age_10_99,14,35,1.0
16,17631,ssr,50,age_10_99,13,36,0.0
16,17631,ssr,50,age_10_99,12,37,0.0
16,17631,ssr,50,age_10_99,11,38,1.0
16,17631,ssr,50,age_10_99,10,39,1.0
16,17631,ssr,50,age_1_9,9,40,0.0
16,17631,ssr,50,age_1_9,8,41,1.0
16,17631,ssr,50,age_1_9,7,42,1.0
16,17631,ssr,50,age_1_9,6,43,0.0
16,17631,ssr,50,age_1_9,5,44,0.0
16,17631,ssr,50,age_1_9,4,45,0.0
16,17631,ssr,50,age_1_9,3,46,0.0
16,17631,ssr,50,age_1_9,2,47,1.0
16,17631,ssr,50,age_1_9,1,48,1.0
16,17631,ssr,50,age_0,0,49,1.0
16,17631,ssr,100,age_10_99,99,0,1.0
16,17631,ssr,100,age_10_99,98,1,0.0
16,17631,ssr,100,age_10_99,97,2,0.0
16,17631,ssr,100,age_10_99,96,3,0.0
16,17631,ssr,100,age_10_99,95,4,0.0
16,17631,ssr,100,age_10_99,94,5,0.0
16,17631,ssr,100,age_10_99,93,6,0.0
16,17631,ssr,100,age_10_99,92,7,0.0
16,17631,ssr,100,age_10_99,91,8,0.0
16,17631,ssr,100,age_10_99,90,9,0.0
16,17631,ssr,100,age_10_99,89,10,0.0
16,17631,ssr,100,age_10_99,88,11,0.0
16,17631,ssr,100,age_10_99,87,12,0.0
16,17631,ssr,100,age_10_99,86,13,1.0
16,17631,ssr,100,age_10_99,85,14,1.0
16,17631,ssr,100,age_10_99,84,15,0.0
16,17631,ssr,100,age_10_99,83,16,0.0
16,17631,ssr,100,age_10_99,82,17,0.0
16,17631,ssr,100,age_10_99,81,18,1.0
16,17631,ssr,100,age_10_99,80,19,0.0
16,17631,ssr,100,age_10_99,79,20,0.0
16,17631,ssr,100,age_10_99,78,21,0.0
16,17631,ssr,100,age_10_99,77,22,1.0
16,17631,ssr,100,age_10_99,76,23,0.0
16,17631,ssr,100,age_10_99,75,24,0.0
16,17631,ssr,100,age_10_99,74,25,0.0
16,17631,ssr,100,age_10_99,73,26,1.0
16,17631,ssr,100,age_10_99,72,27,1.0
16,17631,ssr,100,age_10_99,71,28,1.0
16,17631,ssr,100,age_10_99,70,29,0.0
16,17631,ssr,100,age_10_99,69,30,1.0
16,17631,ssr,100,age_10_99,68,31,0.0
16,17631,ssr,100,age_10_99,67,32,1.0
16,17631,ssr,100,age_10_99,66,33,0.0
16,17631,ssr,100,age_10_99,65,34,1.0
16,17631,ssr,100,age_10_99,64,35,1.0
16,17631,ssr,100,age_10_99,63,36,1.0
16,17631,ssr,100,age_10_99,62,37,0.0
16,17631,ssr,100,age_10_99,61,38,1.0
16,17631,ssr,100,age_10_99,60,39,1.0
16,17631,ssr,100,age_10_99,59,40,1.0
16,17631,ssr,100,age_10_99,58,41,1.0
16,17631,ssr,100,age_10_99,57,42,1.0
16,17631,ssr,100,age_10_99,56,43,0.0
16,17631,ssr,100,age_10_99,55,44,0.0
16,17631,ssr,100,age_10_99,54,45,1.0
16,17631,ssr,100,age_10_99,53,46,0.0
16,17631,ssr,100,age_10_99,52,47,0.0
16,17631,ssr,100,age_10_99,51,48,1.0
16,17631,ssr,100,age_10_99,50,49,1.0
16,17631,ssr,100,age_10_99,49,50,0.0
16,17631,ssr,100,age_10_99,48,51,1.0
16,17631,ssr,100,age_10_99,47,52,0.0
16,17631,ssr,100,age_10_99,46,53,1.0
16,17631,ssr,100,age_10_99,45,54,0.0
16,17631,ssr,100,age_10_99,44,55,1.0
16,17631,ssr,100,age_10_99,43,56,1.0
16,17631,ssr,100,age_10_99,42,57,0.0
16,17631,ssr,100,age_10_99,41,58,1.0
16,17631,ssr,100,age_10_99,40,59,1.0
16,17631,ssr,100,age_10_99,39,60,1.0
16,17631,ssr,100,age_10_99,38,61,1.0
16,17631,ssr,100,age_10_99,37,62,0.0
16,17631,ssr,100,age_10_99,36,63,0.0
16,17631,ssr,100,age_10_99,35,64,0.0
16,17631,ssr,100,age_10_99,34,65,0.0
16,17631,ssr,100,age_10_99,33,66,1.0
16,17631,ssr,100,age_10_99,32,67,1.0
16,17631,ssr,100,age_10_99,31,68,1.0
16,17631,ssr,100,age_10_99,30,69,1.0
16,17631,ssr,100,age_10_99,29,70,1.0
16,17631,ssr,100,age_10_99,28,71,0.0
16,17631,ssr,100,age_10_99,27,72,0.0
16,17631,ssr,100,age_10_99,26,73,0.0
16,17631,ssr,100,age_10_99,25,74,1.0
16,17631,ssr,100,age_10_99,24,75,0.0
16,17631,ssr,100,age_10_99,23,76,0.0
16,17631,ssr,100,age_10_99,22,77,0.0
16,17631,ssr,100,age_10_99,21,78,0.0
16,17631,ssr,100,age_10_99,20,79,0.0
16,17631,ssr,100,age_10_99,19,80,1.0
16,17631,ssr,100,age_10_99,18,81,1.0
16,17631,ssr,100,age_10_99,17,82,1.0
16,17631,ssr,100,age_10_99,16,83,1.0
16,17631,ssr,100,age_10_99,15,84,1.0
16,17631,ssr,100,age_10_99,14,85,0.0
16,17631,ssr,100,age_10_99,13,86,0.0
16,17631,ssr,100,age_10_99,12,87,0.0
16,17631,ssr,100,age_10_99,11,88,0.0
16,17631,ssr,100,age_10_99,10,89,0.0
16,17631,ssr,100,age_1_9,9,90,1.0
16,17631,ssr,100,age_1_9,8,91,1.0
16,17631,ssr,100,age_1_9,7,92,0.0
16,17631,ssr,100,age_1_9,6,93,1.0
16,17631,ssr,100,age_1_9,5,94,1.0
16,17631,ssr,100,age_1_9,4,95,0.0
16,17631,ssr,100,age_1_9,3,96,1.0
16,17631,ssr,100,age_1_9,2,97,1.0
16,17631,ssr,100,age_1_9,1,98,1.0
16,17631,ssr,100,age_0,0,99,1.0
16,17632,plain,1,age_0,0,0,1.0
16,17632,plain,2,age_1_9,1,0,1.0
16,17632,plain,2,age_0,0,1,1.0
16,17632,plain,5,age_1_9,4,0,1.0
16,17632,plain,5,age_1_9,3,1,1.0
16,17632,plain,5,age_1_9,2,2,1.0
16,17632,plain,5,age_1_9,1,3,1.0
16,17632,plain,5,age_0,0,4,1.0
16,17632,plain,10,age_1_9,9,0,1.0
16,17632,plain,10,age_1_9,8,1,1.0
16,17632,plain,10,age_1_9,7,2,1.0
16,17632,plain,10,age_1_9,6,3,1.0
16,17632,plain,10,age_1_9,5,4,1.0
16,17632,plain,10,age_1_9,4,5,1.0
16,17632,plain,10,age_1_9,3,6,1.0
16,17632,plain,10,age_1_9,2,7,1.0
16,17632,plain,10,age_1_9,1,8,1.0
16,17632,plain,10,age_0,0,9,1.0
16,17632,plain,25,age_10_99,24,0,1.0
16,17632,plain,25,age_10_99,23,1,0.0
16,17632,plain,25,age_10_99,22,2,1.0
16,17632,plain,25,age_10_99,21,3,1.0
16,17632,plain,25,age_10_99,20,4,0.0
16,17632,plain,25,age_10_99,19,5,1.0
16,17632,plain,25,age_10_99,18,6,1.0
16,17632,plain,25,age_10_99,17,7,1.0
16,17632,plain,25,age_10_99,16,8,1.0
16,17632,plain,25,age_10_99,15,9,1.0
16,17632,plain,25,age_10_99,14,10,1.0
16,17632,plain,25,age_10_99,13,11,0.0
16,17632,plain,25,age_10_99,12,12,1.0
16,17632,plain,25,age_10_99,11,13,1.0
16,17632,plain,25,age_10_99,10,14,1.0
16,17632,plain,25,age_1_9,9,15,1.0
16,17632,plain,25,age_1_9,8,16,1.0
16,17632,plain,25,age_1_9,7,17,1.0
16,17632,plain,25,age_1_9,6,18,1.0
16,17632,plain,25,age_1_9,5,19,1.0
16,17632,plain,25,age_1_9,4,20,1.0
16,17632,plain,25,age_1_9,3,21,0.0
16,17632,plain,25,age_1_9,2,22,1.0
16,17632,plain,25,age_1_9,1,23,1.0
16,17632,plain,25,age_0,0,24,1.0
16,17632,plain,50,age_10_99,49,0,1.0
16,17632,plain,50,age_10_99,48,1,0.0
16,17632,plain,50,age_10_99,47,2,0.0
16,17632,plain,50,age_10_99,46,3,0.0
16,17632,plain,50,age_10_99,45,4,0.0
16,17632,plain,50,age_10_99,44,5,0.0
16,17632,plain,50,age_10_99,43,6,1.0
16,17632,plain,50,age_10_99,42,7,1.0
16,17632,plain,50,age_10_99,41,8,0.0
16,17632,plain,50,age_10_99,40,9,0.0
16,17632,plain,50,age_10_99,39,10,0.0
16,17632,plain,50,age_10_99,38,11,0.0
16,17632,plain,50,age_10_99,37,12,1.0
16,17632,plain,50,age_10_99,36,13,0.0
16,17632,plain,50,age_10_99,35,14,1.0
16,17632,plain,50,age_10_99,34,15,1.0
16,17632,plain,50,age_10_99,33,16,0.0
16,17632,plain,50,age_10_99,32,17,0.0
16,17632,plain,50,age_10_99,31,18,0.0
16,17632,plain,50,age_10_99,30,19,1.0
16,17632,plain,50,age_10_99,29,20,0.0
16,17632,plain,50,age_10_99,28,21,1.0
16,17632,plain,50,age_10_99,27,22,0.0
16,17632,plain,50,age_10_99,26,23,1.0
16,17632,plain,50,age_10_99,25,24,1.0
16,17632,plain,50,age_10_99,24,25,0.0
16,17632,plain,50,age_10_99,23,26,0.0
16,17632,plain,50,age_10_99,22,27,1.0
16,17632,plain,50,age_10_99,21,28,1.0
16,17632,plain,50,age_10_99,20,29,1.0
16,17632,plain,50,age_10_99,19,30,1.0
16,17632,plain,50,age_10_99,18,31,0.0
16,17632,plain,50,age_10_99,17,32,1.0
16,17632,plain,50,age_10_99,16,33,1.0
16,17632,plain,50,age_10_99,15,34,1.0
16,17632,plain,50,age_10_99,14,35,0.0
16,17632,plain,50,age_10_99,13,36,0.0
16,17632,plain,50,age_10_99,12,37,1.0
16,17632,plain,50,age_10_99,11,38,1.0
16,17632,plain,50,age_10_99,10,39,1.0
16,17632,plain,50,age_1_9,9,40,0.0
16,17632,plain,50,age_1_9,8,41,1.0
16,17632,plain,50,age_1_9,7,42,0.0
16,17632,plain,50,age_1_9,6,43,0.0
16,17632,plain,50,age_1_9,5,44,1.0
16,17632,plain,50,age_1_9,4,45,0.0
16,17632,plain,50,age_1_9,3,46,1.0
16,17632,plain,50,age_1_9,2,47,0.0
16,17632,plain,50,age_1_9,1,48,1.0
16,17632,plain,50,age_0,0,49,1.0
16,17632,plain,100,age_10_99,99,0,1.0
16,17632,plain,100,age_10_99,98,1,0.0
16,17632,plain,100,age_10_99,97,2,0.0
16,17632,plain,100,age_10_99,96,3,0.0
16,17632,plain,100,age_10_99,95,4,0.0
16,17632,plain,100,age_10_99,94,5,0.0
16,17632,plain,100,age_10_99,93,6,0.0
16,17632,plain,100,age_10_99,92,7,0.0
16,17632,plain,100,age_10_99,91,8,0.0
16,17632,plain,100,age_10_99,90,9,0.0
16,17632,plain,100,age_10_99,89,10,0.0
16,17632,plain,100,age_10_99,88,11,0.0
16,17632,plain,100,age_10_99,87,12,1.0
16,17632,plain,100,age_10_99,86,13,0.0
16,17632,plain,100,age_10_99,85,14,1.0
16,17632,plain,100,age_10_99,84,15,0.0
16,17632,plain,100,age_10_99,83,16,0.0
16,17632,plain,100,age_10_99,82,17,0.0
16,17632,plain,100,age_10_99,81,18,0.0
16,17632,plain,100,age_10_99,80,19,0.0
16,17632,plain,100,age_10_99,79,20,0.0
16,17632,plain,100,age_10_99,78,21,0.0
16,17632,plain,100,age_10_99,77,22,0.0
16,17632,plain,100,age_10_99,76,23,1.0
16,17632,plain,100,age_10_99,75,24,0.0
16,17632,plain,100,age_10_99,74,25,0.0
16,17632,plain,100,age_10_99,73,26,0.0
16,17632,plain,100,age_10_99,72,27,0.0
16,17632,plain,100,age_10_99,71,28,1.0
16,17632,plain,100,age_10_99,70,29,0.0
16,17632,plain,100,age_10_99,69,30,0.0
16,17632,plain,100,age_10_99,68,31,0.0
16,17632,plain,100,age_10_99,67,32,0.0
16,17632,plain,100,age_10_99,66,33,0.0
16,17632,plain,100,age_10_99,65,34,0.0
16,17632,plain,100,age_10_99,64,35,0.0
16,17632,plain,100,age_10_99,63,36,0.0
16,17632,plain,100,age_10_99,62,37,1.0
16,17632,plain,100,age_10_99,61,38,0.0
16,17632,plain,100,age_10_99,60,39,1.0
16,17632,plain,100,age_10_99,59,40,0.0
16,17632,plain,100,age_10_99,58,41,1.0
16,17632,plain,100,age_10_99,57,42,1.0
16,17632,plain,100,age_10_99,56,43,0.0
16,17632,plain,100,age_10_99,55,44,0.0
16,17632,plain,100,age_10_99,54,45,0.0
16,17632,plain,100,age_10_99,53,46,1.0
16,17632,plain,100,age_10_99,52,47,0.0
16,17632,plain,100,age_10_99,51,48,0.0
16,17632,plain,100,age_10_99,50,49,0.0
16,17632,plain,100,age_10_99,49,50,1.0
16,17632,plain,100,age_10_99,48,51,0.0
16,17632,plain,100,age_10_99,47,52,1.0
16,17632,plain,100,age_10_99,46,53,0.0
16,17632,plain,100,age_10_99,45,54,1.0
16,17632,plain,100,age_10_99,44,55,0.0
16,17632,plain,100,age_10_99,43,56,1.0
16,17632,plain,100,age_10_99,42,57,0.0
16,17632,plain,100,age_10_99,41,58,0.0
16,17632,plain,100,age_10_99,40,59,0.0
16,17632,plain,100,age_10_99,39,60,0.0
16,17632,plain,100,age_10_99,38,61,0.0
16,17632,plain,100,age_10_99,37,62,0.0
16,17632,plain,100,age_10_99,36,63,0.0
16,17632,plain,100,age_10_99,35,64,1.0
16,17632,plain,100,age_10_99,34,65,0.0
16,17632,plain,100,age_10_99,33,66,1.0
16,17632,plain,100,age_10_99,32,67,0.0
16,17632,plain,100,age_10_99,31,68,1.0
16,17632,plain,100,age_10_99,30,69,0.0
16,17632,plain,100,age_10_99,29,70,1.0
16,17632,plain,100,age_10_99,28,71,0.0
16,17632,plain,100,age_10_99,27,72,0.0
16,17632,plain,100,age_10_99,26,73,0.0
16,17632,plain,100,age_10_99,25,74,0.0
16,17632,plain,100,age_10_99,24,75,0.0
16,17632,plain,100,age_10_99,23,76,0.0
16,17632,plain,100,age_10_99,22,77,0.0
16,17632,plain,100,age_10_99,21,78,1.0
16,17632,plain,100,age_10_99,20,79,1.0
16,17632,plain,100,age_10_99,19,80,0.0
16,17632,plain,100,age_10_99,18,81,0.0
16,17632,plain,100,age_10_99,17,82,0.0
16,17632,plain,100,age_10_99,16,83,0.0
16,17632,plain,100,age_10_99,15,84,1.0
16,17632,plain,100,age_10_99,14,85,0.0
16,17632,plain,100,age_10_99,13,86,0.0
16,17632,plain,100,age_10_99,12,87,0.0
16,17632,plain,100,age_10_99,11,88,0.0
16,17632,plain,100,age_10_99,10,89,0.0
16,17632,plain,100,age_1_9,9,90,0.0
16,17632,plain,100,age_1_9,8,91,0.0
16,17632,plain,100,age_1_9,7,92,1.0
16,17632,plain,100,age_1_9,6,93,0.0
16,17632,plain,100,age_1_9,5,94,0.0
16,17632,plain,100,age_1_9,4,95,0.0
16,17632,plain,100,age_1_9,3,96,0.0
16,17632,plain,100,age_1_9,2,97,0.0
16,17632,plain,100,age_1_9,1,98,1.0
16,17632,plain,100,age_0,0,99,1.0
16,17632,ssr,1,age_0,0,0,1.0
16,17632,ssr,2,age_1_9,1,0,1.0
16,17632,ssr,2,age_0,0,1,1.0
16,17632,ssr,5,age_1_9,4,0,1.0
16,17632,ssr,5,age_1_9,3,1,1.0
16,17632,ssr,5,age_1_9,2,2,1.0
16,17632,ssr,5,age_1_9,1,3,1.0
16,17632,ssr,5,age_0,0,4,1.0
16,17632,ssr,10,age_1_9,9,0,1.0
16,17632,ssr,10,age_1_9,8,1,1.0
16,17632,ssr,10,age_1_9,7,2,1.0
16,17632,ssr,10,age_1_9,6,3,1.0
16,17632,ssr,10,age_1_9,5,4,1.0
16,17632,ssr,10,age_1_9,4,5,1.0
16,17632,ssr,10,age_1_9,3,6,1.0
16,17632,ssr,10,age_1_9,2,7,1.0
16,17632,ssr,10,age_1_9,1,8,1.0
16,17632,ssr,10,age_0,0,9,1.0
16,17632,ssr,25,age_10_99,24,0,1.0
16,17632,ssr,25,age_10_99,23,1,0.0
16,17632,ssr,25,age_10_99,22,2,0.0
16,17632,ssr,25,age_10_99,21,3,1.0
16,17632,ssr,25,age_10_99,20,4,0.0
16,17632,ssr,25,age_10_99,19,5,1.0
16,17632,ssr,25,age_10_99,18,6,1.0
16,17632,ssr,25,age_10_99,17,7,1.0
16,17632,ssr,25,age_10_99,16,8,1.0
16,17632,ssr,25,age_10_99,15,9,1.0
16,17632,ssr,25,age_10_99,14,10,1.0
16,17632,ssr,25,age_10_99,13,11,0.0
16,17632,ssr,25,age_10_99,12,12,1.0
16,17632,ssr,25,age_10_99,11,13,1.0
16,17632,ssr,25,age_10_99,10,14,1.0
16,17632,ssr,25,age_1_9,9,15,1.0
16,17632,ssr,25,age_1_9,8,16,1.0
16,17632,ssr,25,age_1_9,7,17,0.0
16,17632,ssr,25,age_1_9,6,18,1.0
16,17632,ssr,25,age_1_9,5,19,1.0
16,17632,ssr,25,age_1_9,4,20,1.0
16,17632,ssr,25,age_1_9,3,21,0.0
16,17632,ssr,25,age_1_9,2,22,1.0
16,17632,ssr,25,age_1_9,1,23,1.0
16,17632,ssr,25,age_0,0,24,1.0
16,17632,ssr,50,age_10_99,49,0,1.0
16,17632,ssr,50,age_10_99,48,1,0.0
16,17632,ssr,50,age_10_99,47,2,0.0
16,17632,ssr,50,age_10_99,46,3,0.0
16,17632,ssr,50,age_10_99,45,4,1.0
16,17632,ssr,50,age_10_99,44,5,1.0
16,17632,ssr,50,age_10_99,43,6,1.0
16,17632,ssr,50,age_10_99,42,7,1.0
16,17632,ssr,50,age_10_99,41,8,0.0
16,17632,ssr,50,age_10_99,40,9,0.0
16,17632,ssr,50,age_10_99,39,10,0.0
16,17632,ssr,50,age_10_99,38,11,1.0
16,17632,ssr,50,age_10_99,37,12,1.0
16,17632,ssr,50,age_10_99,36,13,1.0
16,17632,ssr,50,age_10_99,35,14,1.0
16,17632,ssr,50,age_10_99,34,15,0.0
16,17632,ssr,50,age_10_99,33,16,1.0
16,17632,ssr,50,age_10_99,32,17,1.0
16,17632,ssr,50,age_10_99,31,18,1.0
16,17632,ssr,50,age_10_99,30,19,0.0
16,17632,ssr,50,age_10_99,29,20,0.0
16,17632,ssr,50,age_10_99,28,21,1.0
16,17632,ssr,50,age_10_99,27,22,0.0
16,17632,ssr,50,age_10_99,26,23,1.0
16,17632,ssr,50,age_10_99,25,24,1.0
16,17632,ssr,50,age_10_99,24,25,1.0
16,17632,ssr,50,age_10_99,23,26,1.0
16,17632,ssr,50,age_10_99,22,27,1.0
16,17632,ssr,50,age_10_99,21,28,1.0
16,17632,ssr,50,age_10_99,20,29,1.0
16,17632,ssr,50,age_10_99,19,30,0.0
16,17632,ssr,50,age_10_99,18,31,1.0
16,17632,ssr,50,age_10_99,17,32,1.0
16,17632,ssr,50,age_10_99,16,33,0.0
16,17632,ssr,50,age_10_99,15,34,1.0
16,17632,ssr,50,age_10_99,14,35,1.0
16,17632,ssr,50,age_10_99,13,36,1.0
16,17632,ssr,50,age_10_99,12,37,1.0
16,17632,ssr,50,age_10_99,11,38,1.0
16,17632,ssr,50,age_10_99,10,39,1.0
16,17632,ssr,50,age_1_9,9,40,1.0
16,17632,ssr,50,age_1_9,8,41,1.0
16,17632,ssr,50,age_1_9,7,42,1.0
16,17632,ssr,50,age_1_9,6,43,0.0
16,17632,ssr,50,age_1_9,5,44,1.0
16,17632,ssr,50,age_1_9,4,45,1.0
16,17632,ssr,50,age_1_9,3,46,0.0
16,17632,ssr,50,age_1_9,2,47,0.0
16,17632,ssr,50,age_1_9,1,48,1.0
16,17632,ssr,50,age_0,0,49,1.0
16,17632,ssr,100,age_10_99,99,0,1.0
16,17632,ssr,100,age_10_99,98,1,0.0
16,17632,ssr,100,age_10_99,97,2,0.0
16,17632,ssr,100,age_10_99,96,3,0.0
16,17632,ssr,100,age_10_99,95,4,0.0
16,17632,ssr,100,age_10_99,94,5,0.0
16,17632,ssr,100,age_10_99,93,6,0.0
16,17632,ssr,100,age_10_99,92,7,0.0
16,17632,ssr,100,age_10_99,91,8,0.0
16,17632,ssr,100,age_10_99,90,9,0.0
16,17632,ssr,100,age_10_99,89,10,0.0
16,17632,ssr,100,age_10_99,88,11,0.0
16,17632,ssr,100,age_10_99,87,12,1.0
16,17632,ssr,100,age_10_99,86,13,0.0
16,17632,ssr,100,age_10_99,85,14,1.0
16,17632,ssr,100,age_10_99,84,15,0.0
16,17632,ssr,100,age_10_99,83,16,0.0
16,17632,ssr,100,age_10_99,82,17,0.0
16,17632,ssr,100,age_10_99,81,18,0.0
16,17632,ssr,100,age_10_99,80,19,0.0
16,17632,ssr,100,age_10_99,79,20,0.0
16,17632,ssr,100,age_10_99,78,21,0.0
16,17632,ssr,100,age_10_99,77,22,0.0
16,17632,ssr,100,age_10_99,76,23,0.0
16,17632,ssr,100,age_10_99,75,24,0.0
16,17632,ssr,100,age_10_99,74,25,0.0
16,17632,ssr,100,age_10_99,73,26,0.0
16,17632,ssr,100,age_10_99,72,27,0.0
16,17632,ssr,100,age_10_99,71,28,1.0
16,17632,ssr,100,age_10_99,70,29,0.0
16,17632,ssr,100,age_10_99,69,30,0.0
16,17632,ssr,100,age_10_99,68,31,0.0
16,17632,ssr,100,age_10_99,67,32,0.0
16,17632,ssr,100,age_10_99,66,33,0.0
16,17632,ssr,100,age_10_99,65,34,0.0
16,17632,ssr,100,age_10_99,64,35,0.0
16,17632,ssr,100,age_10_99,63,36,0.0
16,17632,ssr,100,age_10_99,62,37,0.0
16,17632,ssr,100,age_10_99,61,38,0.0
16,17632,ssr,100,age_10_99,60,39,0.0
16,17632,ssr,100,age_10_99,59,40,0.0
16,17632,ssr,100,age_10_99,58,41,0.0
16,17632,ssr,100,age_10_99,57,42,1.0
16,17632,ssr,100,age_10_99,56,43,0.0
16,17632,ssr,100,age_10_99,55,44,0.0
16,17632,ssr,100,age_10_99,54,45,0.0
16,17632,ssr,100,age_10_99,53,46,0.0
16,17632,ssr,100,age_10_99,52,47,0.0
16,17632,ssr,100,age_10_99,51,48,0.0
16,17632,ssr,100,age_10_99,50,49,0.0
16,17632,ssr,100,age_10_99,49,50,0.0
16,17632,ssr,100,age_10_99,48,51,0.0
16,17632,ssr,100,age_10_99,47,52,0.0
16,17632,ssr,100,age_10_99,46,53,0.0
16,17632,ssr,100,age_10_99,45,54,0.0
16,17632,ssr,100,age_10_99,44,55,0.0
16,17632,ssr,100,age_10_99,43,56,1.0
16,17632,ssr,100,age_10_99,42,57,0.0
16,17632,ssr,100,age_10_99,41,58,0.0
16,17632,ssr,100,age_10_99,40,59,0.0
16,17632,ssr,100,age_10_99,39,60,0.0
16,17632,ssr,100,age_10_99,38,61,0.0
16,17632,ssr,100,age_10_99,37,62,0.0
16,17632,ssr,100,age_10_99,36,63,0.0
16,17632,ssr,100,age_10_99,35,64,0.0
16,17632,ssr,100,age_10_99,34,65,0.0
16,17632,ssr,100,age_10_99,33,66,0.0
16,17632,ssr,100,age_10_99,32,67,0.0
16,17632,ssr,100,age_10_99,31,68,0.0
16,17632,ssr,100,age_10_99,30,69,0.0
16,17632,ssr,100,age_10_99,29,70,1.0
16,17632,ssr,100,age_10_99,28,71,0.0
16,17632,ssr,100,age_10_99,27,72,0.0
16,17632,ssr,100,age_10_99,26,73,0.0
16,17632,ssr,100,age_10_99,25,74,0.0
16,17632,ssr,100,age_10_99,24,75,0.0
16,17632,ssr,100,age_10_99,23,76,0.0
16,17632,ssr,100,age_10_99,22,77,0.0
16,17632,ssr,100,age_10_99,21,78,0.0
16,17632,ssr,100,age_10_99,20,79,0.0
16,17632,ssr,100,age_10_99,19,80,0.0
16,17632,ssr,100,age_10_99,18,81,0.0
16,17632,ssr,100,age_10_99,17,82,0.0
16,17632,ssr,100,age_10_99,16,83,0.0
16,17632,ssr,100,age_10_99,15,84,1.0
16,17632,ssr,100,age_10_99,14,85,0.0
16,17632,ssr,100,age_10_99,13,86,0.0
16,17632,ssr,100,age_10_99,12,87,0.0
16,17632,ssr,100,age_10_99,11,88,0.0
16,17632,ssr,100,age_10_99,10,89,0.0
16,17632,ssr,100,age_1_9,9,90,1.0
16,17632,ssr,100,age_1_9,8,91,0.0
16,17632,ssr,100,age_1_9,7,92,1.0
16,17632,ssr,100,age_1_9,6,93,0.0
16,17632,ssr,100,age_1_9,5,94,0.0
16,17632,ssr,100,age_1_9,4,95,0.0
16,17632,ssr,100,age_1_9,3,96,0.0
16,17632,ssr,100,age_1_9,2,97,0.0
16,17632,ssr,100,age_1_9,1,98,1.0
16,17632,ssr,100,age_0,0,99,1.0
16,17633,plain,1,age_0,0,0,1.0
16,17633,plain,2,age_1_9,1,0,1.0
16,17633,plain,2,age_0,0,1,1.0
16,17633,plain,5,age_1_9,4,0,1.0
16,17633,plain,5,age_1_9,3,1,1.0
16,17633,plain,5,age_1_9,2,2,1.0
16,17633,plain,5,age_1_9,1,3,1.0
16,17633,plain,5,age_0,0,4,1.0
16,17633,plain,10,age_1_9,9,0,1.0
16,17633,plain,10,age_1_9,8,1,1.0
16,17633,plain,10,age_1_9,7,2,1.0
16,17633,plain,10,age_1_9,6,3,1.0
16,17633,plain,10,age_1_9,5,4,1.0
16,17633,plain,10,age_1_9,4,5,1.0
16,17633,plain,10,age_1_9,3,6,1.0
16,17633,plain,10,age_1_9,2,7,1.0
16,17633,plain,10,age_1_9,1,8,1.0
16,17633,plain,10,age_0,0,9,1.0
16,17633,plain,25,age_10_99,24,0,1.0
16,17633,plain,25,age_10_99,23,1,0.0
16,17633,plain,25,age_10_99,22,2,0.0
16,17633,plain,25,age_10_99,21,3,1.0
16,17633,plain,25,age_10_99,20,4,1.0
16,17633,plain,25,age_10_99,19,5,1.0
16,17633,plain,25,age_10_99,18,6,1.0
16,17633,plain,25,age_10_99,17,7,1.0
16,17633,plain,25,age_10_99,16,8,1.0
16,17633,plain,25,age_10_99,15,9,1.0
16,17633,plain,25,age_10_99,14,10,1.0
16,17633,plain,25,age_10_99,13,11,1.0
16,17633,plain,25,age_10_99,12,12,1.0
16,17633,plain,25,age_10_99,11,13,1.0
16,17633,plain,25,age_10_99,10,14,0.0
16,17633,plain,25,age_1_9,9,15,1.0
16,17633,plain,25,age_1_9,8,16,1.0
16,17633,plain,25,age_1_9,7,17,1.0
16,17633,plain,25,age_1_9,6,18,1.0
16,17633,plain,25,age_1_9,5,19,0.0
16,17633,plain,25,age_1_9,4,20,1.0
16,17633,plain,25,age_1_9,3,21,1.0
16,17633,plain,25,age_1_9,2,22,0.0
16,17633,plain,25,age_1_9,1,23,1.0
16,17633,plain,25,age_0,0,24,1.0
16,17633,plain,50,age_10_99,49,0,1.0
16,17633,plain,50,age_10_99,48,1,1.0
16,17633,plain,50,age_10_99,47,2,0.0
16,17633,plain,50,age_10_99,46,3,0.0
16,17633,plain,50,age_10_99,45,4,1.0
16,17633,plain,50,age_10_99,44,5,1.0
16,17633,plain,50,age_10_99,43,6,1.0
16,17633,plain,50,age_10_99,42,7,1.0
16,17633,plain,50,age_10_99,41,8,0.0
16,17633,plain,50,age_10_99,40,9,1.0
16,17633,plain,50,age_10_99,39,10,1.0
16,17633,plain,50,age_10_99,38,11,0.0
16,17633,plain,50,age_10_99,37,12,1.0
16,17633,plain,50,age_10_99,36,13,1.0
16,17633,plain,50,age_10_99,35,14,1.0
16,17633,plain,50,age_10_99,34,15,0.0
16,17633,plain,50,age_10_99,33,16,1.0
16,17633,plain,50,age_10_99,32,17,1.0
16,17633,plain,50,age_10_99,31,18,1.0
16,17633,plain,50,age_10_99,30,19,1.0
16,17633,plain,50,age_10_99,29,20,1.0
16,17633,plain,50,age_10_99,28,21,1.0
16,17633,plain,50,age_10_99,27,22,1.0
16,17633,plain,50,age_10_99,26,23,1.0
16,17633,plain,50,age_10_99,25,24,1.0
16,17633,plain,50,age_10_99,24,25,1.0
16,17633,plain,50,age_10_99,23,26,1.0
16,17633,plain,50,age_10_99,22,27,1.0
16,17633,plain,50,age_10_99,21,28,1.0
16,17633,plain,50,age_10_99,20,29,0.0
16,17633,plain,50,age_10_99,19,30,1.0
16,17633,plain,50,age_10_99,18,31,1.0
16,17633,plain,50,age_10_99,17,32,1.0
16,17633,plain,50,age_10_99,16,33,0.0
16,17633,plain,50,age_10_99,15,34,1.0
16,17633,plain,50,age_10_99,14,35,1.0
16,17633,plain,50,age_10_99,13,36,1.0
16,17633,plain,50,age_10_99,12,37,1.0
16,17633,plain,50,age_10_99,11,38,1.0
16,17633,plain,50,age_10_99,10,39,1.0
16,17633,plain,50,age_1_9,9,40,0.0
16,17633,plain,50,age_1_9,8,41,1.0
16,17633,plain,50,age_1_9,7,42,0.0
16,17633,plain,50,age_1_9,6,43,0.0
16,17633,plain,50,age_1_9,5,44,1.0
16,17633,plain,50,age_1_9,4,45,1.0
16,17633,plain,50,age_1_9,3,46,1.0
16,17633,plain,50,age_1_9,2,47,1.0
16,17633,plain,50,age_1_9,1,48,1.0
16,17633,plain,50,age_0,0,49,1.0
16,17633,plain,100,age_10_99,99,0,1.0
16,17633,plain,100,age_10_99,98,1,0.0
16,17633,plain,100,age_10_99,97,2,0.0
16,17633,plain,100,age_10_99,96,3,0.0
16,17633,plain,100,age_10_99,95,4,0.0
16,17633,plain,100,age_10_99,94,5,0.0
16,17633,plain,100,age_10_99,93,6,0.0
16,17633,plain,100,age_10_99,92,7,0.0
16,17633,plain,100,age_10_99,91,8,0.0
16,17633,plain,100,age_10_99,90,9,1.0
16,17633,plain,100,age_10_99,89,10,0.0
16,17633,plain,100,age_10_99,88,11,0.0
16,17633,plain,100,age_10_99,87,12,0.0
16,17633,plain,100,age_10_99,86,13,1.0
16,17633,plain,100,age_10_99,85,14,1.0
16,17633,plain,100,age_10_99,84,15,0.0
16,17633,plain,100,age_10_99,83,16,0.0
16,17633,plain,100,age_10_99,82,17,0.0
16,17633,plain,100,age_10_99,81,18,1.0
16,17633,plain,100,age_10_99,80,19,0.0
16,17633,plain,100,age_10_99,79,20,0.0
16,17633,plain,100,age_10_99,78,21,0.0
16,17633,plain,100,age_10_99,77,22,0.0
16,17633,plain,100,age_10_99,76,23,0.0
16,17633,plain,100,age_10_99,75,24,0.0
16,17633,plain,100,age_10_99,74,25,0.0
16,17633,plain,100,age_10_99,73,26,0.0
16,17633,plain,100,age_10_99,72,27,1.0
16,17633,plain,100,age_10_99,71,28,1.0
16,17633,plain,100,age_10_99,70,29,0.0
16,17633,plain,100,age_10_99,69,30,1.0
16,17633,plain,100,age_10_99,68,31,0.0
16,17633,plain,100,age_10_99,67,32,0.0
16,17633,plain,100,age_10_99,66,33,0.0
16,17633,plain,100,age_10_99,65,34,0.0
16,17633,plain,100,age_10_99,64,35,0.0
16,17633,plain,100,age_10_99,63,36,0.0
16,17633,plain,100,age_10_99,62,37,1.0
16,17633,plain,100,age_10_99,61,38,1.0
16,17633,plain,100,age_10_99,60,39,1.0
16,17633,plain,100,age_10_99,59,40,0.0
16,17633,plain,100,age_10_99,58,41,0.0
16,17633,plain,100,age_10_99,57,42,1.0
16,17633,plain,100,age_10_99,56,43,0.0
16,17633,plain,100,age_10_99,55,44,0.0
16,17633,plain,100,age_10_99,54,45,0.0
16,17633,plain,100,age_10_99,53,46,0.0
16,17633,plain,100,age_10_99,52,47,0.0
16,17633,plain,100,age_10_99,51,48,0.0
16,17633,plain,100,age_10_99,50,49,1.0
16,17633,plain,100,age_10_99,49,50,1.0
16,17633,plain,100,age_10_99,48,51,1.0
16,17633,plain,100,age_10_99,47,52,1.0
16,17633,plain,100,age_10_99,46,53,0.0
16,17633,plain,100,age_10_99,45,54,0.0
16,17633,plain,100,age_10_99,44,55,1.0
16,17633,plain,100,age_10_99,43,56,1.0
16,17633,plain,100,age_10_99,42,57,0.0
16,17633,plain,100,age_10_99,41,58,0.0
16,17633,plain,100,age_10_99,40,59,0.0
16,17633,plain,100,age_10_99,39,60,0.0
16,17633,plain,100,age_10_99,38,61,0.0
16,17633,plain,100,age_10_99,37,62,0.0
16,17633,plain,100,age_10_99,36,63,1.0
16,17633,plain,100,age_10_99,35,64,0.0
16,17633,plain,100,age_10_99,34,65,1.0
16,17633,plain,100,age_10_99,33,66,1.0
16,17633,plain,100,age_10_99,32,67,0.0
16,17633,plain,100,age_10_99,31,68,1.0
16,17633,plain,100,age_10_99,30,69,1.0
16,17633,plain,100,age_10_99,29,70,1.0
16,17633,plain,100,age_10_99,28,71,0.0
16,17633,plain,100,age_10_99,27,72,0.0
16,17633,plain,100,age_10_99,26,73,0.0
16,17633,plain,100,age_10_99,25,74,0.0
16,17633,plain,100,age_10_99,24,75,0.0
16,17633,plain,100,age_10_99,23,76,0.0
16,17633,plain,100,age_10_99,22,77,0.0
16,17633,plain,100,age_10_99,21,78,1.0
16,17633,plain,100,age_10_99,20,79,1.0
16,17633,plain,100,age_10_99,19,80,1.0
16,17633,plain,100,age_10_99,18,81,0.0
16,17633,plain,100,age_10_99,17,82,0.0
16,17633,plain,100,age_10_99,16,83,0.0
16,17633,plain,100,age_10_99,15,84,1.0
16,17633,plain,100,age_10_99,14,85,0.0
16,17633,plain,100,age_10_99,13,86,0.0
16,17633,plain,100,age_10_99,12,87,0.0
16,17633,plain,100,age_10_99,11,88,0.0
16,17633,plain,100,age_10_99,10,89,0.0
16,17633,plain,100,age_1_9,9,90,0.0
16,17633,plain,100,age_1_9,8,91,0.0
16,17633,plain,100,age_1_9,7,92,0.0
16,17633,plain,100,age_1_9,6,93,0.0
16,17633,plain,100,age_1_9,5,94,0.0
16,17633,plain,100,age_1_9,4,95,0.0
16,17633,plain,100,age_1_9,3,96,1.0
16,17633,plain,100,age_1_9,2,97,1.0
16,17633,plain,100,age_1_9,1,98,1.0
16,17633,plain,100,age_0,0,99,1.0
16,17633,ssr,1,age_0,0,0,1.0
16,17633,ssr,2,age_1_9,1,0,1.0
16,17633,ssr,2,age_0,0,1,1.0
16,17633,ssr,5,age_1_9,4,0,1.0
16,17633,ssr,5,age_1_9,3,1,1.0
16,17633,ssr,5,age_1_9,2,2,1.0
16,17633,ssr,5,age_1_9,1,3,1.0
16,17633,ssr,5,age_0,0,4,1.0
16,17633,ssr,10,age_1_9,9,0,1.0
16,17633,ssr,10,age_1_9,8,1,1.0
16,17633,ssr,10,age_1_9,7,2,1.0
16,17633,ssr,10,age_1_9,6,3,1.0
16,17633,ssr,10,age_1_9,5,4,1.0
16,17633,ssr,10,age_1_9,4,5,1.0
16,17633,ssr,10,age_1_9,3,6,1.0
16,17633,ssr,10,age_1_9,2,7,1.0
16,17633,ssr,10,age_1_9,1,8,1.0
16,17633,ssr,10,age_0,0,9,1.0
16,17633,ssr,25,age_10_99,24,0,1.0
16,17633,ssr,25,age_10_99,23,1,0.0
16,17633,ssr,25,age_10_99,22,2,0.0
16,17633,ssr,25,age_10_99,21,3,1.0
16,17633,ssr,25,age_10_99,20,4,0.0
16,17633,ssr,25,age_10_99,19,5,1.0
16,17633,ssr,25,age_10_99,18,6,1.0
16,17633,ssr,25,age_10_99,17,7,1.0
16,17633,ssr,25,age_10_99,16,8,0.0
16,17633,ssr,25,age_10_99,15,9,1.0
16,17633,ssr,25,age_10_99,14,10,1.0
16,17633,ssr,25,age_10_99,13,11,0.0
16,17633,ssr,25,age_10_99,12,12,0.0
16,17633,ssr,25,age_10_99,11,13,1.0
16,17633,ssr,25,age_10_99,10,14,0.0
16,17633,ssr,25,age_1_9,9,15,1.0
16,17633,ssr,25,age_1_9,8,16,1.0
16,17633,ssr,25,age_1_9,7,17,0.0
16,17633,ssr,25,age_1_9,6,18,1.0
16,17633,ssr,25,age_1_9,5,19,1.0
16,17633,ssr,25,age_1_9,4,20,1.0
16,17633,ssr,25,age_1_9,3,21,1.0
16,17633,ssr,25,age_1_9,2,22,1.0
16,17633,ssr,25,age_1_9,1,23,1.0
16,17633,ssr,25,age_0,0,24,1.0
16,17633,ssr,50,age_10_99,49,0,1.0
16,17633,ssr,50,age_10_99,48,1,0.0
16,17633,ssr,50,age_10_99,47,2,0.0
16,17633,ssr,50,age_10_99,46,3,0.0
16,17633,ssr,50,age_10_99,45,4,0.0
16,17633,ssr,50,age_10_99,44,5,1.0
16,17633,ssr,50,age_10_99,43,6,1.0
16,17633,ssr,50,age_10_99,42,7,1.0
16,17633,ssr,50,age_10_99,41,8,0.0
16,17633,ssr,50,age_10_99,40,9,1.0
16,17633,ssr,50,age_10_99,39,10,1.0
16,17633,ssr,50,age_10_99,38,11,1.0
16,17633,ssr,50,age_10_99,37,12,1.0
16,17633,ssr,50,age_10_99,36,13,1.0
16,17633,ssr,50,age_10_99,35,14,1.0
16,17633,ssr,50,age_10_99,34,15,0.0
16,17633,ssr,50,age_10_99,33,16,1.0
16,17633,ssr,50,age_10_99,32,17,0.0
16,17633,ssr,50,age_10_99,31,18,1.0
16,17633,ssr,50,age_10_99,30,19,0.0
16,17633,ssr,50,age_10_99,29,20,1.0
16,17633,ssr,50,age_10_99,28,21,1.0
16,17633,ssr,50,age_10_99,27,22,1.0
16,17633,ssr,50,age_10_99,26,23,1.0
16,17633,ssr,50,age_10_99,25,24,1.0
16,17633,ssr,50,age_10_99,24,25,1.0
16,17633,ssr,50,age_10_99,23,26,1.0
16,17633,ssr,50,age_10_99,22,27,1.0
16,17633,ssr,50,age_10_99,21,28,0.0
16,17633,ssr,50,age_10_99,20,29,0.0
16,17633,ssr,50,age_10_99,19,30,1.0
16,17633,ssr,50,age_10_99,18,31,1.0
16,17633,ssr,50,age_10_99,17,32,1.0
16,17633,ssr,50,age_10_99,16,33,0.0
16,17633,ssr,50,age_10_99,15,34,1.0
16,17633,ssr,50,age_10_99,14,35,0.0
16,17633,ssr,50,age_10_99,13,36,0.0
16,17633,ssr,50,age_10_99,12,37,0.0
16,17633,ssr,50,age_10_99,11,38,1.0
16,17633,ssr,50,age_10_99,10,39,1.0
16,17633,ssr,50,age_1_9,9,40,0.0
16,17633,ssr,50,age_1_9,8,41,1.0
16,17633,ssr,50,age_1_9,7,42,0.0
16,17633,ssr,50,age_1_9,6,43,0.0
16,17633,ssr,50,age_1_9,5,44,0.0
16,17633,ssr,50,age_1_9,4,45,0.0
16,17633,ssr,50,age_1_9,3,46,1.0
16,17633,ssr,50,age_1_9,2,47,1.0
16,17633,ssr,50,age_1_9,1,48,1.0
16,17633,ssr,50,age_0,0,49,1.0
16,17633,ssr,100,age_10_99,99,0,1.0
16,17633,ssr,100,age_10_99,98,1,0.0
16,17633,ssr,100,age_10_99,97,2,0.0
16,17633,ssr,100,age_10_99,96,3,0.0
16,17633,ssr,100,age_10_99,95,4,0.0
16,17633,ssr,100,age_10_99,94,5,0.0
16,17633,ssr,100,age_10_99,93,6,0.0
16,17633,ssr,100,age_10_99,92,7,0.0
16,17633,ssr,100,age_10_99,91,8,0.0
16,17633,ssr,100,age_10_99,90,9,1.0
16,17633,ssr,100,age_10_99,89,10,0.0
16,17633,ssr,100,age_10_99,88,11,1.0
16,17633,ssr,100,age_10_99,87,12,0.0
16,17633,ssr,100,age_10_99,86,13,1.0
16,17633,ssr,100,age_10_99,85,14,1.0
16,17633,ssr,100,age_10_99,84,15,0.0
16,17633,ssr,100,age_10_99,83,16,0.0
16,17633,ssr,100,age_10_99,82,17,0.0
16,17633,ssr,100,age_10_99,81,18,0.0
16,17633,ssr,100,age_10_99,80,19,0.0
16,17633,ssr,100,age_10_99,79,20,0.0
16,17633,ssr,100,age_10_99,78,21,0.0
16,17633,ssr,100,age_10_99,77,22,0.0
16,17633,ssr,100,age_10_99,76,23,0.0
16,17633,ssr,100,age_10_99,75,24,0.0
16,17633,ssr,100,age_10_99,74,25,0.0
16,17633,ssr,100,age_10_99,73,26,0.0
16,17633,ssr,100,age_10_99,72,27,0.0
16,17633,ssr,100,age_10_99,71,28,1.0
16,17633,ssr,100,age_10_99,70,29,0.0
16,17633,ssr,100,age_10_99,69,30,1.0
16,17633,ssr,100,age_10_99,68,31,0.0
16,17633,ssr,100,age_10_99,67,32,1.0
16,17633,ssr,100,age_10_99,66,33,0.0
16,17633,ssr,100,age_10_99,65,34,0.0
16,17633,ssr,100,age_10_99,64,35,0.0
16,17633,ssr,100,age_10_99,63,36,0.0
16,17633,ssr,100,age_10_99,62,37,1.0
16,17633,ssr,100,age_10_99,61,38,0.0
16,17633,ssr,100,age_10_99,60,39,1.0
16,17633,ssr,100,age_10_99,59,40,0.0
16,17633,ssr,100,age_10_99,58,41,1.0
16,17633,ssr,100,age_10_99,57,42,1.0
16,17633,ssr,100,age_10_99,56,43,0.0
16,17633,ssr,100,age_10_99,55,44,0.0
16,17633,ssr,100,age_10_99,54,45,1.0
16,17633,ssr,100,age_10_99,53,46,0.0
16,17633,ssr,100,age_10_99,52,47,1.0
16,17633,ssr,100,age_10_99,51,48,0.0
16,17633,ssr,100,age_10_99,50,49,1.0
16,17633,ssr,100,age_10_99,49,50,1.0
16,17633,ssr,100,age_10_99,48,51,1.0
16,17633,ssr,100,age_10_99,47,52,1.0
16,17633,ssr,100,age_10_99,46,53,0.0
16,17633,ssr,100,age_10_99,45,54,0.0
16,17633,ssr,100,age_10_99,44,55,1.0
16,17633,ssr,100,age_10_99,43,56,1.0
16,17633,ssr,100,age_10_99,42,57,0.0
16,17633,ssr,100,age_10_99,41,58,0.0
16,17633,ssr,100,age_10_99,40,59,0.0
16,17633,ssr,100,age_10_99,39,60,0.0
16,17633,ssr,100,age_10_99,38,61,0.0
16,17633,ssr,100,age_10_99,37,62,0.0
16,17633,ssr,100,age_10_99,36,63,1.0
16,17633,ssr,100,age_10_99,35,64,0.0
16,17633,ssr,100,age_10_99,34,65,0.0
16,17633,ssr,100,age_10_99,33,66,1.0
16,17633,ssr,100,age_10_99,32,67,0.0
16,17633,ssr,100,age_10_99,31,68,1.0
16,17633,ssr,100,age_10_99,30,69,1.0
16,17633,ssr,100,age_10_99,29,70,1.0
16,17633,ssr,100,age_10_99,28,71,0.0
16,17633,ssr,100,age_10_99,27,72,0.0
16,17633,ssr,100,age_10_99,26,73,0.0
16,17633,ssr,100,age_10_99,25,74,0.0
16,17633,ssr,100,age_10_99,24,75,1.0
16,17633,ssr,100,age_10_99,23,76,0.0
16,17633,ssr,100,age_10_99,22,77,0.0
16,17633,ssr,100,age_10_99,21,78,1.0
16,17633,ssr,100,age_10_99,20,79,1.0
16,17633,ssr,100,age_10_99,19,80,1.0
16,17633,ssr,100,age_10_99,18,81,1.0
16,17633,ssr,100,age_10_99,17,82,1.0
16,17633,ssr,100,age_10_99,16,83,0.0
16,17633,ssr,100,age_10_99,15,84,1.0
16,17633,ssr,100,age_10_99,14,85,0.0
16,17633,ssr,100,age_10_99,13,86,0.0
16,17633,ssr,100,age_10_99,12,87,0.0
16,17633,ssr,100,age_10_99,11,88,0.0
16,17633,ssr,100,age_10_99,10,89,0.0
16,17633,ssr,100,age_1_9,9,90,0.0
16,17633,ssr,100,age_1_9,8,91,0.0
16,17633,ssr,100,age_1_9,7,92,0.0
16,17633,ssr,100,age_1_9,6,93,0.0
16,17633,ssr,100,age_1_9,5,94,0.0
16,17633,ssr,100,age_1_9,4,95,1.0
16,17633,ssr,100,age_1_9,3,96,1.0
16,17633,ssr,100,age_1_9,2,97,0.0
16,17633,ssr,100,age_1_9,1,98,1.0
16,17633,ssr,100,age_0,0,99,1.0
16,17634,plain,1,age_0,0,0,1.0
16,17634,plain,2,age_1_9,1,0,1.0
16,17634,plain,2,age_0,0,1,1.0
16,17634,plain,5,age_1_9,4,0,1.0
16,17634,plain,5,age_1_9,3,1,1.0
16,17634,plain,5,age_1_9,2,2,1.0
16,17634,plain,5,age_1_9,1,3,1.0
16,17634,plain,5,age_0,0,4,1.0
16,17634,plain,10,age_1_9,9,0,1.0
16,17634,plain,10,age_1_9,8,1,1.0
16,17634,plain,10,age_1_9,7,2,1.0
16,17634,plain,10,age_1_9,6,3,1.0
16,17634,plain,10,age_1_9,5,4,1.0
16,17634,plain,10,age_1_9,4,5,1.0
16,17634,plain,10,age_1_9,3,6,1.0
16,17634,plain,10,age_1_9,2,7,1.0
16,17634,plain,10,age_1_9,1,8,1.0
16,17634,plain,10,age_0,0,9,1.0
16,17634,plain,25,age_10_99,24,0,1.0
16,17634,plain,25,age_10_99,23,1,0.0
16,17634,plain,25,age_10_99,22,2,0.0
16,17634,plain,25,age_10_99,21,3,1.0
16,17634,plain,25,age_10_99,20,4,0.0
16,17634,plain,25,age_10_99,19,5,1.0
16,17634,plain,25,age_10_99,18,6,1.0
16,17634,plain,25,age_10_99,17,7,1.0
16,17634,plain,25,age_10_99,16,8,1.0
16,17634,plain,25,age_10_99,15,9,1.0
16,17634,plain,25,age_10_99,14,10,1.0
16,17634,plain,25,age_10_99,13,11,0.0
16,17634,plain,25,age_10_99,12,12,1.0
16,17634,plain,25,age_10_99,11,13,1.0
16,17634,plain,25,age_10_99,10,14,1.0
16,17634,plain,25,age_1_9,9,15,1.0
16,17634,plain,25,age_1_9,8,16,1.0
16,17634,plain,25,age_1_9,7,17,0.0
16,17634,plain,25,age_1_9,6,18,1.0
16,17634,plain,25,age_1_9,5,19,1.0
16,17634,plain,25,age_1_9,4,20,1.0
16,17634,plain,25,age_1_9,3,21,0.0
16,17634,plain,25,age_1_9,2,22,0.0
16,17634,plain,25,age_1_9,1,23,1.0
16,17634,plain,25,age_0,0,24,1.0
16,17634,plain,50,age_10_99,49,0,1.0
16,17634,plain,50,age_10_99,48,1,0.0
16,17634,plain,50,age_10_99,47,2,0.0
16,17634,plain,50,age_10_99,46,3,0.0
16,17634,plain,50,age_10_99,45,4,0.0
16,17634,plain,50,age_10_99,44,5,0.0
16,17634,plain,50,age_10_99,43,6,1.0
16,17634,plain,50,age_10_99,42,7,1.0
16,17634,plain,50,age_10_99,41,8,1.0
16,17634,plain,50,age_10_99,40,9,0.0
16,17634,plain,50,age_10_99,39,10,0.0
16,17634,plain,50,age_10_99,38,11,0.0
16,17634,plain,50,age_10_99,37,12,0.0
16,17634,plain,50,age_10_99,36,13,1.0
16,17634,plain,50,age_10_99,35,14,1.0
16,17634,plain,50,age_10_99,34,15,1.0
16,17634,plain,50,age_10_99,33,16,0.0
16,17634,plain,50,age_10_99,32,17,1.0
16,17634,plain,50,age_10_99,31,18,1.0
16,17634,plain,50,age_10_99,30,19,1.0
16,17634,plain,50,age_10_99,29,20,1.0
16,17634,plain,50,age_10_99,28,21,1.0
16,17634,plain,50,age_10_99,27,22,0.0
16,17634,plain,50,age_10_99,26,23,1.0
16,17634,plain,50,age_10_99,25,24,1.0
16,17634,plain,50,age_10_99,24,25,0.0
16,17634,plain,50,age_10_99,23,26,1.0
16,17634,plain,50,age_10_99,22,27,1.0
16,17634,plain,50,age_10_99,21,28,0.0
16,17634,plain,50,age_10_99,20,29,1.0
16,17634,plain,50,age_10_99,19,30,1.0
16,17634,plain,50,age_10_99,18,31,0.0
16,17634,plain,50,age_10_99,17,32,1.0
16,17634,plain,50,age_10_99,16,33,1.0
16,17634,plain,50,age_10_99,15,34,1.0
16,17634,plain,50,age_10_99,14,35,0.0
16,17634,plain,50,age_10_99,13,36,0.0
16,17634,plain,50,age_10_99,12,37,1.0
16,17634,plain,50,age_10_99,11,38,1.0
16,17634,plain,50,age_10_99,10,39,0.0
16,17634,plain,50,age_1_9,9,40,1.0
16,17634,plain,50,age_1_9,8,41,1.0
16,17634,plain,50,age_1_9,7,42,0.0
16,17634,plain,50,age_1_9,6,43,1.0
16,17634,plain,50,age_1_9,5,44,1.0
16,17634,plain,50,age_1_9,4,45,1.0
16,17634,plain,50,age_1_9,3,46,0.0
16,17634,plain,50,age_1_9,2,47,1.0
16,17634,plain,50,age_1_9,1,48,1.0
16,17634,plain,50,age_0,0,49,1.0
16,17634,plain,100,age_10_99,99,0,1.0
16,17634,plain,100,age_10_99,98,1,0.0
16,17634,plain,100,age_10_99,97,2,0.0
16,17634,plain,100,age_10_99,96,3,0.0
16,17634,plain,100,age_10_99,95,4,0.0
16,17634,plain,100,age_10_99,94,5,0.0
16,17634,plain,100,age_10_99,93,6,1.0
16,17634,plain,100,age_10_99,92,7,0.0
16,17634,plain,100,age_10_99,91,8,0.0
16,17634,plain,100,age_10_99,90,9,0.0
16,17634,plain,100,age_10_99,89,10,0.0
16,17634,plain,100,age_10_99,88,11,0.0
16,17634,plain,100,age_10_99,87,12,1.0
16,17634,plain,100,age_10_99,86,13,1.0
16,17634,plain,100,age_10_99,85,14,1.0
16,17634,plain,100,age_10_99,84,15,0.0
16,17634,plain,100,age_10_99,83,16,0.0
16,17634,plain,100,age_10_99,82,17,0.0
16,17634,plain,100,age_10_99,81,18,0.0
16,17634,plain,100,age_10_99,80,19,0.0
16,17634,plain,100,age_10_99,79,20,0.0
16,17634,plain,100,age_10_99,78,21,0.0
16,17634,plain,100,age_10_99,77,22,0.0
16,17634,plain,100,age_10_99,76,23,1.0
16,17634,plain,100,age_10_99,75,24,1.0
16,17634,plain,100,age_10_99,74,25,0.0
16,17634,plain,100,age_10_99,73,26,1.0
16,17634,plain,100,age_10_99,72,27,1.0
16,17634,plain,100,age_10_99,71,28,1.0
16,17634,plain,100,age_10_99,70,29,1.0
16,17634,plain,100,age_10_99,69,30,0.0
16,17634,plain,100,age_10_99,68,31,0.0
16,17634,plain,100,age_10_99,67,32,0.0
16,17634,plain,100,age_10_99,66,33,0.0
16,17634,plain,100,age_10_99,65,34,0.0
16,17634,plain,100,age_10_99,64,35,0.0
16,17634,plain,100,age_10_99,63,36,0.0
16,17634,plain,100,age_10_99,62,37,0.0
16,17634,plain,100,age_10_99,61,38,1.0
16,17634,plain,100,age_10_99,60,39,0.0
16,17634,plain,100,age_10_99,59,40,0.0
16,17634,plain,100,age_10_99,58,41,0.0
16,17634,plain,100,age_10_99,57,42,1.0
16,17634,plain,100,age_10_99,56,43,1.0
16,17634,plain,100,age_10_99,55,44,0.0
16,17634,plain,100,age_10_99,54,45,1.0
16,17634,plain,100,age_10_99,53,46,1.0
16,17634,plain,100,age_10_99,52,47,0.0
16,17634,plain,100,age_10_99,51,48,1.0
16,17634,plain,100,age_10_99,50,49,0.0
16,17634,plain,100,age_10_99,49,50,0.0
16,17634,plain,100,age_10_99,48,51,0.0
16,17634,plain,100,age_10_99,47,52,0.0
16,17634,plain,100,age_10_99,46,53,1.0
16,17634,plain,100,age_10_99,45,54,1.0
16,17634,plain,100,age_10_99,44,55,1.0
16,17634,plain,100,age_10_99,43,56,1.0
16,17634,plain,100,age_10_99,42,57,0.0
16,17634,plain,100,age_10_99,41,58,0.0
16,17634,plain,100,age_10_99,40,59,0.0
16,17634,plain,100,age_10_99,39,60,1.0
16,17634,plain,100,age_10_99,38,61,0.0
16,17634,plain,100,age_10_99,37,62,0.0
16,17634,plain,100,age_10_99,36,63,0.0
16,17634,plain,100,age_10_99,35,64,0.0
16,17634,plain,100,age_10_99,34,65,1.0
16,17634,plain,100,age_10_99,33,66,0.0
16,17634,plain,100,age_10_99,32,67,1.0
16,17634,plain,100,age_10_99,31,68,0.0
16,17634,plain,100,age_10_99,30,69,1.0
16,17634,plain,100,age_10_99,29,70,1.0
16,17634,plain,100,age_10_99,28,71,0.0
16,17634,plain,100,age_10_99,27,72,0.0
16,17634,plain,100,age_10_99,26,73,0.0
16,17634,plain,100,age_10_99,25,74,0.0
16,17634,plain,100,age_10_99,24,75,0.0
16,17634,plain,100,age_10_99,23,76,0.0
16,17634,plain,100,age_10_99,22,77,0.0
16,17634,plain,100,age_10_99,21,78,1.0
16,17634,plain,100,age_10_99,20,79,0.0
16,17634,plain,100,age_10_99,19,80,0.0
16,17634,plain,100,age_10_99,18,81,0.0
16,17634,plain,100,age_10_99,17,82,1.0
16,17634,plain,100,age_10_99,16,83,1.0
16,17634,plain,100,age_10_99,15,84,1.0
16,17634,plain,100,age_10_99,14,85,0.0
16,17634,plain,100,age_10_99,13,86,0.0
16,17634,plain,100,age_10_99,12,87,0.0
16,17634,plain,100,age_10_99,11,88,0.0
16,17634,plain,100,age_10_99,10,89,0.0
16,17634,plain,100,age_1_9,9,90,1.0
16,17634,plain,100,age_1_9,8,91,0.0
16,17634,plain,100,age_1_9,7,92,0.0
16,17634,plain,100,age_1_9,6,93,0.0
16,17634,plain,100,age_1_9,5,94,1.0
16,17634,plain,100,age_1_9,4,95,0.0
16,17634,plain,100,age_1_9,3,96,1.0
16,17634,plain,100,age_1_9,2,97,1.0
16,17634,plain,100,age_1_9,1,98,1.0
16,17634,plain,100,age_0,0,99,1.0
16,17634,ssr,1,age_0,0,0,1.0
16,17634,ssr,2,age_1_9,1,0,1.0
16,17634,ssr,2,age_0,0,1,1.0
16,17634,ssr,5,age_1_9,4,0,1.0
16,17634,ssr,5,age_1_9,3,1,1.0
16,17634,ssr,5,age_1_9,2,2,1.0
16,17634,ssr,5,age_1_9,1,3,1.0
16,17634,ssr,5,age_0,0,4,1.0
16,17634,ssr,10,age_1_9,9,0,1.0
16,17634,ssr,10,age_1_9,8,1,1.0
16,17634,ssr,10,age_1_9,7,2,1.0
16,17634,ssr,10,age_1_9,6,3,1.0
16,17634,ssr,10,age_1_9,5,4,0.0
16,17634,ssr,10,age_1_9,4,5,1.0
16,17634,ssr,10,age_1_9,3,6,1.0
16,17634,ssr,10,age_1_9,2,7,1.0
16,17634,ssr,10,age_1_9,1,8,1.0
16,17634,ssr,10,age_0,0,9,1.0
16,17634,ssr,25,age_10_99,24,0,1.0
16,17634,ssr,25,age_10_99,23,1,0.0
16,17634,ssr,25,age_10_99,22,2,0.0
16,17634,ssr,25,age_10_99,21,3,1.0
16,17634,ssr,25,age_10_99,20,4,1.0
16,17634,ssr,25,age_10_99,19,5,1.0
16,17634,ssr,25,age_10_99,18,6,1.0
16,17634,ssr,25,age_10_99,17,7,1.0
16,17634,ssr,25,age_10_99,16,8,1.0
16,17634,ssr,25,age_10_99,15,9,1.0
16,17634,ssr,25,age_10_99,14,10,1.0
16,17634,ssr,25,age_10_99,13,11,1.0
16,17634,ssr,25,age_10_99,12,12,1.0
16,17634,ssr,25,age_10_99,11,13,1.0
16,17634,ssr,25,age_10_99,10,14,1.0
16,17634,ssr,25,age_1_9,9,15,1.0
16,17634,ssr,25,age_1_9,8,16,1.0
16,17634,ssr,25,age_1_9,7,17,1.0
16,17634,ssr,25,age_1_9,6,18,0.0
16,17634,ssr,25,age_1_9,5,19,1.0
16,17634,ssr,25,age_1_9,4,20,1.0
16,17634,ssr,25,age_1_9,3,21,1.0
16,17634,ssr,25,age_1_9,2,22,0.0
16,17634,ssr,25,age_1_9,1,23,1.0
16,17634,ssr,25,age_0,0,24,1.0
16,17634,ssr,50,age_10_99,49,0,1.0
16,17634,ssr,50,age_10_99,48,1,0.0
16,17634,ssr,50,age_10_99,47,2,0.0
16,17634,ssr,50,age_10_99,46,3,0.0
16,17634,ssr,50,age_10_99,45,4,0.0
16,17634,ssr,50,age_10_99,44,5,0.0
16,17634,ssr,50,age_10_99,43,6,1.0
16,17634,ssr,50,age_10_99,42,7,1.0
16,17634,ssr,50,age_10_99,41,8,1.0
16,17634,ssr,50,age_10_99,40,9,0.0
16,17634,ssr,50,age_10_99,39,10,0.0
16,17634,ssr,50,age_10_99,38,11,0.0
16,17634,ssr,50,age_10_99,37,12,1.0
16,17634,ssr,50,age_10_99,36,13,0.0
16,17634,ssr,50,age_10_99,35,14,1.0
16,17634,ssr,50,age_10_99,34,15,0.0
16,17634,ssr,50,age_10_99,33,16,1.0
16,17634,ssr,50,age_10_99,32,17,1.0
16,17634,ssr,50,age_10_99,31,18,1.0
16,17634,ssr,50,age_10_99,30,19,1.0
16,17634,ssr,50,age_10_99,29,20,1.0
16,17634,ssr,50,age_10_99,28,21,1.0
16,17634,ssr,50,age_10_99,27,22,1.0
16,17634,ssr,50,age_10_99,26,23,1.0
16,17634,ssr,50,age_10_99,25,24,1.0
16,17634,ssr,50,age_10_99,24,25,1.0
16,17634,ssr,50,age_10_99,23,26,0.0
16,17634,ssr,50,age_10_99,22,27,1.0
16,17634,ssr,50,age_10_99,21,28,0.0
16,17634,ssr,50,age_10_99,20,29,0.0
16,17634,ssr,50,age_10_99,19,30,1.0
16,17634,ssr,50,age_10_99,18,31,1.0
16,17634,ssr,50,age_10_99,17,32,1.0
16,17634,ssr,50,age_10_99,16,33,1.0
16,17634,ssr,50,age_10_99,15,34,1.0
16,17634,ssr,50,age_10_99,14,35,0.0
16,17634,ssr,50,age_10_99,13,36,1.0
16,17634,ssr,50,age_10_99,12,37,1.0
16,17634,ssr,50,age_10_99,11,38,0.0
16,17634,ssr,50,age_10_99,10,39,0.0
16,17634,ssr,50,age_1_9,9,40,1.0
16,17634,ssr,50,age_1_9,8,41,1.0
16,17634,ssr,50,age_1_9,7,42,0.0
16,17634,ssr,50,age_1_9,6,43,1.0
16,17634,ssr,50,age_1_9,5,44,1.0
16,17634,ssr,50,age_1_9,4,45,1.0
16,17634,ssr,50,age_1_9,3,46,1.0
16,17634,ssr,50,age_1_9,2,47,1.0
16,17634,ssr,50,age_1_9,1,48,1.0
16,17634,ssr,50,age_0,0,49,1.0
16,17634,ssr,100,age_10_99,99,0,1.0
16,17634,ssr,100,age_10_99,98,1,0.0
16,17634,ssr,100,age_10_99,97,2,0.0
16,17634,ssr,100,age_10_99,96,3,0.0
16,17634,ssr,100,age_10_99,95,4,0.0
16,17634,ssr,100,age_10_99,94,5,0.0
16,17634,ssr,100,age_10_99,93,6,1.0
16,17634,ssr,100,age_10_99,92,7,0.0
16,17634,ssr,100,age_10_99,91,8,1.0
16,17634,ssr,100,age_10_99,90,9,0.0
16,17634,ssr,100,age_10_99,89,10,0.0
16,17634,ssr,100,age_10_99,88,11,1.0
16,17634,ssr,100,age_10_99,87,12,1.0
16,17634,ssr,100,age_10_99,86,13,1.0
16,17634,ssr,100,age_10_99,85,14,1.0
16,17634,ssr,100,age_10_99,84,15,1.0
16,17634,ssr,100,age_10_99,83,16,0.0
16,17634,ssr,100,age_10_99,82,17,0.0
16,17634,ssr,100,age_10_99,81,18,0.0
16,17634,ssr,100,age_10_99,80,19,0.0
16,17634,ssr,100,age_10_99,79,20,0.0
16,17634,ssr,100,age_10_99,78,21,0.0
16,17634,ssr,100,age_10_99,77,22,1.0
16,17634,ssr,100,age_10_99,76,23,1.0
16,17634,ssr,100,age_10_99,75,24,1.0
16,17634,ssr,100,age_10_99,74,25,0.0
16,17634,ssr,100,age_10_99,73,26,1.0
16,17634,ssr,100,age_10_99,72,27,1.0
16,17634,ssr,100,age_10_99,71,28,1.0
16,17634,ssr,100,age_10_99,70,29,0.0
16,17634,ssr,100,age_10_99,69,30,1.0
16,17634,ssr,100,age_10_99,68,31,0.0
16,17634,ssr,100,age_10_99,67,32,0.0
16,17634,ssr,100,age_10_99,66,33,1.0
16,17634,ssr,100,age_10_99,65,34,0.0
16,17634,ssr,100,age_10_99,64,35,0.0
16,17634,ssr,100,age_10_99,63,36,0.0
16,17634,ssr,100,age_10_99,62,37,0.0
16,17634,ssr,100,age_10_99,61,38,1.0
16,17634,ssr,100,age_10_99,60,39,0.0
16,17634,ssr,100,age_10_99,59,40,1.0
16,17634,ssr,100,age_10_99,58,41,0.0
16,17634,ssr,100,age_10_99,57,42,1.0
16,17634,ssr,100,age_10_99,56,43,1.0
16,17634,ssr,100,age_10_99,55,44,1.0
16,17634,ssr,100,age_10_99,54,45,1.0
16,17634,ssr,100,age_10_99,53,46,0.0
16,17634,ssr,100,age_10_99,52,47,1.0
16,17634,ssr,100,age_10_99,51,48,1.0
16,17634,ssr,100,age_10_99,50,49,1.0
16,17634,ssr,100,age_10_99,49,50,1.0
16,17634,ssr,100,age_10_99,48,51,0.0
16,17634,ssr,100,age_10_99,47,52,0.0
16,17634,ssr,100,age_10_99,46,53,1.0
16,17634,ssr,100,age_10_99,45,54,1.0
16,17634,ssr,100,age_10_99,44,55,1.0
16,17634,ssr,100,age_10_99,43,56,1.0
16,17634,ssr,100,age_10_99,42,57,1.0
16,17634,ssr,100,age_10_99,41,58,0.0
16,17634,ssr,100,age_10_99,40,59,0.0
16,17634,ssr,100,age_10_99,39,60,0.0
16,17634,ssr,100,age_10_99,38,61,0.0
16,17634,ssr,100,age_10_99,37,62,1.0
16,17634,ssr,100,age_10_99,36,63,0.0
16,17634,ssr,100,age_10_99,35,64,0.0
16,17634,ssr,100,age_10_99,34,65,1.0
16,17634,ssr,100,age_10_99,33,66,1.0
16,17634,ssr,100,age_10_99,32,67,1.0
16,17634,ssr,100,age_10_99,31,68,1.0
16,17634,ssr,100,age_10_99,30,69,1.0
16,17634,ssr,100,age_10_99,29,70,1.0
16,17634,ssr,100,age_10_99,28,71,1.0
16,17634,ssr,100,age_10_99,27,72,0.0
16,17634,ssr,100,age_10_99,26,73,1.0
16,17634,ssr,100,age_10_99,25,74,0.0
16,17634,ssr,100,age_10_99,24,75,0.0
16,17634,ssr,100,age_10_99,23,76,0.0
16,17634,ssr,100,age_10_99,22,77,0.0
16,17634,ssr,100,age_10_99,21,78,0.0
16,17634,ssr,100,age_10_99,20,79,1.0
16,17634,ssr,100,age_10_99,19,80,1.0
16,17634,ssr,100,age_10_99,18,81,1.0
16,17634,ssr,100,age_10_99,17,82,1.0
16,17634,ssr,100,age_10_99,16,83,1.0
16,17634,ssr,100,age_10_99,15,84,1.0
16,17634,ssr,100,age_10_99,14,85,1.0
16,17634,ssr,100,age_10_99,13,86,1.0
16,17634,ssr,100,age_10_99,12,87,0.0
16,17634,ssr,100,age_10_99,11,88,0.0
16,17634,ssr,100,age_10_99,10,89,0.0
16,17634,ssr,100,age_1_9,9,90,1.0
16,17634,ssr,100,age_1_9,8,91,0.0
16,17634,ssr,100,age_1_9,7,92,0.0
16,17634,ssr,100,age_1_9,6,93,1.0
16,17634,ssr,100,age_1_9,5,94,1.0
16,17634,ssr,100,age_1_9,4,95,1.0
16,17634,ssr,100,age_1_9,3,96,1.0
16,17634,ssr,100,age_1_9,2,97,1.0
16,17634,ssr,100,age_1_9,1,98,1.0
16,17634,ssr,100,age_0,0,99,1.0
16,17635,plain,1,age_0,0,0,1.0
16,17635,plain,2,age_1_9,1,0,1.0
16,17635,plain,2,age_0,0,1,1.0
16,17635,plain,5,age_1_9,4,0,1.0
16,17635,plain,5,age_1_9,3,1,1.0
16,17635,plain,5,age_1_9,2,2,1.0
16,17635,plain,5,age_1_9,1,3,1.0
16,17635,plain,5,age_0,0,4,1.0
16,17635,plain,10,age_1_9,9,0,1.0
16,17635,plain,10,age_1_9,8,1,1.0
16,17635,plain,10,age_1_9,7,2,1.0
16,17635,plain,10,age_1_9,6,3,1.0
16,17635,plain,10,age_1_9,5,4,1.0
16,17635,plain,10,age_1_9,4,5,1.0
16,17635,plain,10,age_1_9,3,6,1.0
16,17635,plain,10,age_1_9,2,7,1.0
16,17635,plain,10,age_1_9,1,8,1.0
16,17635,plain,10,age_0,0,9,1.0
16,17635,plain,25,age_10_99,24,0,1.0
16,17635,plain,25,age_10_99,23,1,0.0
16,17635,plain,25,age_10_99,22,2,1.0
16,17635,plain,25,age_10_99,21,3,1.0
16,17635,plain,25,age_10_99,20,4,1.0
16,17635,plain,25,age_10_99,19,5,0.0
16,17635,plain,25,age_10_99,18,6,1.0
16,17635,plain,25,age_10_99,17,7,1.0
16,17635,plain,25,age_10_99,16,8,1.0
16,17635,plain,25,age_10_99,15,9,0.0
16,17635,plain,25,age_10_99,14,10,1.0
16,17635,plain,25,age_10_99,13,11,1.0
16,17635,plain,25,age_10_99,12,12,1.0
16,17635,plain,25,age_10_99,11,13,1.0
16,17635,plain,25,age_10_99,10,14,1.0
16,17635,plain,25,age_1_9,9,15,1.0
16,17635,plain,25,age_1_9,8,16,1.0
16,17635,plain,25,age_1_9,7,17,1.0
16,17635,plain,25,age_1_9,6,18,1.0
16,17635,plain,25,age_1_9,5,19,1.0
16,17635,plain,25,age_1_9,4,20,1.0
16,17635,plain,25,age_1_9,3,21,0.0
16,17635,plain,25,age_1_9,2,22,0.0
16,17635,plain,25,age_1_9,1,23,1.0
16,17635,plain,25,age_0,0,24,1.0
16,17635,plain,50,age_10_99,49,0,1.0
16,17635,plain,50,age_10_99,48,1,0.0
16,17635,plain,50,age_10_99,47,2,0.0
16,17635,plain,50,age_10_99,46,3,0.0
16,17635,plain,50,age_10_99,45,4,1.0
16,17635,plain,50,age_10_99,44,5,0.0
16,17635,plain,50,age_10_99,43,6,0.0
16,17635,plain,50,age_10_99,42,7,1.0
16,17635,plain,50,age_10_99,41,8,0.0
16,17635,plain,50,age_10_99,40,9,0.0
16,17635,plain,50,age_10_99,39,10,1.0
16,17635,plain,50,age_10_99,38,11,1.0
16,17635,plain,50,age_10_99,37,12,1.0
16,17635,plain,50,age_10_99,36,13,0.0
16,17635,plain,50,age_10_99,35,14,1.0
16,17635,plain,50,age_10_99,34,15,0.0
16,17635,plain,50,age_10_99,33,16,0.0
16,17635,plain,50,age_10_99,32,17,0.0
16,17635,plain,50,age_10_99,31,18,1.0
16,17635,plain,50,age_10_99,30,19,0.0
16,17635,plain,50,age_10_99,29,20,0.0
16,17635,plain,50,age_10_99,28,21,1.0
16,17635,plain,50,age_10_99,27,22,0.0
16,17635,plain,50,age_10_99,26,23,1.0
16,17635,plain,50,age_10_99,25,24,1.0
16,17635,plain,50,age_10_99,24,25,0.0
16,17635,plain,50,age_10_99,23,26,0.0
16,17635,plain,50,age_10_99,22,27,1.0
16,17635,plain,50,age_10_99,21,28,0.0
16,17635,plain,50,age_10_99,20,29,1.0
16,17635,plain,50,age_10_99,19,30,0.0
16,17635,plain,50,age_10_99,18,31,1.0
16,17635,plain,50,age_10_99,17,32,0.0
16,17635,plain,50,age_10_99,16,33,1.0
16,17635,plain,50,age_10_99,15,34,1.0
16,17635,plain,50,age_10_99,14,35,0.0
16,17635,plain,50,age_10_99,13,36,0.0
16,17635,plain,50,age_10_99,12,37,1.0
16,17635,plain,50,age_10_99,11,38,0.0
16,17635,plain,50,age_10_99,10,39,0.0
16,17635,plain,50,age_1_9,9,40,1.0
16,17635,plain,50,age_1_9,8,41,1.0
16,17635,plain,50,age_1_9,7,42,1.0
16,17635,plain,50,age_1_9,6,43,0.0
16,17635,plain,50,age_1_9,5,44,0.0
16,17635,plain,50,age_1_9,4,45,1.0
16,17635,plain,50,age_1_9,3,46,1.0
16,17635,plain,50,age_1_9,2,47,0.0
16,17635,plain,50,age_1_9,1,48,1.0
16,17635,plain,50,age_0,0,49,1.0
16,17635,plain,100,age_10_99,99,0,1.0
16,17635,plain,100,age_10_99,98,1,0.0
16,17635,plain,100,age_10_99,97,2,0.0
16,17635,plain,100,age_10_99,96,3,0.0
16,17635,plain,100,age_10_99,95,4,0.0
16,17635,plain,100,age_10_99,94,5,0.0
16,17635,plain,100,age_10_99,93,6,0.0
16,17635,plain,100,age_10_99,92,7,0.0
16,17635,plain,100,age_10_99,91,8,0.0
16,17635,plain,100,age_10_99,90,9,0.0
16,17635,plain,100,age_10_99,89,10,0.0
16,17635,plain,100,age_10_99,88,11,1.0
16,17635,plain,100,age_10_99,87,12,1.0
16,17635,plain,100,age_10_99,86,13,0.0
16,17635,plain,100,age_10_99,85,14,1.0
16,17635,plain,100,age_10_99,84,15,0.0
16,17635,plain,100,age_10_99,83,16,0.0
16,17635,plain,100,age_10_99,82,17,0.0
16,17635,plain,100,age_10_99,81,18,0.0
16,17635,plain,100,age_10_99,80,19,0.0
16,17635,plain,100,age_10_99,79,20,0.0
16,17635,plain,100,age_10_99,78,21,0.0
16,17635,plain,100,age_10_99,77,22,0.0
16,17635,plain,100,age_10_99,76,23,1.0
16,17635,plain,100,age_10_99,75,24,0.0
16,17635,plain,100,age_10_99,74,25,0.0
16,17635,plain,100,age_10_99,73,26,0.0
16,17635,plain,100,age_10_99,72,27,1.0
16,17635,plain,100,age_10_99,71,28,1.0
16,17635,plain,100,age_10_99,70,29,0.0
16,17635,plain,100,age_10_99,69,30,0.0
16,17635,plain,100,age_10_99,68,31,0.0
16,17635,plain,100,age_10_99,67,32,0.0
16,17635,plain,100,age_10_99,66,33,0.0
16,17635,plain,100,age_10_99,65,34,0.0
16,17635,plain,100,age_10_99,64,35,0.0
16,17635,plain,100,age_10_99,63,36,0.0
16,17635,plain,100,age_10_99,62,37,0.0
16,17635,plain,100,age_10_99,61,38,1.0
16,17635,plain,100,age_10_99,60,39,1.0
16,17635,plain,100,age_10_99,59,40,1.0
16,17635,plain,100,age_10_99,58,41,0.0
16,17635,plain,100,age_10_99,57,42,1.0
16,17635,plain,100,age_10_99,56,43,0.0
16,17635,plain,100,age_10_99,55,44,0.0
16,17635,plain,100,age_10_99,54,45,1.0
16,17635,plain,100,age_10_99,53,46,0.0
16,17635,plain,100,age_10_99,52,47,0.0
16,17635,plain,100,age_10_99,51,48,0.0
16,17635,plain,100,age_10_99,50,49,0.0
16,17635,plain,100,age_10_99,49,50,1.0
16,17635,plain,100,age_10_99,48,51,1.0
16,17635,plain,100,age_10_99,47,52,0.0
16,17635,plain,100,age_10_99,46,53,0.0
16,17635,plain,100,age_10_99,45,54,0.0
16,17635,plain,100,age_10_99,44,55,1.0
16,17635,plain,100,age_10_99,43,56,1.0
16,17635,plain,100,age_10_99,42,57,0.0
16,17635,plain,100,age_10_99,41,58,0.0
16,17635,plain,100,age_10_99,40,59,0.0
16,17635,plain,100,age_10_99,39,60,0.0
16,17635,plain,100,age_10_99,38,61,0.0
16,17635,plain,100,age_10_99,37,62,0.0
16,17635,plain,100,age_10_99,36,63,0.0
16,17635,plain,100,age_10_99,35,64,0.0
16,17635,plain,100,age_10_99,34,65,1.0
16,17635,plain,100,age_10_99,33,66,1.0
16,17635,plain,100,age_10_99,32,67,1.0
16,17635,plain,100,age_10_99,31,68,0.0
16,17635,plain,100,age_10_99,30,69,1.0
16,17635,plain,100,age_10_99,29,70,1.0
16,17635,plain,100,age_10_99,28,71,0.0
16,17635,plain,100,age_10_99,27,72,0.0
16,17635,plain,100,age_10_99,26,73,0.0
16,17635,plain,100,age_10_99,25,74,0.0
16,17635,plain,100,age_10_99,24,75,0.0
16,17635,plain,100,age_10_99,23,76,0.0
16,17635,plain,100,age_10_99,22,77,1.0
16,17635,plain,100,age_10_99,21,78,0.0
16,17635,plain,100,age_10_99,20,79,0.0
16,17635,plain,100,age_10_99,19,80,1.0
16,17635,plain,100,age_10_99,18,81,1.0
16,17635,plain,100,age_10_99,17,82,1.0
16,17635,plain,100,age_10_99,16,83,1.0
16,17635,plain,100,age_10_99,15,84,1.0
16,17635,plain,100,age_10_99,14,85,0.0
16,17635,plain,100,age_10_99,13,86,0.0
16,17635,plain,100,age_10_99,12,87,0.0
16,17635,plain,100,age_10_99,11,88,0.0
16,17635,plain,100,age_10_99,10,89,0.0
16,17635,plain,100,age_1_9,9,90,0.0
16,17635,plain,100,age_1_9,8,91,0.0
16,17635,plain,100,age_1_9,7,92,1.0
16,17635,plain,100,age_1_9,6,93,1.0
16,17635,plain,100,age_1_9,5,94,0.0
16,17635,plain,100,age_1_9,4,95,1.0
16,17635,plain,100,age_1_9,3,96,0.0
16,17635,plain,100,age_1_9,2,97,0.0
16,17635,plain,100,age_1_9,1,98,1.0
16,17635,plain,100,age_0,0,99,1.0
16,17635,ssr,1,age_0,0,0,1.0
16,17635,ssr,2,age_1_9,1,0,1.0
16,17635,ssr,2,age_0,0,1,1.0
16,17635,ssr,5,age_1_9,4,0,1.0
16,17635,ssr,5,age_1_9,3,1,1.0
16,17635,ssr,5,age_1_9,2,2,1.0
16,17635,ssr,5,age_1_9,1,3,1.0
16,17635,ssr,5,age_0,0,4,1.0
16,17635,ssr,10,age_1_9,9,0,1.0
16,17635,ssr,10,age_1_9,8,1,1.0
16,17635,ssr,10,age_1_9,7,2,1.0
16,17635,ssr,10,age_1_9,6,3,1.0
16,17635,ssr,10,age_1_9,5,4,1.0
16,17635,ssr,10,age_1_9,4,5,1.0
16,17635,ssr,10,age_1_9,3,6,1.0
16,17635,ssr,10,age_1_9,2,7,1.0
16,17635,ssr,10,age_1_9,1,8,1.0
16,17635,ssr,10,age_0,0,9,1.0
16,17635,ssr,25,age_10_99,24,0,1.0
16,17635,ssr,25,age_10_99,23,1,0.0
16,17635,ssr,25,age_10_99,22,2,0.0
16,17635,ssr,25,age_10_99,21,3,1.0
16,17635,ssr,25,age_10_99,20,4,1.0
16,17635,ssr,25,age_10_99,19,5,0.0
16,17635,ssr,25,age_10_99,18,6,0.0
16,17635,ssr,25,age_10_99,17,7,1.0
16,17635,ssr,25,age_10_99,16,8,0.0
16,17635,ssr,25,age_10_99,15,9,0.0
16,17635,ssr,25,age_10_99,14,10,1.0
16,17635,ssr,25,age_10_99,13,11,0.0
16,17635,ssr,25,age_10_99,12,12,1.0
16,17635,ssr,25,age_10_99,11,13,1.0
16,17635,ssr,25,age_10_99,10,14,1.0
16,17635,ssr,25,age_1_9,9,15,0.0
16,17635,ssr,25,age_1_9,8,16,1.0
16,17635,ssr,25,age_1_9,7,17,1.0
16,17635,ssr,25,age_1_9,6,18,1.0
16,17635,ssr,25,age_1_9,5,19,1.0
16,17635,ssr,25,age_1_9,4,20,1.0
16,17635,ssr,25,age_1_9,3,21,1.0
16,17635,ssr,25,age_1_9,2,22,1.0
16,17635,ssr,25,age_1_9,1,23,1.0
16,17635,ssr,25,age_0,0,24,1.0
16,17635,ssr,50,age_10_99,49,0,1.0
16,17635,ssr,50,age_10_99,48,1,0.0
16,17635,ssr,50,age_10_99,47,2,0.0
16,17635,ssr,50,age_10_99,46,3,0.0
16,17635,ssr,50,age_10_99,45,4,1.0
16,17635,ssr,50,age_10_99,44,5,1.0
16,17635,ssr,50,age_10_99,43,6,1.0
16,17635,ssr,50,age_10_99,42,7,1.0
16,17635,ssr,50,age_10_99,41,8,0.0
16,17635,ssr,50,age_10_99,40,9,0.0
16,17635,ssr,50,age_10_99,39,10,0.0
16,17635,ssr,50,age_10_99,38,11,1.0
16,17635,ssr,50,age_10_99,37,12,1.0
16,17635,ssr,50,age_10_99,36,13,0.0
16,17635,ssr,50,age_10_99,35,14,1.0
16,17635,ssr,50,age_10_99,34,15,0.0
16,17635,ssr,50,age_10_99,33,16,1.0
16,17635,ssr,50,age_10_99,32,17,1.0
16,17635,ssr,50,age_10_99,31,18,1.0
16,17635,ssr,50,age_10_99,30,19,0.0
16,17635,ssr,50,age_10_99,29,20,1.0
16,17635,ssr,50,age_10_99,28,21,1.0
16,17635,ssr,50,age_10_99,27,22,1.0
16,17635,ssr,50,age_10_99,26,23,1.0
16,17635,ssr,50,age_10_99,25,24,0.0
16,17635,ssr,50,age_10_99,24,25,1.0
16,17635,ssr,50,age_10_99,23,26,0.0
16,17635,ssr,50,age_10_99,22,27,1.0
16,17635,ssr,50,age_10_99,21,28,0.0
16,17635,ssr,50,age_10_99,20,29,0.0
16,17635,ssr,50,age_10_99,19,30,1.0
16,17635,ssr,50,age_10_99,18,31,0.0
16,17635,ssr,50,age_10_99,17,32,0.0
16,17635,ssr,50,age_10_99,16,33,1.0
16,17635,ssr,50,age_10_99,15,34,1.0
16,17635,ssr,50,age_10_99,14,35,1.0
16,17635,ssr,50,age_10_99,13,36,1.0
16,17635,ssr,50,age_10_99,12,37,1.0
16,17635,ssr,50,age_10_99,11,38,0.0
16,17635,ssr,50,age_10_99,10,39,1.0
16,17635,ssr,50,age_1_9,9,40,1.0
16,17635,ssr,50,age_1_9,8,41,1.0
16,17635,ssr,50,age_1_9,7,42,0.0
16,17635,ssr,50,age_1_9,6,43,1.0
16,17635,ssr,50,age_1_9,5,44,0.0
16,17635,ssr,50,age_1_9,4,45,0.0
16,17635,ssr,50,age_1_9,3,46,1.0
16,17635,ssr,50,age_1_9,2,47,0.0
16,17635,ssr,50,age_1_9,1,48,1.0
16,17635,ssr,50,age_0,0,49,1.0
16,17635,ssr,100,age_10_99,99,0,1.0
16,17635,ssr,100,age_10_99,98,1,0.0
16,17635,ssr,100,age_10_99,97,2,0.0
16,17635,ssr,100,age_10_99,96,3,0.0
16,17635,ssr,100,age_10_99,95,4,0.0
16,17635,ssr,100,age_10_99,94,5,0.0
16,17635,ssr,100,age_10_99,93,6,0.0
16,17635,ssr,100,age_10_99,92,7,0.0
16,17635,ssr,100,age_10_99,91,8,0.0
16,17635,ssr,100,age_10_99,90,9,0.0
16,17635,ssr,100,age_10_99,89,10,0.0
16,17635,ssr,100,age_10_99,88,11,1.0
16,17635,ssr,100,age_10_99,87,12,1.0
16,17635,ssr,100,age_10_99,86,13,0.0
16,17635,ssr,100,age_10_99,85,14,1.0
16,17635,ssr,100,age_10_99,84,15,0.0
16,17635,ssr,100,age_10_99,83,16,0.0
16,17635,ssr,100,age_10_99,82,17,0.0
16,17635,ssr,100,age_10_99,81,18,0.0
16,17635,ssr,100,age_10_99,80,19,0.0
16,17635,ssr,100,age_10_99,79,20,0.0
16,17635,ssr,100,age_10_99,78,21,0.0
16,17635,ssr,100,age_10_99,77,22,0.0
16,17635,ssr,100,age_10_99,76,23,1.0
16,17635,ssr,100,age_10_99,75,24,0.0
16,17635,ssr,100,age_10_99,74,25,0.0
16,17635,ssr,100,age_10_99,73,26,1.0
16,17635,ssr,100,age_10_99,72,27,0.0
16,17635,ssr,100,age_10_99,71,28,1.0
16,17635,ssr,100,age_10_99,70,29,0.0
16,17635,ssr,100,age_10_99,69,30,0.0
16,17635,ssr,100,age_10_99,68,31,0.0
16,17635,ssr,100,age_10_99,67,32,0.0
16,17635,ssr,100,age_10_99,66,33,0.0
16,17635,ssr,100,age_10_99,65,34,0.0
16,17635,ssr,100,age_10_99,64,35,0.0
16,17635,ssr,100,age_10_99,63,36,0.0
16,17635,ssr,100,age_10_99,62,37,0.0
16,17635,ssr,100,age_10_99,61,38,1.0
16,17635,ssr,100,age_10_99,60,39,1.0
16,17635,ssr,100,age_10_99,59,40,1.0
16,17635,ssr,100,age_10_99,58,41,0.0
16,17635,ssr,100,age_10_99,57,42,1.0
16,17635,ssr,100,age_10_99,56,43,0.0
16,17635,ssr,100,age_10_99,55,44,0.0
16,17635,ssr,100,age_10_99,54,45,0.0
16,17635,ssr,100,age_10_99,53,46,0.0
16,17635,ssr,100,age_10_99,52,47,0.0
16,17635,ssr,100,age_10_99,51,48,1.0
16,17635,ssr,100,age_10_99,50,49,0.0
16,17635,ssr,100,age_10_99,49,50,0.0
16,17635,ssr,100,age_10_99,48,51,1.0
16,17635,ssr,100,age_10_99,47,52,0.0
16,17635,ssr,100,age_10_99,46,53,0.0
16,17635,ssr,100,age_10_99,45,54,0.0
16,17635,ssr,100,age_10_99,44,55,1.0
16,17635,ssr,100,age_10_99,43,56,1.0
16,17635,ssr,100,age_10_99,42,57,0.0
16,17635,ssr,100,age_10_99,41,58,0.0
16,17635,ssr,100,age_10_99,40,59,0.0
16,17635,ssr,100,age_10_99,39,60,0.0
16,17635,ssr,100,age_10_99,38,61,0.0
16,17635,ssr,100,age_10_99,37,62,0.0
16,17635,ssr,100,age_10_99,36,63,0.0
16,17635,ssr,100,age_10_99,35,64,0.0
16,17635,ssr,100,age_10_99,34,65,0.0
16,17635,ssr,100,age_10_99,33,66,1.0
16,17635,ssr,100,age_10_99,32,67,0.0
16,17635,ssr,100,age_10_99,31,68,1.0
16,17635,ssr,100,age_10_99,30,69,1.0
16,17635,ssr,100,age_10_99,29,70,1.0
16,17635,ssr,100,age_10_99,28,71,0.0
16,17635,ssr,100,age_10_99,27,72,0.0
16,17635,ssr,100,age_10_99,26,73,0.0
16,17635,ssr,100,age_10_99,25,74,0.0
16,17635,ssr,100,age_10_99,24,75,0.0
16,17635,ssr,100,age_10_99,23,76,0.0
16,17635,ssr,100,age_10_99,22,77,1.0
16,17635,ssr,100,age_10_99,21,78,0.0
16,17635,ssr,100,age_10_99,20,79,0.0
16,17635,ssr,100,age_10_99,19,80,0.0
16,17635,ssr,100,age_10_99,18,81,1.0
16,17635,ssr,100,age_10_99,17,82,1.0
16,17635,ssr,100,age_10_99,16,83,1.0
16,17635,ssr,100,age_10_99,15,84,1.0
16,17635,ssr,100,age_10_99,14,85,0.0
16,17635,ssr,100,age_10_99,13,86,0.0
16,17635,ssr,100,age_10_99,12,87,0.0
16,17635,ssr,100,age_10_99,11,88,0.0
16,17635,ssr,100,age_10_99,10,89,0.0
16,17635,ssr,100,age_1_9,9,90,0.0
16,17635,ssr,100,age_1_9,8,91,0.0
16,17635,ssr,100,age_1_9,7,92,1.0
16,17635,ssr,100,age_1_9,6,93,0.0
16,17635,ssr,100,age_1_9,5,94,0.0
16,17635,ssr,100,age_1_9,4,95,1.0
16,17635,ssr,100,age_1_9,3,96,1.0
16,17635,ssr,100,age_1_9,2,97,1.0
16,17635,ssr,100,age_1_9,1,98,1.0
16,17635,ssr,100,age_0,0,99,1.0
16,17636,plain,1,age_0,0,0,1.0
16,17636,plain,2,age_1_9,1,0,1.0
16,17636,plain,2,age_0,0,1,1.0
16,17636,plain,5,age_1_9,4,0,1.0
16,17636,plain,5,age_1_9,3,1,1.0
16,17636,plain,5,age_1_9,2,2,1.0
16,17636,plain,5,age_1_9,1,3,1.0
16,17636,plain,5,age_0,0,4,1.0
16,17636,plain,10,age_1_9,9,0,1.0
16,17636,plain,10,age_1_9,8,1,1.0
16,17636,plain,10,age_1_9,7,2,1.0
16,17636,plain,10,age_1_9,6,3,1.0
16,17636,plain,10,age_1_9,5,4,1.0
16,17636,plain,10,age_1_9,4,5,1.0
16,17636,plain,10,age_1_9,3,6,1.0
16,17636,plain,10,age_1_9,2,7,1.0
16,17636,plain,10,age_1_9,1,8,1.0
16,17636,plain,10,age_0,0,9,1.0
16,17636,plain,25,age_10_99,24,0,1.0
16,17636,plain,25,age_10_99,23,1,0.0
16,17636,plain,25,age_10_99,22,2,0.0
16,17636,plain,25,age_10_99,21,3,1.0
16,17636,plain,25,age_10_99,20,4,0.0
16,17636,plain,25,age_10_99,19,5,0.0
16,17636,plain,25,age_10_99,18,6,0.0
16,17636,plain,25,age_10_99,17,7,1.0
16,17636,plain,25,age_10_99,16,8,0.0
16,17636,plain,25,age_10_99,15,9,0.0
16,17636,plain,25,age_10_99,14,10,1.0
16,17636,plain,25,age_10_99,13,11,0.0
16,17636,plain,25,age_10_99,12,12,0.0
16,17636,plain,25,age_10_99,11,13,1.0
16,17636,plain,25,age_10_99,10,14,0.0
16,17636,plain,25,age_1_9,9,15,0.0
16,17636,plain,25,age_1_9,8,16,1.0
16,17636,plain,25,age_1_9,7,17,0.0
16,17636,plain,25,age_1_9,6,18,0.0
16,17636,plain,25,age_1_9,5,19,0.0
16,17636,plain,25,age_1_9,4,20,1.0
16,17636,plain,25,age_1_9,3,21,0.0
16,17636,plain,25,age_1_9,2,22,1.0
16,17636,plain,25,age_1_9,1,23,1.0
16,17636,plain,25,age_0,0,24,1.0
16,17636,plain,50,age_10_99,49,0,1.0
16,17636,plain,50,age_10_99,48,1,0.0
16,17636,plain,50,age_10_99,47,2,0.0
16,17636,plain,50,age_10_99,46,3,0.0
16,17636,plain,50,age_10_99,45,4,0.0
16,17636,plain,50,age_10_99,44,5,0.0
16,17636,plain,50,age_10_99,43,6,0.0
16,17636,plain,50,age_10_99,42,7,1.0
16,17636,plain,50,age_10_99,41,8,1.0
16,17636,plain,50,age_10_99,40,9,0.0
16,17636,plain,50,age_10_99,39,10,0.0
16,17636,plain,50,age_10_99,38,11,0.0
16,17636,plain,50,age_10_99,37,12,0.0
16,17636,plain,50,age_10_99,36,13,1.0
16,17636,plain,50,age_10_99,35,14,1.0
16,17636,plain,50,age_10_99,34,15,0.0
16,17636,plain,50,age_10_99,33,16,1.0
16,17636,plain,50,age_10_99,32,17,0.0
16,17636,plain,50,age_10_99,31,18,0.0
16,17636,plain,50,age_10_99,30,19,1.0
16,17636,plain,50,age_10_99,29,20,1.0
16,17636,plain,50,age_10_99,28,21,1.0
16,17636,plain,50,age_10_99,27,22,0.0
16,17636,plain,50,age_10_99,26,23,0.0
16,17636,plain,50,age_10_99,25,24,0.0
16,17636,plain,50,age_10_99,24,25,0.0
16,17636,plain,50,age_10_99,23,26,0.0
16,17636,plain,50,age_10_99,22,27,1.0
16,17636,plain,50,age_10_99,21,28,0.0
16,17636,plain,50,age_10_99,20,29,0.0
16,17636,plain,50,age_10_99,19,30,1.0
16,17636,plain,50,age_10_99,18,31,0.0
16,17636,plain,50,age_10_99,17,32,0.0
16,17636,plain,50,age_10_99,16,33,1.0
16,17636,plain,50,age_10_99,15,34,1.0
16,17636,plain,50,age_10_99,14,35,0.0
16,17636,plain,50,age_10_99,13,36,0.0
16,17636,plain,50,age_10_99,12,37,0.0
16,17636,plain,50,age_10_99,11,38,0.0
16,17636,plain,50,age_10_99,10,39,1.0
16,17636,plain,50,age_1_9,9,40,1.0
16,17636,plain,50,age_1_9,8,41,1.0
16,17636,plain,50,age_1_9,7,42,0.0
16,17636,plain,50,age_1_9,6,43,0.0
16,17636,plain,50,age_1_9,5,44,0.0
16,17636,plain,50,age_1_9,4,45,0.0
16,17636,plain,50,age_1_9,3,46,1.0
16,17636,plain,50,age_1_9,2,47,0.0
16,17636,plain,50,age_1_9,1,48,1.0
16,17636,plain,50,age_0,0,49,1.0
16,17636,plain,100,age_10_99,99,0,1.0
16,17636,plain,100,age_10_99,98,1,0.0
16,17636,plain,100,age_10_99,97,2,0.0
16,17636,plain,100,age_10_99,96,3,0.0
16,17636,plain,100,age_10_99,95,4,0.0
16,17636,plain,100,age_10_99,94,5,0.0
16,17636,plain,100,age_10_99,93,6,0.0
16,17636,plain,100,age_10_99,92,7,0.0
16,17636,plain,100,age_10_99,91,8,1.0
16,17636,plain,100,age_10_99,90,9,0.0
16,17636,plain,100,age_10_99,89,10,0.0
16,17636,plain,100,age_10_99,88,11,0.0
16,17636,plain,100,age_10_99,87,12,0.0
16,17636,plain,100,age_10_99,86,13,1.0
16,17636,plain,100,age_10_99,85,14,1.0
16,17636,plain,100,age_10_99,84,15,0.0
16,17636,plain,100,age_10_99,83,16,0.0
16,17636,plain,100,age_10_99,82,17,0.0
16,17636,plain,100,age_10_99,81,18,0.0
16,17636,plain,100,age_10_99,80,19,0.0
16,17636,plain,100,age_10_99,79,20,0.0
16,17636,plain,100,age_10_99,78,21,0.0
16,17636,plain,100,age_10_99,77,22,0.0
16,17636,plain,100,age_10_99,76,23,0.0
16,17636,plain,100,age_10_99,75,24,0.0
16,17636,plain,100,age_10_99,74,25,0.0
16,17636,plain,100,age_10_99,73,26,0.0
16,17636,plain,100,age_10_99,72,27,0.0
16,17636,plain,100,age_10_99,71,28,1.0
16,17636,plain,100,age_10_99,70,29,0.0
16,17636,plain,100,age_10_99,69,30,0.0
16,17636,plain,100,age_10_99,68,31,0.0
16,17636,plain,100,age_10_99,67,32,0.0
16,17636,plain,100,age_10_99,66,33,0.0
16,17636,plain,100,age_10_99,65,34,0.0
16,17636,plain,100,age_10_99,64,35,0.0
16,17636,plain,100,age_10_99,63,36,0.0
16,17636,plain,100,age_10_99,62,37,0.0
16,17636,plain,100,age_10_99,61,38,0.0
16,17636,plain,100,age_10_99,60,39,1.0
16,17636,plain,100,age_10_99,59,40,1.0
16,17636,plain,100,age_10_99,58,41,0.0
16,17636,plain,100,age_10_99,57,42,1.0
16,17636,plain,100,age_10_99,56,43,0.0
16,17636,plain,100,age_10_99,55,44,0.0
16,17636,plain,100,age_10_99,54,45,0.0
16,17636,plain,100,age_10_99,53,46,0.0
16,17636,plain,100,age_10_99,52,47,0.0
16,17636,plain,100,age_10_99,51,48,0.0
16,17636,plain,100,age_10_99,50,49,0.0
16,17636,plain,100,age_10_99,49,50,0.0
16,17636,plain,100,age_10_99,48,51,0.0
16,17636,plain,100,age_10_99,47,52,0.0
16,17636,plain,100,age_10_99,46,53,0.0
16,17636,plain,100,age_10_99,45,54,0.0
16,17636,plain,100,age_10_99,44,55,0.0
16,17636,plain,100,age_10_99,43,56,1.0
16,17636,plain,100,age_10_99,42,57,0.0
16,17636,plain,100,age_10_99,41,58,0.0
16,17636,plain,100,age_10_99,40,59,0.0
16,17636,plain,100,age_10_99,39,60,0.0
16,17636,plain,100,age_10_99,38,61,0.0
16,17636,plain,100,age_10_99,37,62,0.0
16,17636,plain,100,age_10_99,36,63,0.0
16,17636,plain,100,age_10_99,35,64,0.0
16,17636,plain,100,age_10_99,34,65,0.0
16,17636,plain,100,age_10_99,33,66,0.0
16,17636,plain,100,age_10_99,32,67,0.0
16,17636,plain,100,age_10_99,31,68,0.0
16,17636,plain,100,age_10_99,30,69,0.0
16,17636,plain,100,age_10_99,29,70,1.0
16,17636,plain,100,age_10_99,28,71,0.0
16,17636,plain,100,age_10_99,27,72,1.0
16,17636,plain,100,age_10_99,26,73,0.0
16,17636,plain,100,age_10_99,25,74,0.0
16,17636,plain,100,age_10_99,24,75,0.0
16,17636,plain,100,age_10_99,23,76,0.0
16,17636,plain,100,age_10_99,22,77,0.0
16,17636,plain,100,age_10_99,21,78,0.0
16,17636,plain,100,age_10_99,20,79,0.0
16,17636,plain,100,age_10_99,19,80,0.0
16,17636,plain,100,age_10_99,18,81,0.0
16,17636,plain,100,age_10_99,17,82,0.0
16,17636,plain,100,age_10_99,16,83,1.0
16,17636,plain,100,age_10_99,15,84,1.0
16,17636,plain,100,age_10_99,14,85,0.0
16,17636,plain,100,age_10_99,13,86,0.0
16,17636,plain,100,age_10_99,12,87,0.0
16,17636,plain,100,age_10_99,11,88,0.0
16,17636,plain,100,age_10_99,10,89,0.0
16,17636,plain,100,age_1_9,9,90,0.0
16,17636,plain,100,age_1_9,8,91,0.0
16,17636,plain,100,age_1_9,7,92,0.0
16,17636,plain,100,age_1_9,6,93,0.0
16,17636,plain,100,age_1_9,5,94,0.0
16,17636,plain,100,age_1_9,4,95,0.0
16,17636,plain,100,age_1_9,3,96,0.0
16,17636,plain,100,age_1_9,2,97,0.0
16,17636,plain,100,age_1_9,1,98,1.0
16,17636,plain,100,age_0,0,99,1.0
16,17636,ssr,1,age_0,0,0,1.0
16,17636,ssr,2,age_1_9,1,0,1.0
16,17636,ssr,2,age_0,0,1,1.0
16,17636,ssr,5,age_1_9,4,0,1.0
16,17636,ssr,5,age_1_9,3,1,1.0
16,17636,ssr,5,age_1_9,2,2,1.0
16,17636,ssr,5,age_1_9,1,3,1.0
16,17636,ssr,5,age_0,0,4,1.0
16,17636,ssr,10,age_1_9,9,0,1.0
16,17636,ssr,10,age_1_9,8,1,1.0
16,17636,ssr,10,age_1_9,7,2,1.0
16,17636,ssr,10,age_1_9,6,3,1.0
16,17636,ssr,10,age_1_9,5,4,1.0
16,17636,ssr,10,age_1_9,4,5,1.0
16,17636,ssr,10,age_1_9,3,6,1.0
16,17636,ssr,10,age_1_9,2,7,1.0
16,17636,ssr,10,age_1_9,1,8,1.0
16,17636,ssr,10,age_0,0,9,1.0
16,17636,ssr,25,age_10_99,24,0,1.0
16,17636,ssr,25,age_10_99,23,1,0.0
16,17636,ssr,25,age_10_99,22,2,0.0
16,17636,ssr,25,age_10_99,21,3,1.0
16,17636,ssr,25,age_10_99,20,4,0.0
16,17636,ssr,25,age_10_99,19,5,1.0
16,17636,ssr,25,age_10_99,18,6,1.0
16,17636,ssr,25,age_10_99,17,7,1.0
16,17636,ssr,25,age_10_99,16,8,1.0
16,17636,ssr,25,age_10_99,15,9,1.0
16,17636,ssr,25,age_10_99,14,10,1.0
16,17636,ssr,25,age_10_99,13,11,0.0
16,17636,ssr,25,age_10_99,12,12,1.0
16,17636,ssr,25,age_10_99,11,13,1.0
16,17636,ssr,25,age_10_99,10,14,1.0
16,17636,ssr,25,age_1_9,9,15,1.0
16,17636,ssr,25,age_1_9,8,16,1.0
16,17636,ssr,25,age_1_9,7,17,0.0
16,17636,ssr,25,age_1_9,6,18,1.0
16,17636,ssr,25,age_1_9,5,19,1.0
16,17636,ssr,25,age_1_9,4,20,1.0
16,17636,ssr,25,age_1_9,3,21,1.0
16,17636,ssr,25,age_1_9,2,22,1.0
16,17636,ssr,25,age_1_9,1,23,1.0
16,17636,ssr,25,age_0,0,24,1.0
16,17636,ssr,50,age_10_99,49,0,1.0
16,17636,ssr,50,age_10_99,48,1,0.0
16,17636,ssr,50,age_10_99,47,2,0.0
16,17636,ssr,50,age_10_99,46,3,0.0
16,17636,ssr,50,age_10_99,45,4,0.0
16,17636,ssr,50,age_10_99,44,5,0.0
16,17636,ssr,50,age_10_99,43,6,1.0
16,17636,ssr,50,age_10_99,42,7,1.0
16,17636,ssr,50,age_10_99,41,8,0.0
16,17636,ssr,50,age_10_99,40,9,0.0
16,17636,ssr,50,age_10_99,39,10,1.0
16,17636,ssr,50,age_10_99,38,11,1.0
16,17636,ssr,50,age_10_99,37,12,1.0
16,17636,ssr,50,age_10_99,36,13,1.0
16,17636,ssr,50,age_10_99,35,14,1.0
16,17636,ssr,50,age_10_99,34,15,0.0
16,17636,ssr,50,age_10_99,33,16,0.0
16,17636,ssr,50,age_10_99,32,17,0.0
16,17636,ssr,50,age_10_99,31,18,1.0
16,17636,ssr,50,age_10_99,30,19,0.0
16,17636,ssr,50,age_10_99,29,20,0.0
16,17636,ssr,50,age_10_99,28,21,1.0
16,17636,ssr,50,age_10_99,27,22,0.0
16,17636,ssr,50,age_10_99,26,23,1.0
16,17636,ssr,50,age_10_99,25,24,0.0
16,17636,ssr,50,age_10_99,24,25,1.0
16,17636,ssr,50,age_10_99,23,26,0.0
16,17636,ssr,50,age_10_99,22,27,1.0
16,17636,ssr,50,age_10_99,21,28,0.0
16,17636,ssr,50,age_10_99,20,29,0.0
16,17636,ssr,50,age_10_99,19,30,1.0
16,17636,ssr,50,age_10_99,18,31,1.0
16,17636,ssr,50,age_10_99,17,32,1.0
16,17636,ssr,50,age_10_99,16,33,0.0
16,17636,ssr,50,age_10_99,15,34,1.0
16,17636,ssr,50,age_10_99,14,35,1.0
16,17636,ssr,50,age_10_99,13,36,1.0
16,17636,ssr,50,age_10_99,12,37,0.0
16,17636,ssr,50,age_10_99,11,38,1.0
16,17636,ssr,50,age_10_99,10,39,0.0
16,17636,ssr,50,age_1_9,9,40,0.0
16,17636,ssr,50,age_1_9,8,41,1.0
16,17636,ssr,50,age_1_9,7,42,0.0
16,17636,ssr,50,age_1_9,6,43,0.0
16,17636,ssr,50,age_1_9,5,44,0.0
16,17636,ssr,50,age_1_9,4,45,0.0
16,17636,ssr,50,age_1_9,3,46,0.0
16,17636,ssr,50,age_1_9,2,47,1.0
16,17636,ssr,50,age_1_9,1,48,1.0
16,17636,ssr,50,age_0,0,49,1.0
16,17636,ssr,100,age_10_99,99,0,1.0
16,17636,ssr,100,age_10_99,98,1,0.0
16,17636,ssr,100,age_10_99,97,2,0.0
16,17636,ssr,100,age_10_99,96,3,0.0
16,17636,ssr,100,age_10_99,95,4,0.0
16,17636,ssr,100,age_10_99,94,5,0.0
16,17636,ssr,100,age_10_99,93,6,0.0
16,17636,ssr,100,age_10_99,92,7,0.0
16,17636,ssr,100,age_10_99,91,8,1.0
16,17636,ssr,100,age_10_99,90,9,0.0
16,17636,ssr,100,age_10_99,89,10,0.0
16,17636,ssr,100,age_10_99,88,11,0.0
16,17636,ssr,100,age_10_99,87,12,0.0
16,17636,ssr,100,age_10_99,86,13,1.0
16,17636,ssr,100,age_10_99,85,14,1.0
16,17636,ssr,100,age_10_99,84,15,0.0
16,17636,ssr,100,age_10_99,83,16,0.0
16,17636,ssr,100,age_10_99,82,17,0.0
16,17636,ssr,100,age_10_99,81,18,0.0
16,17636,ssr,100,age_10_99,80,19,0.0
16,17636,ssr,100,age_10_99,79,20,0.0
16,17636,ssr,100,age_10_99,78,21,0.0
16,17636,ssr,100,age_10_99,77,22,0.0
16,17636,ssr,100,age_10_99,76,23,1.0
16,17636,ssr,100,age_10_99,75,24,1.0
16,17636,ssr,100,age_10_99,74,25,0.0
16,17636,ssr,100,age_10_99,73,26,1.0
16,17636,ssr,100,age_10_99,72,27,1.0
16,17636,ssr,100,age_10_99,71,28,1.0
16,17636,ssr,100,age_10_99,70,29,0.0
16,17636,ssr,100,age_10_99,69,30,1.0
16,17636,ssr,100,age_10_99,68,31,0.0
16,17636,ssr,100,age_10_99,67,32,0.0
16,17636,ssr,100,age_10_99,66,33,0.0
16,17636,ssr,100,age_10_99,65,34,1.0
16,17636,ssr,100,age_10_99,64,35,1.0
16,17636,ssr,100,age_10_99,63,36,1.0
16,17636,ssr,100,age_10_99,62,37,1.0
16,17636,ssr,100,age_10_99,61,38,1.0
16,17636,ssr,100,age_10_99,60,39,1.0
16,17636,ssr,100,age_10_99,59,40,1.0
16,17636,ssr,100,age_10_99,58,41,1.0
16,17636,ssr,100,age_10_99,57,42,1.0
16,17636,ssr,100,age_10_99,56,43,0.0
16,17636,ssr,100,age_10_99,55,44,0.0
16,17636,ssr,100,age_10_99,54,45,0.0
16,17636,ssr,100,age_10_99,53,46,1.0
16,17636,ssr,100,age_10_99,52,47,0.0
16,17636,ssr,100,age_10_99,51,48,0.0
16,17636,ssr,100,age_10_99,50,49,1.0
16,17636,ssr,100,age_10_99,49,50,0.0
16,17636,ssr,100,age_10_99,48,51,1.0
16,17636,ssr,100,age_10_99,47,52,1.0
16,17636,ssr,100,age_10_99,46,53,1.0
16,17636,ssr,100,age_10_99,45,54,1.0
16,17636,ssr,100,age_10_99,44,55,1.0
16,17636,ssr,100,age_10_99,43,56,1.0
16,17636,ssr,100,age_10_99,42,57,1.0
16,17636,ssr,100,age_10_99,41,58,1.0
16,17636,ssr,100,age_10_99,40,59,1.0
16,17636,ssr,100,age_10_99,39,60,1.0
16,17636,ssr,100,age_10_99,38,61,1.0
16,17636,ssr,100,age_10_99,37,62,0.0
16,17636,ssr,100,age_10_99,36,63,0.0
16,17636,ssr,100,age_10_99,35,64,1.0
16,17636,ssr,100,age_10_99,34,65,1.0
16,17636,ssr,100,age_10_99,33,66,0.0
16,17636,ssr,100,age_10_99,32,67,1.0
16,17636,ssr,100,age_10_99,31,68,1.0
16,17636,ssr,100,age_10_99,30,69,1.0
16,17636,ssr,100,age_10_99,29,70,0.0
16,17636,ssr,100,age_10_99,28,71,0.0
16,17636,ssr,100,age_10_99,27,72,1.0
16,17636,ssr,100,age_10_99,26,73,0.0
16,17636,ssr,100,age_10_99,25,74,0.0
16,17636,ssr,100,age_10_99,24,75,0.0
16,17636,ssr,100,age_10_99,23,76,0.0
16,17636,ssr,100,age_10_99,22,77,1.0
16,17636,ssr,100,age_10_99,21,78,1.0
16,17636,ssr,100,age_10_99,20,79,0.0
16,17636,ssr,100,age_10_99,19,80,1.0
16,17636,ssr,100,age_10_99,18,81,1.0
16,17636,ssr,100,age_10_99,17,82,1.0
16,17636,ssr,100,age_10_99,16,83,1.0
16,17636,ssr,100,age_10_99,15,84,1.0
16,17636,ssr,100,age_10_99,14,85,0.0
16,17636,ssr,100,age_10_99,13,86,0.0
16,17636,ssr,100,age_10_99,12,87,0.0
16,17636,ssr,100,age_10_99,11,88,1.0
16,17636,ssr,100,age_10_99,10,89,0.0
16,17636,ssr,100,age_1_9,9,90,1.0
16,17636,ssr,100,age_1_9,8,91,1.0
16,17636,ssr,100,age_1_9,7,92,0.0
16,17636,ssr,100,age_1_9,6,93,1.0
16,17636,ssr,100,age_1_9,5,94,0.0
16,17636,ssr,100,age_1_9,4,95,1.0
16,17636,ssr,100,age_1_9,3,96,1.0
16,17636,ssr,100,age_1_9,2,97,1.0
16,17636,ssr,100,age_1_9,1,98,1.0
16,17636,ssr,100,age_0,0,99,1.0
16,17637,plain,1,age_0,0,0,1.0
16,17637,plain,2,age_1_9,1,0,1.0
16,17637,plain,2,age_0,0,1,1.0
16,17637,plain,5,age_1_9,4,0,1.0
16,17637,plain,5,age_1_9,3,1,1.0
16,17637,plain,5,age_1_9,2,2,1.0
16,17637,plain,5,age_1_9,1,3,1.0
16,17637,plain,5,age_0,0,4,1.0
16,17637,plain,10,age_1_9,9,0,1.0
16,17637,plain,10,age_1_9,8,1,1.0
16,17637,plain,10,age_1_9,7,2,1.0
16,17637,plain,10,age_1_9,6,3,1.0
16,17637,plain,10,age_1_9,5,4,1.0
16,17637,plain,10,age_1_9,4,5,1.0
16,17637,plain,10,age_1_9,3,6,1.0
16,17637,plain,10,age_1_9,2,7,1.0
16,17637,plain,10,age_1_9,1,8,1.0
16,17637,plain,10,age_0,0,9,1.0
16,17637,plain,25,age_10_99,24,0,1.0
16,17637,plain,25,age_10_99,23,1,0.0
16,17637,plain,25,age_10_99,22,2,0.0
16,17637,plain,25,age_10_99,21,3,1.0
16,17637,plain,25,age_10_99,20,4,1.0
16,17637,plain,25,age_10_99,19,5,1.0
16,17637,plain,25,age_10_99,18,6,1.0
16,17637,plain,25,age_10_99,17,7,1.0
16,17637,plain,25,age_10_99,16,8,0.0
16,17637,plain,25,age_10_99,15,9,1.0
16,17637,plain,25,age_10_99,14,10,1.0
16,17637,plain,25,age_10_99,13,11,1.0
16,17637,plain,25,age_10_99,12,12,1.0
16,17637,plain,25,age_10_99,11,13,1.0
16,17637,plain,25,age_10_99,10,14,1.0
16,17637,plain,25,age_1_9,9,15,1.0
16,17637,plain,25,age_1_9,8,16,1.0
16,17637,plain,25,age_1_9,7,17,0.0
16,17637,plain,25,age_1_9,6,18,1.0
16,17637,plain,25,age_1_9,5,19,1.0
16,17637,plain,25,age_1_9,4,20,1.0
16,17637,plain,25,age_1_9,3,21,0.0
16,17637,plain,25,age_1_9,2,22,0.0
16,17637,plain,25,age_1_9,1,23,1.0
16,17637,plain,25,age_0,0,24,1.0
16,17637,plain,50,age_10_99,49,0,1.0
16,17637,plain,50,age_10_99,48,1,0.0
16,17637,plain,50,age_10_99,47,2,0.0
16,17637,plain,50,age_10_99,46,3,0.0
16,17637,plain,50,age_10_99,45,4,0.0
16,17637,plain,50,age_10_99,44,5,0.0
16,17637,plain,50,age_10_99,43,6,0.0
16,17637,plain,50,age_10_99,42,7,1.0
16,17637,plain,50,age_10_99,41,8,0.0
16,17637,plain,50,age_10_99,40,9,0.0
16,17637,plain,50,age_10_99,39,10,1.0
16,17637,plain,50,age_10_99,38,11,0.0
16,17637,plain,50,age_10_99,37,12,0.0
16,17637,plain,50,age_10_99,36,13,0.0
16,17637,plain,50,age_10_99,35,14,1.0
16,17637,plain,50,age_10_99,34,15,0.0
16,17637,plain,50,age_10_99,33,16,0.0
16,17637,plain,50,age_10_99,32,17,1.0
16,17637,plain,50,age_10_99,31,18,1.0
16,17637,plain,50,age_10_99,30,19,0.0
16,17637,plain,50,age_10_99,29,20,1.0
16,17637,plain,50,age_10_99,28,21,1.0
16,17637,plain,50,age_10_99,27,22,0.0
16,17637,plain,50,age_10_99,26,23,0.0
16,17637,plain,50,age_10_99,25,24,0.0
16,17637,plain,50,age_10_99,24,25,1.0
16,17637,plain,50,age_10_99,23,26,0.0
16,17637,plain,50,age_10_99,22,27,1.0
16,17637,plain,50,age_10_99,21,28,0.0
16,17637,plain,50,age_10_99,20,29,0.0
16,17637,plain,50,age_10_99,19,30,0.0
16,17637,plain,50,age_10_99,18,31,1.0
16,17637,plain,50,age_10_99,17,32,0.0
16,17637,plain,50,age_10_99,16,33,1.0
16,17637,plain,50,age_10_99,15,34,1.0
16,17637,plain,50,age_10_99,14,35,1.0
16,17637,plain,50,age_10_99,13,36,0.0
16,17637,plain,50,age_10_99,12,37,0.0
16,17637,plain,50,age_10_99,11,38,0.0
16,17637,plain,50,age_10_99,10,39,0.0
16,17637,plain,50,age_1_9,9,40,0.0
16,17637,plain,50,age_1_9,8,41,1.0
16,17637,plain,50,age_1_9,7,42,0.0
16,17637,plain,50,age_1_9,6,43,0.0
16,17637,plain,50,age_1_9,5,44,0.0
16,17637,plain,50,age_1_9,4,45,0.0
16,17637,plain,50,age_1_9,3,46,0.0
16,17637,plain,50,age_1_9,2,47,1.0
16,17637,plain,50,age_1_9,1,48,1.0
16,17637,plain,50,age_0,0,49,1.0
16,17637,plain,100,age_10_99,99,0,1.0
16,17637,plain,100,age_10_99,98,1,0.0
16,17637,plain,100,age_10_99,97,2,0.0
16,17637,plain,100,age_10_99,96,3,0.0
16,17637,plain,100,age_10_99,95,4,0.0
16,17637,plain,100,age_10_99,94,5,0.0
16,17637,plain,100,age_10_99,93,6,0.0
16,17637,plain,100,age_10_99,92,7,0.0
16,17637,plain,100,age_10_99,91,8,0.0
16,17637,plain,100,age_10_99,90,9,0.0
16,17637,plain,100,age_10_99,89,10,0.0
16,17637,plain,100,age_10_99,88,11,1.0
16,17637,plain,100,age_10_99,87,12,1.0
16,17637,plain,100,age_10_99,86,13,0.0
16,17637,plain,100,age_10_99,85,14,1.0
16,17637,plain,100,age_10_99,84,15,1.0
16,17637,plain,100,age_10_99,83,16,0.0
16,17637,plain,100,age_10_99,82,17,1.0
16,17637,plain,100,age_10_99,81,18,0.0
16,17637,plain,100,age_10_99,80,19,0.0
16,17637,plain,100,age_10_99,79,20,1.0
16,17637,plain,100,age_10_99,78,21,0.0
16,17637,plain,100,age_10_99,77,22,0.0
16,17637,plain,100,age_10_99,76,23,0.0
16,17637,plain,100,age_10_99,75,24,0.0
16,17637,plain,100,age_10_99,74,25,0.0
16,17637,plain,100,age_10_99,73,26,0.0
16,17637,plain,100,age_10_99,72,27,0.0
16,17637,plain,100,age_10_99,71,28,1.0
16,17637,plain,100,age_10_99,70,29,0.0
16,17637,plain,100,age_10_99,69,30,0.0
16,17637,plain,100,age_10_99,68,31,0.0
16,17637,plain,100,age_10_99,67,32,0.0
16,17637,plain,100,age_10_99,66,33,0.0
16,17637,plain,100,age_10_99,65,34,1.0
16,17637,plain,100,age_10_99,64,35,0.0
16,17637,plain,100,age_10_99,63,36,1.0
16,17637,plain,100,age_10_99,62,37,0.0
16,17637,plain,100,age_10_99,61,38,0.0
16,17637,plain,100,age_10_99,60,39,0.0
16,17637,plain,100,age_10_99,59,40,0.0
16,17637,plain,100,age_10_99,58,41,0.0
16,17637,plain,100,age_10_99,57,42,1.0
16,17637,plain,100,age_10_99,56,43,0.0
16,17637,plain,100,age_10_99,55,44,0.0
16,17637,plain,100,age_10_99,54,45,0.0
16,17637,plain,100,age_10_99,53,46,0.0
16,17637,plain,100,age_10_99,52,47,0.0
16,17637,plain,100,age_10_99,51,48,0.0
16,17637,plain,100,age_10_99,50,49,0.0
16,17637,plain,100,age_10_99,49,50,0.0
16,17637,plain,100,age_10_99,48,51,0.0
16,17637,plain,100,age_10_99,47,52,0.0
16,17637,plain,100,age_10_99,46,53,0.0
16,17637,plain,100,age_10_99,45,54,1.0
16,17637,plain,100,age_10_99,44,55,0.0
16,17637,plain,100,age_10_99,43,56,1.0
16,17637,plain,100,age_10_99,42,57,0.0
16,17637,plain,100,age_10_99,41,58,0.0
16,17637,plain,100,age_10_99,40,59,1.0
16,17637,plain,100,age_10_99,39,60,1.0
16,17637,plain,100,age_10_99,38,61,0.0
16,17637,plain,100,age_10_99,37,62,0.0
16,17637,plain,100,age_10_99,36,63,0.0
16,17637,plain,100,age_10_99,35,64,0.0
16,17637,plain,100,age_10_99,34,65,0.0
16,17637,plain,100,age_10_99,33,66,0.0
16,17637,plain,100,age_10_99,32,67,1.0
16,17637,plain,100,age_10_99,31,68,0.0
16,17637,plain,100,age_10_99,30,69,0.0
16,17637,plain,100,age_10_99,29,70,1.0
16,17637,plain,100,age_10_99,28,71,0.0
16,17637,plain,100,age_10_99,27,72,0.0
16,17637,plain,100,age_10_99,26,73,0.0
16,17637,plain,100,age_10_99,25,74,1.0
16,17637,plain,100,age_10_99,24,75,0.0
16,17637,plain,100,age_10_99,23,76,0.0
16,17637,plain,100,age_10_99,22,77,0.0
16,17637,plain,100,age_10_99,21,78,0.0
16,17637,plain,100,age_10_99,20,79,0.0
16,17637,plain,100,age_10_99,19,80,0.0
16,17637,plain,100,age_10_99,18,81,0.0
16,17637,plain,100,age_10_99,17,82,0.0
16,17637,plain,100,age_10_99,16,83,1.0
16,17637,plain,100,age_10_99,15,84,1.0
16,17637,plain,100,age_10_99,14,85,0.0
16,17637,plain,100,age_10_99,13,86,0.0
16,17637,plain,100,age_10_99,12,87,1.0
16,17637,plain,100,age_10_99,11,88,0.0
16,17637,plain,100,age_10_99,10,89,0.0
16,17637,plain,100,age_1_9,9,90,0.0
16,17637,plain,100,age_1_9,8,91,1.0
16,17637,plain,100,age_1_9,7,92,0.0
16,17637,plain,100,age_1_9,6,93,0.0
16,17637,plain,100,age_1_9,5,94,0.0
16,17637,plain,100,age_1_9,4,95,0.0
16,17637,plain,100,age_1_9,3,96,0.0
16,17637,plain,100,age_1_9,2,97,1.0
16,17637,plain,100,age_1_9,1,98,1.0
16,17637,plain,100,age_0,0,99,1.0
16,17637,ssr,1,age_0,0,0,1.0
16,17637,ssr,2,age_1_9,1,0,1.0
16,17637,ssr,2,age_0,0,1,1.0
16,17637,ssr,5,age_1_9,4,0,1.0
16,17637,ssr,5,age_1_9,3,1,1.0
16,17637,ssr,5,age_1_9,2,2,1.0
16,17637,ssr,5,age_1_9,1,3,1.0
16,17637,ssr,5,age_0,0,4,1.0
16,17637,ssr,10,age_1_9,9,0,1.0
16,17637,ssr,10,age_1_9,8,1,1.0
16,17637,ssr,10,age_1_9,7,2,1.0
16,17637,ssr,10,age_1_9,6,3,1.0
16,17637,ssr,10,age_1_9,5,4,1.0
16,17637,ssr,10,age_1_9,4,5,1.0
16,17637,ssr,10,age_1_9,3,6,1.0
16,17637,ssr,10,age_1_9,2,7,1.0
16,17637,ssr,10,age_1_9,1,8,1.0
16,17637,ssr,10,age_0,0,9,1.0
16,17637,ssr,25,age_10_99,24,0,1.0
16,17637,ssr,25,age_10_99,23,1,0.0
16,17637,ssr,25,age_10_99,22,2,0.0
16,17637,ssr,25,age_10_99,21,3,1.0
16,17637,ssr,25,age_10_99,20,4,1.0
16,17637,ssr,25,age_10_99,19,5,1.0
16,17637,ssr,25,age_10_99,18,6,1.0
16,17637,ssr,25,age_10_99,17,7,1.0
16,17637,ssr,25,age_10_99,16,8,0.0
16,17637,ssr,25,age_10_99,15,9,1.0
16,17637,ssr,25,age_10_99,14,10,1.0
16,17637,ssr,25,age_10_99,13,11,1.0
16,17637,ssr,25,age_10_99,12,12,1.0
16,17637,ssr,25,age_10_99,11,13,1.0
16,17637,ssr,25,age_10_99,10,14,1.0
16,17637,ssr,25,age_1_9,9,15,1.0
16,17637,ssr,25,age_1_9,8,16,1.0
16,17637,ssr,25,age_1_9,7,17,1.0
16,17637,ssr,25,age_1_9,6,18,1.0
16,17637,ssr,25,age_1_9,5,19,1.0
16,17637,ssr,25,age_1_9,4,20,1.0
16,17637,ssr,25,age_1_9,3,21,1.0
16,17637,ssr,25,age_1_9,2,22,1.0
16,17637,ssr,25,age_1_9,1,23,1.0
16,17637,ssr,25,age_0,0,24,1.0
16,17637,ssr,50,age_10_99,49,0,1.0
16,17637,ssr,50,age_10_99,48,1,0.0
16,17637,ssr,50,age_10_99,47,2,0.0
16,17637,ssr,50,age_10_99,46,3,0.0
16,17637,ssr,50,age_10_99,45,4,1.0
16,17637,ssr,50,age_10_99,44,5,1.0
16,17637,ssr,50,age_10_99,43,6,0.0
16,17637,ssr,50,age_10_99,42,7,1.0
16,17637,ssr,50,age_10_99,41,8,0.0
16,17637,ssr,50,age_10_99,40,9,1.0
16,17637,ssr,50,age_10_99,39,10,0.0
16,17637,ssr,50,age_10_99,38,11,1.0
16,17637,ssr,50,age_10_99,37,12,1.0
16,17637,ssr,50,age_10_99,36,13,1.0
16,17637,ssr,50,age_10_99,35,14,1.0
16,17637,ssr,50,age_10_99,34,15,1.0
16,17637,ssr,50,age_10_99,33,16,0.0
16,17637,ssr,50,age_10_99,32,17,0.0
16,17637,ssr,50,age_10_99,31,18,1.0
16,17637,ssr,50,age_10_99,30,19,1.0
16,17637,ssr,50,age_10_99,29,20,1.0
16,17637,ssr,50,age_10_99,28,21,1.0
16,17637,ssr,50,age_10_99,27,22,1.0
16,17637,ssr,50,age_10_99,26,23,0.0
16,17637,ssr,50,age_10_99,25,24,0.0
16,17637,ssr,50,age_10_99,24,25,0.0
16,17637,ssr,50,age_10_99,23,26,1.0
16,17637,ssr,50,age_10_99,22,27,1.0
16,17637,ssr,50,age_10_99,21,28,0.0
16,17637,ssr,50,age_10_99,20,29,1.0
16,17637,ssr,50,age_10_99,19,30,0.0
16,17637,ssr,50,age_10_99,18,31,1.0
16,17637,ssr,50,age_10_99,17,32,0.0
16,17637,ssr,50,age_10_99,16,33,1.0
16,17637,ssr,50,age_10_99,15,34,1.0
16,17637,ssr,50,age_10_99,14,35,1.0
16,17637,ssr,50,age_10_99,13,36,1.0
16,17637,ssr,50,age_10_99,12,37,1.0
16,17637,ssr,50,age_10_99,11,38,1.0
16,17637,ssr,50,age_10_99,10,39,0.0
16,17637,ssr,50,age_1_9,9,40,1.0
16,17637,ssr,50,age_1_9,8,41,1.0
16,17637,ssr,50,age_1_9,7,42,1.0
16,17637,ssr,50,age_1_9,6,43,1.0
16,17637,ssr,50,age_1_9,5,44,0.0
16,17637,ssr,50,age_1_9,4,45,0.0
16,17637,ssr,50,age_1_9,3,46,1.0
16,17637,ssr,50,age_1_9,2,47,1.0
16,17637,ssr,50,age_1_9,1,48,1.0
16,17637,ssr,50,age_0,0,49,1.0
16,17637,ssr,100,age_10_99,99,0,1.0
16,17637,ssr,100,age_10_99,98,1,0.0
16,17637,ssr,100,age_10_99,97,2,0.0
16,17637,ssr,100,age_10_99,96,3,0.0
16,17637,ssr,100,age_10_99,95,4,0.0
16,17637,ssr,100,age_10_99,94,5,0.0
16,17637,ssr,100,age_10_99,93,6,0.0
16,17637,ssr,100,age_10_99,92,7,0.0
16,17637,ssr,100,age_10_99,91,8,0.0
16,17637,ssr,100,age_10_99,90,9,0.0
16,17637,ssr,100,age_10_99,89,10,0.0
16,17637,ssr,100,age_10_99,88,11,1.0
16,17637,ssr,100,age_10_99,87,12,0.0
16,17637,ssr,100,age_10_99,86,13,0.0
16,17637,ssr,100,age_10_99,85,14,1.0
16,17637,ssr,100,age_10_99,84,15,0.0
16,17637,ssr,100,age_10_99,83,16,0.0
16,17637,ssr,100,age_10_99,82,17,0.0
16,17637,ssr,100,age_10_99,81,18,0.0
16,17637,ssr,100,age_10_99,80,19,0.0
16,17637,ssr,100,age_10_99,79,20,0.0
16,17637,ssr,100,age_10_99,78,21,0.0
16,17637,ssr,100,age_10_99,77,22,0.0
16,17637,ssr,100,age_10_99,76,23,0.0
16,17637,ssr,100,age_10_99,75,24,1.0
16,17637,ssr,100,age_10_99,74,25,0.0
16,17637,ssr,100,age_10_99,73,26,1.0
16,17637,ssr,100,age_10_99,72,27,1.0
16,17637,ssr,100,age_10_99,71,28,1.0
16,17637,ssr,100,age_10_99,70,29,0.0
16,17637,ssr,100,age_10_99,69,30,0.0
16,17637,ssr,100,age_10_99,68,31,0.0
16,17637,ssr,100,age_10_99,67,32,0.0
16,17637,ssr,100,age_10_99,66,33,0.0
16,17637,ssr,100,age_10_99,65,34,0.0
16,17637,ssr,100,age_10_99,64,35,0.0
16,17637,ssr,100,age_10_99,63,36,0.0
16,17637,ssr,100,age_10_99,62,37,1.0
16,17637,ssr,100,age_10_99,61,38,0.0
16,17637,ssr,100,age_10_99,60,39,0.0
16,17637,ssr,100,age_10_99,59,40,1.0
16,17637,ssr,100,age_10_99,58,41,0.0
16,17637,ssr,100,age_10_99,57,42,1.0
16,17637,ssr,100,age_10_99,56,43,1.0
16,17637,ssr,100,age_10_99,55,44,0.0
16,17637,ssr,100,age_10_99,54,45,0.0
16,17637,ssr,100,age_10_99,53,46,0.0
16,17637,ssr,100,age_10_99,52,47,0.0
16,17637,ssr,100,age_10_99,51,48,0.0
16,17637,ssr,100,age_10_99,50,49,0.0
16,17637,ssr,100,age_10_99,49,50,1.0
16,17637,ssr,100,age_10_99,48,51,0.0
16,17637,ssr,100,age_10_99,47,52,0.0
16,17637,ssr,100,age_10_99,46,53,0.0
16,17637,ssr,100,age_10_99,45,54,0.0
16,17637,ssr,100,age_10_99,44,55,0.0
16,17637,ssr,100,age_10_99,43,56,1.0
16,17637,ssr,100,age_10_99,42,57,0.0
16,17637,ssr,100,age_10_99,41,58,0.0
16,17637,ssr,100,age_10_99,40,59,1.0
16,17637,ssr,100,age_10_99,39,60,0.0
16,17637,ssr,100,age_10_99,38,61,0.0
16,17637,ssr,100,age_10_99,37,62,0.0
16,17637,ssr,100,age_10_99,36,63,0.0
16,17637,ssr,100,age_10_99,35,64,1.0
16,17637,ssr,100,age_10_99,34,65,1.0
16,17637,ssr,100,age_10_99,33,66,0.0
16,17637,ssr,100,age_10_99,32,67,0.0
16,17637,ssr,100,age_10_99,31,68,0.0
16,17637,ssr,100,age_10_99,30,69,1.0
16,17637,ssr,100,age_10_99,29,70,1.0
16,17637,ssr,100,age_10_99,28,71,0.0
16,17637,ssr,100,age_10_99,27,72,0.0
16,17637,ssr,100,age_10_99,26,73,0.0
16,17637,ssr,100,age_10_99,25,74,1.0
16,17637,ssr,100,age_10_99,24,75,0.0
16,17637,ssr,100,age_10_99,23,76,0.0
16,17637,ssr,100,age_10_99,22,77,0.0
16,17637,ssr,100,age_10_99,21,78,0.0
16,17637,ssr,100,age_10_99,20,79,0.0
16,17637,ssr,100,age_10_99,19,80,0.0
16,17637,ssr,100,age_10_99,18,81,1.0
16,17637,ssr,100,age_10_99,17,82,1.0
16,17637,ssr,100,age_10_99,16,83,1.0
16,17637,ssr,100,age_10_99,15,84,1.0
16,17637,ssr,100,age_10_99,14,85,0.0
16,17637,ssr,100,age_10_99,13,86,0.0
16,17637,ssr,100,age_10_99,12,87,0.0
16,17637,ssr,100,age_10_99,11,88,0.0
16,17637,ssr,100,age_10_99,10,89,0.0
16,17637,ssr,100,age_1_9,9,90,0.0
16,17637,ssr,100,age_1_9,8,91,1.0
16,17637,ssr,100,age_1_9,7,92,0.0
16,17637,ssr,100,age_1_9,6,93,1.0
16,17637,ssr,100,age_1_9,5,94,1.0
16,17637,ssr,100,age_1_9,4,95,0.0
16,17637,ssr,100,age_1_9,3,96,0.0
16,17637,ssr,100,age_1_9,2,97,1.0
16,17637,ssr,100,age_1_9,1,98,1.0
16,17637,ssr,100,age_0,0,99,1.0
16,17638,plain,1,age_0,0,0,1.0
16,17638,plain,2,age_1_9,1,0,1.0
16,17638,plain,2,age_0,0,1,1.0
16,17638,plain,5,age_1_9,4,0,1.0
16,17638,plain,5,age_1_9,3,1,1.0
16,17638,plain,5,age_1_9,2,2,1.0
16,17638,plain,5,age_1_9,1,3,1.0
16,17638,plain,5,age_0,0,4,1.0
16,17638,plain,10,age_1_9,9,0,1.0
16,17638,plain,10,age_1_9,8,1,1.0
16,17638,plain,10,age_1_9,7,2,1.0
16,17638,plain,10,age_1_9,6,3,1.0
16,17638,plain,10,age_1_9,5,4,1.0
16,17638,plain,10,age_1_9,4,5,1.0
16,17638,plain,10,age_1_9,3,6,1.0
16,17638,plain,10,age_1_9,2,7,1.0
16,17638,plain,10,age_1_9,1,8,1.0
16,17638,plain,10,age_0,0,9,1.0
16,17638,plain,25,age_10_99,24,0,1.0
16,17638,plain,25,age_10_99,23,1,0.0
16,17638,plain,25,age_10_99,22,2,0.0
16,17638,plain,25,age_10_99,21,3,1.0
16,17638,plain,25,age_10_99,20,4,0.0
16,17638,plain,25,age_10_99,19,5,0.0
16,17638,plain,25,age_10_99,18,6,1.0
16,17638,plain,25,age_10_99,17,7,1.0
16,17638,plain,25,age_10_99,16,8,1.0
16,17638,plain,25,age_10_99,15,9,1.0
16,17638,plain,25,age_10_99,14,10,1.0
16,17638,plain,25,age_10_99,13,11,0.0
16,17638,plain,25,age_10_99,12,12,0.0
16,17638,plain,25,age_10_99,11,13,1.0
16,17638,plain,25,age_10_99,10,14,1.0
16,17638,plain,25,age_1_9,9,15,1.0
16,17638,plain,25,age_1_9,8,16,1.0
16,17638,plain,25,age_1_9,7,17,0.0
16,17638,plain,25,age_1_9,6,18,1.0
16,17638,plain,25,age_1_9,5,19,0.0
16,17638,plain,25,age_1_9,4,20,1.0
16,17638,plain,25,age_1_9,3,21,0.0
16,17638,plain,25,age_1_9,2,22,1.0
16,17638,plain,25,age_1_9,1,23,1.0
16,17638,plain,25,age_0,0,24,1.0
16,17638,plain,50,age_10_99,49,0,1.0
16,17638,plain,50,age_10_99,48,1,0.0
16,17638,plain,50,age_10_99,47,2,1.0
16,17638,plain,50,age_10_99,46,3,0.0
16,17638,plain,50,age_10_99,45,4,0.0
16,17638,plain,50,age_10_99,44,5,1.0
16,17638,plain,50,age_10_99,43,6,1.0
16,17638,plain,50,age_10_99,42,7,1.0
16,17638,plain,50,age_10_99,41,8,0.0
16,17638,plain,50,age_10_99,40,9,0.0
16,17638,plain,50,age_10_99,39,10,1.0
16,17638,plain,50,age_10_99,38,11,1.0
16,17638,plain,50,age_10_99,37,12,1.0
16,17638,plain,50,age_10_99,36,13,1.0
16,17638,plain,50,age_10_99,35,14,1.0
16,17638,plain,50,age_10_99,34,15,0.0
16,17638,plain,50,age_10_99,33,16,1.0
16,17638,plain,50,age_10_99,32,17,0.0
16,17638,plain,50,age_10_99,31,18,1.0
16,17638,plain,50,age_10_99,30,19,1.0
16,17638,plain,50,age_10_99,29,20,1.0
16,17638,plain,50,age_10_99,28,21,1.0
16,17638,plain,50,age_10_99,27,22,1.0
16,17638,plain,50,age_10_99,26,23,0.0
16,17638,plain,50,age_10_99,25,24,0.0
16,17638,plain,50,age_10_99,24,25,0.0
16,17638,plain,50,age_10_99,23,26,1.0
16,17638,plain,50,age_10_99,22,27,1.0
16,17638,plain,50,age_10_99,21,28,0.0
16,17638,plain,50,age_10_99,20,29,0.0
16,17638,plain,50,age_10_99,19,30,0.0
16,17638,plain,50,age_10_99,18,31,1.0
16,17638,plain,50,age_10_99,17,32,0.0
16,17638,plain,50,age_10_99,16,33,0.0
16,17638,plain,50,age_10_99,15,34,1.0
16,17638,plain,50,age_10_99,14,35,1.0
16,17638,plain,50,age_10_99,13,36,1.0
16,17638,plain,50,age_10_99,12,37,1.0
16,17638,plain,50,age_10_99,11,38,1.0
16,17638,plain,50,age_10_99,10,39,1.0
16,17638,plain,50,age_1_9,9,40,1.0
16,17638,plain,50,age_1_9,8,41,1.0
16,17638,plain,50,age_1_9,7,42,0.0
16,17638,plain,50,age_1_9,6,43,1.0
16,17638,plain,50,age_1_9,5,44,1.0
16,17638,plain,50,age_1_9,4,45,1.0
16,17638,plain,50,age_1_9,3,46,1.0
16,17638,plain,50,age_1_9,2,47,1.0
16,17638,plain,50,age_1_9,1,48,1.0
16,17638,plain,50,age_0,0,49,1.0
16,17638,plain,100,age_10_99,99,0,1.0
16,17638,plain,100,age_10_99,98,1,0.0
16,17638,plain,100,age_10_99,97,2,0.0
16,17638,plain,100,age_10_99,96,3,0.0
16,17638,plain,100,age_10_99,95,4,0.0
16,17638,plain,100,age_10_99,94,5,1.0
16,17638,plain,100,age_10_99,93,6,0.0
16,17638,plain,100,age_10_99,92,7,1.0
16,17638,plain,100,age_10_99,91,8,0.0
16,17638,plain,100,age_10_99,90,9,0.0
16,17638,plain,100,age_10_99,89,10,0.0
16,17638,plain,100,age_10_99,88,11,0.0
16,17638,plain,100,age_10_99,87,12,0.0
16,17638,plain,100,age_10_99,86,13,1.0
16,17638,plain,100,age_10_99,85,14,1.0
16,17638,plain,100,age_10_99,84,15,0.0
16,17638,plain,100,age_10_99,83,16,1.0
16,17638,plain,100,age_10_99,82,17,0.0
16,17638,plain,100,age_10_99,81,18,1.0
16,17638,plain,100,age_10_99,80,19,0.0
16,17638,plain,100,age_10_99,79,20,1.0
16,17638,plain,100,age_10_99,78,21,0.0
16,17638,plain,100,age_10_99,77,22,1.0
16,17638,plain,100,age_10_99,76,23,0.0
16,17638,plain,100,age_10_99,75,24,1.0
16,17638,plain,100,age_10_99,74,25,1.0
16,17638,plain,100,age_10_99,73,26,0.0
16,17638,plain,100,age_10_99,72,27,1.0
16,17638,plain,100,age_10_99,71,28,1.0
16,17638,plain,100,age_10_99,70,29,0.0
16,17638,plain,100,age_10_99,69,30,1.0
16,17638,plain,100,age_10_99,68,31,1.0
16,17638,plain,100,age_10_99,67,32,0.0
16,17638,plain,100,age_10_99,66,33,0.0
16,17638,plain,100,age_10_99,65,34,0.0
16,17638,plain,100,age_10_99,64,35,0.0
16,17638,plain,100,age_10_99,63,36,1.0
16,17638,plain,100,age_10_99,62,37,1.0
16,17638,plain,100,age_10_99,61,38,1.0
16,17638,plain,100,age_10_99,60,39,1.0
16,17638,plain,100,age_10_99,59,40,1.0
16,17638,plain,100,age_10_99,58,41,1.0
16,17638,plain,100,age_10_99,57,42,1.0
16,17638,plain,100,age_10_99,56,43,1.0
16,17638,plain,100,age_10_99,55,44,1.0
16,17638,plain,100,age_10_99,54,45,0.0
16,17638,plain,100,age_10_99,53,46,1.0
16,17638,plain,100,age_10_99,52,47,1.0
16,17638,plain,100,age_10_99,51,48,1.0
16,17638,plain,100,age_10_99,50,49,1.0
16,17638,plain,100,age_10_99,49,50,1.0
16,17638,plain,100,age_10_99,48,51,1.0
16,17638,plain,100,age_10_99,47,52,1.0
16,17638,plain,100,age_10_99,46,53,1.0
16,17638,plain,100,age_10_99,45,54,1.0
16,17638,plain,100,age_10_99,44,55,1.0
16,17638,plain,100,age_10_99,43,56,1.0
16,17638,plain,100,age_10_99,42,57,1.0
16,17638,plain,100,age_10_99,41,58,0.0
16,17638,plain,100,age_10_99,40,59,1.0
16,17638,plain,100,age_10_99,39,60,1.0
16,17638,plain,100,age_10_99,38,61,1.0
16,17638,plain,100,age_10_99,37,62,0.0
16,17638,plain,100,age_10_99,36,63,0.0
16,17638,plain,100,age_10_99,35,64,1.0
16,17638,plain,100,age_10_99,34,65,1.0
16,17638,plain,100,age_10_99,33,66,1.0
16,17638,plain,100,age_10_99,32,67,1.0
16,17638,plain,100,age_10_99,31,68,1.0
16,17638,plain,100,age_10_99,30,69,1.0
16,17638,plain,100,age_10_99,29,70,1.0
16,17638,plain,100,age_10_99,28,71,1.0
16,17638,plain,100,age_10_99,27,72,0.0
16,17638,plain,100,age_10_99,26,73,0.0
16,17638,plain,100,age_10_99,25,74,0.0
16,17638,plain,100,age_10_99,24,75,0.0
16,17638,plain,100,age_10_99,23,76,1.0
16,17638,plain,100,age_10_99,22,77,0.0
16,17638,plain,100,age_10_99,21,78,1.0
16,17638,plain,100,age_10_99,20,79,1.0
16,17638,plain,100,age_10_99,19,80,0.0
16,17638,plain,100,age_10_99,18,81,1.0
16,17638,plain,100,age_10_99,17,82,0.0
16,17638,plain,100,age_10_99,16,83,0.0
16,17638,plain,100,age_10_99,15,84,1.0
16,17638,plain,100,age_10_99,14,85,0.0
16,17638,plain,100,age_10_99,13,86,0.0
16,17638,plain,100,age_10_99,12,87,1.0
16,17638,plain,100,age_10_99,11,88,0.0
16,17638,plain,100,age_10_99,10,89,0.0
16,17638,plain,100,age_1_9,9,90,1.0
16,17638,plain,100,age_1_9,8,91,0.0
16,17638,plain,100,age_1_9,7,92,1.0
16,17638,plain,100,age_1_9,6,93,1.0
16,17638,plain,100,age_1_9,5,94,0.0
16,17638,plain,100,age_1_9,4,95,1.0
16,17638,plain,100,age_1_9,3,96,0.0
16,17638,plain,100,age_1_9,2,97,1.0
16,17638,plain,100,age_1_9,1,98,1.0
16,17638,plain,100,age_0,0,99,1.0
16,17638,ssr,1,age_0,0,0,1.0
16,17638,ssr,2,age_1_9,1,0,1.0
16,17638,ssr,2,age_0,0,1,1.0
16,17638,ssr,5,age_1_9,4,0,1.0
16,17638,ssr,5,age_1_9,3,1,1.0
16,17638,ssr,5,age_1_9,2,2,1.0
16,17638,ssr,5,age_1_9,1,3,1.0
16,17638,ssr,5,age_0,0,4,1.0
16,17638,ssr,10,age_1_9,9,0,1.0
16,17638,ssr,10,age_1_9,8,1,1.0
16,17638,ssr,10,age_1_9,7,2,1.0
16,17638,ssr,10,age_1_9,6,3,1.0
16,17638,ssr,10,age_1_9,5,4,0.0
16,17638,ssr,10,age_1_9,4,5,1.0
16,17638,ssr,10,age_1_9,3,6,1.0
16,17638,ssr,10,age_1_9,2,7,1.0
16,17638,ssr,10,age_1_9,1,8,1.0
16,17638,ssr,10,age_0,0,9,1.0
16,17638,ssr,25,age_10_99,24,0,1.0
16,17638,ssr,25,age_10_99,23,1,0.0
16,17638,ssr,25,age_10_99,22,2,1.0
16,17638,ssr,25,age_10_99,21,3,1.0
16,17638,ssr,25,age_10_99,20,4,0.0
16,17638,ssr,25,age_10_99,19,5,1.0
16,17638,ssr,25,age_10_99,18,6,0.0
16,17638,ssr,25,age_10_99,17,7,1.0
16,17638,ssr,25,age_10_99,16,8,1.0
16,17638,ssr,25,age_10_99,15,9,1.0
16,17638,ssr,25,age_10_99,14,10,1.0
16,17638,ssr,25,age_10_99,13,11,1.0
16,17638,ssr,25,age_10_99,12,12,1.0
16,17638,ssr,25,age_10_99,11,13,1.0
16,17638,ssr,25,age_10_99,10,14,0.0
16,17638,ssr,25,age_1_9,9,15,1.0
16,17638,ssr,25,age_1_9,8,16,1.0
16,17638,ssr,25,age_1_9,7,17,1.0
16,17638,ssr,25,age_1_9,6,18,1.0
16,17638,ssr,25,age_1_9,5,19,1.0
16,17638,ssr,25,age_1_9,4,20,1.0
16,17638,ssr,25,age_1_9,3,21,0.0
16,17638,ssr,25,age_1_9,2,22,1.0
16,17638,ssr,25,age_1_9,1,23,1.0
16,17638,ssr,25,age_0,0,24,1.0
16,17638,ssr,50,age_10_99,49,0,1.0
16,17638,ssr,50,age_10_99,48,1,0.0
16,17638,ssr,50,age_10_99,47,2,0.0
16,17638,ssr,50,age_10_99,46,3,0.0
16,17638,ssr,50,age_10_99,45,4,0.0
16,17638,ssr,50,age_10_99,44,5,0.0
16,17638,ssr,50,age_10_99,43,6,0.0
16,17638,ssr,50,age_10_99,42,7,1.0
16,17638,ssr,50,age_10_99,41,8,0.0
16,17638,ssr,50,age_10_99,40,9,0.0
16,17638,ssr,50,age_10_99,39,10,0.0
16,17638,ssr,50,age_10_99,38,11,0.0
16,17638,ssr,50,age_10_99,37,12,0.0
16,17638,ssr,50,age_10_99,36,13,0.0
16,17638,ssr,50,age_10_99,35,14,1.0
16,17638,ssr,50,age_10_99,34,15,0.0
16,17638,ssr,50,age_10_99,33,16,1.0
16,17638,ssr,50,age_10_99,32,17,0.0
16,17638,ssr,50,age_10_99,31,18,1.0
16,17638,ssr,50,age_10_99,30,19,0.0
16,17638,ssr,50,age_10_99,29,20,0.0
16,17638,ssr,50,age_10_99,28,21,1.0
16,17638,ssr,50,age_10_99,27,22,0.0
16,17638,ssr,50,age_10_99,26,23,0.0
16,17638,ssr,50,age_10_99,25,24,0.0
16,17638,ssr,50,age_10_99,24,25,0.0
16,17638,ssr,50,age_10_99,23,26,1.0
16,17638,ssr,50,age_10_99,22,27,1.0
16,17638,ssr,50,age_10_99,21,28,0.0
16,17638,ssr,50,age_10_99,20,29,0.0
16,17638,ssr,50,age_10_99,19,30,0.0
16,17638,ssr,50,age_10_99,18,31,0.0
16,17638,ssr,50,age_10_99,17,32,0.0
16,17638,ssr,50,age_10_99,16,33,0.0
16,17638,ssr,50,age_10_99,15,34,1.0
16,17638,ssr,50,age_10_99,14,35,0.0
16,17638,ssr,50,age_10_99,13,36,0.0
16,17638,ssr,50,age_10_99,12,37,0.0
16,17638,ssr,50,age_10_99,11,38,0.0
16,17638,ssr,50,age_10_99,10,39,0.0
16,17638,ssr,50,age_1_9,9,40,1.0
16,17638,ssr,50,age_1_9,8,41,1.0
16,17638,ssr,50,age_1_9,7,42,0.0
16,17638,ssr,50,age_1_9,6,43,0.0
16,17638,ssr,50,age_1_9,5,44,1.0
16,17638,ssr,50,age_1_9,4,45,0.0
16,17638,ssr,50,age_1_9,3,46,0.0
16,17638,ssr,50,age_1_9,2,47,1.0
16,17638,ssr,50,age_1_9,1,48,1.0
16,17638,ssr,50,age_0,0,49,1.0
16,17638,ssr,100,age_10_99,99,0,1.0
16,17638,ssr,100,age_10_99,98,1,0.0
16,17638,ssr,100,age_10_99,97,2,0.0
16,17638,ssr,100,age_10_99,96,3,0.0
16,17638,ssr,100,age_10_99,95,4,0.0
16,17638,ssr,100,age_10_99,94,5,0.0
16,17638,ssr,100,age_10_99,93,6,1.0
16,17638,ssr,100,age_10_99,92,7,1.0
16,17638,ssr,100,age_10_99,91,8,0.0
16,17638,ssr,100,age_10_99,90,9,0.0
16,17638,ssr,100,age_10_99,89,10,0.0
16,17638,ssr,100,age_10_99,88,11,0.0
16,17638,ssr,100,age_10_99,87,12,0.0
16,17638,ssr,100,age_10_99,86,13,1.0
16,17638,ssr,100,age_10_99,85,14,1.0
16,17638,ssr,100,age_10_99,84,15,0.0
16,17638,ssr,100,age_10_99,83,16,0.0
16,17638,ssr,100,age_10_99,82,17,0.0
16,17638,ssr,100,age_10_99,81,18,1.0
16,17638,ssr,100,age_10_99,80,19,0.0
16,17638,ssr,100,age_10_99,79,20,0.0
16,17638,ssr,100,age_10_99,78,21,0.0
16,17638,ssr,100,age_10_99,77,22,0.0
16,17638,ssr,100,age_10_99,76,23,0.0
16,17638,ssr,100,age_10_99,75,24,0.0
16,17638,ssr,100,age_10_99,74,25,1.0
16,17638,ssr,100,age_10_99,73,26,1.0
16,17638,ssr,100,age_10_99,72,27,1.0
16,17638,ssr,100,age_10_99,71,28,1.0
16,17638,ssr,100,age_10_99,70,29,0.0
16,17638,ssr,100,age_10_99,69,30,1.0
16,17638,ssr,100,age_10_99,68,31,0.0
16,17638,ssr,100,age_10_99,67,32,0.0
16,17638,ssr,100,age_10_99,66,33,0.0
16,17638,ssr,100,age_10_99,65,34,0.0
16,17638,ssr,100,age_10_99,64,35,0.0
16,17638,ssr,100,age_10_99,63,36,1.0
16,17638,ssr,100,age_10_99,62,37,1.0
16,17638,ssr,100,age_10_99,61,38,0.0
16,17638,ssr,100,age_10_99,60,39,1.0
16,17638,ssr,100,age_10_99,59,40,0.0
16,17638,ssr,100,age_10_99,58,41,1.0
16,17638,ssr,100,age_10_99,57,42,1.0
16,17638,ssr,100,age_10_99,56,43,1.0
16,17638,ssr,100,age_10_99,55,44,1.0
16,17638,ssr,100,age_10_99,54,45,0.0
16,17638,ssr,100,age_10_99,53,46,0.0
16,17638,ssr,100,age_10_99,52,47,0.0
16,17638,ssr,100,age_10_99,51,48,1.0
16,17638,ssr,100,age_10_99,50,49,0.0
16,17638,ssr,100,age_10_99,49,50,0.0
16,17638,ssr,100,age_10_99,48,51,1.0
16,17638,ssr,100,age_10_99,47,52,1.0
16,17638,ssr,100,age_10_99,46,53,1.0
16,17638,ssr,100,age_10_99,45,54,1.0
16,17638,ssr,100,age_10_99,44,55,1.0
16,17638,ssr,100,age_10_99,43,56,1.0
16,17638,ssr,100,age_10_99,42,57,0.0
16,17638,ssr,100,age_10_99,41,58,0.0
16,17638,ssr,100,age_10_99,40,59,0.0
16,17638,ssr,100,age_10_99,39,60,1.0
16,17638,ssr,100,age_10_99,38,61,1.0
16,17638,ssr,100,age_10_99,37,62,0.0
16,17638,ssr,100,age_10_99,36,63,0.0
16,17638,ssr,100,age_10_99,35,64,1.0
16,17638,ssr,100,age_10_99,34,65,1.0
16,17638,ssr,100,age_10_99,33,66,1.0
16,17638,ssr,100,age_10_99,32,67,1.0
16,17638,ssr,100,age_10_99,31,68,1.0
16,17638,ssr,100,age_10_99,30,69,1.0
16,17638,ssr,100,age_10_99,29,70,1.0
16,17638,ssr,100,age_10_99,28,71,1.0
16,17638,ssr,100,age_10_99,27,72,1.0
16,17638,ssr,100,age_10_99,26,73,0.0
16,17638,ssr,100,age_10_99,25,74,1.0
16,17638,ssr,100,age_10_99,24,75,0.0
16,17638,ssr,100,age_10_99,23,76,0.0
16,17638,ssr,100,age_10_99,22,77,0.0
16,17638,ssr,100,age_10_99,21,78,1.0
16,17638,ssr,100,age_10_99,20,79,1.0
16,17638,ssr,100,age_10_99,19,80,1.0
16,17638,ssr,100,age_10_99,18,81,0.0
16,17638,ssr,100,age_10_99,17,82,0.0
16,17638,ssr,100,age_10_99,16,83,0.0
16,17638,ssr,100,age_10_99,15,84,1.0
16,17638,ssr,100,age_10_99,14,85,0.0
16,17638,ssr,100,age_10_99,13,86,1.0
16,17638,ssr,100,age_10_99,12,87,1.0
16,17638,ssr,100,age_10_99,11,88,0.0
16,17638,ssr,100,age_10_99,10,89,0.0
16,17638,ssr,100,age_1_9,9,90,1.0
16,17638,ssr,100,age_1_9,8,91,0.0
16,17638,ssr,100,age_1_9,7,92,0.0
16,17638,ssr,100,age_1_9,6,93,1.0
16,17638,ssr,100,age_1_9,5,94,1.0
16,17638,ssr,100,age_1_9,4,95,1.0
16,17638,ssr,100,age_1_9,3,96,0.0
16,17638,ssr,100,age_1_9,2,97,1.0
16,17638,ssr,100,age_1_9,1,98,1.0
16,17638,ssr,100,age_0,0,99,1.0
16,17639,plain,1,age_0,0,0,1.0
16,17639,plain,2,age_1_9,1,0,1.0
16,17639,plain,2,age_0,0,1,1.0
16,17639,plain,5,age_1_9,4,0,1.0
16,17639,plain,5,age_1_9,3,1,1.0
16,17639,plain,5,age_1_9,2,2,1.0
16,17639,plain,5,age_1_9,1,3,1.0
16,17639,plain,5,age_0,0,4,1.0
16,17639,plain,10,age_1_9,9,0,1.0
16,17639,plain,10,age_1_9,8,1,1.0
16,17639,plain,10,age_1_9,7,2,1.0
16,17639,plain,10,age_1_9,6,3,1.0
16,17639,plain,10,age_1_9,5,4,0.0
16,17639,plain,10,age_1_9,4,5,0.0
16,17639,plain,10,age_1_9,3,6,1.0
16,17639,plain,10,age_1_9,2,7,1.0
16,17639,plain,10,age_1_9,1,8,1.0
16,17639,plain,10,age_0,0,9,1.0
16,17639,plain,25,age_10_99,24,0,1.0
16,17639,plain,25,age_10_99,23,1,0.0
16,17639,plain,25,age_10_99,22,2,0.0
16,17639,plain,25,age_10_99,21,3,1.0
16,17639,plain,25,age_10_99,20,4,1.0
16,17639,plain,25,age_10_99,19,5,1.0
16,17639,plain,25,age_10_99,18,6,1.0
16,17639,plain,25,age_10_99,17,7,1.0
16,17639,plain,25,age_10_99,16,8,1.0
16,17639,plain,25,age_10_99,15,9,1.0
16,17639,plain,25,age_10_99,14,10,1.0
16,17639,plain,25,age_10_99,13,11,1.0
16,17639,plain,25,age_10_99,12,12,1.0
16,17639,plain,25,age_10_99,11,13,1.0
16,17639,plain,25,age_10_99,10,14,0.0
16,17639,plain,25,age_1_9,9,15,0.0
16,17639,plain,25,age_1_9,8,16,1.0
16,17639,plain,25,age_1_9,7,17,1.0
16,17639,plain,25,age_1_9,6,18,0.0
16,17639,plain,25,age_1_9,5,19,1.0
16,17639,plain,25,age_1_9,4,20,1.0
16,17639,plain,25,age_1_9,3,21,1.0
16,17639,plain,25,age_1_9,2,22,0.0
16,17639,plain,25,age_1_9,1,23,1.0
16,17639,plain,25,age_0,0,24,1.0
16,17639,plain,50,age_10_99,49,0,1.0
16,17639,plain,50,age_10_99,48,1,0.0
16,17639,plain,50,age_10_99,47,2,0.0
16,17639,plain,50,age_10_99,46,3,0.0
16,17639,plain,50,age_10_99,45,4,1.0
16,17639,plain,50,age_10_99,44,5,0.0
16,17639,plain,50,age_10_99,43,6,1.0
16,17639,plain,50,age_10_99,42,7,1.0
16,17639,plain,50,age_10_99,41,8,0.0
16,17639,plain,50,age_10_99,40,9,0.0
16,17639,plain,50,age_10_99,39,10,0.0
16,17639,plain,50,age_10_99,38,11,0.0
16,17639,plain,50,age_10_99,37,12,0.0
16,17639,plain,50,age_10_99,36,13,1.0
16,17639,plain,50,age_10_99,35,14,1.0
16,17639,plain,50,age_10_99,34,15,0.0
16,17639,plain,50,age_10_99,33,16,0.0
16,17639,plain,50,age_10_99,32,17,0.0
16,17639,plain,50,age_10_99,31,18,1.0
16,17639,plain,50,age_10_99,30,19,0.0
16,17639,plain,50,age_10_99,29,20,0.0
16,17639,plain,50,age_10_99,28,21,1.0
16,17639,plain,50,age_10_99,27,22,0.0
16,17639,plain,50,age_10_99,26,23,0.0
16,17639,plain,50,age_10_99,25,24,0.0
16,17639,plain,50,age_10_99,24,25,1.0
16,17639,plain,50,age_10_99,23,26,1.0
16,17639,plain,50,age_10_99,22,27,1.0
16,17639,plain,50,age_10_99,21,28,0.0
16,17639,plain,50,age_10_99,20,29,0.0
16,17639,plain,50,age_10_99,19,30,1.0
16,17639,plain,50,age_10_99,18,31,1.0
16,17639,plain,50,age_10_99,17,32,1.0
16,17639,plain,50,age_10_99,16,33,0.0
16,17639,plain,50,age_10_99,15,34,1.0
16,17639,plain,50,age_10_99,14,35,0.0
16,17639,plain,50,age_10_99,13,36,0.0
16,17639,plain,50,age_10_99,12,37,0.0
16,17639,plain,50,age_10_99,11,38,0.0
16,17639,plain,50,age_10_99,10,39,0.0
16,17639,plain,50,age_1_9,9,40,1.0
16,17639,plain,50,age_1_9,8,41,1.0
16,17639,plain,50,age_1_9,7,42,0.0
16,17639,plain,50,age_1_9,6,43,0.0
16,17639,plain,50,age_1_9,5,44,0.0
16,17639,plain,50,age_1_9,4,45,0.0
16,17639,plain,50,age_1_9,3,46,0.0
16,17639,plain,50,age_1_9,2,47,1.0
16,17639,plain,50,age_1_9,1,48,1.0
16,17639,plain,50,age_0,0,49,1.0
16,17639,plain,100,age_10_99,99,0,1.0
16,17639,plain,100,age_10_99,98,1,0.0
16,17639,plain,100,age_10_99,97,2,0.0
16,17639,plain,100,age_10_99,96,3,0.0
16,17639,plain,100,age_10_99,95,4,0.0
16,17639,plain,100,age_10_99,94,5,0.0
16,17639,plain,100,age_10_99,93,6,0.0
16,17639,plain,100,age_10_99,92,7,0.0
16,17639,plain,100,age_10_99,91,8,0.0
16,17639,plain,100,age_10_99,90,9,1.0
16,17639,plain,100,age_10_99,89,10,0.0
16,17639,plain,100,age_10_99,88,11,0.0
16,17639,plain,100,age_10_99,87,12,0.0
16,17639,plain,100,age_10_99,86,13,0.0
16,17639,plain,100,age_10_99,85,14,1.0
16,17639,plain,100,age_10_99,84,15,0.0
16,17639,plain,100,age_10_99,83,16,0.0
16,17639,plain,100,age_10_99,82,17,0.0
16,17639,plain,100,age_10_99,81,18,0.0
16,17639,plain,100,age_10_99,80,19,0.0
16,17639,plain,100,age_10_99,79,20,0.0
16,17639,plain,100,age_10_99,78,21,0.0
16,17639,plain,100,age_10_99,77,22,0.0
16,17639,plain,100,age_10_99,76,23,0.0
16,17639,plain,100,age_10_99,75,24,0.0
16,17639,plain,100,age_10_99,74,25,0.0
16,17639,plain,100,age_10_99,73,26,0.0
16,17639,plain,100,age_10_99,72,27,0.0
16,17639,plain,100,age_10_99,71,28,1.0
16,17639,plain,100,age_10_99,70,29,0.0
16,17639,plain,100,age_10_99,69,30,0.0
16,17639,plain,100,age_10_99,68,31,0.0
16,17639,plain,100,age_10_99,67,32,0.0
16,17639,plain,100,age_10_99,66,33,0.0
16,17639,plain,100,age_10_99,65,34,0.0
16,17639,plain,100,age_10_99,64,35,0.0
16,17639,plain,100,age_10_99,63,36,0.0
16,17639,plain,100,age_10_99,62,37,0.0
16,17639,plain,100,age_10_99,61,38,0.0
16,17639,plain,100,age_10_99,60,39,0.0
16,17639,plain,100,age_10_99,59,40,0.0
16,17639,plain,100,age_10_99,58,41,0.0
16,17639,plain,100,age_10_99,57,42,1.0
16,17639,plain,100,age_10_99,56,43,0.0
16,17639,plain,100,age_10_99,55,44,0.0
16,17639,plain,100,age_10_99,54,45,0.0
16,17639,plain,100,age_10_99,53,46,0.0
16,17639,plain,100,age_10_99,52,47,0.0
16,17639,plain,100,age_10_99,51,48,0.0
16,17639,plain,100,age_10_99,50,49,0.0
16,17639,plain,100,age_10_99,49,50,0.0
16,17639,plain,100,age_10_99,48,51,0.0
16,17639,plain,100,age_10_99,47,52,0.0
16,17639,plain,100,age_10_99,46,53,0.0
16,17639,plain,100,age_10_99,45,54,0.0
16,17639,plain,100,age_10_99,44,55,0.0
16,17639,plain,100,age_10_99,43,56,1.0
16,17639,plain,100,age_10_99,42,57,0.0
16,17639,plain,100,age_10_99,41,58,0.0
16,17639,plain,100,age_10_99,40,59,0.0
16,17639,plain,100,age_10_99,39,60,0.0
16,17639,plain,100,age_10_99,38,61,0.0
16,17639,plain,100,age_10_99,37,62,0.0
16,17639,plain,100,age_10_99,36,63,0.0
16,17639,plain,100,age_10_99,35,64,0.0
16,17639,plain,100,age_10_99,34,65,0.0
16,17639,plain,100,age_10_99,33,66,0.0
16,17639,plain,100,age_10_99,32,67,0.0
16,17639,plain,100,age_10_99,31,68,0.0
16,17639,plain,100,age_10_99,30,69,0.0
16,17639,plain,100,age_10_99,29,70,0.0
16,17639,plain,100,age_10_99,28,71,0.0
16,17639,plain,100,age_10_99,27,72,0.0
16,17639,plain,100,age_10_99,26,73,0.0
16,17639,plain,100,age_10_99,25,74,0.0
16,17639,plain,100,age_10_99,24,75,0.0
16,17639,plain,100,age_10_99,23,76,0.0
16,17639,plain,100,age_10_99,22,77,0.0
16,17639,plain,100,age_10_99,21,78,0.0
16,17639,plain,100,age_10_99,20,79,0.0
16,17639,plain,100,age_10_99,19,80,0.0
16,17639,plain,100,age_10_99,18,81,0.0
16,17639,plain,100,age_10_99,17,82,0.0
16,17639,plain,100,age_10_99,16,83,0.0
16,17639,plain,100,age_10_99,15,84,0.0
16,17639,plain,100,age_10_99,14,85,0.0
16,17639,plain,100,age_10_99,13,86,0.0
16,17639,plain,100,age_10_99,12,87,0.0
16,17639,plain,100,age_10_99,11,88,0.0
16,17639,plain,100,age_10_99,10,89,0.0
16,17639,plain,100,age_1_9,9,90,0.0
16,17639,plain,100,age_1_9,8,91,0.0
16,17639,plain,100,age_1_9,7,92,0.0
16,17639,plain,100,age_1_9,6,93,0.0
16,17639,plain,100,age_1_9,5,94,0.0
16,17639,plain,100,age_1_9,4,95,0.0
16,17639,plain,100,age_1_9,3,96,0.0
16,17639,plain,100,age_1_9,2,97,0.0
16,17639,plain,100,age_1_9,1,98,1.0
16,17639,plain,100,age_0,0,99,0.0
16,17639,ssr,1,age_0,0,0,1.0
16,17639,ssr,2,age_1_9,1,0,1.0
16,17639,ssr,2,age_0,0,1,1.0
16,17639,ssr,5,age_1_9,4,0,1.0
16,17639,ssr,5,age_1_9,3,1,1.0
16,17639,ssr,5,age_1_9,2,2,1.0
16,17639,ssr,5,age_1_9,1,3,1.0
16,17639,ssr,5,age_0,0,4,1.0
16,17639,ssr,10,age_1_9,9,0,1.0
16,17639,ssr,10,age_1_9,8,1,1.0
16,17639,ssr,10,age_1_9,7,2,1.0
16,17639,ssr,10,age_1_9,6,3,1.0
16,17639,ssr,10,age_1_9,5,4,1.0
16,17639,ssr,10,age_1_9,4,5,1.0
16,17639,ssr,10,age_1_9,3,6,1.0
16,17639,ssr,10,age_1_9,2,7,1.0
16,17639,ssr,10,age_1_9,1,8,1.0
16,17639,ssr,10,age_0,0,9,1.0
16,17639,ssr,25,age_10_99,24,0,1.0
16,17639,ssr,25,age_10_99,23,1,0.0
16,17639,ssr,25,age_10_99,22,2,0.0
16,17639,ssr,25,age_10_99,21,3,1.0
16,17639,ssr,25,age_10_99,20,4,0.0
16,17639,ssr,25,age_10_99,19,5,1.0
16,17639,ssr,25,age_10_99,18,6,1.0
16,17639,ssr,25,age_10_99,17,7,1.0
16,17639,ssr,25,age_10_99,16,8,0.0
16,17639,ssr,25,age_10_99,15,9,1.0
16,17639,ssr,25,age_10_99,14,10,1.0
16,17639,ssr,25,age_10_99,13,11,1.0
16,17639,ssr,25,age_10_99,12,12,1.0
16,17639,ssr,25,age_10_99,11,13,1.0
16,17639,ssr,25,age_10_99,10,14,0.0
16,17639,ssr,25,age_1_9,9,15,1.0
16,17639,ssr,25,age_1_9,8,16,1.0
16,17639,ssr,25,age_1_9,7,17,0.0
16,17639,ssr,25,age_1_9,6,18,1.0
16,17639,ssr,25,age_1_9,5,19,1.0
16,17639,ssr,25,age_1_9,4,20,1.0
16,17639,ssr,25,age_1_9,3,21,0.0
16,17639,ssr,25,age_1_9,2,22,1.0
16,17639,ssr,25,age_1_9,1,23,1.0
16,17639,ssr,25,age_0,0,24,1.0
16,17639,ssr,50,age_10_99,49,0,1.0
16,17639,ssr,50,age_10_99,48,1,0.0
16,17639,ssr,50,age_10_99,47,2,0.0
16,17639,ssr,50,age_10_99,46,3,1.0
16,17639,ssr,50,age_10_99,45,4,1.0
16,17639,ssr,50,age_10_99,44,5,0.0
16,17639,ssr,50,age_10_99,43,6,1.0
16,17639,ssr,50,age_10_99,42,7,1.0
16,17639,ssr,50,age_10_99,41,8,1.0
16,17639,ssr,50,age_10_99,40,9,1.0
16,17639,ssr,50,age_10_99,39,10,0.0
16,17639,ssr,50,age_10_99,38,11,1.0
16,17639,ssr,50,age_10_99,37,12,0.0
16,17639,ssr,50,age_10_99,36,13,1.0
16,17639,ssr,50,age_10_99,35,14,1.0
16,17639,ssr,50,age_10_99,34,15,0.0
16,17639,ssr,50,age_10_99,33,16,1.0
16,17639,ssr,50,age_10_99,32,17,1.0
16,17639,ssr,50,age_10_99,31,18,1.0
16,17639,ssr,50,age_10_99,30,19,1.0
16,17639,ssr,50,age_10_99,29,20,1.0
16,17639,ssr,50,age_10_99,28,21,1.0
16,17639,ssr,50,age_10_99,27,22,0.0
16,17639,ssr,50,age_10_99,26,23,0.0
16,17639,ssr,50,age_10_99,25,24,0.0
16,17639,ssr,50,age_10_99,24,25,1.0
16,17639,ssr,50,age_10_99,23,26,1.0
16,17639,ssr,50,age_10_99,22,27,1.0
16,17639,ssr,50,age_10_99,21,28,1.0
16,17639,ssr,50,age_10_99,20,29,1.0
16,17639,ssr,50,age_10_99,19,30,1.0
16,17639,ssr,50,age_10_99,18,31,1.0
16,17639,ssr,50,age_10_99,17,32,1.0
16,17639,ssr,50,age_10_99,16,33,1.0
16,17639,ssr,50,age_10_99,15,34,1.0
16,17639,ssr,50,age_10_99,14,35,0.0
16,17639,ssr,50,age_10_99,13,36,0.0
16,17639,ssr,50,age_10_99,12,37,0.0
16,17639,ssr,50,age_10_99,11,38,1.0
16,17639,ssr,50,age_10_99,10,39,1.0
16,17639,ssr,50,age_1_9,9,40,1.0
16,17639,ssr,50,age_1_9,8,41,1.0
16,17639,ssr,50,age_1_9,7,42,0.0
16,17639,ssr,50,age_1_9,6,43,0.0
16,17639,ssr,50,age_1_9,5,44,0.0
16,17639,ssr,50,age_1_9,4,45,0.0
16,17639,ssr,50,age_1_9,3,46,1.0
16,17639,ssr,50,age_1_9,2,47,1.0
16,17639,ssr,50,age_1_9,1,48,1.0
16,17639,ssr,50,age_0,0,49,1.0
16,17639,ssr,100,age_10_99,99,0,1.0
16,17639,ssr,100,age_10_99,98,1,0.0
16,17639,ssr,100,age_10_99,97,2,0.0
16,17639,ssr,100,age_10_99,96,3,0.0
16,17639,ssr,100,age_10_99,95,4,0.0
16,17639,ssr,100,age_10_99,94,5,0.0
16,17639,ssr,100,age_10_99,93,6,0.0
16,17639,ssr,100,age_10_99,92,7,0.0
16,17639,ssr,100,age_10_99,91,8,1.0
16,17639,ssr,100,age_10_99,90,9,1.0
16,17639,ssr,100,age_10_99,89,10,0.0
16,17639,ssr,100,age_10_99,88,11,0.0
16,17639,ssr,100,age_10_99,87,12,0.0
16,17639,ssr,100,age_10_99,86,13,1.0
16,17639,ssr,100,age_10_99,85,14,1.0
16,17639,ssr,100,age_10_99,84,15,0.0
16,17639,ssr,100,age_10_99,83,16,0.0
16,17639,ssr,100,age_10_99,82,17,0.0
16,17639,ssr,100,age_10_99,81,18,0.0
16,17639,ssr,100,age_10_99,80,19,0.0
16,17639,ssr,100,age_10_99,79,20,1.0
16,17639,ssr,100,age_10_99,78,21,0.0
16,17639,ssr,100,age_10_99,77,22,0.0
16,17639,ssr,100,age_10_99,76,23,0.0
16,17639,ssr,100,age_10_99,75,24,0.0
16,17639,ssr,100,age_10_99,74,25,0.0
16,17639,ssr,100,age_10_99,73,26,1.0
16,17639,ssr,100,age_10_99,72,27,1.0
16,17639,ssr,100,age_10_99,71,28,1.0
16,17639,ssr,100,age_10_99,70,29,0.0
16,17639,ssr,100,age_10_99,69,30,0.0
16,17639,ssr,100,age_10_99,68,31,0.0
16,17639,ssr,100,age_10_99,67,32,0.0
16,17639,ssr,100,age_10_99,66,33,0.0
16,17639,ssr,100,age_10_99,65,34,0.0
16,17639,ssr,100,age_10_99,64,35,0.0
16,17639,ssr,100,age_10_99,63,36,0.0
16,17639,ssr,100,age_10_99,62,37,0.0
16,17639,ssr,100,age_10_99,61,38,0.0
16,17639,ssr,100,age_10_99,60,39,0.0
16,17639,ssr,100,age_10_99,59,40,0.0
16,17639,ssr,100,age_10_99,58,41,0.0
16,17639,ssr,100,age_10_99,57,42,1.0
16,17639,ssr,100,age_10_99,56,43,0.0
16,17639,ssr,100,age_10_99,55,44,0.0
16,17639,ssr,100,age_10_99,54,45,0.0
16,17639,ssr,100,age_10_99,53,46,0.0
16,17639,ssr,100,age_10_99,52,47,0.0
16,17639,ssr,100,age_10_99,51,48,0.0
16,17639,ssr,100,age_10_99,50,49,0.0
16,17639,ssr,100,age_10_99,49,50,0.0
16,17639,ssr,100,age_10_99,48,51,0.0
16,17639,ssr,100,age_10_99,47,52,0.0
16,17639,ssr,100,age_10_99,46,53,0.0
16,17639,ssr,100,age_10_99,45,54,0.0
16,17639,ssr,100,age_10_99,44,55,1.0
16,17639,ssr,100,age_10_99,43,56,1.0
16,17639,ssr,100,age_10_99,42,57,1.0
16,17639,ssr,100,age_10_99,41,58,0.0
16,17639,ssr,100,age_10_99,40,59,0.0
16,17639,ssr,100,age_10_99,39,60,0.0
16,17639,ssr,100,age_10_99,38,61,0.0
16,17639,ssr,100,age_10_99,37,62,0.0
16,17639,ssr,100,age_10_99,36,63,0.0
16,17639,ssr,100,age_10_99,35,64,0.0
16,17639,ssr,100,age_10_99,34,65,0.0
16,17639,ssr,100,age_10_99,33,66,0.0
16,17639,ssr,100,age_10_99,32,67,0.0
16,17639,ssr,100,age_10_99,31,68,0.0
16,17639,ssr,100,age_10_99,30,69,1.0
16,17639,ssr,100,age_10_99,29,70,1.0
16,17639,ssr,100,age_10_99,28,71,0.0
16,17639,ssr,100,age_10_99,27,72,0.0
16,17639,ssr,100,age_10_99,26,73,0.0
16,17639,ssr,100,age_10_99,25,74,0.0
16,17639,ssr,100,age_10_99,24,75,0.0
16,17639,ssr,100,age_10_99,23,76,0.0
16,17639,ssr,100,age_10_99,22,77,0.0
16,17639,ssr,100,age_10_99,21,78,0.0
16,17639,ssr,100,age_10_99,20,79,0.0
16,17639,ssr,100,age_10_99,19,80,0.0
16,17639,ssr,100,age_10_99,18,81,0.0
16,17639,ssr,100,age_10_99,17,82,0.0
16,17639,ssr,100,age_10_99,16,83,1.0
16,17639,ssr,100,age_10_99,15,84,1.0
16,17639,ssr,100,age_10_99,14,85,0.0
16,17639,ssr,100,age_10_99,13,86,0.0
16,17639,ssr,100,age_10_99,12,87,0.0
16,17639,ssr,100,age_10_99,11,88,0.0
16,17639,ssr,100,age_10_99,10,89,0.0
16,17639,ssr,100,age_1_9,9,90,0.0
16,17639,ssr,100,age_1_9,8,91,0.0
16,17639,ssr,100,age_1_9,7,92,0.0
16,17639,ssr,100,age_1_9,6,93,0.0
16,17639,ssr,100,age_1_9,5,94,0.0
16,17639,ssr,100,age_1_9,4,95,0.0
16,17639,ssr,100,age_1_9,3,96,0.0
16,17639,ssr,100,age_1_9,2,97,1.0
16,17639,ssr,100,age_1_9,1,98,1.0
16,17639,ssr,100,age_0,0,99,1.0
16,17640,plain,1,age_0,0,0,1.0
16,17640,plain,2,age_1_9,1,0,1.0
16,17640,plain,2,age_0,0,1,1.0
16,17640,plain,5,age_1_9,4,0,1.0
16,17640,plain,5,age_1_9,3,1,1.0
16,17640,plain,5,age_1_9,2,2,1.0
16,17640,plain,5,age_1_9,1,3,1.0
16,17640,plain,5,age_0,0,4,1.0
16,17640,plain,10,age_1_9,9,0,1.0
16,17640,plain,10,age_1_9,8,1,1.0
16,17640,plain,10,age_1_9,7,2,1.0
16,17640,plain,10,age_1_9,6,3,1.0
16,17640,plain,10,age_1_9,5,4,1.0
16,17640,plain,10,age_1_9,4,5,1.0
16,17640,plain,10,age_1_9,3,6,1.0
16,17640,plain,10,age_1_9,2,7,1.0
16,17640,plain,10,age_1_9,1,8,1.0
16,17640,plain,10,age_0,0,9,1.0
16,17640,plain,25,age_10_99,24,0,1.0
16,17640,plain,25,age_10_99,23,1,0.0
16,17640,plain,25,age_10_99,22,2,1.0
16,17640,plain,25,age_10_99,21,3,1.0
16,17640,plain,25,age_10_99,20,4,0.0
16,17640,plain,25,age_10_99,19,5,0.0
16,17640,plain,25,age_10_99,18,6,0.0
16,17640,plain,25,age_10_99,17,7,1.0
16,17640,plain,25,age_10_99,16,8,1.0
16,17640,plain,25,age_10_99,15,9,1.0
16,17640,plain,25,age_10_99,14,10,1.0
16,17640,plain,25,age_10_99,13,11,0.0
16,17640,plain,25,age_10_99,12,12,0.0
16,17640,plain,25,age_10_99,11,13,1.0
16,17640,plain,25,age_10_99,10,14,1.0
16,17640,plain,25,age_1_9,9,15,0.0
16,17640,plain,25,age_1_9,8,16,1.0
16,17640,plain,25,age_1_9,7,17,0.0
16,17640,plain,25,age_1_9,6,18,0.0
16,17640,plain,25,age_1_9,5,19,1.0
16,17640,plain,25,age_1_9,4,20,1.0
16,17640,plain,25,age_1_9,3,21,0.0
16,17640,plain,25,age_1_9,2,22,0.0
16,17640,plain,25,age_1_9,1,23,1.0
16,17640,plain,25,age_0,0,24,1.0
16,17640,plain,50,age_10_99,49,0,1.0
16,17640,plain,50,age_10_99,48,1,0.0
16,17640,plain,50,age_10_99,47,2,1.0
16,17640,plain,50,age_10_99,46,3,0.0
16,17640,plain,50,age_10_99,45,4,1.0
16,17640,plain,50,age_10_99,44,5,0.0
16,17640,plain,50,age_10_99,43,6,1.0
16,17640,plain,50,age_10_99,42,7,1.0
16,17640,plain,50,age_10_99,41,8,0.0
16,17640,plain,50,age_10_99,40,9,1.0
16,17640,plain,50,age_10_99,39,10,0.0
16,17640,plain,50,age_10_99,38,11,1.0
16,17640,plain,50,age_10_99,37,12,1.0
16,17640,plain,50,age_10_99,36,13,1.0
16,17640,plain,50,age_10_99,35,14,1.0
16,17640,plain,50,age_10_99,34,15,0.0
16,17640,plain,50,age_10_99,33,16,0.0
16,17640,plain,50,age_10_99,32,17,0.0
16,17640,plain,50,age_10_99,31,18,1.0
16,17640,plain,50,age_10_99,30,19,0.0
16,17640,plain,50,age_10_99,29,20,1.0
16,17640,plain,50,age_10_99,28,21,1.0
16,17640,plain,50,age_10_99,27,22,0.0
16,17640,plain,50,age_10_99,26,23,1.0
16,17640,plain,50,age_10_99,25,24,1.0
16,17640,plain,50,age_10_99,24,25,0.0
16,17640,plain,50,age_10_99,23,26,1.0
16,17640,plain,50,age_10_99,22,27,1.0
16,17640,plain,50,age_10_99,21,28,0.0
16,17640,plain,50,age_10_99,20,29,1.0
16,17640,plain,50,age_10_99,19,30,1.0
16,17640,plain,50,age_10_99,18,31,1.0
16,17640,plain,50,age_10_99,17,32,1.0
16,17640,plain,50,age_10_99,16,33,1.0
16,17640,plain,50,age_10_99,15,34,1.0
16,17640,plain,50,age_10_99,14,35,0.0
16,17640,plain,50,age_10_99,13,36,1.0
16,17640,plain,50,age_10_99,12,37,0.0
16,17640,plain,50,age_10_99,11,38,1.0
16,17640,plain,50,age_10_99,10,39,1.0
16,17640,plain,50,age_1_9,9,40,0.0
16,17640,plain,50,age_1_9,8,41,1.0
16,17640,plain,50,age_1_9,7,42,0.0
16,17640,plain,50,age_1_9,6,43,0.0
16,17640,plain,50,age_1_9,5,44,0.0
16,17640,plain,50,age_1_9,4,45,0.0
16,17640,plain,50,age_1_9,3,46,1.0
16,17640,plain,50,age_1_9,2,47,1.0
16,17640,plain,50,age_1_9,1,48,1.0
16,17640,plain,50,age_0,0,49,1.0
16,17640,plain,100,age_10_99,99,0,1.0
16,17640,plain,100,age_10_99,98,1,0.0
16,17640,plain,100,age_10_99,97,2,1.0
16,17640,plain,100,age_10_99,96,3,0.0
16,17640,plain,100,age_10_99,95,4,0.0
16,17640,plain,100,age_10_99,94,5,0.0
16,17640,plain,100,age_10_99,93,6,1.0
16,17640,plain,100,age_10_99,92,7,0.0
16,17640,plain,100,age_10_99,91,8,0.0
16,17640,plain,100,age_10_99,90,9,0.0
16,17640,plain,100,age_10_99,89,10,0.0
16,17640,plain,100,age_10_99,88,11,0.0
16,17640,plain,100,age_10_99,87,12,0.0
16,17640,plain,100,age_10_99,86,13,1.0
16,17640,plain,100,age_10_99,85,14,1.0
16,17640,plain,100,age_10_99,84,15,0.0
16,17640,plain,100,age_10_99,83,16,0.0
16,17640,plain,100,age_10_99,82,17,0.0
16,17640,plain,100,age_10_99,81,18,0.0
16,17640,plain,100,age_10_99,80,19,1.0
16,17640,plain,100,age_10_99,79,20,1.0
16,17640,plain,100,age_10_99,78,21,0.0
16,17640,plain,100,age_10_99,77,22,0.0
16,17640,plain,100,age_10_99,76,23,0.0
16,17640,plain,100,age_10_99,75,24,1.0
16,17640,plain,100,age_10_99,74,25,0.0
16,17640,plain,100,age_10_99,73,26,0.0
16,17640,plain,100,age_10_99,72,27,1.0
16,17640,plain,100,age_10_99,71,28,1.0
16,17640,plain,100,age_10_99,70,29,0.0
16,17640,plain,100,age_10_99,69,30,0.0
16,17640,plain,100,age_10_99,68,31,0.0
16,17640,plain,100,age_10_99,67,32,0.0
16,17640,plain,100,age_10_99,66,33,1.0
16,17640,plain,100,age_10_99,65,34,1.0
16,17640,plain,100,age_10_99,64,35,0.0
16,17640,plain,100,age_10_99,63,36,1.0
16,17640,plain,100,age_10_99,62,37,0.0
16,17640,plain,100,age_10_99,61,38,0.0
16,17640,plain,100,age_10_99,60,39,1.0
16,17640,plain,100,age_10_99,59,40,0.0
16,17640,plain,100,age_10_99,58,41,0.0
16,17640,plain,100,age_10_99,57,42,1.0
16,17640,plain,100,age_10_99,56,43,0.0
16,17640,plain,100,age_10_99,55,44,0.0
16,17640,plain,100,age_10_99,54,45,1.0
16,17640,plain,100,age_10_99,53,46,1.0
16,17640,plain,100,age_10_99,52,47,1.0
16,17640,plain,100,age_10_99,51,48,0.0
16,17640,plain,100,age_10_99,50,49,0.0
16,17640,plain,100,age_10_99,49,50,1.0
16,17640,plain,100,age_10_99,48,51,0.0
16,17640,plain,100,age_10_99,47,52,1.0
16,17640,plain,100,age_10_99,46,53,0.0
16,17640,plain,100,age_10_99,45,54,0.0
16,17640,plain,100,age_10_99,44,55,0.0
16,17640,plain,100,age_10_99,43,56,1.0
16,17640,plain,100,age_10_99,42,57,0.0
16,17640,plain,100,age_10_99,41,58,0.0
16,17640,plain,100,age_10_99,40,59,0.0
16,17640,plain,100,age_10_99,39,60,0.0
16,17640,plain,100,age_10_99,38,61,1.0
16,17640,plain,100,age_10_99,37,62,0.0
16,17640,plain,100,age_10_99,36,63,0.0
16,17640,plain,100,age_10_99,35,64,1.0
16,17640,plain,100,age_10_99,34,65,0.0
16,17640,plain,100,age_10_99,33,66,0.0
16,17640,plain,100,age_10_99,32,67,0.0
16,17640,plain,100,age_10_99,31,68,0.0
16,17640,plain,100,age_10_99,30,69,1.0
16,17640,plain,100,age_10_99,29,70,1.0
16,17640,plain,100,age_10_99,28,71,0.0
16,17640,plain,100,age_10_99,27,72,0.0
16,17640,plain,100,age_10_99,26,73,0.0
16,17640,plain,100,age_10_99,25,74,0.0
16,17640,plain,100,age_10_99,24,75,0.0
16,17640,plain,100,age_10_99,23,76,0.0
16,17640,plain,100,age_10_99,22,77,0.0
16,17640,plain,100,age_10_99,21,78,0.0
16,17640,plain,100,age_10_99,20,79,0.0
16,17640,plain,100,age_10_99,19,80,1.0
16,17640,plain,100,age_10_99,18,81,0.0
16,17640,plain,100,age_10_99,17,82,1.0
16,17640,plain,100,age_10_99,16,83,1.0
16,17640,plain,100,age_10_99,15,84,1.0
16,17640,plain,100,age_10_99,14,85,0.0
16,17640,plain,100,age_10_99,13,86,0.0
16,17640,plain,100,age_10_99,12,87,0.0
16,17640,plain,100,age_10_99,11,88,0.0
16,17640,plain,100,age_10_99,10,89,0.0
16,17640,plain,100,age_1_9,9,90,0.0
16,17640,plain,100,age_1_9,8,91,0.0
16,17640,plain,100,age_1_9,7,92,1.0
16,17640,plain,100,age_1_9,6,93,0.0
16,17640,plain,100,age_1_9,5,94,1.0
16,17640,plain,100,age_1_9,4,95,0.0
16,17640,plain,100,age_1_9,3,96,0.0
16,17640,plain,100,age_1_9,2,97,1.0
16,17640,plain,100,age_1_9,1,98,1.0
16,17640,plain,100,age_0,0,99,1.0
16,17640,ssr,1,age_0,0,0,1.0
16,17640,ssr,2,age_1_9,1,0,1.0
16,17640,ssr,2,age_0,0,1,1.0
16,17640,ssr,5,age_1_9,4,0,1.0
16,17640,ssr,5,age_1_9,3,1,1.0
16,17640,ssr,5,age_1_9,2,2,1.0
16,17640,ssr,5,age_1_9,1,3,1.0
16,17640,ssr,5,age_0,0,4,1.0
16,17640,ssr,10,age_1_9,9,0,1.0
16,17640,ssr,10,age_1_9,8,1,1.0
16,17640,ssr,10,age_1_9,7,2,1.0
16,17640,ssr,10,age_1_9,6,3,1.0
16,17640,ssr,10,age_1_9,5,4,1.0
16,17640,ssr,10,age_1_9,4,5,1.0
16,17640,ssr,10,age_1_9,3,6,1.0
16,17640,ssr,10,age_1_9,2,7,1.0
16,17640,ssr,10,age_1_9,1,8,1.0
16,17640,ssr,10,age_0,0,9,1.0
16,17640,ssr,25,age_10_99,24,0,1.0
16,17640,ssr,25,age_10_99,23,1,0.0
16,17640,ssr,25,age_10_99,22,2,1.0
16,17640,ssr,25,age_10_99,21,3,1.0
16,17640,ssr,25,age_10_99,20,4,0.0
16,17640,ssr,25,age_10_99,19,5,0.0
16,17640,ssr,25,age_10_99,18,6,1.0
16,17640,ssr,25,age_10_99,17,7,1.0
16,17640,ssr,25,age_10_99,16,8,0.0
16,17640,ssr,25,age_10_99,15,9,1.0
16,17640,ssr,25,age_10_99,14,10,1.0
16,17640,ssr,25,age_10_99,13,11,0.0
16,17640,ssr,25,age_10_99,12,12,0.0
16,17640,ssr,25,age_10_99,11,13,1.0
16,17640,ssr,25,age_10_99,10,14,0.0
16,17640,ssr,25,age_1_9,9,15,0.0
16,17640,ssr,25,age_1_9,8,16,1.0
16,17640,ssr,25,age_1_9,7,17,0.0
16,17640,ssr,25,age_1_9,6,18,0.0
16,17640,ssr,25,age_1_9,5,19,1.0
16,17640,ssr,25,age_1_9,4,20,0.0
16,17640,ssr,25,age_1_9,3,21,1.0
16,17640,ssr,25,age_1_9,2,22,1.0
16,17640,ssr,25,age_1_9,1,23,1.0
16,17640,ssr,25,age_0,0,24,1.0
16,17640,ssr,50,age_10_99,49,0,1.0
16,17640,ssr,50,age_10_99,48,1,0.0
16,17640,ssr,50,age_10_99,47,2,0.0
16,17640,ssr,50,age_10_99,46,3,1.0
16,17640,ssr,50,age_10_99,45,4,1.0
16,17640,ssr,50,age_10_99,44,5,0.0
16,17640,ssr,50,age_10_99,43,6,1.0
16,17640,ssr,50,age_10_99,42,7,1.0
16,17640,ssr,50,age_10_99,41,8,0.0
16,17640,ssr,50,age_10_99,40,9,1.0
16,17640,ssr,50,age_10_99,39,10,0.0
16,17640,ssr,50,age_10_99,38,11,0.0
16,17640,ssr,50,age_10_99,37,12,1.0
16,17640,ssr,50,age_10_99,36,13,1.0
16,17640,ssr,50,age_10_99,35,14,1.0
16,17640,ssr,50,age_10_99,34,15,0.0
16,17640,ssr,50,age_10_99,33,16,1.0
16,17640,ssr,50,age_10_99,32,17,0.0
16,17640,ssr,50,age_10_99,31,18,1.0
16,17640,ssr,50,age_10_99,30,19,1.0
16,17640,ssr,50,age_10_99,29,20,1.0
16,17640,ssr,50,age_10_99,28,21,1.0
16,17640,ssr,50,age_10_99,27,22,1.0
16,17640,ssr,50,age_10_99,26,23,1.0
16,17640,ssr,50,age_10_99,25,24,1.0
16,17640,ssr,50,age_10_99,24,25,1.0
16,17640,ssr,50,age_10_99,23,26,1.0
16,17640,ssr,50,age_10_99,22,27,1.0
16,17640,ssr,50,age_10_99,21,28,1.0
16,17640,ssr,50,age_10_99,20,29,1.0
16,17640,ssr,50,age_10_99,19,30,0.0
16,17640,ssr,50,age_10_99,18,31,1.0
16,17640,ssr,50,age_10_99,17,32,1.0
16,17640,ssr,50,age_10_99,16,33,1.0
16,17640,ssr,50,age_10_99,15,34,1.0
16,17640,ssr,50,age_10_99,14,35,0.0
16,17640,ssr,50,age_10_99,13,36,1.0
16,17640,ssr,50,age_10_99,12,37,0.0
16,17640,ssr,50,age_10_99,11,38,1.0
16,17640,ssr,50,age_10_99,10,39,0.0
16,17640,ssr,50,age_1_9,9,40,0.0
16,17640,ssr,50,age_1_9,8,41,1.0
16,17640,ssr,50,age_1_9,7,42,0.0
16,17640,ssr,50,age_1_9,6,43,1.0
16,17640,ssr,50,age_1_9,5,44,1.0
16,17640,ssr,50,age_1_9,4,45,0.0
16,17640,ssr,50,age_1_9,3,46,0.0
16,17640,ssr,50,age_1_9,2,47,1.0
16,17640,ssr,50,age_1_9,1,48,1.0
16,17640,ssr,50,age_0,0,49,1.0
16,17640,ssr,100,age_10_99,99,0,1.0
16,17640,ssr,100,age_10_99,98,1,0.0
16,17640,ssr,100,age_10_99,97,2,1.0
16,17640,ssr,100,age_10_99,96,3,0.0
16,17640,ssr,100,age_10_99,95,4,0.0
16,17640,ssr,100,age_10_99,94,5,0.0
16,17640,ssr,100,age_10_99,93,6,1.0
16,17640,ssr,100,age_10_99,92,7,0.0
16,17640,ssr,100,age_10_99,91,8,0.0
16,17640,ssr,100,age_10_99,90,9,0.0
16,17640,ssr,100,age_10_99,89,10,0.0
16,17640,ssr,100,age_10_99,88,11,1.0
16,17640,ssr,100,age_10_99,87,12,0.0
16,17640,ssr,100,age_10_99,86,13,0.0
16,17640,ssr,100,age_10_99,85,14,1.0
16,17640,ssr,100,age_10_99,84,15,0.0
16,17640,ssr,100,age_10_99,83,16,0.0
16,17640,ssr,100,age_10_99,82,17,0.0
16,17640,ssr,100,age_10_99,81,18,0.0
16,17640,ssr,100,age_10_99,80,19,0.0
16,17640,ssr,100,age_10_99,79,20,0.0
16,17640,ssr,100,age_10_99,78,21,0.0
16,17640,ssr,100,age_10_99,77,22,0.0
16,17640,ssr,100,age_10_99,76,23,0.0
16,17640,ssr,100,age_10_99,75,24,1.0
16,17640,ssr,100,age_10_99,74,25,0.0
16,17640,ssr,100,age_10_99,73,26,0.0
16,17640,ssr,100,age_10_99,72,27,0.0
16,17640,ssr,100,age_10_99,71,28,1.0
16,17640,ssr,100,age_10_99,70,29,0.0
16,17640,ssr,100,age_10_99,69,30,0.0
16,17640,ssr,100,age_10_99,68,31,0.0
16,17640,ssr,100,age_10_99,67,32,0.0
16,17640,ssr,100,age_10_99,66,33,0.0
16,17640,ssr,100,age_10_99,65,34,0.0
16,17640,ssr,100,age_10_99,64,35,0.0
16,17640,ssr,100,age_10_99,63,36,0.0
16,17640,ssr,100,age_10_99,62,37,0.0
16,17640,ssr,100,age_10_99,61,38,0.0
16,17640,ssr,100,age_10_99,60,39,0.0
16,17640,ssr,100,age_10_99,59,40,1.0
16,17640,ssr,100,age_10_99,58,41,1.0
16,17640,ssr,100,age_10_99,57,42,1.0
16,17640,ssr,100,age_10_99,56,43,0.0
16,17640,ssr,100,age_10_99,55,44,0.0
16,17640,ssr,100,age_10_99,54,45,0.0
16,17640,ssr,100,age_10_99,53,46,1.0
16,17640,ssr,100,age_10_99,52,47,0.0
16,17640,ssr,100,age_10_99,51,48,0.0
16,17640,ssr,100,age_10_99,50,49,0.0
16,17640,ssr,100,age_10_99,49,50,1.0
16,17640,ssr,100,age_10_99,48,51,0.0
16,17640,ssr,100,age_10_99,47,52,0.0
16,17640,ssr,100,age_10_99,46,53,1.0
16,17640,ssr,100,age_10_99,45,54,0.0
16,17640,ssr,100,age_10_99,44,55,0.0
16,17640,ssr,100,age_10_99,43,56,1.0
16,17640,ssr,100,age_10_99,42,57,0.0
16,17640,ssr,100,age_10_99,41,58,0.0
16,17640,ssr,100,age_10_99,40,59,0.0
16,17640,ssr,100,age_10_99,39,60,0.0
16,17640,ssr,100,age_10_99,38,61,0.0
16,17640,ssr,100,age_10_99,37,62,0.0
16,17640,ssr,100,age_10_99,36,63,0.0
16,17640,ssr,100,age_10_99,35,64,0.0
16,17640,ssr,100,age_10_99,34,65,1.0
16,17640,ssr,100,age_10_99,33,66,0.0
16,17640,ssr,100,age_10_99,32,67,0.0
16,17640,ssr,100,age_10_99,31,68,0.0
16,17640,ssr,100,age_10_99,30,69,1.0
16,17640,ssr,100,age_10_99,29,70,1.0
16,17640,ssr,100,age_10_99,28,71,1.0
16,17640,ssr,100,age_10_99,27,72,0.0
16,17640,ssr,100,age_10_99,26,73,0.0
16,17640,ssr,100,age_10_99,25,74,0.0
16,17640,ssr,100,age_10_99,24,75,0.0
16,17640,ssr,100,age_10_99,23,76,0.0
16,17640,ssr,100,age_10_99,22,77,0.0
16,17640,ssr,100,age_10_99,21,78,0.0
16,17640,ssr,100,age_10_99,20,79,0.0
16,17640,ssr,100,age_10_99,19,80,0.0
16,17640,ssr,100,age_10_99,18,81,0.0
16,17640,ssr,100,age_10_99,17,82,0.0
16,17640,ssr,100,age_10_99,16,83,1.0
16,17640,ssr,100,age_10_99,15,84,1.0
16,17640,ssr,100,age_10_99,14,85,1.0
16,17640,ssr,100,age_10_99,13,86,0.0
16,17640,ssr,100,age_10_99,12,87,0.0
16,17640,ssr,100,age_10_99,11,88,0.0
16,17640,ssr,100,age_10_99,10,89,0.0
16,17640,ssr,100,age_1_9,9,90,0.0
16,17640,ssr,100,age_1_9,8,91,0.0
16,17640,ssr,100,age_1_9,7,92,1.0
16,17640,ssr,100,age_1_9,6,93,0.0
16,17640,ssr,100,age_1_9,5,94,1.0
16,17640,ssr,100,age_1_9,4,95,0.0
16,17640,ssr,100,age_1_9,3,96,0.0
16,17640,ssr,100,age_1_9,2,97,1.0
16,17640,ssr,100,age_1_9,1,98,1.0
16,17640,ssr,100,age_0,0,99,1.0
32,17631,plain,1,age_0,0,0,1.0
32,17631,plain,2,age_1_9,1,0,1.0
32,17631,plain,2,age_0,0,1,1.0
32,17631,plain,5,age_1_9,4,0,1.0
32,17631,plain,5,age_1_9,3,1,1.0
32,17631,plain,5,age_1_9,2,2,1.0
32,17631,plain,5,age_1_9,1,3,1.0
32,17631,plain,5,age_0,0,4,1.0
32,17631,plain,10,age_1_9,9,0,1.0
32,17631,plain,10,age_1_9,8,1,1.0
32,17631,plain,10,age_1_9,7,2,1.0
32,17631,plain,10,age_1_9,6,3,1.0
32,17631,plain,10,age_1_9,5,4,0.0
32,17631,plain,10,age_1_9,4,5,1.0
32,17631,plain,10,age_1_9,3,6,1.0
32,17631,plain,10,age_1_9,2,7,1.0
32,17631,plain,10,age_1_9,1,8,1.0
32,17631,plain,10,age_0,0,9,1.0
32,17631,plain,25,age_10_99,24,0,1.0
32,17631,plain,25,age_10_99,23,1,0.0
32,17631,plain,25,age_10_99,22,2,1.0
32,17631,plain,25,age_10_99,21,3,1.0
32,17631,plain,25,age_10_99,20,4,1.0
32,17631,plain,25,age_10_99,19,5,1.0
32,17631,plain,25,age_10_99,18,6,1.0
32,17631,plain,25,age_10_99,17,7,1.0
32,17631,plain,25,age_10_99,16,8,1.0
32,17631,plain,25,age_10_99,15,9,1.0
32,17631,plain,25,age_10_99,14,10,1.0
32,17631,plain,25,age_10_99,13,11,0.0
32,17631,plain,25,age_10_99,12,12,1.0
32,17631,plain,25,age_10_99,11,13,1.0
32,17631,plain,25,age_10_99,10,14,0.0
32,17631,plain,25,age_1_9,9,15,1.0
32,17631,plain,25,age_1_9,8,16,1.0
32,17631,plain,25,age_1_9,7,17,0.0
32,17631,plain,25,age_1_9,6,18,1.0
32,17631,plain,25,age_1_9,5,19,0.0
32,17631,plain,25,age_1_9,4,20,1.0
32,17631,plain,25,age_1_9,3,21,0.0
32,17631,plain,25,age_1_9,2,22,1.0
32,17631,plain,25,age_1_9,1,23,1.0
32,17631,plain,25,age_0,0,24,1.0
32,17631,plain,50,age_10_99,49,0,1.0
32,17631,plain,50,age_10_99,48,1,0.0
32,17631,plain,50,age_10_99,47,2,0.0
32,17631,plain,50,age_10_99,46,3,0.0
32,17631,plain,50,age_10_99,45,4,0.0
32,17631,plain,50,age_10_99,44,5,0.0
32,17631,plain,50,age_10_99,43,6,1.0
32,17631,plain,50,age_10_99,42,7,1.0
32,17631,plain,50,age_10_99,41,8,0.0
32,17631,plain,50,age_10_99,40,9,0.0
32,17631,plain,50,age_10_99,39,10,0.0
32,17631,plain,50,age_10_99,38,11,0.0
32,17631,plain,50,age_10_99,37,12,0.0
32,17631,plain,50,age_10_99,36,13,0.0
32,17631,plain,50,age_10_99,35,14,1.0
32,17631,plain,50,age_10_99,34,15,0.0
32,17631,plain,50,age_10_99,33,16,0.0
32,17631,plain,50,age_10_99,32,17,0.0
32,17631,plain,50,age_10_99,31,18,0.0
32,17631,plain,50,age_10_99,30,19,0.0
32,17631,plain,50,age_10_99,29,20,1.0
32,17631,plain,50,age_10_99,28,21,1.0
32,17631,plain,50,age_10_99,27,22,0.0
32,17631,plain,50,age_10_99,26,23,0.0
32,17631,plain,50,age_10_99,25,24,0.0
32,17631,plain,50,age_10_99,24,25,0.0
32,17631,plain,50,age_10_99,23,26,1.0
32,17631,plain,50,age_10_99,22,27,1.0
32,17631,plain,50,age_10_99,21,28,0.0
32,17631,plain,50,age_10_99,20,29,0.0
32,17631,plain,50,age_10_99,19,30,1.0
32,17631,plain,50,age_10_99,18,31,0.0
32,17631,plain,50,age_10_99,17,32,0.0
32,17631,plain,50,age_10_99,16,33,0.0
32,17631,plain,50,age_10_99,15,34,1.0
32,17631,plain,50,age_10_99,14,35,0.0
32,17631,plain,50,age_10_99,13,36,0.0
32,17631,plain,50,age_10_99,12,37,0.0
32,17631,plain,50,age_10_99,11,38,0.0
32,17631,plain,50,age_10_99,10,39,0.0
32,17631,plain,50,age_1_9,9,40,0.0
32,17631,plain,50,age_1_9,8,41,1.0
32,17631,plain,50,age_1_9,7,42,0.0
32,17631,plain,50,age_1_9,6,43,0.0
32,17631,plain,50,age_1_9,5,44,0.0
32,17631,plain,50,age_1_9,4,45,1.0
32,17631,plain,50,age_1_9,3,46,0.0
32,17631,plain,50,age_1_9,2,47,0.0
32,17631,plain,50,age_1_9,1,48,1.0
32,17631,plain,50,age_0,0,49,1.0
32,17631,plain,100,age_10_99,99,0,1.0
32,17631,plain,100,age_10_99,98,1,0.0
32,17631,plain,100,age_10_99,97,2,0.0
32,17631,plain,100,age_10_99,96,3,0.0
32,17631,plain,100,age_10_99,95,4,0.0
32,17631,plain,100,age_10_99,94,5,0.0
32,17631,plain,100,age_10_99,93,6,0.0
32,17631,plain,100,age_10_99,92,7,0.0
32,17631,plain,100,age_10_99,91,8,0.0
32,17631,plain,100,age_10_99,90,9,0.0
32,17631,plain,100,age_10_99,89,10,0.0
32,17631,plain,100,age_10_99,88,11,0.0
32,17631,plain,100,age_10_99,87,12,0.0
32,17631,plain,100,age_10_99,86,13,0.0
32,17631,plain,100,age_10_99,85,14,1.0
32,17631,plain,100,age_10_99,84,15,0.0
32,17631,plain,100,age_10_99,83,16,0.0
32,17631,plain,100,age_10_99,82,17,0.0
32,17631,plain,100,age_10_99,81,18,0.0
32,17631,plain,100,age_10_99,80,19,0.0
32,17631,plain,100,age_10_99,79,20,0.0
32,17631,plain,100,age_10_99,78,21,0.0
32,17631,plain,100,age_10_99,77,22,0.0
32,17631,plain,100,age_10_99,76,23,0.0
32,17631,plain,100,age_10_99,75,24,0.0
32,17631,plain,100,age_10_99,74,25,0.0
32,17631,plain,100,age_10_99,73,26,0.0
32,17631,plain,100,age_10_99,72,27,0.0
32,17631,plain,100,age_10_99,71,28,0.0
32,17631,plain,100,age_10_99,70,29,0.0
32,17631,plain,100,age_10_99,69,30,0.0
32,17631,plain,100,age_10_99,68,31,0.0
32,17631,plain,100,age_10_99,67,32,0.0
32,17631,plain,100,age_10_99,66,33,0.0
32,17631,plain,100,age_10_99,65,34,0.0
32,17631,plain,100,age_10_99,64,35,0.0
32,17631,plain,100,age_10_99,63,36,0.0
32,17631,plain,100,age_10_99,62,37,0.0
32,17631,plain,100,age_10_99,61,38,0.0
32,17631,plain,100,age_10_99,60,39,0.0
32,17631,plain,100,age_10_99,59,40,0.0
32,17631,plain,100,age_10_99,58,41,0.0
32,17631,plain,100,age_10_99,57,42,1.0
32,17631,plain,100,age_10_99,56,43,0.0
32,17631,plain,100,age_10_99,55,44,0.0
32,17631,plain,100,age_10_99,54,45,0.0
32,17631,plain,100,age_10_99,53,46,0.0
32,17631,plain,100,age_10_99,52,47,0.0
32,17631,plain,100,age_10_99,51,48,0.0
32,17631,plain,100,age_10_99,50,49,0.0
32,17631,plain,100,age_10_99,49,50,0.0
32,17631,plain,100,age_10_99,48,51,0.0
32,17631,plain,100,age_10_99,47,52,0.0
32,17631,plain,100,age_10_99,46,53,0.0
32,17631,plain,100,age_10_99,45,54,0.0
32,17631,plain,100,age_10_99,44,55,0.0
32,17631,plain,100,age_10_99,43,56,0.0
32,17631,plain,100,age_10_99,42,57,0.0
32,17631,plain,100,age_10_99,41,58,0.0
32,17631,plain,100,age_10_99,40,59,0.0
32,17631,plain,100,age_10_99,39,60,0.0
32,17631,plain,100,age_10_99,38,61,0.0
32,17631,plain,100,age_10_99,37,62,0.0
32,17631,plain,100,age_10_99,36,63,0.0
32,17631,plain,100,age_10_99,35,64,0.0
32,17631,plain,100,age_10_99,34,65,0.0
32,17631,plain,100,age_10_99,33,66,0.0
32,17631,plain,100,age_10_99,32,67,0.0
32,17631,plain,100,age_10_99,31,68,0.0
32,17631,plain,100,age_10_99,30,69,0.0
32,17631,plain,100,age_10_99,29,70,1.0
32,17631,plain,100,age_10_99,28,71,0.0
32,17631,plain,100,age_10_99,27,72,0.0
32,17631,plain,100,age_10_99,26,73,0.0
32,17631,plain,100,age_10_99,25,74,0.0
32,17631,plain,100,age_10_99,24,75,0.0
32,17631,plain,100,age_10_99,23,76,0.0
32,17631,plain,100,age_10_99,22,77,0.0
32,17631,plain,100,age_10_99,21,78,0.0
32,17631,plain,100,age_10_99,20,79,0.0
32,17631,plain,100,age_10_99,19,80,0.0
32,17631,plain,100,age_10_99,18,81,0.0
32,17631,plain,100,age_10_99,17,82,0.0
32,17631,plain,100,age_10_99,16,83,1.0
32,17631,plain,100,age_10_99,15,84,1.0
32,17631,plain,100,age_10_99,14,85,0.0
32,17631,plain,100,age_10_99,13,86,0.0
32,17631,plain,100,age_10_99,12,87,0.0
32,17631,plain,100,age_10_99,11,88,0.0
32,17631,plain,100,age_10_99,10,89,0.0
32,17631,plain,100,age_1_9,9,90,0.0
32,17631,plain,100,age_1_9,8,91,0.0
32,17631,plain,100,age_1_9,7,92,0.0
32,17631,plain,100,age_1_9,6,93,0.0
32,17631,plain,100,age_1_9,5,94,0.0
32,17631,plain,100,age_1_9,4,95,0.0
32,17631,plain,100,age_1_9,3,96,0.0
32,17631,plain,100,age_1_9,2,97,0.0
32,17631,plain,100,age_1_9,1,98,1.0
32,17631,plain,100,age_0,0,99,1.0
32,17631,ssr,1,age_0,0,0,1.0
32,17631,ssr,2,age_1_9,1,0,1.0
32,17631,ssr,2,age_0,0,1,1.0
32,17631,ssr,5,age_1_9,4,0,1.0
32,17631,ssr,5,age_1_9,3,1,1.0
32,17631,ssr,5,age_1_9,2,2,1.0
32,17631,ssr,5,age_1_9,1,3,1.0
32,17631,ssr,5,age_0,0,4,1.0
32,17631,ssr,10,age_1_9,9,0,0.0
32,17631,ssr,10,age_1_9,8,1,1.0
32,17631,ssr,10,age_1_9,7,2,0.0
32,17631,ssr,10,age_1_9,6,3,0.0
32,17631,ssr,10,age_1_9,5,4,0.0
32,17631,ssr,10,age_1_9,4,5,0.0
32,17631,ssr,10,age_1_9,3,6,0.0
32,17631,ssr,10,age_1_9,2,7,0.0
32,17631,ssr,10,age_1_9,1,8,0.0
32,17631,ssr,10,age_0,0,9,0.0
32,17631,ssr,25,age_10_99,24,0,1.0
32,17631,ssr,25,age_10_99,23,1,0.0
32,17631,ssr,25,age_10_99,22,2,0.0
32,17631,ssr,25,age_10_99,21,3,1.0
32,17631,ssr,25,age_10_99,20,4,0.0
32,17631,ssr,25,age_10_99,19,5,0.0
32,17631,ssr,25,age_10_99,18,6,0.0
32,17631,ssr,25,age_10_99,17,7,1.0
32,17631,ssr,25,age_10_99,16,8,0.0
32,17631,ssr,25,age_10_99,15,9,1.0
32,17631,ssr,25,age_10_99,14,10,1.0
32,17631,ssr,25,age_10_99,13,11,0.0
32,17631,ssr,25,age_10_99,12,12,0.0
32,17631,ssr,25,age_10_99,11,13,1.0
32,17631,ssr,25,age_10_99,10,14,0.0
32,17631,ssr,25,age_1_9,9,15,1.0
32,17631,ssr,25,age_1_9,8,16,1.0
32,17631,ssr,25,age_1_9,7,17,0.0
32,17631,ssr,25,age_1_9,6,18,0.0
32,17631,ssr,25,age_1_9,5,19,0.0
32,17631,ssr,25,age_1_9,4,20,1.0
32,17631,ssr,25,age_1_9,3,21,0.0
32,17631,ssr,25,age_1_9,2,22,0.0
32,17631,ssr,25,age_1_9,1,23,1.0
32,17631,ssr,25,age_0,0,24,1.0
32,17631,ssr,50,age_10_99,49,0,1.0
32,17631,ssr,50,age_10_99,48,1,0.0
32,17631,ssr,50,age_10_99,47,2,0.0
32,17631,ssr,50,age_10_99,46,3,0.0
32,17631,ssr,50,age_10_99,45,4,0.0
32,17631,ssr,50,age_10_99,44,5,0.0
32,17631,ssr,50,age_10_99,43,6,0.0
32,17631,ssr,50,age_10_99,42,7,1.0
32,17631,ssr,50,age_10_99,41,8,0.0
32,17631,ssr,50,age_10_99,40,9,0.0
32,17631,ssr,50,age_10_99,39,10,0.0
32,17631,ssr,50,age_10_99,38,11,0.0
32,17631,ssr,50,age_10_99,37,12,0.0
32,17631,ssr,50,age_10_99,36,13,0.0
32,17631,ssr,50,age_10_99,35,14,1.0
32,17631,ssr,50,age_10_99,34,15,0.0
32,17631,ssr,50,age_10_99,33,16,0.0
32,17631,ssr,50,age_10_99,32,17,0.0
32,17631,ssr,50,age_10_99,31,18,0.0
32,17631,ssr,50,age_10_99,30,19,0.0
32,17631,ssr,50,age_10_99,29,20,0.0
32,17631,ssr,50,age_10_99,28,21,1.0
32,17631,ssr,50,age_10_99,27,22,0.0
32,17631,ssr,50,age_10_99,26,23,0.0
32,17631,ssr,50,age_10_99,25,24,0.0
32,17631,ssr,50,age_10_99,24,25,0.0
32,17631,ssr,50,age_10_99,23,26,1.0
32,17631,ssr,50,age_10_99,22,27,1.0
32,17631,ssr,50,age_10_99,21,28,0.0
32,17631,ssr,50,age_10_99,20,29,0.0
32,17631,ssr,50,age_10_99,19,30,0.0
32,17631,ssr,50,age_10_99,18,31,0.0
32,17631,ssr,50,age_10_99,17,32,1.0
32,17631,ssr,50,age_10_99,16,33,0.0
32,17631,ssr,50,age_10_99,15,34,1.0
32,17631,ssr,50,age_10_99,14,35,0.0
32,17631,ssr,50,age_10_99,13,36,0.0
32,17631,ssr,50,age_10_99,12,37,0.0
32,17631,ssr,50,age_10_99,11,38,0.0
32,17631,ssr,50,age_10_99,10,39,0.0
32,17631,ssr,50,age_1_9,9,40,0.0
32,17631,ssr,50,age_1_9,8,41,1.0
32,17631,ssr,50,age_1_9,7,42,0.0
32,17631,ssr,50,age_1_9,6,43,0.0
32,17631,ssr,50,age_1_9,5,44,0.0
32,17631,ssr,50,age_1_9,4,45,0.0
32,17631,ssr,50,age_1_9,3,46,0.0
32,17631,ssr,50,age_1_9,2,47,0.0
32,17631,ssr,50,age_1_9,1,48,1.0
32,17631,ssr,50,age_0,0,49,1.0
32,17631,ssr,100,age_10_99,99,0,1.0
32,17631,ssr,100,age_10_99,98,1,0.0
32,17631,ssr,100,age_10_99,97,2,0.0
32,17631,ssr,100,age_10_99,96,3,0.0
32,17631,ssr,100,age_10_99,95,4,0.0
32,17631,ssr,100,age_10_99,94,5,0.0
32,17631,ssr,100,age_10_99,93,6,0.0
32,17631,ssr,100,age_10_99,92,7,0.0
32,17631,ssr,100,age_10_99,91,8,0.0
32,17631,ssr,100,age_10_99,90,9,0.0
32,17631,ssr,100,age_10_99,89,10,0.0
32,17631,ssr,100,age_10_99,88,11,0.0
32,17631,ssr,100,age_10_99,87,12,0.0
32,17631,ssr,100,age_10_99,86,13,0.0
32,17631,ssr,100,age_10_99,85,14,1.0
32,17631,ssr,100,age_10_99,84,15,0.0
32,17631,ssr,100,age_10_99,83,16,0.0
32,17631,ssr,100,age_10_99,82,17,0.0
32,17631,ssr,100,age_10_99,81,18,1.0
32,17631,ssr,100,age_10_99,80,19,0.0
32,17631,ssr,100,age_10_99,79,20,0.0
32,17631,ssr,100,age_10_99,78,21,0.0
32,17631,ssr,100,age_10_99,77,22,0.0
32,17631,ssr,100,age_10_99,76,23,0.0
32,17631,ssr,100,age_10_99,75,24,0.0
32,17631,ssr,100,age_10_99,74,25,0.0
32,17631,ssr,100,age_10_99,73,26,0.0
32,17631,ssr,100,age_10_99,72,27,0.0
32,17631,ssr,100,age_10_99,71,28,1.0
32,17631,ssr,100,age_10_99,70,29,0.0
32,17631,ssr,100,age_10_99,69,30,0.0
32,17631,ssr,100,age_10_99,68,31,0.0
32,17631,ssr,100,age_10_99,67,32,0.0
32,17631,ssr,100,age_10_99,66,33,0.0
32,17631,ssr,100,age_10_99,65,34,1.0
32,17631,ssr,100,age_10_99,64,35,0.0
32,17631,ssr,100,age_10_99,63,36,0.0
32,17631,ssr,100,age_10_99,62,37,0.0
32,17631,ssr,100,age_10_99,61,38,0.0
32,17631,ssr,100,age_10_99,60,39,0.0
32,17631,ssr,100,age_10_99,59,40,0.0
32,17631,ssr,100,age_10_99,58,41,1.0
32,17631,ssr,100,age_10_99,57,42,1.0
32,17631,ssr,100,age_10_99,56,43,0.0
32,17631,ssr,100,age_10_99,55,44,0.0
32,17631,ssr,100,age_10_99,54,45,0.0
32,17631,ssr,100,age_10_99,53,46,0.0
32,17631,ssr,100,age_10_99,52,47,0.0
32,17631,ssr,100,age_10_99,51,48,1.0
32,17631,ssr,100,age_10_99,50,49,0.0
32,17631,ssr,100,age_10_99,49,50,0.0
32,17631,ssr,100,age_10_99,48,51,0.0
32,17631,ssr,100,age_10_99,47,52,0.0
32,17631,ssr,100,age_10_99,46,53,1.0
32,17631,ssr,100,age_10_99,45,54,0.0
32,17631,ssr,100,age_10_99,44,55,1.0
32,17631,ssr,100,age_10_99,43,56,1.0
32,17631,ssr,100,age_10_99,42,57,0.0
32,17631,ssr,100,age_10_99,41,58,0.0
32,17631,ssr,100,age_10_99,40,59,1.0
32,17631,ssr,100,age_10_99,39,60,0.0
32,17631,ssr,100,age_10_99,38,61,0.0
32,17631,ssr,100,age_10_99,37,62,0.0
32,17631,ssr,100,age_10_99,36,63,0.0
32,17631,ssr,100,age_10_99,35,64,0.0
32,17631,ssr,100,age_10_99,34,65,0.0
32,17631,ssr,100,age_10_99,33,66,0.0
32,17631,ssr,100,age_10_99,32,67,0.0
32,17631,ssr,100,age_10_99,31,68,0.0
32,17631,ssr,100,age_10_99,30,69,1.0
32,17631,ssr,100,age_10_99,29,70,1.0
32,17631,ssr,100,age_10_99,28,71,0.0
32,17631,ssr,100,age_10_99,27,72,0.0
32,17631,ssr,100,age_10_99,26,73,0.0
32,17631,ssr,100,age_10_99,25,74,0.0
32,17631,ssr,100,age_10_99,24,75,0.0
32,17631,ssr,100,age_10_99,23,76,0.0
32,17631,ssr,100,age_10_99,22,77,0.0
32,17631,ssr,100,age_10_99,21,78,0.0
32,17631,ssr,100,age_10_99,20,79,0.0
32,17631,ssr,100,age_10_99,19,80,1.0
32,17631,ssr,100,age_10_99,18,81,0.0
32,17631,ssr,100,age_10_99,17,82,1.0
32,17631,ssr,100,age_10_99,16,83,1.0
32,17631,ssr,100,age_10_99,15,84,1.0
32,17631,ssr,100,age_10_99,14,85,0.0
32,17631,ssr,100,age_10_99,13,86,0.0
32,17631,ssr,100,age_10_99,12,87,0.0
32,17631,ssr,100,age_10_99,11,88,0.0
32,17631,ssr,100,age_10_99,10,89,0.0
32,17631,ssr,100,age_1_9,9,90,0.0
32,17631,ssr,100,age_1_9,8,91,0.0
32,17631,ssr,100,age_1_9,7,92,0.0
32,17631,ssr,100,age_1_9,6,93,1.0
32,17631,ssr,100,age_1_9,5,94,0.0
32,17631,ssr,100,age_1_9,4,95,0.0
32,17631,ssr,100,age_1_9,3,96,1.0
32,17631,ssr,100,age_1_9,2,97,1.0
32,17631,ssr,100,age_1_9,1,98,1.0
32,17631,ssr,100,age_0,0,99,1.0
32,17632,plain,1,age_0,0,0,1.0
32,17632,plain,2,age_1_9,1,0,1.0
32,17632,plain,2,age_0,0,1,1.0
32,17632,plain,5,age_1_9,4,0,1.0
32,17632,plain,5,age_1_9,3,1,1.0
32,17632,plain,5,age_1_9,2,2,1.0
32,17632,plain,5,age_1_9,1,3,1.0
32,17632,plain,5,age_0,0,4,1.0
32,17632,plain,10,age_1_9,9,0,1.0
32,17632,plain,10,age_1_9,8,1,1.0
32,17632,plain,10,age_1_9,7,2,1.0
32,17632,plain,10,age_1_9,6,3,1.0
32,17632,plain,10,age_1_9,5,4,0.0
32,17632,plain,10,age_1_9,4,5,1.0
32,17632,plain,10,age_1_9,3,6,1.0
32,17632,plain,10,age_1_9,2,7,1.0
32,17632,plain,10,age_1_9,1,8,1.0
32,17632,plain,10,age_0,0,9,1.0
32,17632,plain,25,age_10_99,24,0,1.0
32,17632,plain,25,age_10_99,23,1,0.0
32,17632,plain,25,age_10_99,22,2,0.0
32,17632,plain,25,age_10_99,21,3,1.0
32,17632,plain,25,age_10_99,20,4,0.0
32,17632,plain,25,age_10_99,19,5,1.0
32,17632,plain,25,age_10_99,18,6,0.0
32,17632,plain,25,age_10_99,17,7,1.0
32,17632,plain,25,age_10_99,16,8,0.0
32,17632,plain,25,age_10_99,15,9,0.0
32,17632,plain,25,age_10_99,14,10,1.0
32,17632,plain,25,age_10_99,13,11,0.0
32,17632,plain,25,age_10_99,12,12,1.0
32,17632,plain,25,age_10_99,11,13,1.0
32,17632,plain,25,age_10_99,10,14,1.0
32,17632,plain,25,age_1_9,9,15,0.0
32,17632,plain,25,age_1_9,8,16,1.0
32,17632,plain,25,age_1_9,7,17,0.0
32,17632,plain,25,age_1_9,6,18,0.0
32,17632,plain,25,age_1_9,5,19,1.0
32,17632,plain,25,age_1_9,4,20,1.0
32,17632,plain,25,age_1_9,3,21,0.0
32,17632,plain,25,age_1_9,2,22,0.0
32,17632,plain,25,age_1_9,1,23,1.0
32,17632,plain,25,age_0,0,24,1.0
32,17632,plain,50,age_10_99,49,0,1.0
32,17632,plain,50,age_10_99,48,1,0.0
32,17632,plain,50,age_10_99,47,2,0.0
32,17632,plain,50,age_10_99,46,3,0.0
32,17632,plain,50,age_10_99,45,4,0.0
32,17632,plain,50,age_10_99,44,5,0.0
32,17632,plain,50,age_10_99,43,6,1.0
32,17632,plain,50,age_10_99,42,7,1.0
32,17632,plain,50,age_10_99,41,8,0.0
32,17632,plain,50,age_10_99,40,9,0.0
32,17632,plain,50,age_10_99,39,10,0.0
32,17632,plain,50,age_10_99,38,11,0.0
32,17632,plain,50,age_10_99,37,12,1.0
32,17632,plain,50,age_10_99,36,13,0.0
32,17632,plain,50,age_10_99,35,14,1.0
32,17632,plain,50,age_10_99,34,15,0.0
32,17632,plain,50,age_10_99,33,16,0.0
32,17632,plain,50,age_10_99,32,17,1.0
32,17632,plain,50,age_10_99,31,18,1.0
32,17632,plain,50,age_10_99,30,19,0.0
32,17632,plain,50,age_10_99,29,20,0.0
32,17632,plain,50,age_10_99,28,21,1.0
32,17632,plain,50,age_10_99,27,22,0.0
32,17632,plain,50,age_10_99,26,23,1.0
32,17632,plain,50,age_10_99,25,24,1.0
32,17632,plain,50,age_10_99,24,25,0.0
32,17632,plain,50,age_10_99,23,26,1.0
32,17632,plain,50,age_10_99,22,27,1.0
32,17632,plain,50,age_10_99,21,28,0.0
32,17632,plain,50,age_10_99,20,29,1.0
32,17632,plain,50,age_10_99,19,30,1.0
32,17632,plain,50,age_10_99,18,31,0.0
32,17632,plain,50,age_10_99,17,32,1.0
32,17632,plain,50,age_10_99,16,33,1.0
32,17632,plain,50,age_10_99,15,34,1.0
32,17632,plain,50,age_10_99,14,35,1.0
32,17632,plain,50,age_10_99,13,36,1.0
32,17632,plain,50,age_10_99,12,37,0.0
32,17632,plain,50,age_10_99,11,38,0.0
32,17632,plain,50,age_10_99,10,39,0.0
32,17632,plain,50,age_1_9,9,40,0.0
32,17632,plain,50,age_1_9,8,41,1.0
32,17632,plain,50,age_1_9,7,42,0.0
32,17632,plain,50,age_1_9,6,43,0.0
32,17632,plain,50,age_1_9,5,44,0.0
32,17632,plain,50,age_1_9,4,45,1.0
32,17632,plain,50,age_1_9,3,46,0.0
32,17632,plain,50,age_1_9,2,47,0.0
32,17632,plain,50,age_1_9,1,48,1.0
32,17632,plain,50,age_0,0,49,1.0
32,17632,plain,100,age_10_99,99,0,1.0
32,17632,plain,100,age_10_99,98,1,0.0
32,17632,plain,100,age_10_99,97,2,0.0
32,17632,plain,100,age_10_99,96,3,0.0
32,17632,plain,100,age_10_99,95,4,0.0
32,17632,plain,100,age_10_99,94,5,0.0
32,17632,plain,100,age_10_99,93,6,0.0
32,17632,plain,100,age_10_99,92,7,0.0
32,17632,plain,100,age_10_99,91,8,0.0
32,17632,plain,100,age_10_99,90,9,0.0
32,17632,plain,100,age_10_99,89,10,0.0
32,17632,plain,100,age_10_99,88,11,0.0
32,17632,plain,100,age_10_99,87,12,1.0
32,17632,plain,100,age_10_99,86,13,0.0
32,17632,plain,100,age_10_99,85,14,1.0
32,17632,plain,100,age_10_99,84,15,0.0
32,17632,plain,100,age_10_99,83,16,0.0
32,17632,plain,100,age_10_99,82,17,0.0
32,17632,plain,100,age_10_99,81,18,0.0
32,17632,plain,100,age_10_99,80,19,0.0
32,17632,plain,100,age_10_99,79,20,0.0
32,17632,plain,100,age_10_99,78,21,0.0
32,17632,plain,100,age_10_99,77,22,0.0
32,17632,plain,100,age_10_99,76,23,1.0
32,17632,plain,100,age_10_99,75,24,0.0
32,17632,plain,100,age_10_99,74,25,1.0
32,17632,plain,100,age_10_99,73,26,0.0
32,17632,plain,100,age_10_99,72,27,0.0
32,17632,plain,100,age_10_99,71,28,1.0
32,17632,plain,100,age_10_99,70,29,0.0
32,17632,plain,100,age_10_99,69,30,0.0
32,17632,plain,100,age_10_99,68,31,0.0
32,17632,plain,100,age_10_99,67,32,0.0
32,17632,plain,100,age_10_99,66,33,0.0
32,17632,plain,100,age_10_99,65,34,0.0
32,17632,plain,100,age_10_99,64,35,0.0
32,17632,plain,100,age_10_99,63,36,0.0
32,17632,plain,100,age_10_99,62,37,1.0
32,17632,plain,100,age_10_99,61,38,0.0
32,17632,plain,100,age_10_99,60,39,0.0
32,17632,plain,100,age_10_99,59,40,0.0
32,17632,plain,100,age_10_99,58,41,0.0
32,17632,plain,100,age_10_99,57,42,1.0
32,17632,plain,100,age_10_99,56,43,0.0
32,17632,plain,100,age_10_99,55,44,0.0
32,17632,plain,100,age_10_99,54,45,0.0
32,17632,plain,100,age_10_99,53,46,0.0
32,17632,plain,100,age_10_99,52,47,0.0
32,17632,plain,100,age_10_99,51,48,0.0
32,17632,plain,100,age_10_99,50,49,0.0
32,17632,plain,100,age_10_99,49,50,0.0
32,17632,plain,100,age_10_99,48,51,0.0
32,17632,plain,100,age_10_99,47,52,1.0
32,17632,plain,100,age_10_99,46,53,0.0
32,17632,plain,100,age_10_99,45,54,0.0
32,17632,plain,100,age_10_99,44,55,1.0
32,17632,plain,100,age_10_99,43,56,1.0
32,17632,plain,100,age_10_99,42,57,1.0
32,17632,plain,100,age_10_99,41,58,0.0
32,17632,plain,100,age_10_99,40,59,0.0
32,17632,plain,100,age_10_99,39,60,0.0
32,17632,plain,100,age_10_99,38,61,0.0
32,17632,plain,100,age_10_99,37,62,0.0
32,17632,plain,100,age_10_99,36,63,0.0
32,17632,plain,100,age_10_99,35,64,0.0
32,17632,plain,100,age_10_99,34,65,0.0
32,17632,plain,100,age_10_99,33,66,1.0
32,17632,plain,100,age_10_99,32,67,0.0
32,17632,plain,100,age_10_99,31,68,0.0
32,17632,plain,100,age_10_99,30,69,0.0
32,17632,plain,100,age_10_99,29,70,1.0
32,17632,plain,100,age_10_99,28,71,1.0
32,17632,plain,100,age_10_99,27,72,0.0
32,17632,plain,100,age_10_99,26,73,0.0
32,17632,plain,100,age_10_99,25,74,0.0
32,17632,plain,100,age_10_99,24,75,0.0
32,17632,plain,100,age_10_99,23,76,0.0
32,17632,plain,100,age_10_99,22,77,0.0
32,17632,plain,100,age_10_99,21,78,0.0
32,17632,plain,100,age_10_99,20,79,0.0
32,17632,plain,100,age_10_99,19,80,0.0
32,17632,plain,100,age_10_99,18,81,0.0
32,17632,plain,100,age_10_99,17,82,0.0
32,17632,plain,100,age_10_99,16,83,1.0
32,17632,plain,100,age_10_99,15,84,1.0
32,17632,plain,100,age_10_99,14,85,0.0
32,17632,plain,100,age_10_99,13,86,0.0
32,17632,plain,100,age_10_99,12,87,0.0
32,17632,plain,100,age_10_99,11,88,0.0
32,17632,plain,100,age_10_99,10,89,0.0
32,17632,plain,100,age_1_9,9,90,0.0
32,17632,plain,100,age_1_9,8,91,0.0
32,17632,plain,100,age_1_9,7,92,1.0
32,17632,plain,100,age_1_9,6,93,0.0
32,17632,plain,100,age_1_9,5,94,0.0
32,17632,plain,100,age_1_9,4,95,0.0
32,17632,plain,100,age_1_9,3,96,0.0
32,17632,plain,100,age_1_9,2,97,0.0
32,17632,plain,100,age_1_9,1,98,1.0
32,17632,plain,100,age_0,0,99,1.0
32,17632,ssr,1,age_0,0,0,1.0
32,17632,ssr,2,age_1_9,1,0,1.0
32,17632,ssr,2,age_0,0,1,1.0
32,17632,ssr,5,age_1_9,4,0,1.0
32,17632,ssr,5,age_1_9,3,1,1.0
32,17632,ssr,5,age_1_9,2,2,1.0
32,17632,ssr,5,age_1_9,1,3,1.0
32,17632,ssr,5,age_0,0,4,1.0
32,17632,ssr,10,age_1_9,9,0,1.0
32,17632,ssr,10,age_1_9,8,1,1.0
32,17632,ssr,10,age_1_9,7,2,1.0
32,17632,ssr,10,age_1_9,6,3,1.0
32,17632,ssr,10,age_1_9,5,4,1.0
32,17632,ssr,10,age_1_9,4,5,1.0
32,17632,ssr,10,age_1_9,3,6,1.0
32,17632,ssr,10,age_1_9,2,7,1.0
32,17632,ssr,10,age_1_9,1,8,1.0
32,17632,ssr,10,age_0,0,9,1.0
32,17632,ssr,25,age_10_99,24,0,1.0
32,17632,ssr,25,age_10_99,23,1,0.0
32,17632,ssr,25,age_10_99,22,2,0.0
32,17632,ssr,25,age_10_99,21,3,1.0
32,17632,ssr,25,age_10_99,20,4,0.0
32,17632,ssr,25,age_10_99,19,5,1.0
32,17632,ssr,25,age_10_99,18,6,0.0
32,17632,ssr,25,age_10_99,17,7,1.0
32,17632,ssr,25,age_10_99,16,8,0.0
32,17632,ssr,25,age_10_99,15,9,1.0
32,17632,ssr,25,age_10_99,14,10,1.0
32,17632,ssr,25,age_10_99,13,11,0.0
32,17632,ssr,25,age_10_99,12,12,1.0
32,17632,ssr,25,age_10_99,11,13,1.0
32,17632,ssr,25,age_10_99,10,14,1.0
32,17632,ssr,25,age_1_9,9,15,0.0
32,17632,ssr,25,age_1_9,8,16,1.0
32,17632,ssr,25,age_1_9,7,17,0.0
32,17632,ssr,25,age_1_9,6,18,0.0
32,17632,ssr,25,age_1_9,5,19,1.0
32,17632,ssr,25,age_1_9,4,20,1.0
32,17632,ssr,25,age_1_9,3,21,1.0
32,17632,ssr,25,age_1_9,2,22,1.0
32,17632,ssr,25,age_1_9,1,23,1.0
32,17632,ssr,25,age_0,0,24,1.0
32,17632,ssr,50,age_10_99,49,0,1.0
32,17632,ssr,50,age_10_99,48,1,0.0
32,17632,ssr,50,age_10_99,47,2,0.0
32,17632,ssr,50,age_10_99,46,3,0.0
32,17632,ssr,50,age_10_99,45,4,0.0
32,17632,ssr,50,age_10_99,44,5,0.0
32,17632,ssr,50,age_10_99,43,6,1.0
32,17632,ssr,50,age_10_99,42,7,1.0
32,17632,ssr,50,age_10_99,41,8,0.0
32,17632,ssr,50,age_10_99,40,9,0.0
32,17632,ssr,50,age_10_99,39,10,0.0
32,17632,ssr,50,age_10_99,38,11,0.0
32,17632,ssr,50,age_10_99,37,12,1.0
32,17632,ssr,50,age_10_99,36,13,0.0
32,17632,ssr,50,age_10_99,35,14,1.0
32,17632,ssr,50,age_10_99,34,15,0.0
32,17632,ssr,50,age_10_99,33,16,0.0
32,17632,ssr,50,age_10_99,32,17,1.0
32,17632,ssr,50,age_10_99,31,18,0.0
32,17632,ssr,50,age_10_99,30,19,1.0
32,17632,ssr,50,age_10_99,29,20,0.0
32,17632,ssr,50,age_10_99,28,21,1.0
32,17632,ssr,50,age_10_99,27,22,0.0
32,17632,ssr,50,age_10_99,26,23,1.0
32,17632,ssr,50,age_10_99,25,24,1.0
32,17632,ssr,50,age_10_99,24,25,1.0
32,17632,ssr,50,age_10_99,23,26,1.0
32,17632,ssr,50,age_10_99,22,27,1.0
32,17632,ssr,50,age_10_99,21,28,1.0
32,17632,ssr,50,age_10_99,20,29,1.0
32,17632,ssr,50,age_10_99,19,30,0.0
32,17632,ssr,50,age_10_99,18,31,0.0
32,17632,ssr,50,age_10_99,17,32,1.0
32,17632,ssr,50,age_10_99,16,33,0.0
32,17632,ssr,50,age_10_99,15,34,1.0
32,17632,ssr,50,age_10_99,14,35,1.0
32,17632,ssr,50,age_10_99,13,36,1.0
32,17632,ssr,50,age_10_99,12,37,0.0
32,17632,ssr,50,age_10_99,11,38,0.0
32,17632,ssr,50,age_10_99,10,39,1.0
32,17632,ssr,50,age_1_9,9,40,0.0
32,17632,ssr,50,age_1_9,8,41,1.0
32,17632,ssr,50,age_1_9,7,42,0.0
32,17632,ssr,50,age_1_9,6,43,0.0
32,17632,ssr,50,age_1_9,5,44,0.0
32,17632,ssr,50,age_1_9,4,45,1.0
32,17632,ssr,50,age_1_9,3,46,0.0
32,17632,ssr,50,age_1_9,2,47,0.0
32,17632,ssr,50,age_1_9,1,48,1.0
32,17632,ssr,50,age_0,0,49,1.0
32,17632,ssr,100,age_10_99,99,0,1.0
32,17632,ssr,100,age_10_99,98,1,0.0
32,17632,ssr,100,age_10_99,97,2,0.0
32,17632,ssr,100,age_10_99,96,3,0.0
32,17632,ssr,100,age_10_99,95,4,0.0
32,17632,ssr,100,age_10_99,94,5,0.0
32,17632,ssr,100,age_10_99,93,6,0.0
32,17632,ssr,100,age_10_99,92,7,0.0
32,17632,ssr,100,age_10_99,91,8,0.0
32,17632,ssr,100,age_10_99,90,9,0.0
32,17632,ssr,100,age_10_99,89,10,0.0
32,17632,ssr,100,age_10_99,88,11,0.0
32,17632,ssr,100,age_10_99,87,12,1.0
32,17632,ssr,100,age_10_99,86,13,1.0
32,17632,ssr,100,age_10_99,85,14,1.0
32,17632,ssr,100,age_10_99,84,15,0.0
32,17632,ssr,100,age_10_99,83,16,0.0
32,17632,ssr,100,age_10_99,82,17,0.0
32,17632,ssr,100,age_10_99,81,18,0.0
32,17632,ssr,100,age_10_99,80,19,0.0
32,17632,ssr,100,age_10_99,79,20,0.0
32,17632,ssr,100,age_10_99,78,21,0.0
32,17632,ssr,100,age_10_99,77,22,0.0
32,17632,ssr,100,age_10_99,76,23,1.0
32,17632,ssr,100,age_10_99,75,24,1.0
32,17632,ssr,100,age_10_99,74,25,0.0
32,17632,ssr,100,age_10_99,73,26,0.0
32,17632,ssr,100,age_10_99,72,27,1.0
32,17632,ssr,100,age_10_99,71,28,1.0
32,17632,ssr,100,age_10_99,70,29,0.0
32,17632,ssr,100,age_10_99,69,30,0.0
32,17632,ssr,100,age_10_99,68,31,0.0
32,17632,ssr,100,age_10_99,67,32,0.0
32,17632,ssr,100,age_10_99,66,33,0.0
32,17632,ssr,100,age_10_99,65,34,0.0
32,17632,ssr,100,age_10_99,64,35,0.0
32,17632,ssr,100,age_10_99,63,36,0.0
32,17632,ssr,100,age_10_99,62,37,0.0
32,17632,ssr,100,age_10_99,61,38,0.0
32,17632,ssr,100,age_10_99,60,39,0.0
32,17632,ssr,100,age_10_99,59,40,0.0
32,17632,ssr,100,age_10_99,58,41,0.0
32,17632,ssr,100,age_10_99,57,42,1.0
32,17632,ssr,100,age_10_99,56,43,0.0
32,17632,ssr,100,age_10_99,55,44,1.0
32,17632,ssr,100,age_10_99,54,45,0.0
32,17632,ssr,100,age_10_99,53,46,0.0
32,17632,ssr,100,age_10_99,52,47,0.0
32,17632,ssr,100,age_10_99,51,48,0.0
32,17632,ssr,100,age_10_99,50,49,0.0
32,17632,ssr,100,age_10_99,49,50,1.0
32,17632,ssr,100,age_10_99,48,51,0.0
32,17632,ssr,100,age_10_99,47,52,0.0
32,17632,ssr,100,age_10_99,46,53,0.0
32,17632,ssr,100,age_10_99,45,54,1.0
32,17632,ssr,100,age_10_99,44,55,0.0
32,17632,ssr,100,age_10_99,43,56,1.0
32,17632,ssr,100,age_10_99,42,57,1.0
32,17632,ssr,100,age_10_99,41,58,0.0
32,17632,ssr,100,age_10_99,40,59,0.0
32,17632,ssr,100,age_10_99,39,60,0.0
32,17632,ssr,100,age_10_99,38,61,0.0
32,17632,ssr,100,age_10_99,37,62,0.0
32,17632,ssr,100,age_10_99,36,63,0.0
32,17632,ssr,100,age_10_99,35,64,0.0
32,17632,ssr,100,age_10_99,34,65,0.0
32,17632,ssr,100,age_10_99,33,66,1.0
32,17632,ssr,100,age_10_99,32,67,0.0
32,17632,ssr,100,age_10_99,31,68,0.0
32,17632,ssr,100,age_10_99,30,69,1.0
32,17632,ssr,100,age_10_99,29,70,1.0
32,17632,ssr,100,age_10_99,28,71,0.0
32,17632,ssr,100,age_10_99,27,72,0.0
32,17632,ssr,100,age_10_99,26,73,0.0
32,17632,ssr,100,age_10_99,25,74,0.0
32,17632,ssr,100,age_10_99,24,75,0.0
32,17632,ssr,100,age_10_99,23,76,0.0
32,17632,ssr,100,age_10_99,22,77,1.0
32,17632,ssr,100,age_10_99,21,78,1.0
32,17632,ssr,100,age_10_99,20,79,0.0
32,17632,ssr,100,age_10_99,19,80,0.0
32,17632,ssr,100,age_10_99,18,81,0.0
32,17632,ssr,100,age_10_99,17,82,0.0
32,17632,ssr,100,age_10_99,16,83,0.0
32,17632,ssr,100,age_10_99,15,84,1.0
32,17632,ssr,100,age_10_99,14,85,0.0
32,17632,ssr,100,age_10_99,13,86,0.0
32,17632,ssr,100,age_10_99,12,87,1.0
32,17632,ssr,100,age_10_99,11,88,0.0
32,17632,ssr,100,age_10_99,10,89,0.0
32,17632,ssr,100,age_1_9,9,90,1.0
32,17632,ssr,100,age_1_9,8,91,0.0
32,17632,ssr,100,age_1_9,7,92,1.0
32,17632,ssr,100,age_1_9,6,93,0.0
32,17632,ssr,100,age_1_9,5,94,0.0
32,17632,ssr,100,age_1_9,4,95,0.0
32,17632,ssr,100,age_1_9,3,96,0.0
32,17632,ssr,100,age_1_9,2,97,0.0
32,17632,ssr,100,age_1_9,1,98,1.0
32,17632,ssr,100,age_0,0,99,1.0
32,17633,plain,1,age_0,0,0,1.0
32,17633,plain,2,age_1_9,1,0,1.0
32,17633,plain,2,age_0,0,1,1.0
32,17633,plain,5,age_1_9,4,0,1.0
32,17633,plain,5,age_1_9,3,1,1.0
32,17633,plain,5,age_1_9,2,2,1.0
32,17633,plain,5,age_1_9,1,3,1.0
32,17633,plain,5,age_0,0,4,1.0
32,17633,plain,10,age_1_9,9,0,1.0
32,17633,plain,10,age_1_9,8,1,1.0
32,17633,plain,10,age_1_9,7,2,1.0
32,17633,plain,10,age_1_9,6,3,1.0
32,17633,plain,10,age_1_9,5,4,0.0
32,17633,plain,10,age_1_9,4,5,1.0
32,17633,plain,10,age_1_9,3,6,1.0
32,17633,plain,10,age_1_9,2,7,1.0
32,17633,plain,10,age_1_9,1,8,1.0
32,17633,plain,10,age_0,0,9,1.0
32,17633,plain,25,age_10_99,24,0,1.0
32,17633,plain,25,age_10_99,23,1,0.0
32,17633,plain,25,age_10_99,22,2,1.0
32,17633,plain,25,age_10_99,21,3,1.0
32,17633,plain,25,age_10_99,20,4,1.0
32,17633,plain,25,age_10_99,19,5,0.0
32,17633,plain,25,age_10_99,18,6,0.0
32,17633,plain,25,age_10_99,17,7,1.0
32,17633,plain,25,age_10_99,16,8,1.0
32,17633,plain,25,age_10_99,15,9,0.0
32,17633,plain,25,age_10_99,14,10,1.0
32,17633,plain,25,age_10_99,13,11,0.0
32,17633,plain,25,age_10_99,12,12,0.0
32,17633,plain,25,age_10_99,11,13,1.0
32,17633,plain,25,age_10_99,10,14,0.0
32,17633,plain,25,age_1_9,9,15,1.0
32,17633,plain,25,age_1_9,8,16,1.0
32,17633,plain,25,age_1_9,7,17,0.0
32,17633,plain,25,age_1_9,6,18,0.0
32,17633,plain,25,age_1_9,5,19,1.0
32,17633,plain,25,age_1_9,4,20,1.0
32,17633,plain,25,age_1_9,3,21,0.0
32,17633,plain,25,age_1_9,2,22,0.0
32,17633,plain,25,age_1_9,1,23,1.0
32,17633,plain,25,age_0,0,24,1.0
32,17633,plain,50,age_10_99,49,0,1.0
32,17633,plain,50,age_10_99,48,1,0.0
32,17633,plain,50,age_10_99,47,2,0.0
32,17633,plain,50,age_10_99,46,3,0.0
32,17633,plain,50,age_10_99,45,4,0.0
32,17633,plain,50,age_10_99,44,5,0.0
32,17633,plain,50,age_10_99,43,6,1.0
32,17633,plain,50,age_10_99,42,7,1.0
32,17633,plain,50,age_10_99,41,8,0.0
32,17633,plain,50,age_10_99,40,9,0.0
32,17633,plain,50,age_10_99,39,10,1.0
32,17633,plain,50,age_10_99,38,11,1.0
32,17633,plain,50,age_10_99,37,12,0.0
32,17633,plain,50,age_10_99,36,13,1.0
32,17633,plain,50,age_10_99,35,14,1.0
32,17633,plain,50,age_10_99,34,15,0.0
32,17633,plain,50,age_10_99,33,16,0.0
32,17633,plain,50,age_10_99,32,17,0.0
32,17633,plain,50,age_10_99,31,18,1.0
32,17633,plain,50,age_10_99,30,19,1.0
32,17633,plain,50,age_10_99,29,20,0.0
32,17633,plain,50,age_10_99,28,21,1.0
32,17633,plain,50,age_10_99,27,22,0.0
32,17633,plain,50,age_10_99,26,23,0.0
32,17633,plain,50,age_10_99,25,24,0.0
32,17633,plain,50,age_10_99,24,25,0.0
32,17633,plain,50,age_10_99,23,26,0.0
32,17633,plain,50,age_10_99,22,27,1.0
32,17633,plain,50,age_10_99,21,28,0.0
32,17633,plain,50,age_10_99,20,29,0.0
32,17633,plain,50,age_10_99,19,30,1.0
32,17633,plain,50,age_10_99,18,31,0.0
32,17633,plain,50,age_10_99,17,32,1.0
32,17633,plain,50,age_10_99,16,33,0.0
32,17633,plain,50,age_10_99,15,34,1.0
32,17633,plain,50,age_10_99,14,35,0.0
32,17633,plain,50,age_10_99,13,36,0.0
32,17633,plain,50,age_10_99,12,37,0.0
32,17633,plain,50,age_10_99,11,38,0.0
32,17633,plain,50,age_10_99,10,39,1.0
32,17633,plain,50,age_1_9,9,40,0.0
32,17633,plain,50,age_1_9,8,41,1.0
32,17633,plain,50,age_1_9,7,42,0.0
32,17633,plain,50,age_1_9,6,43,0.0
32,17633,plain,50,age_1_9,5,44,0.0
32,17633,plain,50,age_1_9,4,45,0.0
32,17633,plain,50,age_1_9,3,46,0.0
32,17633,plain,50,age_1_9,2,47,1.0
32,17633,plain,50,age_1_9,1,48,1.0
32,17633,plain,50,age_0,0,49,1.0
32,17633,plain,100,age_10_99,99,0,1.0
32,17633,plain,100,age_10_99,98,1,0.0
32,17633,plain,100,age_10_99,97,2,0.0
32,17633,plain,100,age_10_99,96,3,0.0
32,17633,plain,100,age_10_99,95,4,0.0
32,17633,plain,100,age_10_99,94,5,0.0
32,17633,plain,100,age_10_99,93,6,0.0
32,17633,plain,100,age_10_99,92,7,0.0
32,17633,plain,100,age_10_99,91,8,0.0
32,17633,plain,100,age_10_99,90,9,0.0
32,17633,plain,100,age_10_99,89,10,0.0
32,17633,plain,100,age_10_99,88,11,0.0
32,17633,plain,100,age_10_99,87,12,0.0
32,17633,plain,100,age_10_99,86,13,0.0
32,17633,plain,100,age_10_99,85,14,1.0
32,17633,plain,100,age_10_99,84,15,0.0
32,17633,plain,100,age_10_99,83,16,0.0
32,17633,plain,100,age_10_99,82,17,0.0
32,17633,plain,100,age_10_99,81,18,0.0
32,17633,plain,100,age_10_99,80,19,0.0
32,17633,plain,100,age_10_99,79,20,0.0
32,17633,plain,100,age_10_99,78,21,0.0
32,17633,plain,100,age_10_99,77,22,0.0
32,17633,plain,100,age_10_99,76,23,0.0
32,17633,plain,100,age_10_99,75,24,0.0
32,17633,plain,100,age_10_99,74,25,0.0
32,17633,plain,100,age_10_99,73,26,0.0
32,17633,plain,100,age_10_99,72,27,0.0
32,17633,plain,100,age_10_99,71,28,1.0
32,17633,plain,100,age_10_99,70,29,0.0
32,17633,plain,100,age_10_99,69,30,0.0
32,17633,plain,100,age_10_99,68,31,0.0
32,17633,plain,100,age_10_99,67,32,0.0
32,17633,plain,100,age_10_99,66,33,0.0
32,17633,plain,100,age_10_99,65,34,0.0
32,17633,plain,100,age_10_99,64,35,0.0
32,17633,plain,100,age_10_99,63,36,0.0
32,17633,plain,100,age_10_99,62,37,0.0
32,17633,plain,100,age_10_99,61,38,0.0
32,17633,plain,100,age_10_99,60,39,0.0
32,17633,plain,100,age_10_99,59,40,0.0
32,17633,plain,100,age_10_99,58,41,0.0
32,17633,plain,100,age_10_99,57,42,1.0
32,17633,plain,100,age_10_99,56,43,0.0
32,17633,plain,100,age_10_99,55,44,0.0
32,17633,plain,100,age_10_99,54,45,0.0
32,17633,plain,100,age_10_99,53,46,0.0
32,17633,plain,100,age_10_99,52,47,0.0
32,17633,plain,100,age_10_99,51,48,0.0
32,17633,plain,100,age_10_99,50,49,0.0
32,17633,plain,100,age_10_99,49,50,1.0
32,17633,plain,100,age_10_99,48,51,0.0
32,17633,plain,100,age_10_99,47,52,0.0
32,17633,plain,100,age_10_99,46,53,0.0
32,17633,plain,100,age_10_99,45,54,0.0
32,17633,plain,100,age_10_99,44,55,0.0
32,17633,plain,100,age_10_99,43,56,1.0
32,17633,plain,100,age_10_99,42,57,0.0
32,17633,plain,100,age_10_99,41,58,0.0
32,17633,plain,100,age_10_99,40,59,0.0
32,17633,plain,100,age_10_99,39,60,0.0
32,17633,plain,100,age_10_99,38,61,0.0
32,17633,plain,100,age_10_99,37,62,0.0
32,17633,plain,100,age_10_99,36,63,0.0
32,17633,plain,100,age_10_99,35,64,0.0
32,17633,plain,100,age_10_99,34,65,0.0
32,17633,plain,100,age_10_99,33,66,0.0
32,17633,plain,100,age_10_99,32,67,0.0
32,17633,plain,100,age_10_99,31,68,0.0
32,17633,plain,100,age_10_99,30,69,0.0
32,17633,plain,100,age_10_99,29,70,1.0
32,17633,plain,100,age_10_99,28,71,0.0
32,17633,plain,100,age_10_99,27,72,0.0
32,17633,plain,100,age_10_99,26,73,0.0
32,17633,plain,100,age_10_99,25,74,0.0
32,17633,plain,100,age_10_99,24,75,0.0
32,17633,plain,100,age_10_99,23,76,0.0
32,17633,plain,100,age_10_99,22,77,0.0
32,17633,plain,100,age_10_99,21,78,0.0
32,17633,plain,100,age_10_99,20,79,0.0
32,17633,plain,100,age_10_99,19,80,0.0
32,17633,plain,100,age_10_99,18,81,0.0
32,17633,plain,100,age_10_99,17,82,0.0
32,17633,plain,100,age_10_99,16,83,0.0
32,17633,plain,100,age_10_99,15,84,1.0
32,17633,plain,100,age_10_99,14,85,0.0
32,17633,plain,100,age_10_99,13,86,0.0
32,17633,plain,100,age_10_99,12,87,0.0
32,17633,plain,100,age_10_99,11,88,0.0
32,17633,plain,100,age_10_99,10,89,0.0
32,17633,plain,100,age_1_9,9,90,0.0
32,17633,plain,100,age_1_9,8,91,0.0
32,17633,plain,100,age_1_9,7,92,0.0
32,17633,plain,100,age_1_9,6,93,0.0
32,17633,plain,100,age_1_9,5,94,0.0
32,17633,plain,100,age_1_9,4,95,0.0
32,17633,plain,100,age_1_9,3,96,0.0
32,17633,plain,100,age_1_9,2,97,0.0
32,17633,plain,100,age_1_9,1,98,1.0
32,17633,plain,100,age_0,0,99,1.0
32,17633,ssr,1,age_0,0,0,1.0
32,17633,ssr,2,age_1_9,1,0,1.0
32,17633,ssr,2,age_0,0,1,1.0
32,17633,ssr,5,age_1_9,4,0,1.0
32,17633,ssr,5,age_1_9,3,1,1.0
32,17633,ssr,5,age_1_9,2,2,1.0
32,17633,ssr,5,age_1_9,1,3,1.0
32,17633,ssr,5,age_0,0,4,1.0
32,17633,ssr,10,age_1_9,9,0,1.0
32,17633,ssr,10,age_1_9,8,1,1.0
32,17633,ssr,10,age_1_9,7,2,1.0
32,17633,ssr,10,age_1_9,6,3,1.0
32,17633,ssr,10,age_1_9,5,4,1.0
32,17633,ssr,10,age_1_9,4,5,1.0
32,17633,ssr,10,age_1_9,3,6,1.0
32,17633,ssr,10,age_1_9,2,7,1.0
32,17633,ssr,10,age_1_9,1,8,1.0
32,17633,ssr,10,age_0,0,9,1.0
32,17633,ssr,25,age_10_99,24,0,1.0
32,17633,ssr,25,age_10_99,23,1,0.0
32,17633,ssr,25,age_10_99,22,2,0.0
32,17633,ssr,25,age_10_99,21,3,1.0
32,17633,ssr,25,age_10_99,20,4,0.0
32,17633,ssr,25,age_10_99,19,5,0.0
32,17633,ssr,25,age_10_99,18,6,1.0
32,17633,ssr,25,age_10_99,17,7,1.0
32,17633,ssr,25,age_10_99,16,8,0.0
32,17633,ssr,25,age_10_99,15,9,0.0
32,17633,ssr,25,age_10_99,14,10,1.0
32,17633,ssr,25,age_10_99,13,11,0.0
32,17633,ssr,25,age_10_99,12,12,0.0
32,17633,ssr,25,age_10_99,11,13,1.0
32,17633,ssr,25,age_10_99,10,14,0.0
32,17633,ssr,25,age_1_9,9,15,0.0
32,17633,ssr,25,age_1_9,8,16,1.0
32,17633,ssr,25,age_1_9,7,17,0.0
32,17633,ssr,25,age_1_9,6,18,0.0
32,17633,ssr,25,age_1_9,5,19,0.0
32,17633,ssr,25,age_1_9,4,20,1.0
32,17633,ssr,25,age_1_9,3,21,0.0
32,17633,ssr,25,age_1_9,2,22,1.0
32,17633,ssr,25,age_1_9,1,23,1.0
32,17633,ssr,25,age_0,0,24,1.0
32,17633,ssr,50,age_10_99,49,0,1.0
32,17633,ssr,50,age_10_99,48,1,0.0
32,17633,ssr,50,age_10_99,47,2,0.0
32,17633,ssr,50,age_10_99,46,3,0.0
32,17633,ssr,50,age_10_99,45,4,0.0
32,17633,ssr,50,age_10_99,44,5,1.0
32,17633,ssr,50,age_10_99,43,6,1.0
32,17633,ssr,50,age_10_99,42,7,1.0
32,17633,ssr,50,age_10_99,41,8,0.0
32,17633,ssr,50,age_10_99,40,9,0.0
32,17633,ssr,50,age_10_99,39,10,1.0
32,17633,ssr,50,age_10_99,38,11,0.0
32,17633,ssr,50,age_10_99,37,12,0.0
32,17633,ssr,50,age_10_99,36,13,1.0
32,17633,ssr,50,age_10_99,35,14,1.0
32,17633,ssr,50,age_10_99,34,15,0.0
32,17633,ssr,50,age_10_99,33,16,0.0
32,17633,ssr,50,age_10_99,32,17,1.0
32,17633,ssr,50,age_10_99,31,18,1.0
32,17633,ssr,50,age_10_99,30,19,1.0
32,17633,ssr,50,age_10_99,29,20,1.0
32,17633,ssr,50,age_10_99,28,21,1.0
32,17633,ssr,50,age_10_99,27,22,1.0
32,17633,ssr,50,age_10_99,26,23,0.0
32,17633,ssr,50,age_10_99,25,24,1.0
32,17633,ssr,50,age_10_99,24,25,1.0
32,17633,ssr,50,age_10_99,23,26,0.0
32,17633,ssr,50,age_10_99,22,27,1.0
32,17633,ssr,50,age_10_99,21,28,0.0
32,17633,ssr,50,age_10_99,20,29,1.0
32,17633,ssr,50,age_10_99,19,30,1.0
32,17633,ssr,50,age_10_99,18,31,0.0
32,17633,ssr,50,age_10_99,17,32,1.0
32,17633,ssr,50,age_10_99,16,33,0.0
32,17633,ssr,50,age_10_99,15,34,1.0
32,17633,ssr,50,age_10_99,14,35,1.0
32,17633,ssr,50,age_10_99,13,36,1.0
32,17633,ssr,50,age_10_99,12,37,1.0
32,17633,ssr,50,age_10_99,11,38,1.0
32,17633,ssr,50,age_10_99,10,39,1.0
32,17633,ssr,50,age_1_9,9,40,1.0
32,17633,ssr,50,age_1_9,8,41,1.0
32,17633,ssr,50,age_1_9,7,42,0.0
32,17633,ssr,50,age_1_9,6,43,0.0
32,17633,ssr,50,age_1_9,5,44,0.0
32,17633,ssr,50,age_1_9,4,45,1.0
32,17633,ssr,50,age_1_9,3,46,1.0
32,17633,ssr,50,age_1_9,2,47,1.0
32,17633,ssr,50,age_1_9,1,48,1.0
32,17633,ssr,50,age_0,0,49,1.0
32,17633,ssr,100,age_10_99,99,0,1.0
32,17633,ssr,100,age_10_99,98,1,0.0
32,17633,ssr,100,age_10_99,97,2,0.0
32,17633,ssr,100,age_10_99,96,3,0.0
32,17633,ssr,100,age_10_99,95,4,0.0
32,17633,ssr,100,age_10_99,94,5,0.0
32,17633,ssr,100,age_10_99,93,6,0.0
32,17633,ssr,100,age_10_99,92,7,0.0
32,17633,ssr,100,age_10_99,91,8,0.0
32,17633,ssr,100,age_10_99,90,9,0.0
32,17633,ssr,100,age_10_99,89,10,0.0
32,17633,ssr,100,age_10_99,88,11,0.0
32,17633,ssr,100,age_10_99,87,12,0.0
32,17633,ssr,100,age_10_99,86,13,1.0
32,17633,ssr,100,age_10_99,85,14,1.0
32,17633,ssr,100,age_10_99,84,15,0.0
32,17633,ssr,100,age_10_99,83,16,0.0
32,17633,ssr,100,age_10_99,82,17,0.0
32,17633,ssr,100,age_10_99,81,18,0.0
32,17633,ssr,100,age_10_99,80,19,0.0
32,17633,ssr,100,age_10_99,79,20,1.0
32,17633,ssr,100,age_10_99,78,21,0.0
32,17633,ssr,100,age_10_99,77,22,0.0
32,17633,ssr,100,age_10_99,76,23,0.0
32,17633,ssr,100,age_10_99,75,24,0.0
32,17633,ssr,100,age_10_99,74,25,0.0
32,17633,ssr,100,age_10_99,73,26,0.0
32,17633,ssr,100,age_10_99,72,27,1.0
32,17633,ssr,100,age_10_99,71,28,1.0
32,17633,ssr,100,age_10_99,70,29,0.0
32,17633,ssr,100,age_10_99,69,30,1.0
32,17633,ssr,100,age_10_99,68,31,0.0
32,17633,ssr,100,age_10_99,67,32,1.0
32,17633,ssr,100,age_10_99,66,33,0.0
32,17633,ssr,100,age_10_99,65,34,0.0
32,17633,ssr,100,age_10_99,64,35,0.0
32,17633,ssr,100,age_10_99,63,36,0.0
32,17633,ssr,100,age_10_99,62,37,0.0
32,17633,ssr,100,age_10_99,61,38,0.0
32,17633,ssr,100,age_10_99,60,39,0.0
32,17633,ssr,100,age_10_99,59,40,0.0
32,17633,ssr,100,age_10_99,58,41,0.0
32,17633,ssr,100,age_10_99,57,42,1.0
32,17633,ssr,100,age_10_99,56,43,0.0
32,17633,ssr,100,age_10_99,55,44,0.0
32,17633,ssr,100,age_10_99,54,45,1.0
32,17633,ssr,100,age_10_99,53,46,0.0
32,17633,ssr,100,age_10_99,52,47,0.0
32,17633,ssr,100,age_10_99,51,48,0.0
32,17633,ssr,100,age_10_99,50,49,1.0
32,17633,ssr,100,age_10_99,49,50,1.0
32,17633,ssr,100,age_10_99,48,51,1.0
32,17633,ssr,100,age_10_99,47,52,0.0
32,17633,ssr,100,age_10_99,46,53,0.0
32,17633,ssr,100,age_10_99,45,54,1.0
32,17633,ssr,100,age_10_99,44,55,1.0
32,17633,ssr,100,age_10_99,43,56,1.0
32,17633,ssr,100,age_10_99,42,57,0.0
32,17633,ssr,100,age_10_99,41,58,0.0
32,17633,ssr,100,age_10_99,40,59,0.0
32,17633,ssr,100,age_10_99,39,60,1.0
32,17633,ssr,100,age_10_99,38,61,1.0
32,17633,ssr,100,age_10_99,37,62,0.0
32,17633,ssr,100,age_10_99,36,63,0.0
32,17633,ssr,100,age_10_99,35,64,0.0
32,17633,ssr,100,age_10_99,34,65,0.0
32,17633,ssr,100,age_10_99,33,66,1.0
32,17633,ssr,100,age_10_99,32,67,0.0
32,17633,ssr,100,age_10_99,31,68,1.0
32,17633,ssr,100,age_10_99,30,69,1.0
32,17633,ssr,100,age_10_99,29,70,1.0
32,17633,ssr,100,age_10_99,28,71,0.0
32,17633,ssr,100,age_10_99,27,72,0.0
32,17633,ssr,100,age_10_99,26,73,0.0
32,17633,ssr,100,age_10_99,25,74,0.0
32,17633,ssr,100,age_10_99,24,75,0.0
32,17633,ssr,100,age_10_99,23,76,0.0
32,17633,ssr,100,age_10_99,22,77,0.0
32,17633,ssr,100,age_10_99,21,78,1.0
32,17633,ssr,100,age_10_99,20,79,1.0
32,17633,ssr,100,age_10_99,19,80,1.0
32,17633,ssr,100,age_10_99,18,81,1.0
32,17633,ssr,100,age_10_99,17,82,0.0
32,17633,ssr,100,age_10_99,16,83,0.0
32,17633,ssr,100,age_10_99,15,84,1.0
32,17633,ssr,100,age_10_99,14,85,0.0
32,17633,ssr,100,age_10_99,13,86,0.0
32,17633,ssr,100,age_10_99,12,87,0.0
32,17633,ssr,100,age_10_99,11,88,0.0
32,17633,ssr,100,age_10_99,10,89,0.0
32,17633,ssr,100,age_1_9,9,90,0.0
32,17633,ssr,100,age_1_9,8,91,0.0
32,17633,ssr,100,age_1_9,7,92,0.0
32,17633,ssr,100,age_1_9,6,93,0.0
32,17633,ssr,100,age_1_9,5,94,0.0
32,17633,ssr,100,age_1_9,4,95,1.0
32,17633,ssr,100,age_1_9,3,96,1.0
32,17633,ssr,100,age_1_9,2,97,1.0
32,17633,ssr,100,age_1_9,1,98,1.0
32,17633,ssr,100,age_0,0,99,1.0
32,17634,plain,1,age_0,0,0,1.0
32,17634,plain,2,age_1_9,1,0,1.0
32,17634,plain,2,age_0,0,1,1.0
32,17634,plain,5,age_1_9,4,0,1.0
32,17634,plain,5,age_1_9,3,1,1.0
32,17634,plain,5,age_1_9,2,2,1.0
32,17634,plain,5,age_1_9,1,3,1.0
32,17634,plain,5,age_0,0,4,1.0
32,17634,plain,10,age_1_9,9,0,1.0
32,17634,plain,10,age_1_9,8,1,1.0
32,17634,plain,10,age_1_9,7,2,1.0
32,17634,plain,10,age_1_9,6,3,1.0
32,17634,plain,10,age_1_9,5,4,0.0
32,17634,plain,10,age_1_9,4,5,1.0
32,17634,plain,10,age_1_9,3,6,1.0
32,17634,plain,10,age_1_9,2,7,1.0
32,17634,plain,10,age_1_9,1,8,1.0
32,17634,plain,10,age_0,0,9,1.0
32,17634,plain,25,age_10_99,24,0,1.0
32,17634,plain,25,age_10_99,23,1,0.0
32,17634,plain,25,age_10_99,22,2,0.0
32,17634,plain,25,age_10_99,21,3,1.0
32,17634,plain,25,age_10_99,20,4,0.0
32,17634,plain,25,age_10_99,19,5,1.0
32,17634,plain,25,age_10_99,18,6,1.0
32,17634,plain,25,age_10_99,17,7,1.0
32,17634,plain,25,age_10_99,16,8,0.0
32,17634,plain,25,age_10_99,15,9,1.0
32,17634,plain,25,age_10_99,14,10,1.0
32,17634,plain,25,age_10_99,13,11,0.0
32,17634,plain,25,age_10_99,12,12,1.0
32,17634,plain,25,age_10_99,11,13,1.0
32,17634,plain,25,age_10_99,10,14,0.0
32,17634,plain,25,age_1_9,9,15,0.0
32,17634,plain,25,age_1_9,8,16,1.0
32,17634,plain,25,age_1_9,7,17,0.0
32,17634,plain,25,age_1_9,6,18,0.0
32,17634,plain,25,age_1_9,5,19,1.0
32,17634,plain,25,age_1_9,4,20,1.0
32,17634,plain,25,age_1_9,3,21,0.0
32,17634,plain,25,age_1_9,2,22,1.0
32,17634,plain,25,age_1_9,1,23,1.0
32,17634,plain,25,age_0,0,24,1.0
32,17634,plain,50,age_10_99,49,0,1.0
32,17634,plain,50,age_10_99,48,1,0.0
32,17634,plain,50,age_10_99,47,2,0.0
32,17634,plain,50,age_10_99,46,3,0.0
32,17634,plain,50,age_10_99,45,4,0.0
32,17634,plain,50,age_10_99,44,5,0.0
32,17634,plain,50,age_10_99,43,6,0.0
32,17634,plain,50,age_10_99,42,7,1.0
32,17634,plain,50,age_10_99,41,8,0.0
32,17634,plain,50,age_10_99,40,9,0.0
32,17634,plain,50,age_10_99,39,10,0.0
32,17634,plain,50,age_10_99,38,11,0.0
32,17634,plain,50,age_10_99,37,12,0.0
32,17634,plain,50,age_10_99,36,13,0.0
32,17634,plain,50,age_10_99,35,14,1.0
32,17634,plain,50,age_10_99,34,15,0.0
32,17634,plain,50,age_10_99,33,16,0.0
32,17634,plain,50,age_10_99,32,17,0.0
32,17634,plain,50,age_10_99,31,18,0.0
32,17634,plain,50,age_10_99,30,19,0.0
32,17634,plain,50,age_10_99,29,20,1.0
32,17634,plain,50,age_10_99,28,21,1.0
32,17634,plain,50,age_10_99,27,22,0.0
32,17634,plain,50,age_10_99,26,23,0.0
32,17634,plain,50,age_10_99,25,24,1.0
32,17634,plain,50,age_10_99,24,25,0.0
32,17634,plain,50,age_10_99,23,26,0.0
32,17634,plain,50,age_10_99,22,27,1.0
32,17634,plain,50,age_10_99,21,28,0.0
32,17634,plain,50,age_10_99,20,29,0.0
32,17634,plain,50,age_10_99,19,30,0.0
32,17634,plain,50,age_10_99,18,31,0.0
32,17634,plain,50,age_10_99,17,32,0.0
32,17634,plain,50,age_10_99,16,33,0.0
32,17634,plain,50,age_10_99,15,34,1.0
32,17634,plain,50,age_10_99,14,35,0.0
32,17634,plain,50,age_10_99,13,36,0.0
32,17634,plain,50,age_10_99,12,37,0.0
32,17634,plain,50,age_10_99,11,38,1.0
32,17634,plain,50,age_10_99,10,39,0.0
32,17634,plain,50,age_1_9,9,40,0.0
32,17634,plain,50,age_1_9,8,41,1.0
32,17634,plain,50,age_1_9,7,42,0.0
32,17634,plain,50,age_1_9,6,43,0.0
32,17634,plain,50,age_1_9,5,44,0.0
32,17634,plain,50,age_1_9,4,45,1.0
32,17634,plain,50,age_1_9,3,46,1.0
32,17634,plain,50,age_1_9,2,47,0.0
32,17634,plain,50,age_1_9,1,48,1.0
32,17634,plain,50,age_0,0,49,1.0
32,17634,plain,100,age_10_99,99,0,1.0
32,17634,plain,100,age_10_99,98,1,0.0
32,17634,plain,100,age_10_99,97,2,0.0
32,17634,plain,100,age_10_99,96,3,0.0
32,17634,plain,100,age_10_99,95,4,0.0
32,17634,plain,100,age_10_99,94,5,0.0
32,17634,plain,100,age_10_99,93,6,0.0
32,17634,plain,100,age_10_99,92,7,0.0
32,17634,plain,100,age_10_99,91,8,0.0
32,17634,plain,100,age_10_99,90,9,0.0
32,17634,plain,100,age_10_99,89,10,0.0
32,17634,plain,100,age_10_99,88,11,0.0
32,17634,plain,100,age_10_99,87,12,0.0
32,17634,plain,100,age_10_99,86,13,0.0
32,17634,plain,100,age_10_99,85,14,1.0
32,17634,plain,100,age_10_99,84,15,0.0
32,17634,plain,100,age_10_99,83,16,0.0
32,17634,plain,100,age_10_99,82,17,0.0
32,17634,plain,100,age_10_99,81,18,0.0
32,17634,plain,100,age_10_99,80,19,0.0
32,17634,plain,100,age_10_99,79,20,0.0
32,17634,plain,100,age_10_99,78,21,0.0
32,17634,plain,100,age_10_99,77,22,0.0
32,17634,plain,100,age_10_99,76,23,0.0
32,17634,plain,100,age_10_99,75,24,0.0
32,17634,plain,100,age_10_99,74,25,0.0
32,17634,plain,100,age_10_99,73,26,0.0
32,17634,plain,100,age_10_99,72,27,0.0
32,17634,plain,100,age_10_99,71,28,0.0
32,17634,plain,100,age_10_99,70,29,0.0
32,17634,plain,100,age_10_99,69,30,0.0
32,17634,plain,100,age_10_99,68,31,0.0
32,17634,plain,100,age_10_99,67,32,0.0
32,17634,plain,100,age_10_99,66,33,0.0
32,17634,plain,100,age_10_99,65,34,0.0
32,17634,plain,100,age_10_99,64,35,0.0
32,17634,plain,100,age_10_99,63,36,0.0
32,17634,plain,100,age_10_99,62,37,0.0
32,17634,plain,100,age_10_99,61,38,0.0
32,17634,plain,100,age_10_99,60,39,0.0
32,17634,plain,100,age_10_99,59,40,0.0
32,17634,plain,100,age_10_99,58,41,0.0
32,17634,plain,100,age_10_99,57,42,1.0
32,17634,plain,100,age_10_99,56,43,0.0
32,17634,plain,100,age_10_99,55,44,0.0
32,17634,plain,100,age_10_99,54,45,0.0
32,17634,plain,100,age_10_99,53,46,0.0
32,17634,plain,100,age_10_99,52,47,0.0
32,17634,plain,100,age_10_99,51,48,0.0
32,17634,plain,100,age_10_99,50,49,0.0
32,17634,plain,100,age_10_99,49,50,0.0
32,17634,plain,100,age_10_99,48,51,0.0
32,17634,plain,100,age_10_99,47,52,0.0
32,17634,plain,100,age_10_99,46,53,1.0
32,17634,plain,100,age_10_99,45,54,0.0
32,17634,plain,100,age_10_99,44,55,0.0
32,17634,plain,100,age_10_99,43,56,0.0
32,17634,plain,100,age_10_99,42,57,0.0
32,17634,plain,100,age_10_99,41,58,0.0
32,17634,plain,100,age_10_99,40,59,0.0
32,17634,plain,100,age_10_99,39,60,0.0
32,17634,plain,100,age_10_99,38,61,0.0
32,17634,plain,100,age_10_99,37,62,0.0
32,17634,plain,100,age_10_99,36,63,0.0
32,17634,plain,100,age_10_99,35,64,0.0
32,17634,plain,100,age_10_99,34,65,0.0
32,17634,plain,100,age_10_99,33,66,0.0
32,17634,plain,100,age_10_99,32,67,0.0
32,17634,plain,100,age_10_99,31,68,0.0
32,17634,plain,100,age_10_99,30,69,1.0
32,17634,plain,100,age_10_99,29,70,1.0
32,17634,plain,100,age_10_99,28,71,0.0
32,17634,plain,100,age_10_99,27,72,0.0
32,17634,plain,100,age_10_99,26,73,0.0
32,17634,plain,100,age_10_99,25,74,0.0
32,17634,plain,100,age_10_99,24,75,0.0
32,17634,plain,100,age_10_99,23,76,0.0
32,17634,plain,100,age_10_99,22,77,0.0
32,17634,plain,100,age_10_99,21,78,0.0
32,17634,plain,100,age_10_99,20,79,0.0
32,17634,plain,100,age_10_99,19,80,0.0
32,17634,plain,100,age_10_99,18,81,0.0
32,17634,plain,100,age_10_99,17,82,0.0
32,17634,plain,100,age_10_99,16,83,0.0
32,17634,plain,100,age_10_99,15,84,1.0
32,17634,plain,100,age_10_99,14,85,0.0
32,17634,plain,100,age_10_99,13,86,0.0
32,17634,plain,100,age_10_99,12,87,0.0
32,17634,plain,100,age_10_99,11,88,0.0
32,17634,plain,100,age_10_99,10,89,0.0
32,17634,plain,100,age_1_9,9,90,0.0
32,17634,plain,100,age_1_9,8,91,0.0
32,17634,plain,100,age_1_9,7,92,0.0
32,17634,plain,100,age_1_9,6,93,0.0
32,17634,plain,100,age_1_9,5,94,0.0
32,17634,plain,100,age_1_9,4,95,0.0
32,17634,plain,100,age_1_9,3,96,0.0
32,17634,plain,100,age_1_9,2,97,0.0
32,17634,plain,100,age_1_9,1,98,1.0
32,17634,plain,100,age_0,0,99,1.0
32,17634,ssr,1,age_0,0,0,1.0
32,17634,ssr,2,age_1_9,1,0,1.0
32,17634,ssr,2,age_0,0,1,1.0
32,17634,ssr,5,age_1_9,4,0,1.0
32,17634,ssr,5,age_1_9,3,1,1.0
32,17634,ssr,5,age_1_9,2,2,1.0
32,17634,ssr,5,age_1_9,1,3,1.0
32,17634,ssr,5,age_0,0,4,1.0
32,17634,ssr,10,age_1_9,9,0,1.0
32,17634,ssr,10,age_1_9,8,1,1.0
32,17634,ssr,10,age_1_9,7,2,1.0
32,17634,ssr,10,age_1_9,6,3,1.0
32,17634,ssr,10,age_1_9,5,4,0.0
32,17634,ssr,10,age_1_9,4,5,1.0
32,17634,ssr,10,age_1_9,3,6,1.0
32,17634,ssr,10,age_1_9,2,7,1.0
32,17634,ssr,10,age_1_9,1,8,1.0
32,17634,ssr,10,age_0,0,9,1.0
32,17634,ssr,25,age_10_99,24,0,1.0
32,17634,ssr,25,age_10_99,23,1,0.0
32,17634,ssr,25,age_10_99,22,2,0.0
32,17634,ssr,25,age_10_99,21,3,1.0
32,17634,ssr,25,age_10_99,20,4,0.0
32,17634,ssr,25,age_10_99,19,5,0.0
32,17634,ssr,25,age_10_99,18,6,1.0
32,17634,ssr,25,age_10_99,17,7,0.0
32,17634,ssr,25,age_10_99,16,8,0.0
32,17634,ssr,25,age_10_99,15,9,0.0
32,17634,ssr,25,age_10_99,14,10,1.0
32,17634,ssr,25,age_10_99,13,11,0.0
32,17634,ssr,25,age_10_99,12,12,0.0
32,17634,ssr,25,age_10_99,11,13,1.0
32,17634,ssr,25,age_10_99,10,14,0.0
32,17634,ssr,25,age_1_9,9,15,0.0
32,17634,ssr,25,age_1_9,8,16,1.0
32,17634,ssr,25,age_1_9,7,17,0.0
32,17634,ssr,25,age_1_9,6,18,0.0
32,17634,ssr,25,age_1_9,5,19,0.0
32,17634,ssr,25,age_1_9,4,20,1.0
32,17634,ssr,25,age_1_9,3,21,0.0
32,17634,ssr,25,age_1_9,2,22,0.0
32,17634,ssr,25,age_1_9,1,23,1.0
32,17634,ssr,25,age_0,0,24,1.0
32,17634,ssr,50,age_10_99,49,0,1.0
32,17634,ssr,50,age_10_99,48,1,0.0
32,17634,ssr,50,age_10_99,47,2,0.0
32,17634,ssr,50,age_10_99,46,3,0.0
32,17634,ssr,50,age_10_99,45,4,0.0
32,17634,ssr,50,age_10_99,44,5,0.0
32,17634,ssr,50,age_10_99,43,6,0.0
32,17634,ssr,50,age_10_99,42,7,1.0
32,17634,ssr,50,age_10_99,41,8,0.0
32,17634,ssr,50,age_10_99,40,9,0.0
32,17634,ssr,50,age_10_99,39,10,0.0
32,17634,ssr,50,age_10_99,38,11,0.0
32,17634,ssr,50,age_10_99,37,12,0.0
32,17634,ssr,50,age_10_99,36,13,0.0
32,17634,ssr,50,age_10_99,35,14,1.0
32,17634,ssr,50,age_10_99,34,15,0.0
32,17634,ssr,50,age_10_99,33,16,0.0
32,17634,ssr,50,age_10_99,32,17,0.0
32,17634,ssr,50,age_10_99,31,18,0.0
32,17634,ssr,50,age_10_99,30,19,0.0
32,17634,ssr,50,age_10_99,29,20,0.0
32,17634,ssr,50,age_10_99,28,21,1.0
32,17634,ssr,50,age_10_99,27,22,0.0
32,17634,ssr,50,age_10_99,26,23,0.0
32,17634,ssr,50,age_10_99,25,24,0.0
32,17634,ssr,50,age_10_99,24,25,0.0
32,17634,ssr,50,age_10_99,23,26,0.0
32,17634,ssr,50,age_10_99,22,27,1.0
32,17634,ssr,50,age_10_99,21,28,0.0
32,17634,ssr,50,age_10_99,20,29,0.0
32,17634,ssr,50,age_10_99,19,30,0.0
32,17634,ssr,50,age_10_99,18,31,0.0
32,17634,ssr,50,age_10_99,17,32,0.0
32,17634,ssr,50,age_10_99,16,33,0.0
32,17634,ssr,50,age_10_99,15,34,1.0
32,17634,ssr,50,age_10_99,14,35,0.0
32,17634,ssr,50,age_10_99,13,36,0.0
32,17634,ssr,50,age_10_99,12,37,0.0
32,17634,ssr,50,age_10_99,11,38,0.0
32,17634,ssr,50,age_10_99,10,39,0.0
32,17634,ssr,50,age_1_9,9,40,0.0
32,17634,ssr,50,age_1_9,8,41,0.0
32,17634,ssr,50,age_1_9,7,42,0.0
32,17634,ssr,50,age_1_9,6,43,0.0
32,17634,ssr,50,age_1_9,5,44,0.0
32,17634,ssr,50,age_1_9,4,45,0.0
32,17634,ssr,50,age_1_9,3,46,0.0
32,17634,ssr,50,age_1_9,2,47,0.0
32,17634,ssr,50,age_1_9,1,48,1.0
32,17634,ssr,50,age_0,0,49,0.0
32,17634,ssr,100,age_10_99,99,0,1.0
32,17634,ssr,100,age_10_99,98,1,0.0
32,17634,ssr,100,age_10_99,97,2,0.0
32,17634,ssr,100,age_10_99,96,3,0.0
32,17634,ssr,100,age_10_99,95,4,0.0
32,17634,ssr,100,age_10_99,94,5,0.0
32,17634,ssr,100,age_10_99,93,6,1.0
32,17634,ssr,100,age_10_99,92,7,0.0
32,17634,ssr,100,age_10_99,91,8,0.0
32,17634,ssr,100,age_10_99,90,9,0.0
32,17634,ssr,100,age_10_99,89,10,0.0
32,17634,ssr,100,age_10_99,88,11,0.0
32,17634,ssr,100,age_10_99,87,12,0.0
32,17634,ssr,100,age_10_99,86,13,0.0
32,17634,ssr,100,age_10_99,85,14,1.0
32,17634,ssr,100,age_10_99,84,15,0.0
32,17634,ssr,100,age_10_99,83,16,0.0
32,17634,ssr,100,age_10_99,82,17,0.0
32,17634,ssr,100,age_10_99,81,18,0.0
32,17634,ssr,100,age_10_99,80,19,0.0
32,17634,ssr,100,age_10_99,79,20,0.0
32,17634,ssr,100,age_10_99,78,21,0.0
32,17634,ssr,100,age_10_99,77,22,0.0
32,17634,ssr,100,age_10_99,76,23,0.0
32,17634,ssr,100,age_10_99,75,24,1.0
32,17634,ssr,100,age_10_99,74,25,0.0
32,17634,ssr,100,age_10_99,73,26,0.0
32,17634,ssr,100,age_10_99,72,27,1.0
32,17634,ssr,100,age_10_99,71,28,1.0
32,17634,ssr,100,age_10_99,70,29,0.0
32,17634,ssr,100,age_10_99,69,30,1.0
32,17634,ssr,100,age_10_99,68,31,0.0
32,17634,ssr,100,age_10_99,67,32,0.0
32,17634,ssr,100,age_10_99,66,33,0.0
32,17634,ssr,100,age_10_99,65,34,0.0
32,17634,ssr,100,age_10_99,64,35,0.0
32,17634,ssr,100,age_10_99,63,36,0.0
32,17634,ssr,100,age_10_99,62,37,1.0
32,17634,ssr,100,age_10_99,61,38,0.0
32,17634,ssr,100,age_10_99,60,39,0.0
32,17634,ssr,100,age_10_99,59,40,1.0
32,17634,ssr,100,age_10_99,58,41,1.0
32,17634,ssr,100,age_10_99,57,42,1.0
32,17634,ssr,100,age_10_99,56,43,0.0
32,17634,ssr,100,age_10_99,55,44,0.0
32,17634,ssr,100,age_10_99,54,45,0.0
32,17634,ssr,100,age_10_99,53,46,1.0
32,17634,ssr,100,age_10_99,52,47,0.0
32,17634,ssr,100,age_10_99,51,48,0.0
32,17634,ssr,100,age_10_99,50,49,0.0
32,17634,ssr,100,age_10_99,49,50,0.0
32,17634,ssr,100,age_10_99,48,51,0.0
32,17634,ssr,100,age_10_99,47,52,0.0
32,17634,ssr,100,age_10_99,46,53,0.0
32,17634,ssr,100,age_10_99,45,54,0.0
32,17634,ssr,100,age_10_99,44,55,1.0
32,17634,ssr,100,age_10_99,43,56,1.0
32,17634,ssr,100,age_10_99,42,57,0.0
32,17634,ssr,100,age_10_99,41,58,0.0
32,17634,ssr,100,age_10_99,40,59,0.0
32,17634,ssr,100,age_10_99,39,60,0.0
32,17634,ssr,100,age_10_99,38,61,0.0
32,17634,ssr,100,age_10_99,37,62,1.0
32,17634,ssr,100,age_10_99,36,63,0.0
32,17634,ssr,100,age_10_99,35,64,0.0
32,17634,ssr,100,age_10_99,34,65,1.0
32,17634,ssr,100,age_10_99,33,66,0.0
32,17634,ssr,100,age_10_99,32,67,0.0
32,17634,ssr,100,age_10_99,31,68,0.0
32,17634,ssr,100,age_10_99,30,69,1.0
32,17634,ssr,100,age_10_99,29,70,1.0
32,17634,ssr,100,age_10_99,28,71,0.0
32,17634,ssr,100,age_10_99,27,72,0.0
32,17634,ssr,100,age_10_99,26,73,0.0
32,17634,ssr,100,age_10_99,25,74,0.0
32,17634,ssr,100,age_10_99,24,75,0.0
32,17634,ssr,100,age_10_99,23,76,0.0
32,17634,ssr,100,age_10_99,22,77,0.0
32,17634,ssr,100,age_10_99,21,78,0.0
32,17634,ssr,100,age_10_99,20,79,1.0
32,17634,ssr,100,age_10_99,19,80,0.0
32,17634,ssr,100,age_10_99,18,81,1.0
32,17634,ssr,100,age_10_99,17,82,0.0
32,17634,ssr,100,age_10_99,16,83,1.0
32,17634,ssr,100,age_10_99,15,84,1.0
32,17634,ssr,100,age_10_99,14,85,0.0
32,17634,ssr,100,age_10_99,13,86,1.0
32,17634,ssr,100,age_10_99,12,87,0.0
32,17634,ssr,100,age_10_99,11,88,0.0
32,17634,ssr,100,age_10_99,10,89,0.0
32,17634,ssr,100,age_1_9,9,90,1.0
32,17634,ssr,100,age_1_9,8,91,0.0
32,17634,ssr,100,age_1_9,7,92,0.0
32,17634,ssr,100,age_1_9,6,93,1.0
32,17634,ssr,100,age_1_9,5,94,0.0
32,17634,ssr,100,age_1_9,4,95,0.0
32,17634,ssr,100,age_1_9,3,96,1.0
32,17634,ssr,100,age_1_9,2,97,0.0
32,17634,ssr,100,age_1_9,1,98,1.0
32,17634,ssr,100,age_0,0,99,1.0
32,17635,plain,1,age_0,0,0,1.0
32,17635,plain,2,age_1_9,1,0,1.0
32,17635,plain,2,age_0,0,1,1.0
32,17635,plain,5,age_1_9,4,0,1.0
32,17635,plain,5,age_1_9,3,1,1.0
32,17635,plain,5,age_1_9,2,2,1.0
32,17635,plain,5,age_1_9,1,3,1.0
32,17635,plain,5,age_0,0,4,1.0
32,17635,plain,10,age_1_9,9,0,1.0
32,17635,plain,10,age_1_9,8,1,1.0
32,17635,plain,10,age_1_9,7,2,1.0
32,17635,plain,10,age_1_9,6,3,1.0
32,17635,plain,10,age_1_9,5,4,0.0
32,17635,plain,10,age_1_9,4,5,1.0
32,17635,plain,10,age_1_9,3,6,1.0
32,17635,plain,10,age_1_9,2,7,1.0
32,17635,plain,10,age_1_9,1,8,1.0
32,17635,plain,10,age_0,0,9,1.0
32,17635,plain,25,age_10_99,24,0,1.0
32,17635,plain,25,age_10_99,23,1,0.0
32,17635,plain,25,age_10_99,22,2,0.0
32,17635,plain,25,age_10_99,21,3,1.0
32,17635,plain,25,age_10_99,20,4,0.0
32,17635,plain,25,age_10_99,19,5,0.0
32,17635,plain,25,age_10_99,18,6,0.0
32,17635,plain,25,age_10_99,17,7,1.0
32,17635,plain,25,age_10_99,16,8,1.0
32,17635,plain,25,age_10_99,15,9,0.0
32,17635,plain,25,age_10_99,14,10,1.0
32,17635,plain,25,age_10_99,13,11,1.0
32,17635,plain,25,age_10_99,12,12,0.0
32,17635,plain,25,age_10_99,11,13,1.0
32,17635,plain,25,age_10_99,10,14,1.0
32,17635,plain,25,age_1_9,9,15,0.0
32,17635,plain,25,age_1_9,8,16,1.0
32,17635,plain,25,age_1_9,7,17,1.0
32,17635,plain,25,age_1_9,6,18,1.0
32,17635,plain,25,age_1_9,5,19,0.0
32,17635,plain,25,age_1_9,4,20,1.0
32,17635,plain,25,age_1_9,3,21,1.0
32,17635,plain,25,age_1_9,2,22,0.0
32,17635,plain,25,age_1_9,1,23,1.0
32,17635,plain,25,age_0,0,24,1.0
32,17635,plain,50,age_10_99,49,0,1.0
32,17635,plain,50,age_10_99,48,1,0.0
32,17635,plain,50,age_10_99,47,2,0.0
32,17635,plain,50,age_10_99,46,3,0.0
32,17635,plain,50,age_10_99,45,4,0.0
32,17635,plain,50,age_10_99,44,5,0.0
32,17635,plain,50,age_10_99,43,6,0.0
32,17635,plain,50,age_10_99,42,7,1.0
32,17635,plain,50,age_10_99,41,8,0.0
32,17635,plain,50,age_10_99,40,9,0.0
32,17635,plain,50,age_10_99,39,10,0.0
32,17635,plain,50,age_10_99,38,11,1.0
32,17635,plain,50,age_10_99,37,12,1.0
32,17635,plain,50,age_10_99,36,13,0.0
32,17635,plain,50,age_10_99,35,14,1.0
32,17635,plain,50,age_10_99,34,15,0.0
32,17635,plain,50,age_10_99,33,16,0.0
32,17635,plain,50,age_10_99,32,17,1.0
32,17635,plain,50,age_10_99,31,18,1.0
32,17635,plain,50,age_10_99,30,19,0.0
32,17635,plain,50,age_10_99,29,20,1.0
32,17635,plain,50,age_10_99,28,21,1.0
32,17635,plain,50,age_10_99,27,22,0.0
32,17635,plain,50,age_10_99,26,23,0.0
32,17635,plain,50,age_10_99,25,24,0.0
32,17635,plain,50,age_10_99,24,25,0.0
32,17635,plain,50,age_10_99,23,26,0.0
32,17635,plain,50,age_10_99,22,27,1.0
32,17635,plain,50,age_10_99,21,28,0.0
32,17635,plain,50,age_10_99,20,29,1.0
32,17635,plain,50,age_10_99,19,30,0.0
32,17635,plain,50,age_10_99,18,31,1.0
32,17635,plain,50,age_10_99,17,32,1.0
32,17635,plain,50,age_10_99,16,33,0.0
32,17635,plain,50,age_10_99,15,34,1.0
32,17635,plain,50,age_10_99,14,35,0.0
32,17635,plain,50,age_10_99,13,36,1.0
32,17635,plain,50,age_10_99,12,37,0.0
32,17635,plain,50,age_10_99,11,38,0.0
32,17635,plain,50,age_10_99,10,39,1.0
32,17635,plain,50,age_1_9,9,40,0.0
32,17635,plain,50,age_1_9,8,41,1.0
32,17635,plain,50,age_1_9,7,42,0.0
32,17635,plain,50,age_1_9,6,43,0.0
32,17635,plain,50,age_1_9,5,44,0.0
32,17635,plain,50,age_1_9,4,45,1.0
32,17635,plain,50,age_1_9,3,46,1.0
32,17635,plain,50,age_1_9,2,47,1.0
32,17635,plain,50,age_1_9,1,48,1.0
32,17635,plain,50,age_0,0,49,1.0
32,17635,plain,100,age_10_99,99,0,1.0
32,17635,plain,100,age_10_99,98,1,0.0
32,17635,plain,100,age_10_99,97,2,0.0
32,17635,plain,100,age_10_99,96,3,0.0
32,17635,plain,100,age_10_99,95,4,0.0
32,17635,plain,100,age_10_99,94,5,0.0
32,17635,plain,100,age_10_99,93,6,0.0
32,17635,plain,100,age_10_99,92,7,0.0
32,17635,plain,100,age_10_99,91,8,0.0
32,17635,plain,100,age_10_99,90,9,0.0
32,17635,plain,100,age_10_99,89,10,0.0
32,17635,plain,100,age_10_99,88,11,0.0
32,17635,plain,100,age_10_99,87,12,0.0
32,17635,plain,100,age_10_99,86,13,0.0
32,17635,plain,100,age_10_99,85,14,1.0
32,17635,plain,100,age_10_99,84,15,0.0
32,17635,plain,100,age_10_99,83,16,0.0
32,17635,plain,100,age_10_99,82,17,0.0
32,17635,plain,100,age_10_99,81,18,0.0
32,17635,plain,100,age_10_99,80,19,0.0
32,17635,plain,100,age_10_99,79,20,0.0
32,17635,plain,100,age_10_99,78,21,0.0
32,17635,plain,100,age_10_99,77,22,0.0
32,17635,plain,100,age_10_99,76,23,0.0
32,17635,plain,100,age_10_99,75,24,0.0
32,17635,plain,100,age_10_99,74,25,0.0
32,17635,plain,100,age_10_99,73,26,0.0
32,17635,plain,100,age_10_99,72,27,1.0
32,17635,plain,100,age_10_99,71,28,1.0
32,17635,plain,100,age_10_99,70,29,0.0
32,17635,plain,100,age_10_99,69,30,0.0
32,17635,plain,100,age_10_99,68,31,0.0
32,17635,plain,100,age_10_99,67,32,0.0
32,17635,plain,100,age_10_99,66,33,0.0
32,17635,plain,100,age_10_99,65,34,0.0
32,17635,plain,100,age_10_99,64,35,0.0
32,17635,plain,100,age_10_99,63,36,0.0
32,17635,plain,100,age_10_99,62,37,0.0
32,17635,plain,100,age_10_99,61,38,0.0
32,17635,plain,100,age_10_99,60,39,0.0
32,17635,plain,100,age_10_99,59,40,1.0
32,17635,plain,100,age_10_99,58,41,0.0
32,17635,plain,100,age_10_99,57,42,1.0
32,17635,plain,100,age_10_99,56,43,0.0
32,17635,plain,100,age_10_99,55,44,0.0
32,17635,plain,100,age_10_99,54,45,0.0
32,17635,plain,100,age_10_99,53,46,0.0
32,17635,plain,100,age_10_99,52,47,0.0
32,17635,plain,100,age_10_99,51,48,0.0
32,17635,plain,100,age_10_99,50,49,0.0
32,17635,plain,100,age_10_99,49,50,0.0
32,17635,plain,100,age_10_99,48,51,0.0
32,17635,plain,100,age_10_99,47,52,0.0
32,17635,plain,100,age_10_99,46,53,0.0
32,17635,plain,100,age_10_99,45,54,0.0
32,17635,plain,100,age_10_99,44,55,0.0
32,17635,plain,100,age_10_99,43,56,1.0
32,17635,plain,100,age_10_99,42,57,0.0
32,17635,plain,100,age_10_99,41,58,0.0
32,17635,plain,100,age_10_99,40,59,0.0
32,17635,plain,100,age_10_99,39,60,0.0
32,17635,plain,100,age_10_99,38,61,0.0
32,17635,plain,100,age_10_99,37,62,0.0
32,17635,plain,100,age_10_99,36,63,0.0
32,17635,plain,100,age_10_99,35,64,0.0
32,17635,plain,100,age_10_99,34,65,0.0
32,17635,plain,100,age_10_99,33,66,0.0
32,17635,plain,100,age_10_99,32,67,0.0
32,17635,plain,100,age_10_99,31,68,0.0
32,17635,plain,100,age_10_99,30,69,0.0
32,17635,plain,100,age_10_99,29,70,1.0
32,17635,plain,100,age_10_99,28,71,0.0
32,17635,plain,100,age_10_99,27,72,0.0
32,17635,plain,100,age_10_99,26,73,0.0
32,17635,plain,100,age_10_99,25,74,0.0
32,17635,plain,100,age_10_99,24,75,0.0
32,17635,plain,100,age_10_99,23,76,0.0
32,17635,plain,100,age_10_99,22,77,0.0
32,17635,plain,100,age_10_99,21,78,0.0
32,17635,plain,100,age_10_99,20,79,0.0
32,17635,plain,100,age_10_99,19,80,0.0
32,17635,plain,100,age_10_99,18,81,0.0
32,17635,plain,100,age_10_99,17,82,0.0
32,17635,plain,100,age_10_99,16,83,0.0
32,17635,plain,100,age_10_99,15,84,1.0
32,17635,plain,100,age_10_99,14,85,0.0
32,17635,plain,100,age_10_99,13,86,0.0
32,17635,plain,100,age_10_99,12,87,0.0
32,17635,plain,100,age_10_99,11,88,0.0
32,17635,plain,100,age_10_99,10,89,0.0
32,17635,plain,100,age_1_9,9,90,0.0
32,17635,plain,100,age_1_9,8,91,0.0
32,17635,plain,100,age_1_9,7,92,0.0
32,17635,plain,100,age_1_9,6,93,0.0
32,17635,plain,100,age_1_9,5,94,0.0
32,17635,plain,100,age_1_9,4,95,0.0
32,17635,plain,100,age_1_9,3,96,0.0
32,17635,plain,100,age_1_9,2,97,0.0
32,17635,plain,100,age_1_9,1,98,1.0
32,17635,plain,100,age_0,0,99,1.0
32,17635,ssr,1,age_0,0,0,1.0
32,17635,ssr,2,age_1_9,1,0,1.0
32,17635,ssr,2,age_0,0,1,1.0
32,17635,ssr,5,age_1_9,4,0,1.0
32,17635,ssr,5,age_1_9,3,1,1.0
32,17635,ssr,5,age_1_9,2,2,1.0
32,17635,ssr,5,age_1_9,1,3,1.0
32,17635,ssr,5,age_0,0,4,1.0
32,17635,ssr,10,age_1_9,9,0,1.0
32,17635,ssr,10,age_1_9,8,1,1.0
32,17635,ssr,10,age_1_9,7,2,1.0
32,17635,ssr,10,age_1_9,6,3,1.0
32,17635,ssr,10,age_1_9,5,4,1.0
32,17635,ssr,10,age_1_9,4,5,1.0
32,17635,ssr,10,age_1_9,3,6,1.0
32,17635,ssr,10,age_1_9,2,7,1.0
32,17635,ssr,10,age_1_9,1,8,1.0
32,17635,ssr,10,age_0,0,9,1.0
32,17635,ssr,25,age_10_99,24,0,1.0
32,17635,ssr,25,age_10_99,23,1,0.0
32,17635,ssr,25,age_10_99,22,2,0.0
32,17635,ssr,25,age_10_99,21,3,1.0
32,17635,ssr,25,age_10_99,20,4,1.0
32,17635,ssr,25,age_10_99,19,5,1.0
32,17635,ssr,25,age_10_99,18,6,1.0
32,17635,ssr,25,age_10_99,17,7,1.0
32,17635,ssr,25,age_10_99,16,8,1.0
32,17635,ssr,25,age_10_99,15,9,0.0
32,17635,ssr,25,age_10_99,14,10,1.0
32,17635,ssr,25,age_10_99,13,11,0.0
32,17635,ssr,25,age_10_99,12,12,0.0
32,17635,ssr,25,age_10_99,11,13,1.0
32,17635,ssr,25,age_10_99,10,14,0.0
32,17635,ssr,25,age_1_9,9,15,0.0
32,17635,ssr,25,age_1_9,8,16,1.0
32,17635,ssr,25,age_1_9,7,17,0.0
32,17635,ssr,25,age_1_9,6,18,0.0
32,17635,ssr,25,age_1_9,5,19,1.0
32,17635,ssr,25,age_1_9,4,20,1.0
32,17635,ssr,25,age_1_9,3,21,0.0
32,17635,ssr,25,age_1_9,2,22,1.0
32,17635,ssr,25,age_1_9,1,23,1.0
32,17635,ssr,25,age_0,0,24,1.0
32,17635,ssr,50,age_10_99,49,0,1.0
32,17635,ssr,50,age_10_99,48,1,0.0
32,17635,ssr,50,age_10_99,47,2,0.0
32,17635,ssr,50,age_10_99,46,3,0.0
32,17635,ssr,50,age_10_99,45,4,1.0
32,17635,ssr,50,age_10_99,44,5,1.0
32,17635,ssr,50,age_10_99,43,6,1.0
32,17635,ssr,50,age_10_99,42,7,1.0
32,17635,ssr,50,age_10_99,41,8,0.0
32,17635,ssr,50,age_10_99,40,9,0.0
32,17635,ssr,50,age_10_99,39,10,1.0
32,17635,ssr,50,age_10_99,38,11,0.0
32,17635,ssr,50,age_10_99,37,12,0.0
32,17635,ssr,50,age_10_99,36,13,1.0
32,17635,ssr,50,age_10_99,35,14,1.0
32,17635,ssr,50,age_10_99,34,15,0.0
32,17635,ssr,50,age_10_99,33,16,0.0
32,17635,ssr,50,age_10_99,32,17,0.0
32,17635,ssr,50,age_10_99,31,18,1.0
32,17635,ssr,50,age_10_99,30,19,0.0
32,17635,ssr,50,age_10_99,29,20,1.0
32,17635,ssr,50,age_10_99,28,21,1.0
32,17635,ssr,50,age_10_99,27,22,0.0
32,17635,ssr,50,age_10_99,26,23,1.0
32,17635,ssr,50,age_10_99,25,24,1.0
32,17635,ssr,50,age_10_99,24,25,0.0
32,17635,ssr,50,age_10_99,23,26,0.0
32,17635,ssr,50,age_10_99,22,27,1.0
32,17635,ssr,50,age_10_99,21,28,0.0
32,17635,ssr,50,age_10_99,20,29,1.0
32,17635,ssr,50,age_10_99,19,30,0.0
32,17635,ssr,50,age_10_99,18,31,1.0
32,17635,ssr,50,age_10_99,17,32,0.0
32,17635,ssr,50,age_10_99,16,33,0.0
32,17635,ssr,50,age_10_99,15,34,1.0
32,17635,ssr,50,age_10_99,14,35,0.0
32,17635,ssr,50,age_10_99,13,36,0.0
32,17635,ssr,50,age_10_99,12,37,0.0
32,17635,ssr,50,age_10_99,11,38,0.0
32,17635,ssr,50,age_10_99,10,39,1.0
32,17635,ssr,50,age_1_9,9,40,0.0
32,17635,ssr,50,age_1_9,8,41,1.0
32,17635,ssr,50,age_1_9,7,42,0.0
32,17635,ssr,50,age_1_9,6,43,0.0
32,17635,ssr,50,age_1_9,5,44,0.0
32,17635,ssr,50,age_1_9,4,45,0.0
32,17635,ssr,50,age_1_9,3,46,0.0
32,17635,ssr,50,age_1_9,2,47,0.0
32,17635,ssr,50,age_1_9,1,48,1.0
32,17635,ssr,50,age_0,0,49,1.0
32,17635,ssr,100,age_10_99,99,0,1.0
32,17635,ssr,100,age_10_99,98,1,0.0
32,17635,ssr,100,age_10_99,97,2,0.0
32,17635,ssr,100,age_10_99,96,3,0.0
32,17635,ssr,100,age_10_99,95,4,0.0
32,17635,ssr,100,age_10_99,94,5,0.0
32,17635,ssr,100,age_10_99,93,6,0.0
32,17635,ssr,100,age_10_99,92,7,0.0
32,17635,ssr,100,age_10_99,91,8,0.0
32,17635,ssr,100,age_10_99,90,9,0.0
32,17635,ssr,100,age_10_99,89,10,0.0
32,17635,ssr,100,age_10_99,88,11,1.0
32,17635,ssr,100,age_10_99,87,12,0.0
32,17635,ssr,100,age_10_99,86,13,1.0
32,17635,ssr,100,age_10_99,85,14,1.0
32,17635,ssr,100,age_10_99,84,15,0.0
32,17635,ssr,100,age_10_99,83,16,0.0
32,17635,ssr,100,age_10_99,82,17,0.0
32,17635,ssr,100,age_10_99,81,18,0.0
32,17635,ssr,100,age_10_99,80,19,0.0
32,17635,ssr,100,age_10_99,79,20,0.0
32,17635,ssr,100,age_10_99,78,21,0.0
32,17635,ssr,100,age_10_99,77,22,0.0
32,17635,ssr,100,age_10_99,76,23,0.0
32,17635,ssr,100,age_10_99,75,24,0.0
32,17635,ssr,100,age_10_99,74,25,0.0
32,17635,ssr,100,age_10_99,73,26,0.0
32,17635,ssr,100,age_10_99,72,27,1.0
32,17635,ssr,100,age_10_99,71,28,1.0
32,17635,ssr,100,age_10_99,70,29,0.0
32,17635,ssr,100,age_10_99,69,30,0.0
32,17635,ssr,100,age_10_99,68,31,0.0
32,17635,ssr,100,age_10_99,67,32,0.0
32,17635,ssr,100,age_10_99,66,33,0.0
32,17635,ssr,100,age_10_99,65,34,0.0
32,17635,ssr,100,age_10_99,64,35,0.0
32,17635,ssr,100,age_10_99,63,36,0.0
32,17635,ssr,100,age_10_99,62,37,0.0
32,17635,ssr,100,age_10_99,61,38,1.0
32,17635,ssr,100,age_10_99,60,39,1.0
32,17635,ssr,100,age_10_99,59,40,1.0
32,17635,ssr,100,age_10_99,58,41,0.0
32,17635,ssr,100,age_10_99,57,42,1.0
32,17635,ssr,100,age_10_99,56,43,0.0
32,17635,ssr,100,age_10_99,55,44,0.0
32,17635,ssr,100,age_10_99,54,45,0.0
32,17635,ssr,100,age_10_99,53,46,0.0
32,17635,ssr,100,age_10_99,52,47,1.0
32,17635,ssr,100,age_10_99,51,48,0.0
32,17635,ssr,100,age_10_99,50,49,1.0
32,17635,ssr,100,age_10_99,49,50,1.0
32,17635,ssr,100,age_10_99,48,51,1.0
32,17635,ssr,100,age_10_99,47,52,0.0
32,17635,ssr,100,age_10_99,46,53,0.0
32,17635,ssr,100,age_10_99,45,54,0.0
32,17635,ssr,100,age_10_99,44,55,1.0
32,17635,ssr,100,age_10_99,43,56,1.0
32,17635,ssr,100,age_10_99,42,57,0.0
32,17635,ssr,100,age_10_99,41,58,0.0
32,17635,ssr,100,age_10_99,40,59,1.0
32,17635,ssr,100,age_10_99,39,60,0.0
32,17635,ssr,100,age_10_99,38,61,0.0
32,17635,ssr,100,age_10_99,37,62,0.0
32,17635,ssr,100,age_10_99,36,63,0.0
32,17635,ssr,100,age_10_99,35,64,0.0
32,17635,ssr,100,age_10_99,34,65,0.0
32,17635,ssr,100,age_10_99,33,66,0.0
32,17635,ssr,100,age_10_99,32,67,0.0
32,17635,ssr,100,age_10_99,31,68,0.0
32,17635,ssr,100,age_10_99,30,69,0.0
32,17635,ssr,100,age_10_99,29,70,1.0
32,17635,ssr,100,age_10_99,28,71,0.0
32,17635,ssr,100,age_10_99,27,72,0.0
32,17635,ssr,100,age_10_99,26,73,0.0
32,17635,ssr,100,age_10_99,25,74,0.0
32,17635,ssr,100,age_10_99,24,75,0.0
32,17635,ssr,100,age_10_99,23,76,0.0
32,17635,ssr,100,age_10_99,22,77,1.0
32,17635,ssr,100,age_10_99,21,78,0.0
32,17635,ssr,100,age_10_99,20,79,1.0
32,17635,ssr,100,age_10_99,19,80,1.0
32,17635,ssr,100,age_10_99,18,81,0.0
32,17635,ssr,100,age_10_99,17,82,0.0
32,17635,ssr,100,age_10_99,16,83,1.0
32,17635,ssr,100,age_10_99,15,84,1.0
32,17635,ssr,100,age_10_99,14,85,0.0
32,17635,ssr,100,age_10_99,13,86,0.0
32,17635,ssr,100,age_10_99,12,87,0.0
32,17635,ssr,100,age_10_99,11,88,0.0
32,17635,ssr,100,age_10_99,10,89,0.0
32,17635,ssr,100,age_1_9,9,90,0.0
32,17635,ssr,100,age_1_9,8,91,0.0
32,17635,ssr,100,age_1_9,7,92,0.0
32,17635,ssr,100,age_1_9,6,93,0.0
32,17635,ssr,100,age_1_9,5,94,0.0
32,17635,ssr,100,age_1_9,4,95,1.0
32,17635,ssr,100,age_1_9,3,96,0.0
32,17635,ssr,100,age_1_9,2,97,1.0
32,17635,ssr,100,age_1_9,1,98,1.0
32,17635,ssr,100,age_0,0,99,1.0
32,17636,plain,1,age_0,0,0,1.0
32,17636,plain,2,age_1_9,1,0,1.0
32,17636,plain,2,age_0,0,1,1.0
32,17636,plain,5,age_1_9,4,0,1.0
32,17636,plain,5,age_1_9,3,1,1.0
32,17636,plain,5,age_1_9,2,2,1.0
32,17636,plain,5,age_1_9,1,3,1.0
32,17636,plain,5,age_0,0,4,1.0
32,17636,plain,10,age_1_9,9,0,1.0
32,17636,plain,10,age_1_9,8,1,1.0
32,17636,plain,10,age_1_9,7,2,1.0
32,17636,plain,10,age_1_9,6,3,1.0
32,17636,plain,10,age_1_9,5,4,1.0
32,17636,plain,10,age_1_9,4,5,1.0
32,17636,plain,10,age_1_9,3,6,1.0
32,17636,plain,10,age_1_9,2,7,1.0
32,17636,plain,10,age_1_9,1,8,1.0
32,17636,plain,10,age_0,0,9,1.0
32,17636,plain,25,age_10_99,24,0,1.0
32,17636,plain,25,age_10_99,23,1,0.0
32,17636,plain,25,age_10_99,22,2,0.0
32,17636,plain,25,age_10_99,21,3,1.0
32,17636,plain,25,age_10_99,20,4,0.0
32,17636,plain,25,age_10_99,19,5,0.0
32,17636,plain,25,age_10_99,18,6,1.0
32,17636,plain,25,age_10_99,17,7,1.0
32,17636,plain,25,age_10_99,16,8,1.0
32,17636,plain,25,age_10_99,15,9,1.0
32,17636,plain,25,age_10_99,14,10,1.0
32,17636,plain,25,age_10_99,13,11,1.0
32,17636,plain,25,age_10_99,12,12,0.0
32,17636,plain,25,age_10_99,11,13,1.0
32,17636,plain,25,age_10_99,10,14,0.0
32,17636,plain,25,age_1_9,9,15,0.0
32,17636,plain,25,age_1_9,8,16,1.0
32,17636,plain,25,age_1_9,7,17,0.0
32,17636,plain,25,age_1_9,6,18,0.0
32,17636,plain,25,age_1_9,5,19,0.0
32,17636,plain,25,age_1_9,4,20,1.0
32,17636,plain,25,age_1_9,3,21,0.0
32,17636,plain,25,age_1_9,2,22,0.0
32,17636,plain,25,age_1_9,1,23,1.0
32,17636,plain,25,age_0,0,24,1.0
32,17636,plain,50,age_10_99,49,0,1.0
32,17636,plain,50,age_10_99,48,1,0.0
32,17636,plain,50,age_10_99,47,2,0.0
32,17636,plain,50,age_10_99,46,3,0.0
32,17636,plain,50,age_10_99,45,4,0.0
32,17636,plain,50,age_10_99,44,5,0.0
32,17636,plain,50,age_10_99,43,6,1.0
32,17636,plain,50,age_10_99,42,7,1.0
32,17636,plain,50,age_10_99,41,8,0.0
32,17636,plain,50,age_10_99,40,9,0.0
32,17636,plain,50,age_10_99,39,10,1.0
32,17636,plain,50,age_10_99,38,11,1.0
32,17636,plain,50,age_10_99,37,12,0.0
32,17636,plain,50,age_10_99,36,13,1.0
32,17636,plain,50,age_10_99,35,14,1.0
32,17636,plain,50,age_10_99,34,15,0.0
32,17636,plain,50,age_10_99,33,16,0.0
32,17636,plain,50,age_10_99,32,17,0.0
32,17636,plain,50,age_10_99,31,18,0.0
32,17636,plain,50,age_10_99,30,19,1.0
32,17636,plain,50,age_10_99,29,20,1.0
32,17636,plain,50,age_10_99,28,21,1.0
32,17636,plain,50,age_10_99,27,22,0.0
32,17636,plain,50,age_10_99,26,23,0.0
32,17636,plain,50,age_10_99,25,24,0.0
32,17636,plain,50,age_10_99,24,25,0.0
32,17636,plain,50,age_10_99,23,26,1.0
32,17636,plain,50,age_10_99,22,27,1.0
32,17636,plain,50,age_10_99,21,28,0.0
32,17636,plain,50,age_10_99,20,29,0.0
32,17636,plain,50,age_10_99,19,30,1.0
32,17636,plain,50,age_10_99,18,31,0.0
32,17636,plain,50,age_10_99,17,32,0.0
32,17636,plain,50,age_10_99,16,33,1.0
32,17636,plain,50,age_10_99,15,34,1.0
32,17636,plain,50,age_10_99,14,35,1.0
32,17636,plain,50,age_10_99,13,36,0.0
32,17636,plain,50,age_10_99,12,37,1.0
32,17636,plain,50,age_10_99,11,38,0.0
32,17636,plain,50,age_10_99,10,39,1.0
32,17636,plain,50,age_1_9,9,40,0.0
32,17636,plain,50,age_1_9,8,41,1.0
32,17636,plain,50,age_1_9,7,42,0.0
32,17636,plain,50,age_1_9,6,43,0.0
32,17636,plain,50,age_1_9,5,44,0.0
32,17636,plain,50,age_1_9,4,45,0.0
32,17636,plain,50,age_1_9,3,46,0.0
32,17636,plain,50,age_1_9,2,47,0.0
32,17636,plain,50,age_1_9,1,48,1.0
32,17636,plain,50,age_0,0,49,1.0
32,17636,plain,100,age_10_99,99,0,1.0
32,17636,plain,100,age_10_99,98,1,0.0
32,17636,plain,100,age_10_99,97,2,0.0
32,17636,plain,100,age_10_99,96,3,0.0
32,17636,plain,100,age_10_99,95,4,0.0
32,17636,plain,100,age_10_99,94,5,0.0
32,17636,plain,100,age_10_99,93,6,0.0
32,17636,plain,100,age_10_99,92,7,0.0
32,17636,plain,100,age_10_99,91,8,0.0
32,17636,plain,100,age_10_99,90,9,0.0
32,17636,plain,100,age_10_99,89,10,0.0
32,17636,plain,100,age_10_99,88,11,0.0
32,17636,plain,100,age_10_99,87,12,0.0
32,17636,plain,100,age_10_99,86,13,0.0
32,17636,plain,100,age_10_99,85,14,1.0
32,17636,plain,100,age_10_99,84,15,0.0
32,17636,plain,100,age_10_99,83,16,0.0
32,17636,plain,100,age_10_99,82,17,0.0
32,17636,plain,100,age_10_99,81,18,0.0
32,17636,plain,100,age_10_99,80,19,0.0
32,17636,plain,100,age_10_99,79,20,0.0
32,17636,plain,100,age_10_99,78,21,0.0
32,17636,plain,100,age_10_99,77,22,0.0
32,17636,plain,100,age_10_99,76,23,0.0
32,17636,plain,100,age_10_99,75,24,0.0
32,17636,plain,100,age_10_99,74,25,0.0
32,17636,plain,100,age_10_99,73,26,0.0
32,17636,plain,100,age_10_99,72,27,0.0
32,17636,plain,100,age_10_99,71,28,1.0
32,17636,plain,100,age_10_99,70,29,0.0
32,17636,plain,100,age_10_99,69,30,0.0
32,17636,plain,100,age_10_99,68,31,0.0
32,17636,plain,100,age_10_99,67,32,0.0
32,17636,plain,100,age_10_99,66,33,0.0
32,17636,plain,100,age_10_99,65,34,0.0
32,17636,plain,100,age_10_99,64,35,0.0
32,17636,plain,100,age_10_99,63,36,0.0
32,17636,plain,100,age_10_99,62,37,0.0
32,17636,plain,100,age_10_99,61,38,0.0
32,17636,plain,100,age_10_99,60,39,0.0
32,17636,plain,100,age_10_99,59,40,0.0
32,17636,plain,100,age_10_99,58,41,0.0
32,17636,plain,100,age_10_99,57,42,1.0
32,17636,plain,100,age_10_99,56,43,0.0
32,17636,plain,100,age_10_99,55,44,0.0
32,17636,plain,100,age_10_99,54,45,0.0
32,17636,plain,100,age_10_99,53,46,0.0
32,17636,plain,100,age_10_99,52,47,0.0
32,17636,plain,100,age_10_99,51,48,0.0
32,17636,plain,100,age_10_99,50,49,0.0
32,17636,plain,100,age_10_99,49,50,0.0
32,17636,plain,100,age_10_99,48,51,0.0
32,17636,plain,100,age_10_99,47,52,0.0
32,17636,plain,100,age_10_99,46,53,0.0
32,17636,plain,100,age_10_99,45,54,0.0
32,17636,plain,100,age_10_99,44,55,0.0
32,17636,plain,100,age_10_99,43,56,1.0
32,17636,plain,100,age_10_99,42,57,0.0
32,17636,plain,100,age_10_99,41,58,0.0
32,17636,plain,100,age_10_99,40,59,0.0
32,17636,plain,100,age_10_99,39,60,0.0
32,17636,plain,100,age_10_99,38,61,0.0
32,17636,plain,100,age_10_99,37,62,0.0
32,17636,plain,100,age_10_99,36,63,0.0
32,17636,plain,100,age_10_99,35,64,0.0
32,17636,plain,100,age_10_99,34,65,0.0
32,17636,plain,100,age_10_99,33,66,0.0
32,17636,plain,100,age_10_99,32,67,0.0
32,17636,plain,100,age_10_99,31,68,0.0
32,17636,plain,100,age_10_99,30,69,0.0
32,17636,plain,100,age_10_99,29,70,0.0
32,17636,plain,100,age_10_99,28,71,0.0
32,17636,plain,100,age_10_99,27,72,0.0
32,17636,plain,100,age_10_99,26,73,0.0
32,17636,plain,100,age_10_99,25,74,0.0
32,17636,plain,100,age_10_99,24,75,0.0
32,17636,plain,100,age_10_99,23,76,0.0
32,17636,plain,100,age_10_99,22,77,0.0
32,17636,plain,100,age_10_99,21,78,0.0
32,17636,plain,100,age_10_99,20,79,0.0
32,17636,plain,100,age_10_99,19,80,0.0
32,17636,plain,100,age_10_99,18,81,0.0
32,17636,plain,100,age_10_99,17,82,0.0
32,17636,plain,100,age_10_99,16,83,0.0
32,17636,plain,100,age_10_99,15,84,1.0
32,17636,plain,100,age_10_99,14,85,0.0
32,17636,plain,100,age_10_99,13,86,0.0
32,17636,plain,100,age_10_99,12,87,0.0
32,17636,plain,100,age_10_99,11,88,0.0
32,17636,plain,100,age_10_99,10,89,0.0
32,17636,plain,100,age_1_9,9,90,0.0
32,17636,plain,100,age_1_9,8,91,0.0
32,17636,plain,100,age_1_9,7,92,0.0
32,17636,plain,100,age_1_9,6,93,0.0
32,17636,plain,100,age_1_9,5,94,0.0
32,17636,plain,100,age_1_9,4,95,0.0
32,17636,plain,100,age_1_9,3,96,0.0
32,17636,plain,100,age_1_9,2,97,0.0
32,17636,plain,100,age_1_9,1,98,1.0
32,17636,plain,100,age_0,0,99,1.0
32,17636,ssr,1,age_0,0,0,1.0
32,17636,ssr,2,age_1_9,1,0,1.0
32,17636,ssr,2,age_0,0,1,1.0
32,17636,ssr,5,age_1_9,4,0,1.0
32,17636,ssr,5,age_1_9,3,1,1.0
32,17636,ssr,5,age_1_9,2,2,1.0
32,17636,ssr,5,age_1_9,1,3,1.0
32,17636,ssr,5,age_0,0,4,1.0
32,17636,ssr,10,age_1_9,9,0,1.0
32,17636,ssr,10,age_1_9,8,1,1.0
32,17636,ssr,10,age_1_9,7,2,1.0
32,17636,ssr,10,age_1_9,6,3,1.0
32,17636,ssr,10,age_1_9,5,4,0.0
32,17636,ssr,10,age_1_9,4,5,1.0
32,17636,ssr,10,age_1_9,3,6,1.0
32,17636,ssr,10,age_1_9,2,7,1.0
32,17636,ssr,10,age_1_9,1,8,1.0
32,17636,ssr,10,age_0,0,9,1.0
32,17636,ssr,25,age_10_99,24,0,1.0
32,17636,ssr,25,age_10_99,23,1,0.0
32,17636,ssr,25,age_10_99,22,2,0.0
32,17636,ssr,25,age_10_99,21,3,1.0
32,17636,ssr,25,age_10_99,20,4,1.0
32,17636,ssr,25,age_10_99,19,5,0.0
32,17636,ssr,25,age_10_99,18,6,1.0
32,17636,ssr,25,age_10_99,17,7,1.0
32,17636,ssr,25,age_10_99,16,8,1.0
32,17636,ssr,25,age_10_99,15,9,1.0
32,17636,ssr,25,age_10_99,14,10,1.0
32,17636,ssr,25,age_10_99,13,11,0.0
32,17636,ssr,25,age_10_99,12,12,1.0
32,17636,ssr,25,age_10_99,11,13,1.0
32,17636,ssr,25,age_10_99,10,14,1.0
32,17636,ssr,25,age_1_9,9,15,1.0
32,17636,ssr,25,age_1_9,8,16,1.0
32,17636,ssr,25,age_1_9,7,17,0.0
32,17636,ssr,25,age_1_9,6,18,0.0
32,17636,ssr,25,age_1_9,5,19,0.0
32,17636,ssr,25,age_1_9,4,20,1.0
32,17636,ssr,25,age_1_9,3,21,0.0
32,17636,ssr,25,age_1_9,2,22,1.0
32,17636,ssr,25,age_1_9,1,23,1.0
32,17636,ssr,25,age_0,0,24,1.0
32,17636,ssr,50,age_10_99,49,0,1.0
32,17636,ssr,50,age_10_99,48,1,1.0
32,17636,ssr,50,age_10_99,47,2,0.0
32,17636,ssr,50,age_10_99,46,3,0.0
32,17636,ssr,50,age_10_99,45,4,1.0
32,17636,ssr,50,age_10_99,44,5,1.0
32,17636,ssr,50,age_10_99,43,6,1.0
32,17636,ssr,50,age_10_99,42,7,1.0
32,17636,ssr,50,age_10_99,41,8,1.0
32,17636,ssr,50,age_10_99,40,9,0.0
32,17636,ssr,50,age_10_99,39,10,0.0
32,17636,ssr,50,age_10_99,38,11,1.0
32,17636,ssr,50,age_10_99,37,12,1.0
32,17636,ssr,50,age_10_99,36,13,1.0
32,17636,ssr,50,age_10_99,35,14,1.0
32,17636,ssr,50,age_10_99,34,15,0.0
32,17636,ssr,50,age_10_99,33,16,1.0
32,17636,ssr,50,age_10_99,32,17,0.0
32,17636,ssr,50,age_10_99,31,18,0.0
32,17636,ssr,50,age_10_99,30,19,1.0
32,17636,ssr,50,age_10_99,29,20,1.0
32,17636,ssr,50,age_10_99,28,21,1.0
32,17636,ssr,50,age_10_99,27,22,1.0
32,17636,ssr,50,age_10_99,26,23,1.0
32,17636,ssr,50,age_10_99,25,24,0.0
32,17636,ssr,50,age_10_99,24,25,1.0
32,17636,ssr,50,age_10_99,23,26,1.0
32,17636,ssr,50,age_10_99,22,27,1.0
32,17636,ssr,50,age_10_99,21,28,0.0
32,17636,ssr,50,age_10_99,20,29,0.0
32,17636,ssr,50,age_10_99,19,30,1.0
32,17636,ssr,50,age_10_99,18,31,1.0
32,17636,ssr,50,age_10_99,17,32,0.0
32,17636,ssr,50,age_10_99,16,33,1.0
32,17636,ssr,50,age_10_99,15,34,1.0
32,17636,ssr,50,age_10_99,14,35,0.0
32,17636,ssr,50,age_10_99,13,36,1.0
32,17636,ssr,50,age_10_99,12,37,1.0
32,17636,ssr,50,age_10_99,11,38,1.0
32,17636,ssr,50,age_10_99,10,39,1.0
32,17636,ssr,50,age_1_9,9,40,1.0
32,17636,ssr,50,age_1_9,8,41,1.0
32,17636,ssr,50,age_1_9,7,42,0.0
32,17636,ssr,50,age_1_9,6,43,0.0
32,17636,ssr,50,age_1_9,5,44,1.0
32,17636,ssr,50,age_1_9,4,45,1.0
32,17636,ssr,50,age_1_9,3,46,1.0
32,17636,ssr,50,age_1_9,2,47,1.0
32,17636,ssr,50,age_1_9,1,48,1.0
32,17636,ssr,50,age_0,0,49,1.0
32,17636,ssr,100,age_10_99,99,0,1.0
32,17636,ssr,100,age_10_99,98,1,0.0
32,17636,ssr,100,age_10_99,97,2,0.0
32,17636,ssr,100,age_10_99,96,3,0.0
32,17636,ssr,100,age_10_99,95,4,0.0
32,17636,ssr,100,age_10_99,94,5,0.0
32,17636,ssr,100,age_10_99,93,6,0.0
32,17636,ssr,100,age_10_99,92,7,0.0
32,17636,ssr,100,age_10_99,91,8,0.0
32,17636,ssr,100,age_10_99,90,9,0.0
32,17636,ssr,100,age_10_99,89,10,0.0
32,17636,ssr,100,age_10_99,88,11,0.0
32,17636,ssr,100,age_10_99,87,12,0.0
32,17636,ssr,100,age_10_99,86,13,0.0
32,17636,ssr,100,age_10_99,85,14,1.0
32,17636,ssr,100,age_10_99,84,15,0.0
32,17636,ssr,100,age_10_99,83,16,0.0
32,17636,ssr,100,age_10_99,82,17,0.0
32,17636,ssr,100,age_10_99,81,18,0.0
32,17636,ssr,100,age_10_99,80,19,0.0
32,17636,ssr,100,age_10_99,79,20,0.0
32,17636,ssr,100,age_10_99,78,21,0.0
32,17636,ssr,100,age_10_99,77,22,0.0
32,17636,ssr,100,age_10_99,76,23,0.0
32,17636,ssr,100,age_10_99,75,24,0.0
32,17636,ssr,100,age_10_99,74,25,0.0
32,17636,ssr,100,age_10_99,73,26,0.0
32,17636,ssr,100,age_10_99,72,27,0.0
32,17636,ssr,100,age_10_99,71,28,1.0
32,17636,ssr,100,age_10_99,70,29,0.0
32,17636,ssr,100,age_10_99,69,30,1.0
32,17636,ssr,100,age_10_99,68,31,0.0
32,17636,ssr,100,age_10_99,67,32,0.0
32,17636,ssr,100,age_10_99,66,33,0.0
32,17636,ssr,100,age_10_99,65,34,0.0
32,17636,ssr,100,age_10_99,64,35,0.0
32,17636,ssr,100,age_10_99,63,36,0.0
32,17636,ssr,100,age_10_99,62,37,1.0
32,17636,ssr,100,age_10_99,61,38,0.0
32,17636,ssr,100,age_10_99,60,39,0.0
32,17636,ssr,100,age_10_99,59,40,0.0
32,17636,ssr,100,age_10_99,58,41,0.0
32,17636,ssr,100,age_10_99,57,42,1.0
32,17636,ssr,100,age_10_99,56,43,0.0
32,17636,ssr,100,age_10_99,55,44,0.0
32,17636,ssr,100,age_10_99,54,45,0.0
32,17636,ssr,100,age_10_99,53,46,0.0
32,17636,ssr,100,age_10_99,52,47,0.0
32,17636,ssr,100,age_10_99,51,48,0.0
32,17636,ssr,100,age_10_99,50,49,0.0
32,17636,ssr,100,age_10_99,49,50,0.0
32,17636,ssr,100,age_10_99,48,51,0.0
32,17636,ssr,100,age_10_99,47,52,0.0
32,17636,ssr,100,age_10_99,46,53,1.0
32,17636,ssr,100,age_10_99,45,54,0.0
32,17636,ssr,100,age_10_99,44,55,1.0
32,17636,ssr,100,age_10_99,43,56,1.0
32,17636,ssr,100,age_10_99,42,57,0.0
32,17636,ssr,100,age_10_99,41,58,0.0
32,17636,ssr,100,age_10_99,40,59,0.0
32,17636,ssr,100,age_10_99,39,60,0.0
32,17636,ssr,100,age_10_99,38,61,1.0
32,17636,ssr,100,age_10_99,37,62,0.0
32,17636,ssr,100,age_10_99,36,63,0.0
32,17636,ssr,100,age_10_99,35,64,0.0
32,17636,ssr,100,age_10_99,34,65,0.0
32,17636,ssr,100,age_10_99,33,66,0.0
32,17636,ssr,100,age_10_99,32,67,0.0
32,17636,ssr,100,age_10_99,31,68,0.0
32,17636,ssr,100,age_10_99,30,69,0.0
32,17636,ssr,100,age_10_99,29,70,1.0
32,17636,ssr,100,age_10_99,28,71,0.0
32,17636,ssr,100,age_10_99,27,72,0.0
32,17636,ssr,100,age_10_99,26,73,0.0
32,17636,ssr,100,age_10_99,25,74,0.0
32,17636,ssr,100,age_10_99,24,75,0.0
32,17636,ssr,100,age_10_99,23,76,0.0
32,17636,ssr,100,age_10_99,22,77,0.0
32,17636,ssr,100,age_10_99,21,78,1.0
32,17636,ssr,100,age_10_99,20,79,0.0
32,17636,ssr,100,age_10_99,19,80,1.0
32,17636,ssr,100,age_10_99,18,81,1.0
32,17636,ssr,100,age_10_99,17,82,0.0
32,17636,ssr,100,age_10_99,16,83,0.0
32,17636,ssr,100,age_10_99,15,84,1.0
32,17636,ssr,100,age_10_99,14,85,0.0
32,17636,ssr,100,age_10_99,13,86,0.0
32,17636,ssr,100,age_10_99,12,87,0.0
32,17636,ssr,100,age_10_99,11,88,0.0
32,17636,ssr,100,age_10_99,10,89,0.0
32,17636,ssr,100,age_1_9,9,90,0.0
32,17636,ssr,100,age_1_9,8,91,0.0
32,17636,ssr,100,age_1_9,7,92,1.0
32,17636,ssr,100,age_1_9,6,93,1.0
32,17636,ssr,100,age_1_9,5,94,0.0
32,17636,ssr,100,age_1_9,4,95,0.0
32,17636,ssr,100,age_1_9,3,96,0.0
32,17636,ssr,100,age_1_9,2,97,1.0
32,17636,ssr,100,age_1_9,1,98,1.0
32,17636,ssr,100,age_0,0,99,1.0
32,17637,plain,1,age_0,0,0,1.0
32,17637,plain,2,age_1_9,1,0,1.0
32,17637,plain,2,age_0,0,1,1.0
32,17637,plain,5,age_1_9,4,0,1.0
32,17637,plain,5,age_1_9,3,1,1.0
32,17637,plain,5,age_1_9,2,2,1.0
32,17637,plain,5,age_1_9,1,3,1.0
32,17637,plain,5,age_0,0,4,1.0
32,17637,plain,10,age_1_9,9,0,1.0
32,17637,plain,10,age_1_9,8,1,1.0
32,17637,plain,10,age_1_9,7,2,1.0
32,17637,plain,10,age_1_9,6,3,1.0
32,17637,plain,10,age_1_9,5,4,1.0
32,17637,plain,10,age_1_9,4,5,1.0
32,17637,plain,10,age_1_9,3,6,1.0
32,17637,plain,10,age_1_9,2,7,1.0
32,17637,plain,10,age_1_9,1,8,1.0
32,17637,plain,10,age_0,0,9,1.0
32,17637,plain,25,age_10_99,24,0,1.0
32,17637,plain,25,age_10_99,23,1,0.0
32,17637,plain,25,age_10_99,22,2,0.0
32,17637,plain,25,age_10_99,21,3,1.0
32,17637,plain,25,age_10_99,20,4,1.0
32,17637,plain,25,age_10_99,19,5,1.0
32,17637,plain,25,age_10_99,18,6,0.0
32,17637,plain,25,age_10_99,17,7,1.0
32,17637,plain,25,age_10_99,16,8,0.0
32,17637,plain,25,age_10_99,15,9,1.0
32,17637,plain,25,age_10_99,14,10,1.0
32,17637,plain,25,age_10_99,13,11,1.0
32,17637,plain,25,age_10_99,12,12,1.0
32,17637,plain,25,age_10_99,11,13,1.0
32,17637,plain,25,age_10_99,10,14,0.0
32,17637,plain,25,age_1_9,9,15,1.0
32,17637,plain,25,age_1_9,8,16,1.0
32,17637,plain,25,age_1_9,7,17,0.0
32,17637,plain,25,age_1_9,6,18,1.0
32,17637,plain,25,age_1_9,5,19,1.0
32,17637,plain,25,age_1_9,4,20,1.0
32,17637,plain,25,age_1_9,3,21,0.0
32,17637,plain,25,age_1_9,2,22,1.0
32,17637,plain,25,age_1_9,1,23,1.0
32,17637,plain,25,age_0,0,24,1.0
32,17637,plain,50,age_10_99,49,0,1.0
32,17637,plain,50,age_10_99,48,1,0.0
32,17637,plain,50,age_10_99,47,2,0.0
32,17637,plain,50,age_10_99,46,3,0.0
32,17637,plain,50,age_10_99,45,4,1.0
32,17637,plain,50,age_10_99,44,5,0.0
32,17637,plain,50,age_10_99,43,6,0.0
32,17637,plain,50,age_10_99,42,7,1.0
32,17637,plain,50,age_10_99,41,8,0.0
32,17637,plain,50,age_10_99,40,9,1.0
32,17637,plain,50,age_10_99,39,10,0.0
32,17637,plain,50,age_10_99,38,11,0.0
32,17637,plain,50,age_10_99,37,12,1.0
32,17637,plain,50,age_10_99,36,13,1.0
32,17637,plain,50,age_10_99,35,14,1.0
32,17637,plain,50,age_10_99,34,15,1.0
32,17637,plain,50,age_10_99,33,16,1.0
32,17637,plain,50,age_10_99,32,17,0.0
32,17637,plain,50,age_10_99,31,18,0.0
32,17637,plain,50,age_10_99,30,19,0.0
32,17637,plain,50,age_10_99,29,20,1.0
32,17637,plain,50,age_10_99,28,21,1.0
32,17637,plain,50,age_10_99,27,22,0.0
32,17637,plain,50,age_10_99,26,23,1.0
32,17637,plain,50,age_10_99,25,24,0.0
32,17637,plain,50,age_10_99,24,25,0.0
32,17637,plain,50,age_10_99,23,26,0.0
32,17637,plain,50,age_10_99,22,27,1.0
32,17637,plain,50,age_10_99,21,28,0.0
32,17637,plain,50,age_10_99,20,29,0.0
32,17637,plain,50,age_10_99,19,30,0.0
32,17637,plain,50,age_10_99,18,31,0.0
32,17637,plain,50,age_10_99,17,32,1.0
32,17637,plain,50,age_10_99,16,33,1.0
32,17637,plain,50,age_10_99,15,34,1.0
32,17637,plain,50,age_10_99,14,35,0.0
32,17637,plain,50,age_10_99,13,36,0.0
32,17637,plain,50,age_10_99,12,37,1.0
32,17637,plain,50,age_10_99,11,38,0.0
32,17637,plain,50,age_10_99,10,39,0.0
32,17637,plain,50,age_1_9,9,40,0.0
32,17637,plain,50,age_1_9,8,41,1.0
32,17637,plain,50,age_1_9,7,42,0.0
32,17637,plain,50,age_1_9,6,43,0.0
32,17637,plain,50,age_1_9,5,44,0.0
32,17637,plain,50,age_1_9,4,45,0.0
32,17637,plain,50,age_1_9,3,46,0.0
32,17637,plain,50,age_1_9,2,47,1.0
32,17637,plain,50,age_1_9,1,48,1.0
32,17637,plain,50,age_0,0,49,1.0
32,17637,plain,100,age_10_99,99,0,1.0
32,17637,plain,100,age_10_99,98,1,0.0
32,17637,plain,100,age_10_99,97,2,0.0
32,17637,plain,100,age_10_99,96,3,0.0
32,17637,plain,100,age_10_99,95,4,0.0
32,17637,plain,100,age_10_99,94,5,0.0
32,17637,plain,100,age_10_99,93,6,0.0
32,17637,plain,100,age_10_99,92,7,0.0
32,17637,plain,100,age_10_99,91,8,0.0
32,17637,plain,100,age_10_99,90,9,0.0
32,17637,plain,100,age_10_99,89,10,0.0
32,17637,plain,100,age_10_99,88,11,0.0
32,17637,plain,100,age_10_99,87,12,0.0
32,17637,plain,100,age_10_99,86,13,0.0
32,17637,plain,100,age_10_99,85,14,1.0
32,17637,plain,100,age_10_99,84,15,0.0
32,17637,plain,100,age_10_99,83,16,0.0
32,17637,plain,100,age_10_99,82,17,0.0
32,17637,plain,100,age_10_99,81,18,0.0
32,17637,plain,100,age_10_99,80,19,0.0
32,17637,plain,100,age_10_99,79,20,0.0
32,17637,plain,100,age_10_99,78,21,0.0
32,17637,plain,100,age_10_99,77,22,0.0
32,17637,plain,100,age_10_99,76,23,1.0
32,17637,plain,100,age_10_99,75,24,0.0
32,17637,plain,100,age_10_99,74,25,0.0
32,17637,plain,100,age_10_99,73,26,0.0
32,17637,plain,100,age_10_99,72,27,0.0
32,17637,plain,100,age_10_99,71,28,1.0
32,17637,plain,100,age_10_99,70,29,0.0
32,17637,plain,100,age_10_99,69,30,0.0
32,17637,plain,100,age_10_99,68,31,0.0
32,17637,plain,100,age_10_99,67,32,0.0
32,17637,plain,100,age_10_99,66,33,0.0
32,17637,plain,100,age_10_99,65,34,0.0
32,17637,plain,100,age_10_99,64,35,0.0
32,17637,plain,100,age_10_99,63,36,0.0
32,17637,plain,100,age_10_99,62,37,0.0
32,17637,plain,100,age_10_99,61,38,0.0
32,17637,plain,100,age_10_99,60,39,0.0
32,17637,plain,100,age_10_99,59,40,0.0
32,17637,plain,100,age_10_99,58,41,0.0
32,17637,plain,100,age_10_99,57,42,1.0
32,17637,plain,100,age_10_99,56,43,0.0
32,17637,plain,100,age_10_99,55,44,0.0
32,17637,plain,100,age_10_99,54,45,0.0
32,17637,plain,100,age_10_99,53,46,0.0
32,17637,plain,100,age_10_99,52,47,0.0
32,17637,plain,100,age_10_99,51,48,0.0
32,17637,plain,100,age_10_99,50,49,0.0
32,17637,plain,100,age_10_99,49,50,0.0
32,17637,plain,100,age_10_99,48,51,0.0
32,17637,plain,100,age_10_99,47,52,0.0
32,17637,plain,100,age_10_99,46,53,0.0
32,17637,plain,100,age_10_99,45,54,0.0
32,17637,plain,100,age_10_99,44,55,0.0
32,17637,plain,100,age_10_99,43,56,1.0
32,17637,plain,100,age_10_99,42,57,0.0
32,17637,plain,100,age_10_99,41,58,0.0
32,17637,plain,100,age_10_99,40,59,0.0
32,17637,plain,100,age_10_99,39,60,0.0
32,17637,plain,100,age_10_99,38,61,0.0
32,17637,plain,100,age_10_99,37,62,0.0
32,17637,plain,100,age_10_99,36,63,0.0
32,17637,plain,100,age_10_99,35,64,0.0
32,17637,plain,100,age_10_99,34,65,0.0
32,17637,plain,100,age_10_99,33,66,0.0
32,17637,plain,100,age_10_99,32,67,0.0
32,17637,plain,100,age_10_99,31,68,1.0
32,17637,plain,100,age_10_99,30,69,0.0
32,17637,plain,100,age_10_99,29,70,1.0
32,17637,plain,100,age_10_99,28,71,0.0
32,17637,plain,100,age_10_99,27,72,0.0
32,17637,plain,100,age_10_99,26,73,0.0
32,17637,plain,100,age_10_99,25,74,0.0
32,17637,plain,100,age_10_99,24,75,0.0
32,17637,plain,100,age_10_99,23,76,0.0
32,17637,plain,100,age_10_99,22,77,0.0
32,17637,plain,100,age_10_99,21,78,0.0
32,17637,plain,100,age_10_99,20,79,0.0
32,17637,plain,100,age_10_99,19,80,0.0
32,17637,plain,100,age_10_99,18,81,0.0
32,17637,plain,100,age_10_99,17,82,0.0
32,17637,plain,100,age_10_99,16,83,0.0
32,17637,plain,100,age_10_99,15,84,1.0
32,17637,plain,100,age_10_99,14,85,0.0
32,17637,plain,100,age_10_99,13,86,0.0
32,17637,plain,100,age_10_99,12,87,0.0
32,17637,plain,100,age_10_99,11,88,0.0
32,17637,plain,100,age_10_99,10,89,0.0
32,17637,plain,100,age_1_9,9,90,0.0
32,17637,plain,100,age_1_9,8,91,0.0
32,17637,plain,100,age_1_9,7,92,0.0
32,17637,plain,100,age_1_9,6,93,0.0
32,17637,plain,100,age_1_9,5,94,0.0
32,17637,plain,100,age_1_9,4,95,0.0
32,17637,plain,100,age_1_9,3,96,0.0
32,17637,plain,100,age_1_9,2,97,0.0
32,17637,plain,100,age_1_9,1,98,1.0
32,17637,plain,100,age_0,0,99,1.0
32,17637,ssr,1,age_0,0,0,1.0
32,17637,ssr,2,age_1_9,1,0,1.0
32,17637,ssr,2,age_0,0,1,1.0
32,17637,ssr,5,age_1_9,4,0,0.0
32,17637,ssr,5,age_1_9,3,1,1.0
32,17637,ssr,5,age_1_9,2,2,1.0
32,17637,ssr,5,age_1_9,1,3,1.0
32,17637,ssr,5,age_0,0,4,1.0
32,17637,ssr,10,age_1_9,9,0,1.0
32,17637,ssr,10,age_1_9,8,1,1.0
32,17637,ssr,10,age_1_9,7,2,1.0
32,17637,ssr,10,age_1_9,6,3,1.0
32,17637,ssr,10,age_1_9,5,4,1.0
32,17637,ssr,10,age_1_9,4,5,1.0
32,17637,ssr,10,age_1_9,3,6,1.0
32,17637,ssr,10,age_1_9,2,7,1.0
32,17637,ssr,10,age_1_9,1,8,1.0
32,17637,ssr,10,age_0,0,9,1.0
32,17637,ssr,25,age_10_99,24,0,1.0
32,17637,ssr,25,age_10_99,23,1,0.0
32,17637,ssr,25,age_10_99,22,2,0.0
32,17637,ssr,25,age_10_99,21,3,1.0
32,17637,ssr,25,age_10_99,20,4,1.0
32,17637,ssr,25,age_10_99,19,5,0.0
32,17637,ssr,25,age_10_99,18,6,1.0
32,17637,ssr,25,age_10_99,17,7,1.0
32,17637,ssr,25,age_10_99,16,8,0.0
32,17637,ssr,25,age_10_99,15,9,1.0
32,17637,ssr,25,age_10_99,14,10,1.0
32,17637,ssr,25,age_10_99,13,11,1.0
32,17637,ssr,25,age_10_99,12,12,1.0
32,17637,ssr,25,age_10_99,11,13,1.0
32,17637,ssr,25,age_10_99,10,14,1.0
32,17637,ssr,25,age_1_9,9,15,1.0
32,17637,ssr,25,age_1_9,8,16,1.0
32,17637,ssr,25,age_1_9,7,17,0.0
32,17637,ssr,25,age_1_9,6,18,0.0
32,17637,ssr,25,age_1_9,5,19,1.0
32,17637,ssr,25,age_1_9,4,20,1.0
32,17637,ssr,25,age_1_9,3,21,0.0
32,17637,ssr,25,age_1_9,2,22,0.0
32,17637,ssr,25,age_1_9,1,23,1.0
32,17637,ssr,25,age_0,0,24,1.0
32,17637,ssr,50,age_10_99,49,0,1.0
32,17637,ssr,50,age_10_99,48,1,0.0
32,17637,ssr,50,age_10_99,47,2,0.0
32,17637,ssr,50,age_10_99,46,3,0.0
32,17637,ssr,50,age_10_99,45,4,0.0
32,17637,ssr,50,age_10_99,44,5,0.0
32,17637,ssr,50,age_10_99,43,6,0.0
32,17637,ssr,50,age_10_99,42,7,1.0
32,17637,ssr,50,age_10_99,41,8,0.0
32,17637,ssr,50,age_10_99,40,9,0.0
32,17637,ssr,50,age_10_99,39,10,0.0
32,17637,ssr,50,age_10_99,38,11,0.0
32,17637,ssr,50,age_10_99,37,12,0.0
32,17637,ssr,50,age_10_99,36,13,1.0
32,17637,ssr,50,age_10_99,35,14,1.0
32,17637,ssr,50,age_10_99,34,15,0.0
32,17637,ssr,50,age_10_99,33,16,0.0
32,17637,ssr,50,age_10_99,32,17,0.0
32,17637,ssr,50,age_10_99,31,18,0.0
32,17637,ssr,50,age_10_99,30,19,0.0
32,17637,ssr,50,age_10_99,29,20,0.0
32,17637,ssr,50,age_10_99,28,21,1.0
32,17637,ssr,50,age_10_99,27,22,0.0
32,17637,ssr,50,age_10_99,26,23,0.0
32,17637,ssr,50,age_10_99,25,24,0.0
32,17637,ssr,50,age_10_99,24,25,1.0
32,17637,ssr,50,age_10_99,23,26,0.0
32,17637,ssr,50,age_10_99,22,27,1.0
32,17637,ssr,50,age_10_99,21,28,0.0
32,17637,ssr,50,age_10_99,20,29,0.0
32,17637,ssr,50,age_10_99,19,30,0.0
32,17637,ssr,50,age_10_99,18,31,0.0
32,17637,ssr,50,age_10_99,17,32,0.0
32,17637,ssr,50,age_10_99,16,33,0.0
32,17637,ssr,50,age_10_99,15,34,1.0
32,17637,ssr,50,age_10_99,14,35,0.0
32,17637,ssr,50,age_10_99,13,36,1.0
32,17637,ssr,50,age_10_99,12,37,0.0
32,17637,ssr,50,age_10_99,11,38,0.0
32,17637,ssr,50,age_10_99,10,39,0.0
32,17637,ssr,50,age_1_9,9,40,0.0
32,17637,ssr,50,age_1_9,8,41,1.0
32,17637,ssr,50,age_1_9,7,42,0.0
32,17637,ssr,50,age_1_9,6,43,0.0
32,17637,ssr,50,age_1_9,5,44,0.0
32,17637,ssr,50,age_1_9,4,45,0.0
32,17637,ssr,50,age_1_9,3,46,0.0
32,17637,ssr,50,age_1_9,2,47,1.0
32,17637,ssr,50,age_1_9,1,48,1.0
32,17637,ssr,50,age_0,0,49,1.0
32,17637,ssr,100,age_10_99,99,0,1.0
32,17637,ssr,100,age_10_99,98,1,0.0
32,17637,ssr,100,age_10_99,97,2,0.0
32,17637,ssr,100,age_10_99,96,3,0.0
32,17637,ssr,100,age_10_99,95,4,0.0
32,17637,ssr,100,age_10_99,94,5,0.0
32,17637,ssr,100,age_10_99,93,6,0.0
32,17637,ssr,100,age_10_99,92,7,0.0
32,17637,ssr,100,age_10_99,91,8,0.0
32,17637,ssr,100,age_10_99,90,9,0.0
32,17637,ssr,100,age_10_99,89,10,0.0
32,17637,ssr,100,age_10_99,88,11,0.0
32,17637,ssr,100,age_10_99,87,12,0.0
32,17637,ssr,100,age_10_99,86,13,0.0
32,17637,ssr,100,age_10_99,85,14,1.0
32,17637,ssr,100,age_10_99,84,15,0.0
32,17637,ssr,100,age_10_99,83,16,0.0
32,17637,ssr,100,age_10_99,82,17,0.0
32,17637,ssr,100,age_10_99,81,18,0.0
32,17637,ssr,100,age_10_99,80,19,0.0
32,17637,ssr,100,age_10_99,79,20,0.0
32,17637,ssr,100,age_10_99,78,21,0.0
32,17637,ssr,100,age_10_99,77,22,0.0
32,17637,ssr,100,age_10_99,76,23,0.0
32,17637,ssr,100,age_10_99,75,24,0.0
32,17637,ssr,100,age_10_99,74,25,0.0
32,17637,ssr,100,age_10_99,73,26,0.0
32,17637,ssr,100,age_10_99,72,27,1.0
32,17637,ssr,100,age_10_99,71,28,1.0
32,17637,ssr,100,age_10_99,70,29,0.0
32,17637,ssr,100,age_10_99,69,30,0.0
32,17637,ssr,100,age_10_99,68,31,0.0
32,17637,ssr,100,age_10_99,67,32,0.0
32,17637,ssr,100,age_10_99,66,33,0.0
32,17637,ssr,100,age_10_99,65,34,0.0
32,17637,ssr,100,age_10_99,64,35,0.0
32,17637,ssr,100,age_10_99,63,36,0.0
32,17637,ssr,100,age_10_99,62,37,0.0
32,17637,ssr,100,age_10_99,61,38,0.0
32,17637,ssr,100,age_10_99,60,39,0.0
32,17637,ssr,100,age_10_99,59,40,0.0
32,17637,ssr,100,age_10_99,58,41,0.0
32,17637,ssr,100,age_10_99,57,42,1.0
32,17637,ssr,100,age_10_99,56,43,0.0
32,17637,ssr,100,age_10_99,55,44,0.0
32,17637,ssr,100,age_10_99,54,45,0.0
32,17637,ssr,100,age_10_99,53,46,0.0
32,17637,ssr,100,age_10_99,52,47,0.0
32,17637,ssr,100,age_10_99,51,48,0.0
32,17637,ssr,100,age_10_99,50,49,0.0
32,17637,ssr,100,age_10_99,49,50,1.0
32,17637,ssr,100,age_10_99,48,51,0.0
32,17637,ssr,100,age_10_99,47,52,0.0
32,17637,ssr,100,age_10_99,46,53,0.0
32,17637,ssr,100,age_10_99,45,54,0.0
32,17637,ssr,100,age_10_99,44,55,0.0
32,17637,ssr,100,age_10_99,43,56,1.0
32,17637,ssr,100,age_10_99,42,57,0.0
32,17637,ssr,100,age_10_99,41,58,0.0
32,17637,ssr,100,age_10_99,40,59,0.0
32,17637,ssr,100,age_10_99,39,60,0.0
32,17637,ssr,100,age_10_99,38,61,0.0
32,17637,ssr,100,age_10_99,37,62,0.0
32,17637,ssr,100,age_10_99,36,63,0.0
32,17637,ssr,100,age_10_99,35,64,0.0
32,17637,ssr,100,age_10_99,34,65,0.0
32,17637,ssr,100,age_10_99,33,66,0.0
32,17637,ssr,100,age_10_99,32,67,0.0
32,17637,ssr,100,age_10_99,31,68,0.0
32,17637,ssr,100,age_10_99,30,69,1.0
32,17637,ssr,100,age_10_99,29,70,1.0
32,17637,ssr,100,age_10_99,28,71,0.0
32,17637,ssr,100,age_10_99,27,72,0.0
32,17637,ssr,100,age_10_99,26,73,0.0
32,17637,ssr,100,age_10_99,25,74,0.0
32,17637,ssr,100,age_10_99,24,75,0.0
32,17637,ssr,100,age_10_99,23,76,0.0
32,17637,ssr,100,age_10_99,22,77,0.0
32,17637,ssr,100,age_10_99,21,78,0.0
32,17637,ssr,100,age_10_99,20,79,0.0
32,17637,ssr,100,age_10_99,19,80,0.0
32,17637,ssr,100,age_10_99,18,81,0.0
32,17637,ssr,100,age_10_99,17,82,1.0
32,17637,ssr,100,age_10_99,16,83,0.0
32,17637,ssr,100,age_10_99,15,84,1.0
32,17637,ssr,100,age_10_99,14,85,0.0
32,17637,ssr,100,age_10_99,13,86,0.0
32,17637,ssr,100,age_10_99,12,87,0.0
32,17637,ssr,100,age_10_99,11,88,0.0
32,17637,ssr,100,age_10_99,10,89,0.0
32,17637,ssr,100,age_1_9,9,90,0.0
32,17637,ssr,100,age_1_9,8,91,0.0
32,17637,ssr,100,age_1_9,7,92,0.0
32,17637,ssr,100,age_1_9,6,93,0.0
32,17637,ssr,100,age_1_9,5,94,0.0
32,17637,ssr,100,age_1_9,4,95,1.0
32,17637,ssr,100,age_1_9,3,96,0.0
32,17637,ssr,100,age_1_9,2,97,0.0
32,17637,ssr,100,age_1_9,1,98,1.0
32,17637,ssr,100,age_0,0,99,1.0
32,17638,plain,1,age_0,0,0,1.0
32,17638,plain,2,age_1_9,1,0,1.0
32,17638,plain,2,age_0,0,1,1.0
32,17638,plain,5,age_1_9,4,0,1.0
32,17638,plain,5,age_1_9,3,1,1.0
32,17638,plain,5,age_1_9,2,2,1.0
32,17638,plain,5,age_1_9,1,3,1.0
32,17638,plain,5,age_0,0,4,1.0
32,17638,plain,10,age_1_9,9,0,1.0
32,17638,plain,10,age_1_9,8,1,1.0
32,17638,plain,10,age_1_9,7,2,1.0
32,17638,plain,10,age_1_9,6,3,1.0
32,17638,plain,10,age_1_9,5,4,0.0
32,17638,plain,10,age_1_9,4,5,1.0
32,17638,plain,10,age_1_9,3,6,1.0
32,17638,plain,10,age_1_9,2,7,1.0
32,17638,plain,10,age_1_9,1,8,1.0
32,17638,plain,10,age_0,0,9,1.0
32,17638,plain,25,age_10_99,24,0,1.0
32,17638,plain,25,age_10_99,23,1,0.0
32,17638,plain,25,age_10_99,22,2,0.0
32,17638,plain,25,age_10_99,21,3,1.0
32,17638,plain,25,age_10_99,20,4,0.0
32,17638,plain,25,age_10_99,19,5,0.0
32,17638,plain,25,age_10_99,18,6,1.0
32,17638,plain,25,age_10_99,17,7,1.0
32,17638,plain,25,age_10_99,16,8,0.0
32,17638,plain,25,age_10_99,15,9,0.0
32,17638,plain,25,age_10_99,14,10,1.0
32,17638,plain,25,age_10_99,13,11,0.0
32,17638,plain,25,age_10_99,12,12,1.0
32,17638,plain,25,age_10_99,11,13,1.0
32,17638,plain,25,age_10_99,10,14,1.0
32,17638,plain,25,age_1_9,9,15,0.0
32,17638,plain,25,age_1_9,8,16,1.0
32,17638,plain,25,age_1_9,7,17,0.0
32,17638,plain,25,age_1_9,6,18,0.0
32,17638,plain,25,age_1_9,5,19,0.0
32,17638,plain,25,age_1_9,4,20,1.0
32,17638,plain,25,age_1_9,3,21,1.0
32,17638,plain,25,age_1_9,2,22,0.0
32,17638,plain,25,age_1_9,1,23,1.0
32,17638,plain,25,age_0,0,24,1.0
32,17638,plain,50,age_10_99,49,0,1.0
32,17638,plain,50,age_10_99,48,1,0.0
32,17638,plain,50,age_10_99,47,2,0.0
32,17638,plain,50,age_10_99,46,3,0.0
32,17638,plain,50,age_10_99,45,4,0.0
32,17638,plain,50,age_10_99,44,5,1.0
32,17638,plain,50,age_10_99,43,6,0.0
32,17638,plain,50,age_10_99,42,7,1.0
32,17638,plain,50,age_10_99,41,8,0.0
32,17638,plain,50,age_10_99,40,9,0.0
32,17638,plain,50,age_10_99,39,10,0.0
32,17638,plain,50,age_10_99,38,11,0.0
32,17638,plain,50,age_10_99,37,12,0.0
32,17638,plain,50,age_10_99,36,13,0.0
32,17638,plain,50,age_10_99,35,14,1.0
32,17638,plain,50,age_10_99,34,15,0.0
32,17638,plain,50,age_10_99,33,16,0.0
32,17638,plain,50,age_10_99,32,17,0.0
32,17638,plain,50,age_10_99,31,18,1.0
32,17638,plain,50,age_10_99,30,19,0.0
32,17638,plain,50,age_10_99,29,20,0.0
32,17638,plain,50,age_10_99,28,21,1.0
32,17638,plain,50,age_10_99,27,22,0.0
32,17638,plain,50,age_10_99,26,23,0.0
32,17638,plain,50,age_10_99,25,24,0.0
32,17638,plain,50,age_10_99,24,25,0.0
32,17638,plain,50,age_10_99,23,26,1.0
32,17638,plain,50,age_10_99,22,27,1.0
32,17638,plain,50,age_10_99,21,28,0.0
32,17638,plain,50,age_10_99,20,29,0.0
32,17638,plain,50,age_10_99,19,30,0.0
32,17638,plain,50,age_10_99,18,31,0.0
32,17638,plain,50,age_10_99,17,32,1.0
32,17638,plain,50,age_10_99,16,33,0.0
32,17638,plain,50,age_10_99,15,34,1.0
32,17638,plain,50,age_10_99,14,35,1.0
32,17638,plain,50,age_10_99,13,36,0.0
32,17638,plain,50,age_10_99,12,37,1.0
32,17638,plain,50,age_10_99,11,38,0.0
32,17638,plain,50,age_10_99,10,39,1.0
32,17638,plain,50,age_1_9,9,40,1.0
32,17638,plain,50,age_1_9,8,41,1.0
32,17638,plain,50,age_1_9,7,42,0.0
32,17638,plain,50,age_1_9,6,43,0.0
32,17638,plain,50,age_1_9,5,44,1.0
32,17638,plain,50,age_1_9,4,45,0.0
32,17638,plain,50,age_1_9,3,46,0.0
32,17638,plain,50,age_1_9,2,47,0.0
32,17638,plain,50,age_1_9,1,48,1.0
32,17638,plain,50,age_0,0,49,1.0
32,17638,plain,100,age_10_99,99,0,1.0
32,17638,plain,100,age_10_99,98,1,0.0
32,17638,plain,100,age_10_99,97,2,0.0
32,17638,plain,100,age_10_99,96,3,0.0
32,17638,plain,100,age_10_99,95,4,0.0
32,17638,plain,100,age_10_99,94,5,0.0
32,17638,plain,100,age_10_99,93,6,0.0
32,17638,plain,100,age_10_99,92,7,0.0
32,17638,plain,100,age_10_99,91,8,0.0
32,17638,plain,100,age_10_99,90,9,0.0
32,17638,plain,100,age_10_99,89,10,0.0
32,17638,plain,100,age_10_99,88,11,0.0
32,17638,plain,100,age_10_99,87,12,0.0
32,17638,plain,100,age_10_99,86,13,0.0
32,17638,plain,100,age_10_99,85,14,1.0
32,17638,plain,100,age_10_99,84,15,0.0
32,17638,plain,100,age_10_99,83,16,0.0
32,17638,plain,100,age_10_99,82,17,0.0
32,17638,plain,100,age_10_99,81,18,0.0
32,17638,plain,100,age_10_99,80,19,0.0
32,17638,plain,100,age_10_99,79,20,0.0
32,17638,plain,100,age_10_99,78,21,0.0
32,17638,plain,100,age_10_99,77,22,0.0
32,17638,plain,100,age_10_99,76,23,0.0
32,17638,plain,100,age_10_99,75,24,1.0
32,17638,plain,100,age_10_99,74,25,0.0
32,17638,plain,100,age_10_99,73,26,0.0
32,17638,plain,100,age_10_99,72,27,1.0
32,17638,plain,100,age_10_99,71,28,1.0
32,17638,plain,100,age_10_99,70,29,0.0
32,17638,plain,100,age_10_99,69,30,0.0
32,17638,plain,100,age_10_99,68,31,0.0
32,17638,plain,100,age_10_99,67,32,0.0
32,17638,plain,100,age_10_99,66,33,0.0
32,17638,plain,100,age_10_99,65,34,0.0
32,17638,plain,100,age_10_99,64,35,0.0
32,17638,plain,100,age_10_99,63,36,0.0
32,17638,plain,100,age_10_99,62,37,0.0
32,17638,plain,100,age_10_99,61,38,0.0
32,17638,plain,100,age_10_99,60,39,0.0
32,17638,plain,100,age_10_99,59,40,0.0
32,17638,plain,100,age_10_99,58,41,1.0
32,17638,plain,100,age_10_99,57,42,1.0
32,17638,plain,100,age_10_99,56,43,0.0
32,17638,plain,100,age_10_99,55,44,0.0
32,17638,plain,100,age_10_99,54,45,0.0
32,17638,plain,100,age_10_99,53,46,0.0
32,17638,plain,100,age_10_99,52,47,0.0
32,17638,plain,100,age_10_99,51,48,0.0
32,17638,plain,100,age_10_99,50,49,0.0
32,17638,plain,100,age_10_99,49,50,0.0
32,17638,plain,100,age_10_99,48,51,0.0
32,17638,plain,100,age_10_99,47,52,0.0
32,17638,plain,100,age_10_99,46,53,0.0
32,17638,plain,100,age_10_99,45,54,1.0
32,17638,plain,100,age_10_99,44,55,0.0
32,17638,plain,100,age_10_99,43,56,1.0
32,17638,plain,100,age_10_99,42,57,0.0
32,17638,plain,100,age_10_99,41,58,0.0
32,17638,plain,100,age_10_99,40,59,0.0
32,17638,plain,100,age_10_99,39,60,0.0
32,17638,plain,100,age_10_99,38,61,0.0
32,17638,plain,100,age_10_99,37,62,0.0
32,17638,plain,100,age_10_99,36,63,0.0
32,17638,plain,100,age_10_99,35,64,0.0
32,17638,plain,100,age_10_99,34,65,0.0
32,17638,plain,100,age_10_99,33,66,0.0
32,17638,plain,100,age_10_99,32,67,1.0
32,17638,plain,100,age_10_99,31,68,0.0
32,17638,plain,100,age_10_99,30,69,1.0
32,17638,plain,100,age_10_99,29,70,1.0
32,17638,plain,100,age_10_99,28,71,0.0
32,17638,plain,100,age_10_99,27,72,0.0
32,17638,plain,100,age_10_99,26,73,0.0
32,17638,plain,100,age_10_99,25,74,0.0
32,17638,plain,100,age_10_99,24,75,0.0
32,17638,plain,100,age_10_99,23,76,0.0
32,17638,plain,100,age_10_99,22,77,0.0
32,17638,plain,100,age_10_99,21,78,0.0
32,17638,plain,100,age_10_99,20,79,0.0
32,17638,plain,100,age_10_99,19,80,0.0
32,17638,plain,100,age_10_99,18,81,0.0
32,17638,plain,100,age_10_99,17,82,0.0
32,17638,plain,100,age_10_99,16,83,0.0
32,17638,plain,100,age_10_99,15,84,1.0
32,17638,plain,100,age_10_99,14,85,0.0
32,17638,plain,100,age_10_99,13,86,0.0
32,17638,plain,100,age_10_99,12,87,0.0
32,17638,plain,100,age_10_99,11,88,0.0
32,17638,plain,100,age_10_99,10,89,0.0
32,17638,plain,100,age_1_9,9,90,0.0
32,17638,plain,100,age_1_9,8,91,0.0
32,17638,plain,100,age_1_9,7,92,0.0
32,17638,plain,100,age_1_9,6,93,0.0
32,17638,plain,100,age_1_9,5,94,0.0
32,17638,plain,100,age_1_9,4,95,0.0
32,17638,plain,100,age_1_9,3,96,0.0
32,17638,plain,100,age_1_9,2,97,0.0
32,17638,plain,100,age_1_9,1,98,1.0
32,17638,plain,100,age_0,0,99,1.0
32,17638,ssr,1,age_0,0,0,1.0
32,17638,ssr,2,age_1_9,1,0,1.0
32,17638,ssr,2,age_0,0,1,1.0
32,17638,ssr,5,age_1_9,4,0,1.0
32,17638,ssr,5,age_1_9,3,1,1.0
32,17638,ssr,5,age_1_9,2,2,1.0
32,17638,ssr,5,age_1_9,1,3,1.0
32,17638,ssr,5,age_0,0,4,1.0
32,17638,ssr,10,age_1_9,9,0,1.0
32,17638,ssr,10,age_1_9,8,1,1.0
32,17638,ssr,10,age_1_9,7,2,1.0
32,17638,ssr,10,age_1_9,6,3,1.0
32,17638,ssr,10,age_1_9,5,4,1.0
32,17638,ssr,10,age_1_9,4,5,1.0
32,17638,ssr,10,age_1_9,3,6,1.0
32,17638,ssr,10,age_1_9,2,7,1.0
32,17638,ssr,10,age_1_9,1,8,1.0
32,17638,ssr,10,age_0,0,9,1.0
32,17638,ssr,25,age_10_99,24,0,1.0
32,17638,ssr,25,age_10_99,23,1,0.0
32,17638,ssr,25,age_10_99,22,2,0.0
32,17638,ssr,25,age_10_99,21,3,1.0
32,17638,ssr,25,age_10_99,20,4,0.0
32,17638,ssr,25,age_10_99,19,5,1.0
32,17638,ssr,25,age_10_99,18,6,0.0
32,17638,ssr,25,age_10_99,17,7,1.0
32,17638,ssr,25,age_10_99,16,8,0.0
32,17638,ssr,25,age_10_99,15,9,1.0
32,17638,ssr,25,age_10_99,14,10,1.0
32,17638,ssr,25,age_10_99,13,11,0.0
32,17638,ssr,25,age_10_99,12,12,0.0
32,17638,ssr,25,age_10_99,11,13,1.0
32,17638,ssr,25,age_10_99,10,14,0.0
32,17638,ssr,25,age_1_9,9,15,0.0
32,17638,ssr,25,age_1_9,8,16,1.0
32,17638,ssr,25,age_1_9,7,17,1.0
32,17638,ssr,25,age_1_9,6,18,0.0
32,17638,ssr,25,age_1_9,5,19,1.0
32,17638,ssr,25,age_1_9,4,20,1.0
32,17638,ssr,25,age_1_9,3,21,0.0
32,17638,ssr,25,age_1_9,2,22,1.0
32,17638,ssr,25,age_1_9,1,23,1.0
32,17638,ssr,25,age_0,0,24,1.0
32,17638,ssr,50,age_10_99,49,0,1.0
32,17638,ssr,50,age_10_99,48,1,0.0
32,17638,ssr,50,age_10_99,47,2,0.0
32,17638,ssr,50,age_10_99,46,3,0.0
32,17638,ssr,50,age_10_99,45,4,0.0
32,17638,ssr,50,age_10_99,44,5,1.0
32,17638,ssr,50,age_10_99,43,6,1.0
32,17638,ssr,50,age_10_99,42,7,1.0
32,17638,ssr,50,age_10_99,41,8,0.0
32,17638,ssr,50,age_10_99,40,9,0.0
32,17638,ssr,50,age_10_99,39,10,0.0
32,17638,ssr,50,age_10_99,38,11,0.0
32,17638,ssr,50,age_10_99,37,12,0.0
32,17638,ssr,50,age_10_99,36,13,1.0
32,17638,ssr,50,age_10_99,35,14,1.0
32,17638,ssr,50,age_10_99,34,15,0.0
32,17638,ssr,50,age_10_99,33,16,1.0
32,17638,ssr,50,age_10_99,32,17,0.0
32,17638,ssr,50,age_10_99,31,18,1.0
32,17638,ssr,50,age_10_99,30,19,0.0
32,17638,ssr,50,age_10_99,29,20,1.0
32,17638,ssr,50,age_10_99,28,21,1.0
32,17638,ssr,50,age_10_99,27,22,1.0
32,17638,ssr,50,age_10_99,26,23,0.0
32,17638,ssr,50,age_10_99,25,24,0.0
32,17638,ssr,50,age_10_99,24,25,0.0
32,17638,ssr,50,age_10_99,23,26,1.0
32,17638,ssr,50,age_10_99,22,27,1.0
32,17638,ssr,50,age_10_99,21,28,0.0
32,17638,ssr,50,age_10_99,20,29,0.0
32,17638,ssr,50,age_10_99,19,30,1.0
32,17638,ssr,50,age_10_99,18,31,1.0
32,17638,ssr,50,age_10_99,17,32,1.0
32,17638,ssr,50,age_10_99,16,33,0.0
32,17638,ssr,50,age_10_99,15,34,1.0
32,17638,ssr,50,age_10_99,14,35,1.0
32,17638,ssr,50,age_10_99,13,36,0.0
32,17638,ssr,50,age_10_99,12,37,1.0
32,17638,ssr,50,age_10_99,11,38,1.0
32,17638,ssr,50,age_10_99,10,39,1.0
32,17638,ssr,50,age_1_9,9,40,1.0
32,17638,ssr,50,age_1_9,8,41,1.0
32,17638,ssr,50,age_1_9,7,42,1.0
32,17638,ssr,50,age_1_9,6,43,1.0
32,17638,ssr,50,age_1_9,5,44,1.0
32,17638,ssr,50,age_1_9,4,45,0.0
32,17638,ssr,50,age_1_9,3,46,1.0
32,17638,ssr,50,age_1_9,2,47,0.0
32,17638,ssr,50,age_1_9,1,48,1.0
32,17638,ssr,50,age_0,0,49,1.0
32,17638,ssr,100,age_10_99,99,0,1.0
32,17638,ssr,100,age_10_99,98,1,0.0
32,17638,ssr,100,age_10_99,97,2,0.0
32,17638,ssr,100,age_10_99,96,3,0.0
32,17638,ssr,100,age_10_99,95,4,0.0
32,17638,ssr,100,age_10_99,94,5,0.0
32,17638,ssr,100,age_10_99,93,6,0.0
32,17638,ssr,100,age_10_99,92,7,0.0
32,17638,ssr,100,age_10_99,91,8,0.0
32,17638,ssr,100,age_10_99,90,9,0.0
32,17638,ssr,100,age_10_99,89,10,0.0
32,17638,ssr,100,age_10_99,88,11,0.0
32,17638,ssr,100,age_10_99,87,12,0.0
32,17638,ssr,100,age_10_99,86,13,1.0
32,17638,ssr,100,age_10_99,85,14,1.0
32,17638,ssr,100,age_10_99,84,15,0.0
32,17638,ssr,100,age_10_99,83,16,0.0
32,17638,ssr,100,age_10_99,82,17,0.0
32,17638,ssr,100,age_10_99,81,18,0.0
32,17638,ssr,100,age_10_99,80,19,0.0
32,17638,ssr,100,age_10_99,79,20,0.0
32,17638,ssr,100,age_10_99,78,21,0.0
32,17638,ssr,100,age_10_99,77,22,0.0
32,17638,ssr,100,age_10_99,76,23,0.0
32,17638,ssr,100,age_10_99,75,24,1.0
32,17638,ssr,100,age_10_99,74,25,0.0
32,17638,ssr,100,age_10_99,73,26,0.0
32,17638,ssr,100,age_10_99,72,27,0.0
32,17638,ssr,100,age_10_99,71,28,1.0
32,17638,ssr,100,age_10_99,70,29,0.0
32,17638,ssr,100,age_10_99,69,30,0.0
32,17638,ssr,100,age_10_99,68,31,1.0
32,17638,ssr,100,age_10_99,67,32,0.0
32,17638,ssr,100,age_10_99,66,33,0.0
32,17638,ssr,100,age_10_99,65,34,0.0
32,17638,ssr,100,age_10_99,64,35,0.0
32,17638,ssr,100,age_10_99,63,36,0.0
32,17638,ssr,100,age_10_99,62,37,0.0
32,17638,ssr,100,age_10_99,61,38,0.0
32,17638,ssr,100,age_10_99,60,39,0.0
32,17638,ssr,100,age_10_99,59,40,0.0
32,17638,ssr,100,age_10_99,58,41,1.0
32,17638,ssr,100,age_10_99,57,42,1.0
32,17638,ssr,100,age_10_99,56,43,1.0
32,17638,ssr,100,age_10_99,55,44,0.0
32,17638,ssr,100,age_10_99,54,45,0.0
32,17638,ssr,100,age_10_99,53,46,0.0
32,17638,ssr,100,age_10_99,52,47,0.0
32,17638,ssr,100,age_10_99,51,48,0.0
32,17638,ssr,100,age_10_99,50,49,0.0
32,17638,ssr,100,age_10_99,49,50,1.0
32,17638,ssr,100,age_10_99,48,51,0.0
32,17638,ssr,100,age_10_99,47,52,0.0
32,17638,ssr,100,age_10_99,46,53,0.0
32,17638,ssr,100,age_10_99,45,54,0.0
32,17638,ssr,100,age_10_99,44,55,1.0
32,17638,ssr,100,age_10_99,43,56,1.0
32,17638,ssr,100,age_10_99,42,57,0.0
32,17638,ssr,100,age_10_99,41,58,0.0
32,17638,ssr,100,age_10_99,40,59,0.0
32,17638,ssr,100,age_10_99,39,60,0.0
32,17638,ssr,100,age_10_99,38,61,0.0
32,17638,ssr,100,age_10_99,37,62,0.0
32,17638,ssr,100,age_10_99,36,63,0.0
32,17638,ssr,100,age_10_99,35,64,0.0
32,17638,ssr,100,age_10_99,34,65,0.0
32,17638,ssr,100,age_10_99,33,66,0.0
32,17638,ssr,100,age_10_99,32,67,1.0
32,17638,ssr,100,age_10_99,31,68,0.0
32,17638,ssr,100,age_10_99,30,69,0.0
32,17638,ssr,100,age_10_99,29,70,1.0
32,17638,ssr,100,age_10_99,28,71,0.0
32,17638,ssr,100,age_10_99,27,72,0.0
32,17638,ssr,100,age_10_99,26,73,0.0
32,17638,ssr,100,age_10_99,25,74,0.0
32,17638,ssr,100,age_10_99,24,75,0.0
32,17638,ssr,100,age_10_99,23,76,0.0
32,17638,ssr,100,age_10_99,22,77,0.0
32,17638,ssr,100,age_10_99,21,78,0.0
32,17638,ssr,100,age_10_99,20,79,0.0
32,17638,ssr,100,age_10_99,19,80,0.0
32,17638,ssr,100,age_10_99,18,81,0.0
32,17638,ssr,100,age_10_99,17,82,0.0
32,17638,ssr,100,age_10_99,16,83,0.0
32,17638,ssr,100,age_10_99,15,84,1.0
32,17638,ssr,100,age_10_99,14,85,0.0
32,17638,ssr,100,age_10_99,13,86,0.0
32,17638,ssr,100,age_10_99,12,87,0.0
32,17638,ssr,100,age_10_99,11,88,0.0
32,17638,ssr,100,age_10_99,10,89,0.0
32,17638,ssr,100,age_1_9,9,90,0.0
32,17638,ssr,100,age_1_9,8,91,0.0
32,17638,ssr,100,age_1_9,7,92,0.0
32,17638,ssr,100,age_1_9,6,93,0.0
32,17638,ssr,100,age_1_9,5,94,0.0
32,17638,ssr,100,age_1_9,4,95,0.0
32,17638,ssr,100,age_1_9,3,96,0.0
32,17638,ssr,100,age_1_9,2,97,0.0
32,17638,ssr,100,age_1_9,1,98,1.0
32,17638,ssr,100,age_0,0,99,1.0
32,17639,plain,1,age_0,0,0,1.0
32,17639,plain,2,age_1_9,1,0,1.0
32,17639,plain,2,age_0,0,1,1.0
32,17639,plain,5,age_1_9,4,0,1.0
32,17639,plain,5,age_1_9,3,1,1.0
32,17639,plain,5,age_1_9,2,2,1.0
32,17639,plain,5,age_1_9,1,3,1.0
32,17639,plain,5,age_0,0,4,1.0
32,17639,plain,10,age_1_9,9,0,1.0
32,17639,plain,10,age_1_9,8,1,1.0
32,17639,plain,10,age_1_9,7,2,1.0
32,17639,plain,10,age_1_9,6,3,1.0
32,17639,plain,10,age_1_9,5,4,1.0
32,17639,plain,10,age_1_9,4,5,1.0
32,17639,plain,10,age_1_9,3,6,1.0
32,17639,plain,10,age_1_9,2,7,1.0
32,17639,plain,10,age_1_9,1,8,1.0
32,17639,plain,10,age_0,0,9,1.0
32,17639,plain,25,age_10_99,24,0,1.0
32,17639,plain,25,age_10_99,23,1,0.0
32,17639,plain,25,age_10_99,22,2,0.0
32,17639,plain,25,age_10_99,21,3,1.0
32,17639,plain,25,age_10_99,20,4,0.0
32,17639,plain,25,age_10_99,19,5,1.0
32,17639,plain,25,age_10_99,18,6,1.0
32,17639,plain,25,age_10_99,17,7,1.0
32,17639,plain,25,age_10_99,16,8,1.0
32,17639,plain,25,age_10_99,15,9,1.0
32,17639,plain,25,age_10_99,14,10,1.0
32,17639,plain,25,age_10_99,13,11,1.0
32,17639,plain,25,age_10_99,12,12,1.0
32,17639,plain,25,age_10_99,11,13,1.0
32,17639,plain,25,age_10_99,10,14,0.0
32,17639,plain,25,age_1_9,9,15,1.0
32,17639,plain,25,age_1_9,8,16,1.0
32,17639,plain,25,age_1_9,7,17,0.0
32,17639,plain,25,age_1_9,6,18,0.0
32,17639,plain,25,age_1_9,5,19,1.0
32,17639,plain,25,age_1_9,4,20,1.0
32,17639,plain,25,age_1_9,3,21,1.0
32,17639,plain,25,age_1_9,2,22,0.0
32,17639,plain,25,age_1_9,1,23,1.0
32,17639,plain,25,age_0,0,24,1.0
32,17639,plain,50,age_10_99,49,0,1.0
32,17639,plain,50,age_10_99,48,1,0.0
32,17639,plain,50,age_10_99,47,2,0.0
32,17639,plain,50,age_10_99,46,3,0.0
32,17639,plain,50,age_10_99,45,4,0.0
32,17639,plain,50,age_10_99,44,5,0.0
32,17639,plain,50,age_10_99,43,6,0.0
32,17639,plain,50,age_10_99,42,7,1.0
32,17639,plain,50,age_10_99,41,8,0.0
32,17639,plain,50,age_10_99,40,9,0.0
32,17639,plain,50,age_10_99,39,10,0.0
32,17639,plain,50,age_10_99,38,11,0.0
32,17639,plain,50,age_10_99,37,12,0.0
32,17639,plain,50,age_10_99,36,13,0.0
32,17639,plain,50,age_10_99,35,14,1.0
32,17639,plain,50,age_10_99,34,15,0.0
32,17639,plain,50,age_10_99,33,16,0.0
32,17639,plain,50,age_10_99,32,17,0.0
32,17639,plain,50,age_10_99,31,18,0.0
32,17639,plain,50,age_10_99,30,19,0.0
32,17639,plain,50,age_10_99,29,20,0.0
32,17639,plain,50,age_10_99,28,21,1.0
32,17639,plain,50,age_10_99,27,22,0.0
32,17639,plain,50,age_10_99,26,23,0.0
32,17639,plain,50,age_10_99,25,24,0.0
32,17639,plain,50,age_10_99,24,25,0.0
32,17639,plain,50,age_10_99,23,26,0.0
32,17639,plain,50,age_10_99,22,27,1.0
32,17639,plain,50,age_10_99,21,28,0.0
32,17639,plain,50,age_10_99,20,29,0.0
32,17639,plain,50,age_10_99,19,30,0.0
32,17639,plain,50,age_10_99,18,31,0.0
32,17639,plain,50,age_10_99,17,32,1.0
32,17639,plain,50,age_10_99,16,33,0.0
32,17639,plain,50,age_10_99,15,34,1.0
32,17639,plain,50,age_10_99,14,35,0.0
32,17639,plain,50,age_10_99,13,36,0.0
32,17639,plain,50,age_10_99,12,37,0.0
32,17639,plain,50,age_10_99,11,38,0.0
32,17639,plain,50,age_10_99,10,39,0.0
32,17639,plain,50,age_1_9,9,40,0.0
32,17639,plain,50,age_1_9,8,41,1.0
32,17639,plain,50,age_1_9,7,42,0.0
32,17639,plain,50,age_1_9,6,43,0.0
32,17639,plain,50,age_1_9,5,44,0.0
32,17639,plain,50,age_1_9,4,45,0.0
32,17639,plain,50,age_1_9,3,46,1.0
32,17639,plain,50,age_1_9,2,47,0.0
32,17639,plain,50,age_1_9,1,48,1.0
32,17639,plain,50,age_0,0,49,1.0
32,17639,plain,100,age_10_99,99,0,1.0
32,17639,plain,100,age_10_99,98,1,0.0
32,17639,plain,100,age_10_99,97,2,0.0
32,17639,plain,100,age_10_99,96,3,0.0
32,17639,plain,100,age_10_99,95,4,0.0
32,17639,plain,100,age_10_99,94,5,0.0
32,17639,plain,100,age_10_99,93,6,0.0
32,17639,plain,100,age_10_99,92,7,0.0
32,17639,plain,100,age_10_99,91,8,0.0
32,17639,plain,100,age_10_99,90,9,0.0
32,17639,plain,100,age_10_99,89,10,0.0
32,17639,plain,100,age_10_99,88,11,0.0
32,17639,plain,100,age_10_99,87,12,0.0
32,17639,plain,100,age_10_99,86,13,0.0
32,17639,plain,100,age_10_99,85,14,1.0
32,17639,plain,100,age_10_99,84,15,0.0
32,17639,plain,100,age_10_99,83,16,0.0
32,17639,plain,100,age_10_99,82,17,0.0
32,17639,plain,100,age_10_99,81,18,0.0
32,17639,plain,100,age_10_99,80,19,0.0
32,17639,plain,100,age_10_99,79,20,0.0
32,17639,plain,100,age_10_99,78,21,0.0
32,17639,plain,100,age_10_99,77,22,0.0
32,17639,plain,100,age_10_99,76,23,0.0
32,17639,plain,100,age_10_99,75,24,0.0
32,17639,plain,100,age_10_99,74,25,0.0
32,17639,plain,100,age_10_99,73,26,0.0
32,17639,plain,100,age_10_99,72,27,0.0
32,17639,plain,100,age_10_99,71,28,1.0
32,17639,plain,100,age_10_99,70,29,0.0
32,17639,plain,100,age_10_99,69,30,0.0
32,17639,plain,100,age_10_99,68,31,0.0
32,17639,plain,100,age_10_99,67,32,0.0
32,17639,plain,100,age_10_99,66,33,0.0
32,17639,plain,100,age_10_99,65,34,0.0
32,17639,plain,100,age_10_99,64,35,0.0
32,17639,plain,100,age_10_99,63,36,0.0
32,17639,plain,100,age_10_99,62,37,0.0
32,17639,plain,100,age_10_99,61,38,0.0
32,17639,plain,100,age_10_99,60,39,0.0
32,17639,plain,100,age_10_99,59,40,0.0
32,17639,plain,100,age_10_99,58,41,0.0
32,17639,plain,100,age_10_99,57,42,1.0
32,17639,plain,100,age_10_99,56,43,0.0
32,17639,plain,100,age_10_99,55,44,0.0
32,17639,plain,100,age_10_99,54,45,0.0
32,17639,plain,100,age_10_99,53,46,0.0
32,17639,plain,100,age_10_99,52,47,0.0
32,17639,plain,100,age_10_99,51,48,0.0
32,17639,plain,100,age_10_99,50,49,0.0
32,17639,plain,100,age_10_99,49,50,0.0
32,17639,plain,100,age_10_99,48,51,0.0
32,17639,plain,100,age_10_99,47,52,0.0
32,17639,plain,100,age_10_99,46,53,0.0
32,17639,plain,100,age_10_99,45,54,0.0
32,17639,plain,100,age_10_99,44,55,0.0
32,17639,plain,100,age_10_99,43,56,1.0
32,17639,plain,100,age_10_99,42,57,0.0
32,17639,plain,100,age_10_99,41,58,0.0
32,17639,plain,100,age_10_99,40,59,0.0
32,17639,plain,100,age_10_99,39,60,0.0
32,17639,plain,100,age_10_99,38,61,0.0
32,17639,plain,100,age_10_99,37,62,0.0
32,17639,plain,100,age_10_99,36,63,0.0
32,17639,plain,100,age_10_99,35,64,0.0
32,17639,plain,100,age_10_99,34,65,0.0
32,17639,plain,100,age_10_99,33,66,0.0
32,17639,plain,100,age_10_99,32,67,0.0
32,17639,plain,100,age_10_99,31,68,0.0
32,17639,plain,100,age_10_99,30,69,0.0
32,17639,plain,100,age_10_99,29,70,1.0
32,17639,plain,100,age_10_99,28,71,0.0
32,17639,plain,100,age_10_99,27,72,0.0
32,17639,plain,100,age_10_99,26,73,0.0
32,17639,plain,100,age_10_99,25,74,0.0
32,17639,plain,100,age_10_99,24,75,0.0
32,17639,plain,100,age_10_99,23,76,0.0
32,17639,plain,100,age_10_99,22,77,0.0
32,17639,plain,100,age_10_99,21,78,0.0
32,17639,plain,100,age_10_99,20,79,0.0
32,17639,plain,100,age_10_99,19,80,0.0
32,17639,plain,100,age_10_99,18,81,0.0
32,17639,plain,100,age_10_99,17,82,0.0
32,17639,plain,100,age_10_99,16,83,0.0
32,17639,plain,100,age_10_99,15,84,1.0
32,17639,plain,100,age_10_99,14,85,0.0
32,17639,plain,100,age_10_99,13,86,0.0
32,17639,plain,100,age_10_99,12,87,0.0
32,17639,plain,100,age_10_99,11,88,0.0
32,17639,plain,100,age_10_99,10,89,0.0
32,17639,plain,100,age_1_9,9,90,0.0
32,17639,plain,100,age_1_9,8,91,0.0
32,17639,plain,100,age_1_9,7,92,0.0
32,17639,plain,100,age_1_9,6,93,0.0
32,17639,plain,100,age_1_9,5,94,0.0
32,17639,plain,100,age_1_9,4,95,0.0
32,17639,plain,100,age_1_9,3,96,0.0
32,17639,plain,100,age_1_9,2,97,0.0
32,17639,plain,100,age_1_9,1,98,1.0
32,17639,plain,100,age_0,0,99,1.0
32,17639,ssr,1,age_0,0,0,1.0
32,17639,ssr,2,age_1_9,1,0,1.0
32,17639,ssr,2,age_0,0,1,1.0
32,17639,ssr,5,age_1_9,4,0,1.0
32,17639,ssr,5,age_1_9,3,1,1.0
32,17639,ssr,5,age_1_9,2,2,1.0
32,17639,ssr,5,age_1_9,1,3,1.0
32,17639,ssr,5,age_0,0,4,1.0
32,17639,ssr,10,age_1_9,9,0,1.0
32,17639,ssr,10,age_1_9,8,1,1.0
32,17639,ssr,10,age_1_9,7,2,1.0
32,17639,ssr,10,age_1_9,6,3,1.0
32,17639,ssr,10,age_1_9,5,4,1.0
32,17639,ssr,10,age_1_9,4,5,1.0
32,17639,ssr,10,age_1_9,3,6,1.0
32,17639,ssr,10,age_1_9,2,7,1.0
32,17639,ssr,10,age_1_9,1,8,1.0
32,17639,ssr,10,age_0,0,9,1.0
32,17639,ssr,25,age_10_99,24,0,1.0
32,17639,ssr,25,age_10_99,23,1,0.0
32,17639,ssr,25,age_10_99,22,2,0.0
32,17639,ssr,25,age_10_99,21,3,1.0
32,17639,ssr,25,age_10_99,20,4,0.0
32,17639,ssr,25,age_10_99,19,5,0.0
32,17639,ssr,25,age_10_99,18,6,0.0
32,17639,ssr,25,age_10_99,17,7,1.0
32,17639,ssr,25,age_10_99,16,8,0.0
32,17639,ssr,25,age_10_99,15,9,1.0
32,17639,ssr,25,age_10_99,14,10,1.0
32,17639,ssr,25,age_10_99,13,11,0.0
32,17639,ssr,25,age_10_99,12,12,0.0
32,17639,ssr,25,age_10_99,11,13,1.0
32,17639,ssr,25,age_10_99,10,14,0.0
32,17639,ssr,25,age_1_9,9,15,0.0
32,17639,ssr,25,age_1_9,8,16,1.0
32,17639,ssr,25,age_1_9,7,17,0.0
32,17639,ssr,25,age_1_9,6,18,0.0
32,17639,ssr,25,age_1_9,5,19,0.0
32,17639,ssr,25,age_1_9,4,20,1.0
32,17639,ssr,25,age_1_9,3,21,0.0
32,17639,ssr,25,age_1_9,2,22,0.0
32,17639,ssr,25,age_1_9,1,23,1.0
32,17639,ssr,25,age_0,0,24,1.0
32,17639,ssr,50,age_10_99,49,0,1.0
32,17639,ssr,50,age_10_99,48,1,0.0
32,17639,ssr,50,age_10_99,47,2,0.0
32,17639,ssr,50,age_10_99,46,3,0.0
32,17639,ssr,50,age_10_99,45,4,0.0
32,17639,ssr,50,age_10_99,44,5,0.0
32,17639,ssr,50,age_10_99,43,6,0.0
32,17639,ssr,50,age_10_99,42,7,1.0
32,17639,ssr,50,age_10_99,41,8,0.0
32,17639,ssr,50,age_10_99,40,9,0.0
32,17639,ssr,50,age_10_99,39,10,0.0
32,17639,ssr,50,age_10_99,38,11,0.0
32,17639,ssr,50,age_10_99,37,12,0.0
32,17639,ssr,50,age_10_99,36,13,0.0
32,17639,ssr,50,age_10_99,35,14,1.0
32,17639,ssr,50,age_10_99,34,15,0.0
32,17639,ssr,50,age_10_99,33,16,0.0
32,17639,ssr,50,age_10_99,32,17,0.0
32,17639,ssr,50,age_10_99,31,18,0.0
32,17639,ssr,50,age_10_99,30,19,0.0
32,17639,ssr,50,age_10_99,29,20,0.0
32,17639,ssr,50,age_10_99,28,21,1.0
32,17639,ssr,50,age_10_99,27,22,0.0
32,17639,ssr,50,age_10_99,26,23,0.0
32,17639,ssr,50,age_10_99,25,24,0.0
32,17639,ssr,50,age_10_99,24,25,0.0
32,17639,ssr,50,age_10_99,23,26,0.0
32,17639,ssr,50,age_10_99,22,27,1.0
32,17639,ssr,50,age_10_99,21,28,0.0
32,17639,ssr,50,age_10_99,20,29,0.0
32,17639,ssr,50,age_10_99,19,30,0.0
32,17639,ssr,50,age_10_99,18,31,0.0
32,17639,ssr,50,age_10_99,17,32,0.0
32,17639,ssr,50,age_10_99,16,33,0.0
32,17639,ssr,50,age_10_99,15,34,1.0
32,17639,ssr,50,age_10_99,14,35,0.0
32,17639,ssr,50,age_10_99,13,36,0.0
32,17639,ssr,50,age_10_99,12,37,0.0
32,17639,ssr,50,age_10_99,11,38,0.0
32,17639,ssr,50,age_10_99,10,39,0.0
32,17639,ssr,50,age_1_9,9,40,0.0
32,17639,ssr,50,age_1_9,8,41,1.0
32,17639,ssr,50,age_1_9,7,42,0.0
32,17639,ssr,50,age_1_9,6,43,0.0
32,17639,ssr,50,age_1_9,5,44,0.0
32,17639,ssr,50,age_1_9,4,45,0.0
32,17639,ssr,50,age_1_9,3,46,0.0
32,17639,ssr,50,age_1_9,2,47,0.0
32,17639,ssr,50,age_1_9,1,48,1.0
32,17639,ssr,50,age_0,0,49,1.0
32,17639,ssr,100,age_10_99,99,0,1.0
32,17639,ssr,100,age_10_99,98,1,0.0
32,17639,ssr,100,age_10_99,97,2,0.0
32,17639,ssr,100,age_10_99,96,3,0.0
32,17639,ssr,100,age_10_99,95,4,0.0
32,17639,ssr,100,age_10_99,94,5,0.0
32,17639,ssr,100,age_10_99,93,6,0.0
32,17639,ssr,100,age_10_99,92,7,0.0
32,17639,ssr,100,age_10_99,91,8,0.0
32,17639,ssr,100,age_10_99,90,9,1.0
32,17639,ssr,100,age_10_99,89,10,0.0
32,17639,ssr,100,age_10_99,88,11,0.0
32,17639,ssr,100,age_10_99,87,12,0.0
32,17639,ssr,100,age_10_99,86,13,0.0
32,17639,ssr,100,age_10_99,85,14,1.0
32,17639,ssr,100,age_10_99,84,15,0.0
32,17639,ssr,100,age_10_99,83,16,0.0
32,17639,ssr,100,age_10_99,82,17,0.0
32,17639,ssr,100,age_10_99,81,18,0.0
32,17639,ssr,100,age_10_99,80,19,0.0
32,17639,ssr,100,age_10_99,79,20,0.0
32,17639,ssr,100,age_10_99,78,21,0.0
32,17639,ssr,100,age_10_99,77,22,0.0
32,17639,ssr,100,age_10_99,76,23,0.0
32,17639,ssr,100,age_10_99,75,24,0.0
32,17639,ssr,100,age_10_99,74,25,0.0
32,17639,ssr,100,age_10_99,73,26,0.0
32,17639,ssr,100,age_10_99,72,27,0.0
32,17639,ssr,100,age_10_99,71,28,1.0
32,17639,ssr,100,age_10_99,70,29,0.0
32,17639,ssr,100,age_10_99,69,30,0.0
32,17639,ssr,100,age_10_99,68,31,0.0
32,17639,ssr,100,age_10_99,67,32,0.0
32,17639,ssr,100,age_10_99,66,33,0.0
32,17639,ssr,100,age_10_99,65,34,0.0
32,17639,ssr,100,age_10_99,64,35,0.0
32,17639,ssr,100,age_10_99,63,36,0.0
32,17639,ssr,100,age_10_99,62,37,0.0
32,17639,ssr,100,age_10_99,61,38,0.0
32,17639,ssr,100,age_10_99,60,39,0.0
32,17639,ssr,100,age_10_99,59,40,0.0
32,17639,ssr,100,age_10_99,58,41,0.0
32,17639,ssr,100,age_10_99,57,42,1.0
32,17639,ssr,100,age_10_99,56,43,0.0
32,17639,ssr,100,age_10_99,55,44,0.0
32,17639,ssr,100,age_10_99,54,45,0.0
32,17639,ssr,100,age_10_99,53,46,0.0
32,17639,ssr,100,age_10_99,52,47,0.0
32,17639,ssr,100,age_10_99,51,48,0.0
32,17639,ssr,100,age_10_99,50,49,0.0
32,17639,ssr,100,age_10_99,49,50,0.0
32,17639,ssr,100,age_10_99,48,51,0.0
32,17639,ssr,100,age_10_99,47,52,0.0
32,17639,ssr,100,age_10_99,46,53,0.0
32,17639,ssr,100,age_10_99,45,54,0.0
32,17639,ssr,100,age_10_99,44,55,0.0
32,17639,ssr,100,age_10_99,43,56,1.0
32,17639,ssr,100,age_10_99,42,57,0.0
32,17639,ssr,100,age_10_99,41,58,0.0
32,17639,ssr,100,age_10_99,40,59,0.0
32,17639,ssr,100,age_10_99,39,60,0.0
32,17639,ssr,100,age_10_99,38,61,0.0
32,17639,ssr,100,age_10_99,37,62,0.0
32,17639,ssr,100,age_10_99,36,63,0.0
32,17639,ssr,100,age_10_99,35,64,0.0
32,17639,ssr,100,age_10_99,34,65,0.0
32,17639,ssr,100,age_10_99,33,66,0.0
32,17639,ssr,100,age_10_99,32,67,0.0
32,17639,ssr,100,age_10_99,31,68,0.0
32,17639,ssr,100,age_10_99,30,69,0.0
32,17639,ssr,100,age_10_99,29,70,1.0
32,17639,ssr,100,age_10_99,28,71,0.0
32,17639,ssr,100,age_10_99,27,72,0.0
32,17639,ssr,100,age_10_99,26,73,0.0
32,17639,ssr,100,age_10_99,25,74,0.0
32,17639,ssr,100,age_10_99,24,75,0.0
32,17639,ssr,100,age_10_99,23,76,0.0
32,17639,ssr,100,age_10_99,22,77,0.0
32,17639,ssr,100,age_10_99,21,78,0.0
32,17639,ssr,100,age_10_99,20,79,0.0
32,17639,ssr,100,age_10_99,19,80,0.0
32,17639,ssr,100,age_10_99,18,81,0.0
32,17639,ssr,100,age_10_99,17,82,0.0
32,17639,ssr,100,age_10_99,16,83,0.0
32,17639,ssr,100,age_10_99,15,84,1.0
32,17639,ssr,100,age_10_99,14,85,0.0
32,17639,ssr,100,age_10_99,13,86,0.0
32,17639,ssr,100,age_10_99,12,87,0.0
32,17639,ssr,100,age_10_99,11,88,0.0
32,17639,ssr,100,age_10_99,10,89,0.0
32,17639,ssr,100,age_1_9,9,90,1.0
32,17639,ssr,100,age_1_9,8,91,0.0
32,17639,ssr,100,age_1_9,7,92,0.0
32,17639,ssr,100,age_1_9,6,93,0.0
32,17639,ssr,100,age_1_9,5,94,0.0
32,17639,ssr,100,age_1_9,4,95,0.0
32,17639,ssr,100,age_1_9,3,96,0.0
32,17639,ssr,100,age_1_9,2,97,0.0
32,17639,ssr,100,age_1_9,1,98,1.0
32,17639,ssr,100,age_0,0,99,1.0
32,17640,plain,1,age_0,0,0,1.0
32,17640,plain,2,age_1_9,1,0,1.0
32,17640,plain,2,age_0,0,1,1.0
32,17640,plain,5,age_1_9,4,0,1.0
32,17640,plain,5,age_1_9,3,1,1.0
32,17640,plain,5,age_1_9,2,2,1.0
32,17640,plain,5,age_1_9,1,3,1.0
32,17640,plain,5,age_0,0,4,1.0
32,17640,plain,10,age_1_9,9,0,1.0
32,17640,plain,10,age_1_9,8,1,1.0
32,17640,plain,10,age_1_9,7,2,1.0
32,17640,plain,10,age_1_9,6,3,1.0
32,17640,plain,10,age_1_9,5,4,1.0
32,17640,plain,10,age_1_9,4,5,1.0
32,17640,plain,10,age_1_9,3,6,1.0
32,17640,plain,10,age_1_9,2,7,1.0
32,17640,plain,10,age_1_9,1,8,1.0
32,17640,plain,10,age_0,0,9,1.0
32,17640,plain,25,age_10_99,24,0,1.0
32,17640,plain,25,age_10_99,23,1,0.0
32,17640,plain,25,age_10_99,22,2,0.0
32,17640,plain,25,age_10_99,21,3,1.0
32,17640,plain,25,age_10_99,20,4,1.0
32,17640,plain,25,age_10_99,19,5,1.0
32,17640,plain,25,age_10_99,18,6,1.0
32,17640,plain,25,age_10_99,17,7,1.0
32,17640,plain,25,age_10_99,16,8,0.0
32,17640,plain,25,age_10_99,15,9,1.0
32,17640,plain,25,age_10_99,14,10,1.0
32,17640,plain,25,age_10_99,13,11,0.0
32,17640,plain,25,age_10_99,12,12,1.0
32,17640,plain,25,age_10_99,11,13,1.0
32,17640,plain,25,age_10_99,10,14,0.0
32,17640,plain,25,age_1_9,9,15,0.0
32,17640,plain,25,age_1_9,8,16,1.0
32,17640,plain,25,age_1_9,7,17,0.0
32,17640,plain,25,age_1_9,6,18,1.0
32,17640,plain,25,age_1_9,5,19,0.0
32,17640,plain,25,age_1_9,4,20,1.0
32,17640,plain,25,age_1_9,3,21,0.0
32,17640,plain,25,age_1_9,2,22,0.0
32,17640,plain,25,age_1_9,1,23,1.0
32,17640,plain,25,age_0,0,24,1.0
32,17640,plain,50,age_10_99,49,0,1.0
32,17640,plain,50,age_10_99,48,1,0.0
32,17640,plain,50,age_10_99,47,2,0.0
32,17640,plain,50,age_10_99,46,3,0.0
32,17640,plain,50,age_10_99,45,4,0.0
32,17640,plain,50,age_10_99,44,5,0.0
32,17640,plain,50,age_10_99,43,6,0.0
32,17640,plain,50,age_10_99,42,7,1.0
32,17640,plain,50,age_10_99,41,8,0.0
32,17640,plain,50,age_10_99,40,9,0.0
32,17640,plain,50,age_10_99,39,10,0.0
32,17640,plain,50,age_10_99,38,11,0.0
32,17640,plain,50,age_10_99,37,12,0.0
32,17640,plain,50,age_10_99,36,13,0.0
32,17640,plain,50,age_10_99,35,14,1.0
32,17640,plain,50,age_10_99,34,15,0.0
32,17640,plain,50,age_10_99,33,16,0.0
32,17640,plain,50,age_10_99,32,17,0.0
32,17640,plain,50,age_10_99,31,18,0.0
32,17640,plain,50,age_10_99,30,19,1.0
32,17640,plain,50,age_10_99,29,20,0.0
32,17640,plain,50,age_10_99,28,21,1.0
32,17640,plain,50,age_10_99,27,22,0.0
32,17640,plain,50,age_10_99,26,23,0.0
32,17640,plain,50,age_10_99,25,24,1.0
32,17640,plain,50,age_10_99,24,25,0.0
32,17640,plain,50,age_10_99,23,26,0.0
32,17640,plain,50,age_10_99,22,27,1.0
32,17640,plain,50,age_10_99,21,28,0.0
32,17640,plain,50,age_10_99,20,29,0.0
32,17640,plain,50,age_10_99,19,30,0.0
32,17640,plain,50,age_10_99,18,31,0.0
32,17640,plain,50,age_10_99,17,32,0.0
32,17640,plain,50,age_10_99,16,33,0.0
32,17640,plain,50,age_10_99,15,34,1.0
32,17640,plain,50,age_10_99,14,35,0.0
32,17640,plain,50,age_10_99,13,36,0.0
32,17640,plain,50,age_10_99,12,37,0.0
32,17640,plain,50,age_10_99,11,38,0.0
32,17640,plain,50,age_10_99,10,39,0.0
32,17640,plain,50,age_1_9,9,40,0.0
32,17640,plain,50,age_1_9,8,41,1.0
32,17640,plain,50,age_1_9,7,42,0.0
32,17640,plain,50,age_1_9,6,43,0.0
32,17640,plain,50,age_1_9,5,44,0.0
32,17640,plain,50,age_1_9,4,45,0.0
32,17640,plain,50,age_1_9,3,46,0.0
32,17640,plain,50,age_1_9,2,47,0.0
32,17640,plain,50,age_1_9,1,48,1.0
32,17640,plain,50,age_0,0,49,1.0
32,17640,plain,100,age_10_99,99,0,1.0
32,17640,plain,100,age_10_99,98,1,0.0
32,17640,plain,100,age_10_99,97,2,1.0
32,17640,plain,100,age_10_99,96,3,0.0
32,17640,plain,100,age_10_99,95,4,0.0
32,17640,plain,100,age_10_99,94,5,0.0
32,17640,plain,100,age_10_99,93,6,0.0
32,17640,plain,100,age_10_99,92,7,0.0
32,17640,plain,100,age_10_99,91,8,1.0
32,17640,plain,100,age_10_99,90,9,0.0
32,17640,plain,100,age_10_99,89,10,0.0
32,17640,plain,100,age_10_99,88,11,0.0
32,17640,plain,100,age_10_99,87,12,0.0
32,17640,plain,100,age_10_99,86,13,0.0
32,17640,plain,100,age_10_99,85,14,1.0
32,17640,plain,100,age_10_99,84,15,0.0
32,17640,plain,100,age_10_99,83,16,0.0
32,17640,plain,100,age_10_99,82,17,0.0
32,17640,plain,100,age_10_99,81,18,0.0
32,17640,plain,100,age_10_99,80,19,0.0
32,17640,plain,100,age_10_99,79,20,0.0
32,17640,plain,100,age_10_99,78,21,0.0
32,17640,plain,100,age_10_99,77,22,0.0
32,17640,plain,100,age_10_99,76,23,0.0
32,17640,plain,100,age_10_99,75,24,0.0
32,17640,plain,100,age_10_99,74,25,0.0
32,17640,plain,100,age_10_99,73,26,0.0
32,17640,plain,100,age_10_99,72,27,0.0
32,17640,plain,100,age_10_99,71,28,1.0
32,17640,plain,100,age_10_99,70,29,0.0
32,17640,plain,100,age_10_99,69,30,0.0
32,17640,plain,100,age_10_99,68,31,0.0
32,17640,plain,100,age_10_99,67,32,0.0
32,17640,plain,100,age_10_99,66,33,0.0
32,17640,plain,100,age_10_99,65,34,0.0
32,17640,plain,100,age_10_99,64,35,0.0
32,17640,plain,100,age_10_99,63,36,0.0
32,17640,plain,100,age_10_99,62,37,0.0
32,17640,plain,100,age_10_99,61,38,0.0
32,17640,plain,100,age_10_99,60,39,0.0
32,17640,plain,100,age_10_99,59,40,0.0
32,17640,plain,100,age_10_99,58,41,0.0
32,17640,plain,100,age_10_99,57,42,1.0
32,17640,plain,100,age_10_99,56,43,0.0
32,17640,plain,100,age_10_99,55,44,0.0
32,17640,plain,100,age_10_99,54,45,0.0
32,17640,plain,100,age_10_99,53,46,0.0
32,17640,plain,100,age_10_99,52,47,0.0
32,17640,plain,100,age_10_99,51,48,0.0
32,17640,plain,100,age_10_99,50,49,0.0
32,17640,plain,100,age_10_99,49,50,0.0
32,17640,plain,100,age_10_99,48,51,0.0
32,17640,plain,100,age_10_99,47,52,0.0
32,17640,plain,100,age_10_99,46,53,0.0
32,17640,plain,100,age_10_99,45,54,0.0
32,17640,plain,100,age_10_99,44,55,0.0
32,17640,plain,100,age_10_99,43,56,1.0
32,17640,plain,100,age_10_99,42,57,0.0
32,17640,plain,100,age_10_99,41,58,0.0
32,17640,plain,100,age_10_99,40,59,0.0
32,17640,plain,100,age_10_99,39,60,0.0
32,17640,plain,100,age_10_99,38,61,0.0
32,17640,plain,100,age_10_99,37,62,0.0
32,17640,plain,100,age_10_99,36,63,0.0
32,17640,plain,100,age_10_99,35,64,0.0
32,17640,plain,100,age_10_99,34,65,0.0
32,17640,plain,100,age_10_99,33,66,0.0
32,17640,plain,100,age_10_99,32,67,0.0
32,17640,plain,100,age_10_99,31,68,0.0
32,17640,plain,100,age_10_99,30,69,0.0
32,17640,plain,100,age_10_99,29,70,1.0
32,17640,plain,100,age_10_99,28,71,0.0
32,17640,plain,100,age_10_99,27,72,0.0
32,17640,plain,100,age_10_99,26,73,0.0
32,17640,plain,100,age_10_99,25,74,0.0
32,17640,plain,100,age_10_99,24,75,0.0
32,17640,plain,100,age_10_99,23,76,0.0
32,17640,plain,100,age_10_99,22,77,0.0
32,17640,plain,100,age_10_99,21,78,0.0
32,17640,plain,100,age_10_99,20,79,0.0
32,17640,plain,100,age_10_99,19,80,0.0
32,17640,plain,100,age_10_99,18,81,0.0
32,17640,plain,100,age_10_99,17,82,0.0
32,17640,plain,100,age_10_99,16,83,0.0
32,17640,plain,100,age_10_99,15,84,1.0
32,17640,plain,100,age_10_99,14,85,0.0
32,17640,plain,100,age_10_99,13,86,0.0
32,17640,plain,100,age_10_99,12,87,0.0
32,17640,plain,100,age_10_99,11,88,0.0
32,17640,plain,100,age_10_99,10,89,0.0
32,17640,plain,100,age_1_9,9,90,0.0
32,17640,plain,100,age_1_9,8,91,0.0
32,17640,plain,100,age_1_9,7,92,0.0
32,17640,plain,100,age_1_9,6,93,0.0
32,17640,plain,100,age_1_9,5,94,1.0
32,17640,plain,100,age_1_9,4,95,0.0
32,17640,plain,100,age_1_9,3,96,1.0
32,17640,plain,100,age_1_9,2,97,1.0
32,17640,plain,100,age_1_9,1,98,1.0
32,17640,plain,100,age_0,0,99,1.0
32,17640,ssr,1,age_0,0,0,1.0
32,17640,ssr,2,age_1_9,1,0,1.0
32,17640,ssr,2,age_0,0,1,1.0
32,17640,ssr,5,age_1_9,4,0,1.0
32,17640,ssr,5,age_1_9,3,1,1.0
32,17640,ssr,5,age_1_9,2,2,1.0
32,17640,ssr,5,age_1_9,1,3,1.0
32,17640,ssr,5,age_0,0,4,1.0
32,17640,ssr,10,age_1_9,9,0,1.0
32,17640,ssr,10,age_1_9,8,1,1.0
32,17640,ssr,10,age_1_9,7,2,1.0
32,17640,ssr,10,age_1_9,6,3,1.0
32,17640,ssr,10,age_1_9,5,4,1.0
32,17640,ssr,10,age_1_9,4,5,1.0
32,17640,ssr,10,age_1_9,3,6,1.0
32,17640,ssr,10,age_1_9,2,7,1.0
32,17640,ssr,10,age_1_9,1,8,1.0
32,17640,ssr,10,age_0,0,9,1.0
32,17640,ssr,25,age_10_99,24,0,1.0
32,17640,ssr,25,age_10_99,23,1,0.0
32,17640,ssr,25,age_10_99,22,2,0.0
32,17640,ssr,25,age_10_99,21,3,1.0
32,17640,ssr,25,age_10_99,20,4,0.0
32,17640,ssr,25,age_10_99,19,5,0.0
32,17640,ssr,25,age_10_99,18,6,1.0
32,17640,ssr,25,age_10_99,17,7,1.0
32,17640,ssr,25,age_10_99,16,8,0.0
32,17640,ssr,25,age_10_99,15,9,0.0
32,17640,ssr,25,age_10_99,14,10,1.0
32,17640,ssr,25,age_10_99,13,11,0.0
32,17640,ssr,25,age_10_99,12,12,0.0
32,17640,ssr,25,age_10_99,11,13,1.0
32,17640,ssr,25,age_10_99,10,14,0.0
32,17640,ssr,25,age_1_9,9,15,0.0
32,17640,ssr,25,age_1_9,8,16,1.0
32,17640,ssr,25,age_1_9,7,17,0.0
32,17640,ssr,25,age_1_9,6,18,0.0
32,17640,ssr,25,age_1_9,5,19,0.0
32,17640,ssr,25,age_1_9,4,20,1.0
32,17640,ssr,25,age_1_9,3,21,0.0
32,17640,ssr,25,age_1_9,2,22,1.0
32,17640,ssr,25,age_1_9,1,23,1.0
32,17640,ssr,25,age_0,0,24,1.0
32,17640,ssr,50,age_10_99,49,0,1.0
32,17640,ssr,50,age_10_99,48,1,0.0
32,17640,ssr,50,age_10_99,47,2,0.0
32,17640,ssr,50,age_10_99,46,3,0.0
32,17640,ssr,50,age_10_99,45,4,1.0
32,17640,ssr,50,age_10_99,44,5,0.0
32,17640,ssr,50,age_10_99,43,6,0.0
32,17640,ssr,50,age_10_99,42,7,1.0
32,17640,ssr,50,age_10_99,41,8,0.0
32,17640,ssr,50,age_10_99,40,9,0.0
32,17640,ssr,50,age_10_99,39,10,0.0
32,17640,ssr,50,age_10_99,38,11,0.0
32,17640,ssr,50,age_10_99,37,12,0.0
32,17640,ssr,50,age_10_99,36,13,0.0
32,17640,ssr,50,age_10_99,35,14,1.0
32,17640,ssr,50,age_10_99,34,15,0.0
32,17640,ssr,50,age_10_99,33,16,0.0
32,17640,ssr,50,age_10_99,32,17,0.0
32,17640,ssr,50,age_10_99,31,18,0.0
32,17640,ssr,50,age_10_99,30,19,0.0
32,17640,ssr,50,age_10_99,29,20,0.0
32,17640,ssr,50,age_10_99,28,21,1.0
32,17640,ssr,50,age_10_99,27,22,0.0
32,17640,ssr,50,age_10_99,26,23,1.0
32,17640,ssr,50,age_10_99,25,24,0.0
32,17640,ssr,50,age_10_99,24,25,0.0
32,17640,ssr,50,age_10_99,23,26,0.0
32,17640,ssr,50,age_10_99,22,27,1.0
32,17640,ssr,50,age_10_99,21,28,0.0
32,17640,ssr,50,age_10_99,20,29,0.0
32,17640,ssr,50,age_10_99,19,30,0.0
32,17640,ssr,50,age_10_99,18,31,0.0
32,17640,ssr,50,age_10_99,17,32,0.0
32,17640,ssr,50,age_10_99,16,33,0.0
32,17640,ssr,50,age_10_99,15,34,1.0
32,17640,ssr,50,age_10_99,14,35,0.0
32,17640,ssr,50,age_10_99,13,36,0.0
32,17640,ssr,50,age_10_99,12,37,0.0
32,17640,ssr,50,age_10_99,11,38,0.0
32,17640,ssr,50,age_10_99,10,39,0.0
32,17640,ssr,50,age_1_9,9,40,0.0
32,17640,ssr,50,age_1_9,8,41,1.0
32,17640,ssr,50,age_1_9,7,42,0.0
32,17640,ssr,50,age_1_9,6,43,0.0
32,17640,ssr,50,age_1_9,5,44,0.0
32,17640,ssr,50,age_1_9,4,45,0.0
32,17640,ssr,50,age_1_9,3,46,0.0
32,17640,ssr,50,age_1_9,2,47,0.0
32,17640,ssr,50,age_1_9,1,48,1.0
32,17640,ssr,50,age_0,0,49,1.0
32,17640,ssr,100,age_10_99,99,0,0.0
32,17640,ssr,100,age_10_99,98,1,0.0
32,17640,ssr,100,age_10_99,97,2,0.0
32,17640,ssr,100,age_10_99,96,3,0.0
32,17640,ssr,100,age_10_99,95,4,0.0
32,17640,ssr,100,age_10_99,94,5,0.0
32,17640,ssr,100,age_10_99,93,6,0.0
32,17640,ssr,100,age_10_99,92,7,0.0
32,17640,ssr,100,age_10_99,91,8,0.0
32,17640,ssr,100,age_10_99,90,9,0.0
32,17640,ssr,100,age_10_99,89,10,0.0
32,17640,ssr,100,age_10_99,88,11,0.0
32,17640,ssr,100,age_10_99,87,12,0.0
32,17640,ssr,100,age_10_99,86,13,0.0
32,17640,ssr,100,age_10_99,85,14,0.0
32,17640,ssr,100,age_10_99,84,15,0.0
32,17640,ssr,100,age_10_99,83,16,0.0
32,17640,ssr,100,age_10_99,82,17,0.0
32,17640,ssr,100,age_10_99,81,18,0.0
32,17640,ssr,100,age_10_99,80,19,0.0
32,17640,ssr,100,age_10_99,79,20,0.0
32,17640,ssr,100,age_10_99,78,21,0.0
32,17640,ssr,100,age_10_99,77,22,0.0
32,17640,ssr,100,age_10_99,76,23,0.0
32,17640,ssr,100,age_10_99,75,24,0.0
32,17640,ssr,100,age_10_99,74,25,0.0
32,17640,ssr,100,age_10_99,73,26,0.0
32,17640,ssr,100,age_10_99,72,27,0.0
32,17640,ssr,100,age_10_99,71,28,1.0
32,17640,ssr,100,age_10_99,70,29,0.0
32,17640,ssr,100,age_10_99,69,30,0.0
32,17640,ssr,100,age_10_99,68,31,0.0
32,17640,ssr,100,age_10_99,67,32,0.0
32,17640,ssr,100,age_10_99,66,33,0.0
32,17640,ssr,100,age_10_99,65,34,0.0
32,17640,ssr,100,age_10_99,64,35,0.0
32,17640,ssr,100,age_10_99,63,36,0.0
32,17640,ssr,100,age_10_99,62,37,0.0
32,17640,ssr,100,age_10_99,61,38,0.0
32,17640,ssr,100,age_10_99,60,39,0.0
32,17640,ssr,100,age_10_99,59,40,0.0
32,17640,ssr,100,age_10_99,58,41,0.0
32,17640,ssr,100,age_10_99,57,42,0.0
32,17640,ssr,100,age_10_99,56,43,0.0
32,17640,ssr,100,age_10_99,55,44,0.0
32,17640,ssr,100,age_10_99,54,45,0.0
32,17640,ssr,100,age_10_99,53,46,0.0
32,17640,ssr,100,age_10_99,52,47,0.0
32,17640,ssr,100,age_10_99,51,48,0.0
32,17640,ssr,100,age_10_99,50,49,0.0
32,17640,ssr,100,age_10_99,49,50,0.0
32,17640,ssr,100,age_10_99,48,51,0.0
32,17640,ssr,100,age_10_99,47,52,0.0
32,17640,ssr,100,age_10_99,46,53,0.0
32,17640,ssr,100,age_10_99,45,54,0.0
32,17640,ssr,100,age_10_99,44,55,0.0
32,17640,ssr,100,age_10_99,43,56,0.0
32,17640,ssr,100,age_10_99,42,57,0.0
32,17640,ssr,100,age_10_99,41,58,0.0
32,17640,ssr,100,age_10_99,40,59,0.0
32,17640,ssr,100,age_10_99,39,60,0.0
32,17640,ssr,100,age_10_99,38,61,0.0
32,17640,ssr,100,age_10_99,37,62,0.0
32,17640,ssr,100,age_10_99,36,63,0.0
32,17640,ssr,100,age_10_99,35,64,0.0
32,17640,ssr,100,age_10_99,34,65,0.0
32,17640,ssr,100,age_10_99,33,66,0.0
32,17640,ssr,100,age_10_99,32,67,0.0
32,17640,ssr,100,age_10_99,31,68,0.0
32,17640,ssr,100,age_10_99,30,69,0.0
32,17640,ssr,100,age_10_99,29,70,0.0
32,17640,ssr,100,age_10_99,28,71,0.0
32,17640,ssr,100,age_10_99,27,72,0.0
32,17640,ssr,100,age_10_99,26,73,0.0
32,17640,ssr,100,age_10_99,25,74,0.0
32,17640,ssr,100,age_10_99,24,75,0.0
32,17640,ssr,100,age_10_99,23,76,0.0
32,17640,ssr,100,age_10_99,22,77,0.0
32,17640,ssr,100,age_10_99,21,78,0.0
32,17640,ssr,100,age_10_99,20,79,0.0
32,17640,ssr,100,age_10_99,19,80,0.0
32,17640,ssr,100,age_10_99,18,81,0.0
32,17640,ssr,100,age_10_99,17,82,0.0
32,17640,ssr,100,age_10_99,16,83,0.0
32,17640,ssr,100,age_10_99,15,84,0.0
32,17640,ssr,100,age_10_99,14,85,0.0
32,17640,ssr,100,age_10_99,13,86,0.0
32,17640,ssr,100,age_10_99,12,87,0.0
32,17640,ssr,100,age_10_99,11,88,0.0
32,17640,ssr,100,age_10_99,10,89,0.0
32,17640,ssr,100,age_1_9,9,90,0.0
32,17640,ssr,100,age_1_9,8,91,0.0
32,17640,ssr,100,age_1_9,7,92,0.0
32,17640,ssr,100,age_1_9,6,93,0.0
32,17640,ssr,100,age_1_9,5,94,0.0
32,17640,ssr,100,age_1_9,4,95,0.0
32,17640,ssr,100,age_1_9,3,96,0.0
32,17640,ssr,100,age_1_9,2,97,0.0
32,17640,ssr,100,age_1_9,1,98,0.0
32,17640,ssr,100,age_0,0,99,0.0
64,17631,plain,1,age_0,0,0,1.0
64,17631,plain,2,age_1_9,1,0,1.0
64,17631,plain,2,age_0,0,1,1.0
64,17631,plain,5,age_1_9,4,0,1.0
64,17631,plain,5,age_1_9,3,1,1.0
64,17631,plain,5,age_1_9,2,2,1.0
64,17631,plain,5,age_1_9,1,3,1.0
64,17631,plain,5,age_0,0,4,1.0
64,17631,plain,10,age_1_9,9,0,1.0
64,17631,plain,10,age_1_9,8,1,1.0
64,17631,plain,10,age_1_9,7,2,1.0
64,17631,plain,10,age_1_9,6,3,1.0
64,17631,plain,10,age_1_9,5,4,0.0
64,17631,plain,10,age_1_9,4,5,1.0
64,17631,plain,10,age_1_9,3,6,1.0
64,17631,plain,10,age_1_9,2,7,1.0
64,17631,plain,10,age_1_9,1,8,1.0
64,17631,plain,10,age_0,0,9,1.0
64,17631,plain,25,age_10_99,24,0,1.0
64,17631,plain,25,age_10_99,23,1,0.0
64,17631,plain,25,age_10_99,22,2,0.0
64,17631,plain,25,age_10_99,21,3,1.0
64,17631,plain,25,age_10_99,20,4,0.0
64,17631,plain,25,age_10_99,19,5,0.0
64,17631,plain,25,age_10_99,18,6,0.0
64,17631,plain,25,age_10_99,17,7,1.0
64,17631,plain,25,age_10_99,16,8,0.0
64,17631,plain,25,age_10_99,15,9,0.0
64,17631,plain,25,age_10_99,14,10,1.0
64,17631,plain,25,age_10_99,13,11,0.0
64,17631,plain,25,age_10_99,12,12,0.0
64,17631,plain,25,age_10_99,11,13,1.0
64,17631,plain,25,age_10_99,10,14,0.0
64,17631,plain,25,age_1_9,9,15,0.0
64,17631,plain,25,age_1_9,8,16,1.0
64,17631,plain,25,age_1_9,7,17,0.0
64,17631,plain,25,age_1_9,6,18,0.0
64,17631,plain,25,age_1_9,5,19,0.0
64,17631,plain,25,age_1_9,4,20,1.0
64,17631,plain,25,age_1_9,3,21,0.0
64,17631,plain,25,age_1_9,2,22,0.0
64,17631,plain,25,age_1_9,1,23,1.0
64,17631,plain,25,age_0,0,24,1.0
64,17631,plain,50,age_10_99,49,0,1.0
64,17631,plain,50,age_10_99,48,1,0.0
64,17631,plain,50,age_10_99,47,2,0.0
64,17631,plain,50,age_10_99,46,3,0.0
64,17631,plain,50,age_10_99,45,4,0.0
64,17631,plain,50,age_10_99,44,5,0.0
64,17631,plain,50,age_10_99,43,6,0.0
64,17631,plain,50,age_10_99,42,7,1.0
64,17631,plain,50,age_10_99,41,8,0.0
64,17631,plain,50,age_10_99,40,9,0.0
64,17631,plain,50,age_10_99,39,10,0.0
64,17631,plain,50,age_10_99,38,11,0.0
64,17631,plain,50,age_10_99,37,12,0.0
64,17631,plain,50,age_10_99,36,13,0.0
64,17631,plain,50,age_10_99,35,14,1.0
64,17631,plain,50,age_10_99,34,15,0.0
64,17631,plain,50,age_10_99,33,16,0.0
64,17631,plain,50,age_10_99,32,17,0.0
64,17631,plain,50,age_10_99,31,18,0.0
64,17631,plain,50,age_10_99,30,19,0.0
64,17631,plain,50,age_10_99,29,20,0.0
64,17631,plain,50,age_10_99,28,21,1.0
64,17631,plain,50,age_10_99,27,22,0.0
64,17631,plain,50,age_10_99,26,23,0.0
64,17631,plain,50,age_10_99,25,24,0.0
64,17631,plain,50,age_10_99,24,25,0.0
64,17631,plain,50,age_10_99,23,26,0.0
64,17631,plain,50,age_10_99,22,27,1.0
64,17631,plain,50,age_10_99,21,28,0.0
64,17631,plain,50,age_10_99,20,29,0.0
64,17631,plain,50,age_10_99,19,30,0.0
64,17631,plain,50,age_10_99,18,31,0.0
64,17631,plain,50,age_10_99,17,32,1.0
64,17631,plain,50,age_10_99,16,33,0.0
64,17631,plain,50,age_10_99,15,34,1.0
64,17631,plain,50,age_10_99,14,35,0.0
64,17631,plain,50,age_10_99,13,36,0.0
64,17631,plain,50,age_10_99,12,37,0.0
64,17631,plain,50,age_10_99,11,38,0.0
64,17631,plain,50,age_10_99,10,39,0.0
64,17631,plain,50,age_1_9,9,40,0.0
64,17631,plain,50,age_1_9,8,41,1.0
64,17631,plain,50,age_1_9,7,42,0.0
64,17631,plain,50,age_1_9,6,43,0.0
64,17631,plain,50,age_1_9,5,44,0.0
64,17631,plain,50,age_1_9,4,45,0.0
64,17631,plain,50,age_1_9,3,46,0.0
64,17631,plain,50,age_1_9,2,47,0.0
64,17631,plain,50,age_1_9,1,48,1.0
64,17631,plain,50,age_0,0,49,1.0
64,17631,plain,100,age_10_99,99,0,1.0
64,17631,plain,100,age_10_99,98,1,0.0
64,17631,plain,100,age_10_99,97,2,0.0
64,17631,plain,100,age_10_99,96,3,0.0
64,17631,plain,100,age_10_99,95,4,0.0
64,17631,plain,100,age_10_99,94,5,0.0
64,17631,plain,100,age_10_99,93,6,0.0
64,17631,plain,100,age_10_99,92,7,0.0
64,17631,plain,100,age_10_99,91,8,0.0
64,17631,plain,100,age_10_99,90,9,0.0
64,17631,plain,100,age_10_99,89,10,0.0
64,17631,plain,100,age_10_99,88,11,0.0
64,17631,plain,100,age_10_99,87,12,0.0
64,17631,plain,100,age_10_99,86,13,0.0
64,17631,plain,100,age_10_99,85,14,1.0
64,17631,plain,100,age_10_99,84,15,0.0
64,17631,plain,100,age_10_99,83,16,0.0
64,17631,plain,100,age_10_99,82,17,0.0
64,17631,plain,100,age_10_99,81,18,0.0
64,17631,plain,100,age_10_99,80,19,0.0
64,17631,plain,100,age_10_99,79,20,0.0
64,17631,plain,100,age_10_99,78,21,0.0
64,17631,plain,100,age_10_99,77,22,0.0
64,17631,plain,100,age_10_99,76,23,0.0
64,17631,plain,100,age_10_99,75,24,0.0
64,17631,plain,100,age_10_99,74,25,0.0
64,17631,plain,100,age_10_99,73,26,0.0
64,17631,plain,100,age_10_99,72,27,1.0
64,17631,plain,100,age_10_99,71,28,1.0
64,17631,plain,100,age_10_99,70,29,0.0
64,17631,plain,100,age_10_99,69,30,0.0
64,17631,plain,100,age_10_99,68,31,0.0
64,17631,plain,100,age_10_99,67,32,0.0
64,17631,plain,100,age_10_99,66,33,0.0
64,17631,plain,100,age_10_99,65,34,0.0
64,17631,plain,100,age_10_99,64,35,0.0
64,17631,plain,100,age_10_99,63,36,0.0
64,17631,plain,100,age_10_99,62,37,0.0
64,17631,plain,100,age_10_99,61,38,0.0
64,17631,plain,100,age_10_99,60,39,0.0
64,17631,plain,100,age_10_99,59,40,0.0
64,17631,plain,100,age_10_99,58,41,0.0
64,17631,plain,100,age_10_99,57,42,1.0
64,17631,plain,100,age_10_99,56,43,0.0
64,17631,plain,100,age_10_99,55,44,0.0
64,17631,plain,100,age_10_99,54,45,0.0
64,17631,plain,100,age_10_99,53,46,0.0
64,17631,plain,100,age_10_99,52,47,0.0
64,17631,plain,100,age_10_99,51,48,0.0
64,17631,plain,100,age_10_99,50,49,0.0
64,17631,plain,100,age_10_99,49,50,0.0
64,17631,plain,100,age_10_99,48,51,0.0
64,17631,plain,100,age_10_99,47,52,0.0
64,17631,plain,100,age_10_99,46,53,0.0
64,17631,plain,100,age_10_99,45,54,0.0
64,17631,plain,100,age_10_99,44,55,0.0
64,17631,plain,100,age_10_99,43,56,1.0
64,17631,plain,100,age_10_99,42,57,0.0
64,17631,plain,100,age_10_99,41,58,0.0
64,17631,plain,100,age_10_99,40,59,0.0
64,17631,plain,100,age_10_99,39,60,0.0
64,17631,plain,100,age_10_99,38,61,0.0
64,17631,plain,100,age_10_99,37,62,0.0
64,17631,plain,100,age_10_99,36,63,1.0
64,17631,plain,100,age_10_99,35,64,0.0
64,17631,plain,100,age_10_99,34,65,0.0
64,17631,plain,100,age_10_99,33,66,0.0
64,17631,plain,100,age_10_99,32,67,0.0
64,17631,plain,100,age_10_99,31,68,1.0
64,17631,plain,100,age_10_99,30,69,1.0
64,17631,plain,100,age_10_99,29,70,1.0
64,17631,plain,100,age_10_99,28,71,0.0
64,17631,plain,100,age_10_99,27,72,0.0
64,17631,plain,100,age_10_99,26,73,0.0
64,17631,plain,100,age_10_99,25,74,0.0
64,17631,plain,100,age_10_99,24,75,0.0
64,17631,plain,100,age_10_99,23,76,0.0
64,17631,plain,100,age_10_99,22,77,0.0
64,17631,plain,100,age_10_99,21,78,0.0
64,17631,plain,100,age_10_99,20,79,0.0
64,17631,plain,100,age_10_99,19,80,0.0
64,17631,plain,100,age_10_99,18,81,0.0
64,17631,plain,100,age_10_99,17,82,0.0
64,17631,plain,100,age_10_99,16,83,0.0
64,17631,plain,100,age_10_99,15,84,1.0
64,17631,plain,100,age_10_99,14,85,0.0
64,17631,plain,100,age_10_99,13,86,0.0
64,17631,plain,100,age_10_99,12,87,0.0
64,17631,plain,100,age_10_99,11,88,0.0
64,17631,plain,100,age_10_99,10,89,0.0
64,17631,plain,100,age_1_9,9,90,0.0
64,17631,plain,100,age_1_9,8,91,0.0
64,17631,plain,100,age_1_9,7,92,0.0
64,17631,plain,100,age_1_9,6,93,0.0
64,17631,plain,100,age_1_9,5,94,0.0
64,17631,plain,100,age_1_9,4,95,0.0
64,17631,plain,100,age_1_9,3,96,1.0
64,17631,plain,100,age_1_9,2,97,0.0
64,17631,plain,100,age_1_9,1,98,1.0
64,17631,plain,100,age_0,0,99,1.0
64,17631,ssr,1,age_0,0,0,1.0
64,17631,ssr,2,age_1_9,1,0,1.0
64,17631,ssr,2,age_0,0,1,1.0
64,17631,ssr,5,age_1_9,4,0,1.0
64,17631,ssr,5,age_1_9,3,1,1.0
64,17631,ssr,5,age_1_9,2,2,1.0
64,17631,ssr,5,age_1_9,1,3,1.0
64,17631,ssr,5,age_0,0,4,1.0
64,17631,ssr,10,age_1_9,9,0,1.0
64,17631,ssr,10,age_1_9,8,1,1.0
64,17631,ssr,10,age_1_9,7,2,1.0
64,17631,ssr,10,age_1_9,6,3,1.0
64,17631,ssr,10,age_1_9,5,4,1.0
64,17631,ssr,10,age_1_9,4,5,1.0
64,17631,ssr,10,age_1_9,3,6,1.0
64,17631,ssr,10,age_1_9,2,7,1.0
64,17631,ssr,10,age_1_9,1,8,1.0
64,17631,ssr,10,age_0,0,9,1.0
64,17631,ssr,25,age_10_99,24,0,1.0
64,17631,ssr,25,age_10_99,23,1,0.0
64,17631,ssr,25,age_10_99,22,2,0.0
64,17631,ssr,25,age_10_99,21,3,1.0
64,17631,ssr,25,age_10_99,20,4,0.0
64,17631,ssr,25,age_10_99,19,5,0.0
64,17631,ssr,25,age_10_99,18,6,0.0
64,17631,ssr,25,age_10_99,17,7,1.0
64,17631,ssr,25,age_10_99,16,8,0.0
64,17631,ssr,25,age_10_99,15,9,1.0
64,17631,ssr,25,age_10_99,14,10,1.0
64,17631,ssr,25,age_10_99,13,11,0.0
64,17631,ssr,25,age_10_99,12,12,0.0
64,17631,ssr,25,age_10_99,11,13,1.0
64,17631,ssr,25,age_10_99,10,14,0.0
64,17631,ssr,25,age_1_9,9,15,0.0
64,17631,ssr,25,age_1_9,8,16,1.0
64,17631,ssr,25,age_1_9,7,17,0.0
64,17631,ssr,25,age_1_9,6,18,0.0
64,17631,ssr,25,age_1_9,5,19,0.0
64,17631,ssr,25,age_1_9,4,20,1.0
64,17631,ssr,25,age_1_9,3,21,0.0
64,17631,ssr,25,age_1_9,2,22,0.0
64,17631,ssr,25,age_1_9,1,23,1.0
64,17631,ssr,25,age_0,0,24,1.0
64,17631,ssr,50,age_10_99,49,0,1.0
64,17631,ssr,50,age_10_99,48,1,0.0
64,17631,ssr,50,age_10_99,47,2,0.0
64,17631,ssr,50,age_10_99,46,3,0.0
64,17631,ssr,50,age_10_99,45,4,0.0
64,17631,ssr,50,age_10_99,44,5,0.0
64,17631,ssr,50,age_10_99,43,6,0.0
64,17631,ssr,50,age_10_99,42,7,1.0
64,17631,ssr,50,age_10_99,41,8,0.0
64,17631,ssr,50,age_10_99,40,9,0.0
64,17631,ssr,50,age_10_99,39,10,0.0
64,17631,ssr,50,age_10_99,38,11,0.0
64,17631,ssr,50,age_10_99,37,12,0.0
64,17631,ssr,50,age_10_99,36,13,0.0
64,17631,ssr,50,age_10_99,35,14,1.0
64,17631,ssr,50,age_10_99,34,15,0.0
64,17631,ssr,50,age_10_99,33,16,0.0
64,17631,ssr,50,age_10_99,32,17,0.0
64,17631,ssr,50,age_10_99,31,18,0.0
64,17631,ssr,50,age_10_99,30,19,0.0
64,17631,ssr,50,age_10_99,29,20,0.0
64,17631,ssr,50,age_10_99,28,21,1.0
64,17631,ssr,50,age_10_99,27,22,0.0
64,17631,ssr,50,age_10_99,26,23,0.0
64,17631,ssr,50,age_10_99,25,24,0.0
64,17631,ssr,50,age_10_99,24,25,0.0
64,17631,ssr,50,age_10_99,23,26,0.0
64,17631,ssr,50,age_10_99,22,27,1.0
64,17631,ssr,50,age_10_99,21,28,0.0
64,17631,ssr,50,age_10_99,20,29,0.0
64,17631,ssr,50,age_10_99,19,30,0.0
64,17631,ssr,50,age_10_99,18,31,0.0
64,17631,ssr,50,age_10_99,17,32,1.0
64,17631,ssr,50,age_10_99,16,33,0.0
64,17631,ssr,50,age_10_99,15,34,1.0
64,17631,ssr,50,age_10_99,14,35,0.0
64,17631,ssr,50,age_10_99,13,36,0.0
64,17631,ssr,50,age_10_99,12,37,0.0
64,17631,ssr,50,age_10_99,11,38,0.0
64,17631,ssr,50,age_10_99,10,39,0.0
64,17631,ssr,50,age_1_9,9,40,0.0
64,17631,ssr,50,age_1_9,8,41,1.0
64,17631,ssr,50,age_1_9,7,42,0.0
64,17631,ssr,50,age_1_9,6,43,0.0
64,17631,ssr,50,age_1_9,5,44,0.0
64,17631,ssr,50,age_1_9,4,45,0.0
64,17631,ssr,50,age_1_9,3,46,0.0
64,17631,ssr,50,age_1_9,2,47,0.0
64,17631,ssr,50,age_1_9,1,48,1.0
64,17631,ssr,50,age_0,0,49,1.0
64,17631,ssr,100,age_10_99,99,0,1.0
64,17631,ssr,100,age_10_99,98,1,0.0
64,17631,ssr,100,age_10_99,97,2,0.0
64,17631,ssr,100,age_10_99,96,3,0.0
64,17631,ssr,100,age_10_99,95,4,0.0
64,17631,ssr,100,age_10_99,94,5,0.0
64,17631,ssr,100,age_10_99,93,6,0.0
64,17631,ssr,100,age_10_99,92,7,0.0
64,17631,ssr,100,age_10_99,91,8,0.0
64,17631,ssr,100,age_10_99,90,9,0.0
64,17631,ssr,100,age_10_99,89,10,0.0
64,17631,ssr,100,age_10_99,88,11,0.0
64,17631,ssr,100,age_10_99,87,12,0.0
64,17631,ssr,100,age_10_99,86,13,0.0
64,17631,ssr,100,age_10_99,85,14,1.0
64,17631,ssr,100,age_10_99,84,15,0.0
64,17631,ssr,100,age_10_99,83,16,0.0
64,17631,ssr,100,age_10_99,82,17,0.0
64,17631,ssr,100,age_10_99,81,18,0.0
64,17631,ssr,100,age_10_99,80,19,0.0
64,17631,ssr,100,age_10_99,79,20,0.0
64,17631,ssr,100,age_10_99,78,21,0.0
64,17631,ssr,100,age_10_99,77,22,0.0
64,17631,ssr,100,age_10_99,76,23,0.0
64,17631,ssr,100,age_10_99,75,24,0.0
64,17631,ssr,100,age_10_99,74,25,0.0
64,17631,ssr,100,age_10_99,73,26,0.0
64,17631,ssr,100,age_10_99,72,27,0.0
64,17631,ssr,100,age_10_99,71,28,1.0
64,17631,ssr,100,age_10_99,70,29,0.0
64,17631,ssr,100,age_10_99,69,30,0.0
64,17631,ssr,100,age_10_99,68,31,0.0
64,17631,ssr,100,age_10_99,67,32,0.0
64,17631,ssr,100,age_10_99,66,33,0.0
64,17631,ssr,100,age_10_99,65,34,0.0
64,17631,ssr,100,age_10_99,64,35,0.0
64,17631,ssr,100,age_10_99,63,36,0.0
64,17631,ssr,100,age_10_99,62,37,0.0
64,17631,ssr,100,age_10_99,61,38,0.0
64,17631,ssr,100,age_10_99,60,39,0.0
64,17631,ssr,100,age_10_99,59,40,0.0
64,17631,ssr,100,age_10_99,58,41,1.0
64,17631,ssr,100,age_10_99,57,42,1.0
64,17631,ssr,100,age_10_99,56,43,0.0
64,17631,ssr,100,age_10_99,55,44,0.0
64,17631,ssr,100,age_10_99,54,45,0.0
64,17631,ssr,100,age_10_99,53,46,0.0
64,17631,ssr,100,age_10_99,52,47,0.0
64,17631,ssr,100,age_10_99,51,48,0.0
64,17631,ssr,100,age_10_99,50,49,0.0
64,17631,ssr,100,age_10_99,49,50,0.0
64,17631,ssr,100,age_10_99,48,51,0.0
64,17631,ssr,100,age_10_99,47,52,0.0
64,17631,ssr,100,age_10_99,46,53,0.0
64,17631,ssr,100,age_10_99,45,54,0.0
64,17631,ssr,100,age_10_99,44,55,1.0
64,17631,ssr,100,age_10_99,43,56,1.0
64,17631,ssr,100,age_10_99,42,57,0.0
64,17631,ssr,100,age_10_99,41,58,0.0
64,17631,ssr,100,age_10_99,40,59,1.0
64,17631,ssr,100,age_10_99,39,60,0.0
64,17631,ssr,100,age_10_99,38,61,0.0
64,17631,ssr,100,age_10_99,37,62,0.0
64,17631,ssr,100,age_10_99,36,63,0.0
64,17631,ssr,100,age_10_99,35,64,0.0
64,17631,ssr,100,age_10_99,34,65,0.0
64,17631,ssr,100,age_10_99,33,66,0.0
64,17631,ssr,100,age_10_99,32,67,0.0
64,17631,ssr,100,age_10_99,31,68,1.0
64,17631,ssr,100,age_10_99,30,69,1.0
64,17631,ssr,100,age_10_99,29,70,1.0
64,17631,ssr,100,age_10_99,28,71,0.0
64,17631,ssr,100,age_10_99,27,72,0.0
64,17631,ssr,100,age_10_99,26,73,0.0
64,17631,ssr,100,age_10_99,25,74,0.0
64,17631,ssr,100,age_10_99,24,75,0.0
64,17631,ssr,100,age_10_99,23,76,0.0
64,17631,ssr,100,age_10_99,22,77,0.0
64,17631,ssr,100,age_10_99,21,78,0.0
64,17631,ssr,100,age_10_99,20,79,0.0
64,17631,ssr,100,age_10_99,19,80,0.0
64,17631,ssr,100,age_10_99,18,81,0.0
64,17631,ssr,100,age_10_99,17,82,0.0
64,17631,ssr,100,age_10_99,16,83,1.0
64,17631,ssr,100,age_10_99,15,84,1.0
64,17631,ssr,100,age_10_99,14,85,0.0
64,17631,ssr,100,age_10_99,13,86,0.0
64,17631,ssr,100,age_10_99,12,87,0.0
64,17631,ssr,100,age_10_99,11,88,0.0
64,17631,ssr,100,age_10_99,10,89,0.0
64,17631,ssr,100,age_1_9,9,90,0.0
64,17631,ssr,100,age_1_9,8,91,0.0
64,17631,ssr,100,age_1_9,7,92,0.0
64,17631,ssr,100,age_1_9,6,93,0.0
64,17631,ssr,100,age_1_9,5,94,0.0
64,17631,ssr,100,age_1_9,4,95,0.0
64,17631,ssr,100,age_1_9,3,96,1.0
64,17631,ssr,100,age_1_9,2,97,1.0
64,17631,ssr,100,age_1_9,1,98,1.0
64,17631,ssr,100,age_0,0,99,1.0
64,17632,plain,1,age_0,0,0,1.0
64,17632,plain,2,age_1_9,1,0,1.0
64,17632,plain,2,age_0,0,1,1.0
64,17632,plain,5,age_1_9,4,0,1.0
64,17632,plain,5,age_1_9,3,1,1.0
64,17632,plain,5,age_1_9,2,2,1.0
64,17632,plain,5,age_1_9,1,3,1.0
64,17632,plain,5,age_0,0,4,1.0
64,17632,plain,10,age_1_9,9,0,1.0
64,17632,plain,10,age_1_9,8,1,1.0
64,17632,plain,10,age_1_9,7,2,1.0
64,17632,plain,10,age_1_9,6,3,1.0
64,17632,plain,10,age_1_9,5,4,0.0
64,17632,plain,10,age_1_9,4,5,1.0
64,17632,plain,10,age_1_9,3,6,1.0
64,17632,plain,10,age_1_9,2,7,1.0
64,17632,plain,10,age_1_9,1,8,1.0
64,17632,plain,10,age_0,0,9,1.0
64,17632,plain,25,age_10_99,24,0,1.0
64,17632,plain,25,age_10_99,23,1,0.0
64,17632,plain,25,age_10_99,22,2,0.0
64,17632,plain,25,age_10_99,21,3,1.0
64,17632,plain,25,age_10_99,20,4,0.0
64,17632,plain,25,age_10_99,19,5,1.0
64,17632,plain,25,age_10_99,18,6,1.0
64,17632,plain,25,age_10_99,17,7,1.0
64,17632,plain,25,age_10_99,16,8,0.0
64,17632,plain,25,age_10_99,15,9,0.0
64,17632,plain,25,age_10_99,14,10,1.0
64,17632,plain,25,age_10_99,13,11,0.0
64,17632,plain,25,age_10_99,12,12,1.0
64,17632,plain,25,age_10_99,11,13,1.0
64,17632,plain,25,age_10_99,10,14,1.0
64,17632,plain,25,age_1_9,9,15,1.0
64,17632,plain,25,age_1_9,8,16,1.0
64,17632,plain,25,age_1_9,7,17,1.0
64,17632,plain,25,age_1_9,6,18,0.0
64,17632,plain,25,age_1_9,5,19,1.0
64,17632,plain,25,age_1_9,4,20,1.0
64,17632,plain,25,age_1_9,3,21,0.0
64,17632,plain,25,age_1_9,2,22,0.0
64,17632,plain,25,age_1_9,1,23,1.0
64,17632,plain,25,age_0,0,24,1.0
64,17632,plain,50,age_10_99,49,0,1.0
64,17632,plain,50,age_10_99,48,1,0.0
64,17632,plain,50,age_10_99,47,2,0.0
64,17632,plain,50,age_10_99,46,3,0.0
64,17632,plain,50,age_10_99,45,4,0.0
64,17632,plain,50,age_10_99,44,5,0.0
64,17632,plain,50,age_10_99,43,6,0.0
64,17632,plain,50,age_10_99,42,7,1.0
64,17632,plain,50,age_10_99,41,8,0.0
64,17632,plain,50,age_10_99,40,9,0.0
64,17632,plain,50,age_10_99,39,10,0.0
64,17632,plain,50,age_10_99,38,11,0.0
64,17632,plain,50,age_10_99,37,12,1.0
64,17632,plain,50,age_10_99,36,13,0.0
64,17632,plain,50,age_10_99,35,14,1.0
64,17632,plain,50,age_10_99,34,15,0.0
64,17632,plain,50,age_10_99,33,16,0.0
64,17632,plain,50,age_10_99,32,17,1.0
64,17632,plain,50,age_10_99,31,18,0.0
64,17632,plain,50,age_10_99,30,19,0.0
64,17632,plain,50,age_10_99,29,20,0.0
64,17632,plain,50,age_10_99,28,21,1.0
64,17632,plain,50,age_10_99,27,22,0.0
64,17632,plain,50,age_10_99,26,23,0.0
64,17632,plain,50,age_10_99,25,24,0.0
64,17632,plain,50,age_10_99,24,25,0.0
64,17632,plain,50,age_10_99,23,26,0.0
64,17632,plain,50,age_10_99,22,27,1.0
64,17632,plain,50,age_10_99,21,28,0.0
64,17632,plain,50,age_10_99,20,29,0.0
64,17632,plain,50,age_10_99,19,30,0.0
64,17632,plain,50,age_10_99,18,31,0.0
64,17632,plain,50,age_10_99,17,32,0.0
64,17632,plain,50,age_10_99,16,33,0.0
64,17632,plain,50,age_10_99,15,34,1.0
64,17632,plain,50,age_10_99,14,35,0.0
64,17632,plain,50,age_10_99,13,36,0.0
64,17632,plain,50,age_10_99,12,37,0.0
64,17632,plain,50,age_10_99,11,38,0.0
64,17632,plain,50,age_10_99,10,39,0.0
64,17632,plain,50,age_1_9,9,40,0.0
64,17632,plain,50,age_1_9,8,41,1.0
64,17632,plain,50,age_1_9,7,42,0.0
64,17632,plain,50,age_1_9,6,43,0.0
64,17632,plain,50,age_1_9,5,44,0.0
64,17632,plain,50,age_1_9,4,45,0.0
64,17632,plain,50,age_1_9,3,46,0.0
64,17632,plain,50,age_1_9,2,47,0.0
64,17632,plain,50,age_1_9,1,48,1.0
64,17632,plain,50,age_0,0,49,1.0
64,17632,plain,100,age_10_99,99,0,1.0
64,17632,plain,100,age_10_99,98,1,0.0
64,17632,plain,100,age_10_99,97,2,0.0
64,17632,plain,100,age_10_99,96,3,0.0
64,17632,plain,100,age_10_99,95,4,0.0
64,17632,plain,100,age_10_99,94,5,0.0
64,17632,plain,100,age_10_99,93,6,0.0
64,17632,plain,100,age_10_99,92,7,0.0
64,17632,plain,100,age_10_99,91,8,0.0
64,17632,plain,100,age_10_99,90,9,0.0
64,17632,plain,100,age_10_99,89,10,0.0
64,17632,plain,100,age_10_99,88,11,0.0
64,17632,plain,100,age_10_99,87,12,1.0
64,17632,plain,100,age_10_99,86,13,0.0
64,17632,plain,100,age_10_99,85,14,1.0
64,17632,plain,100,age_10_99,84,15,0.0
64,17632,plain,100,age_10_99,83,16,0.0
64,17632,plain,100,age_10_99,82,17,0.0
64,17632,plain,100,age_10_99,81,18,0.0
64,17632,plain,100,age_10_99,80,19,0.0
64,17632,plain,100,age_10_99,79,20,0.0
64,17632,plain,100,age_10_99,78,21,0.0
64,17632,plain,100,age_10_99,77,22,0.0
64,17632,plain,100,age_10_99,76,23,0.0
64,17632,plain,100,age_10_99,75,24,0.0
64,17632,plain,100,age_10_99,74,25,0.0
64,17632,plain,100,age_10_99,73,26,0.0
64,17632,plain,100,age_10_99,72,27,0.0
64,17632,plain,100,age_10_99,71,28,1.0
64,17632,plain,100,age_10_99,70,29,0.0
64,17632,plain,100,age_10_99,69,30,0.0
64,17632,plain,100,age_10_99,68,31,0.0
64,17632,plain,100,age_10_99,67,32,0.0
64,17632,plain,100,age_10_99,66,33,0.0
64,17632,plain,100,age_10_99,65,34,0.0
64,17632,plain,100,age_10_99,64,35,0.0
64,17632,plain,100,age_10_99,63,36,0.0
64,17632,plain,100,age_10_99,62,37,0.0
64,17632,plain,100,age_10_99,61,38,0.0
64,17632,plain,100,age_10_99,60,39,0.0
64,17632,plain,100,age_10_99,59,40,0.0
64,17632,plain,100,age_10_99,58,41,0.0
64,17632,plain,100,age_10_99,57,42,1.0
64,17632,plain,100,age_10_99,56,43,0.0
64,17632,plain,100,age_10_99,55,44,0.0
64,17632,plain,100,age_10_99,54,45,0.0
64,17632,plain,100,age_10_99,53,46,0.0
64,17632,plain,100,age_10_99,52,47,0.0
64,17632,plain,100,age_10_99,51,48,0.0
64,17632,plain,100,age_10_99,50,49,0.0
64,17632,plain,100,age_10_99,49,50,1.0
64,17632,plain,100,age_10_99,48,51,0.0
64,17632,plain,100,age_10_99,47,52,0.0
64,17632,plain,100,age_10_99,46,53,0.0
64,17632,plain,100,age_10_99,45,54,0.0
64,17632,plain,100,age_10_99,44,55,0.0
64,17632,plain,100,age_10_99,43,56,1.0
64,17632,plain,100,age_10_99,42,57,1.0
64,17632,plain,100,age_10_99,41,58,0.0
64,17632,plain,100,age_10_99,40,59,0.0
64,17632,plain,100,age_10_99,39,60,0.0
64,17632,plain,100,age_10_99,38,61,0.0
64,17632,plain,100,age_10_99,37,62,0.0
64,17632,plain,100,age_10_99,36,63,0.0
64,17632,plain,100,age_10_99,35,64,0.0
64,17632,plain,100,age_10_99,34,65,0.0
64,17632,plain,100,age_10_99,33,66,0.0
64,17632,plain,100,age_10_99,32,67,0.0
64,17632,plain,100,age_10_99,31,68,0.0
64,17632,plain,100,age_10_99,30,69,0.0
64,17632,plain,100,age_10_99,29,70,1.0
64,17632,plain,100,age_10_99,28,71,0.0
64,17632,plain,100,age_10_99,27,72,0.0
64,17632,plain,100,age_10_99,26,73,0.0
64,17632,plain,100,age_10_99,25,74,0.0
64,17632,plain,100,age_10_99,24,75,0.0
64,17632,plain,100,age_10_99,23,76,0.0
64,17632,plain,100,age_10_99,22,77,0.0
64,17632,plain,100,age_10_99,21,78,0.0
64,17632,plain,100,age_10_99,20,79,0.0
64,17632,plain,100,age_10_99,19,80,0.0
64,17632,plain,100,age_10_99,18,81,0.0
64,17632,plain,100,age_10_99,17,82,0.0
64,17632,plain,100,age_10_99,16,83,0.0
64,17632,plain,100,age_10_99,15,84,1.0
64,17632,plain,100,age_10_99,14,85,0.0
64,17632,plain,100,age_10_99,13,86,0.0
64,17632,plain,100,age_10_99,12,87,0.0
64,17632,plain,100,age_10_99,11,88,0.0
64,17632,plain,100,age_10_99,10,89,0.0
64,17632,plain,100,age_1_9,9,90,0.0
64,17632,plain,100,age_1_9,8,91,0.0
64,17632,plain,100,age_1_9,7,92,1.0
64,17632,plain,100,age_1_9,6,93,0.0
64,17632,plain,100,age_1_9,5,94,0.0
64,17632,plain,100,age_1_9,4,95,0.0
64,17632,plain,100,age_1_9,3,96,0.0
64,17632,plain,100,age_1_9,2,97,0.0
64,17632,plain,100,age_1_9,1,98,1.0
64,17632,plain,100,age_0,0,99,1.0
64,17632,ssr,1,age_0,0,0,1.0
64,17632,ssr,2,age_1_9,1,0,1.0
64,17632,ssr,2,age_0,0,1,1.0
64,17632,ssr,5,age_1_9,4,0,1.0
64,17632,ssr,5,age_1_9,3,1,1.0
64,17632,ssr,5,age_1_9,2,2,1.0
64,17632,ssr,5,age_1_9,1,3,1.0
64,17632,ssr,5,age_0,0,4,1.0
64,17632,ssr,10,age_1_9,9,0,1.0
64,17632,ssr,10,age_1_9,8,1,1.0
64,17632,ssr,10,age_1_9,7,2,1.0
64,17632,ssr,10,age_1_9,6,3,1.0
64,17632,ssr,10,age_1_9,5,4,0.0
64,17632,ssr,10,age_1_9,4,5,1.0
64,17632,ssr,10,age_1_9,3,6,1.0
64,17632,ssr,10,age_1_9,2,7,1.0
64,17632,ssr,10,age_1_9,1,8,1.0
64,17632,ssr,10,age_0,0,9,1.0
64,17632,ssr,25,age_10_99,24,0,1.0
64,17632,ssr,25,age_10_99,23,1,0.0
64,17632,ssr,25,age_10_99,22,2,0.0
64,17632,ssr,25,age_10_99,21,3,1.0
64,17632,ssr,25,age_10_99,20,4,0.0
64,17632,ssr,25,age_10_99,19,5,0.0
64,17632,ssr,25,age_10_99,18,6,0.0
64,17632,ssr,25,age_10_99,17,7,1.0
64,17632,ssr,25,age_10_99,16,8,0.0
64,17632,ssr,25,age_10_99,15,9,0.0
64,17632,ssr,25,age_10_99,14,10,1.0
64,17632,ssr,25,age_10_99,13,11,0.0
64,17632,ssr,25,age_10_99,12,12,1.0
64,17632,ssr,25,age_10_99,11,13,1.0
64,17632,ssr,25,age_10_99,10,14,1.0
64,17632,ssr,25,age_1_9,9,15,0.0
64,17632,ssr,25,age_1_9,8,16,1.0
64,17632,ssr,25,age_1_9,7,17,0.0
64,17632,ssr,25,age_1_9,6,18,0.0
64,17632,ssr,25,age_1_9,5,19,0.0
64,17632,ssr,25,age_1_9,4,20,1.0
64,17632,ssr,25,age_1_9,3,21,0.0
64,17632,ssr,25,age_1_9,2,22,0.0
64,17632,ssr,25,age_1_9,1,23,1.0
64,17632,ssr,25,age_0,0,24,1.0
64,17632,ssr,50,age_10_99,49,0,1.0
64,17632,ssr,50,age_10_99,48,1,0.0
64,17632,ssr,50,age_10_99,47,2,0.0
64,17632,ssr,50,age_10_99,46,3,0.0
64,17632,ssr,50,age_10_99,45,4,0.0
64,17632,ssr,50,age_10_99,44,5,0.0
64,17632,ssr,50,age_10_99,43,6,0.0
64,17632,ssr,50,age_10_99,42,7,1.0
64,17632,ssr,50,age_10_99,41,8,0.0
64,17632,ssr,50,age_10_99,40,9,0.0
64,17632,ssr,50,age_10_99,39,10,0.0
64,17632,ssr,50,age_10_99,38,11,0.0
64,17632,ssr,50,age_10_99,37,12,1.0
64,17632,ssr,50,age_10_99,36,13,0.0
64,17632,ssr,50,age_10_99,35,14,1.0
64,17632,ssr,50,age_10_99,34,15,0.0
64,17632,ssr,50,age_10_99,33,16,0.0
64,17632,ssr,50,age_10_99,32,17,0.0
64,17632,ssr,50,age_10_99,31,18,0.0
64,17632,ssr,50,age_10_99,30,19,0.0
64,17632,ssr,50,age_10_99,29,20,0.0
64,17632,ssr,50,age_10_99,28,21,1.0
64,17632,ssr,50,age_10_99,27,22,0.0
64,17632,ssr,50,age_10_99,26,23,0.0
64,17632,ssr,50,age_10_99,25,24,0.0
64,17632,ssr,50,age_10_99,24,25,0.0
64,17632,ssr,50,age_10_99,23,26,0.0
64,17632,ssr,50,age_10_99,22,27,1.0
64,17632,ssr,50,age_10_99,21,28,0.0
64,17632,ssr,50,age_10_99,20,29,0.0
64,17632,ssr,50,age_10_99,19,30,0.0
64,17632,ssr,50,age_10_99,18,31,0.0
64,17632,ssr,50,age_10_99,17,32,0.0
64,17632,ssr,50,age_10_99,16,33,0.0
64,17632,ssr,50,age_10_99,15,34,1.0
64,17632,ssr,50,age_10_99,14,35,0.0
64,17632,ssr,50,age_10_99,13,36,0.0
64,17632,ssr,50,age_10_99,12,37,0.0
64,17632,ssr,50,age_10_99,11,38,0.0
64,17632,ssr,50,age_10_99,10,39,1.0
64,17632,ssr,50,age_1_9,9,40,0.0
64,17632,ssr,50,age_1_9,8,41,1.0
64,17632,ssr,50,age_1_9,7,42,0.0
64,17632,ssr,50,age_1_9,6,43,0.0
64,17632,ssr,50,age_1_9,5,44,0.0
64,17632,ssr,50,age_1_9,4,45,0.0
64,17632,ssr,50,age_1_9,3,46,1.0
64,17632,ssr,50,age_1_9,2,47,0.0
64,17632,ssr,50,age_1_9,1,48,1.0
64,17632,ssr,50,age_0,0,49,1.0
64,17632,ssr,100,age_10_99,99,0,1.0
64,17632,ssr,100,age_10_99,98,1,0.0
64,17632,ssr,100,age_10_99,97,2,0.0
64,17632,ssr,100,age_10_99,96,3,0.0
64,17632,ssr,100,age_10_99,95,4,0.0
64,17632,ssr,100,age_10_99,94,5,0.0
64,17632,ssr,100,age_10_99,93,6,0.0
64,17632,ssr,100,age_10_99,92,7,0.0
64,17632,ssr,100,age_10_99,91,8,0.0
64,17632,ssr,100,age_10_99,90,9,0.0
64,17632,ssr,100,age_10_99,89,10,0.0
64,17632,ssr,100,age_10_99,88,11,0.0
64,17632,ssr,100,age_10_99,87,12,1.0
64,17632,ssr,100,age_10_99,86,13,1.0
64,17632,ssr,100,age_10_99,85,14,1.0
64,17632,ssr,100,age_10_99,84,15,0.0
64,17632,ssr,100,age_10_99,83,16,0.0
64,17632,ssr,100,age_10_99,82,17,0.0
64,17632,ssr,100,age_10_99,81,18,0.0
64,17632,ssr,100,age_10_99,80,19,0.0
64,17632,ssr,100,age_10_99,79,20,0.0
64,17632,ssr,100,age_10_99,78,21,0.0
64,17632,ssr,100,age_10_99,77,22,0.0
64,17632,ssr,100,age_10_99,76,23,0.0
64,17632,ssr,100,age_10_99,75,24,0.0
64,17632,ssr,100,age_10_99,74,25,0.0
64,17632,ssr,100,age_10_99,73,26,0.0
64,17632,ssr,100,age_10_99,72,27,1.0
64,17632,ssr,100,age_10_99,71,28,1.0
64,17632,ssr,100,age_10_99,70,29,0.0
64,17632,ssr,100,age_10_99,69,30,0.0
64,17632,ssr,100,age_10_99,68,31,0.0
64,17632,ssr,100,age_10_99,67,32,0.0
64,17632,ssr,100,age_10_99,66,33,0.0
64,17632,ssr,100,age_10_99,65,34,0.0
64,17632,ssr,100,age_10_99,64,35,0.0
64,17632,ssr,100,age_10_99,63,36,0.0
64,17632,ssr,100,age_10_99,62,37,0.0
64,17632,ssr,100,age_10_99,61,38,0.0
64,17632,ssr,100,age_10_99,60,39,1.0
64,17632,ssr,100,age_10_99,59,40,0.0
64,17632,ssr,100,age_10_99,58,41,1.0
64,17632,ssr,100,age_10_99,57,42,1.0
64,17632,ssr,100,age_10_99,56,43,0.0
64,17632,ssr,100,age_10_99,55,44,0.0
64,17632,ssr,100,age_10_99,54,45,0.0
64,17632,ssr,100,age_10_99,53,46,0.0
64,17632,ssr,100,age_10_99,52,47,0.0
64,17632,ssr,100,age_10_99,51,48,0.0
64,17632,ssr,100,age_10_99,50,49,0.0
64,17632,ssr,100,age_10_99,49,50,1.0
64,17632,ssr,100,age_10_99,48,51,0.0
64,17632,ssr,100,age_10_99,47,52,0.0
64,17632,ssr,100,age_10_99,46,53,0.0
64,17632,ssr,100,age_10_99,45,54,1.0
64,17632,ssr,100,age_10_99,44,55,0.0
64,17632,ssr,100,age_10_99,43,56,1.0
64,17632,ssr,100,age_10_99,42,57,1.0
64,17632,ssr,100,age_10_99,41,58,0.0
64,17632,ssr,100,age_10_99,40,59,0.0
64,17632,ssr,100,age_10_99,39,60,0.0
64,17632,ssr,100,age_10_99,38,61,0.0
64,17632,ssr,100,age_10_99,37,62,0.0
64,17632,ssr,100,age_10_99,36,63,0.0
64,17632,ssr,100,age_10_99,35,64,0.0
64,17632,ssr,100,age_10_99,34,65,0.0
64,17632,ssr,100,age_10_99,33,66,0.0
64,17632,ssr,100,age_10_99,32,67,0.0
64,17632,ssr,100,age_10_99,31,68,0.0
64,17632,ssr,100,age_10_99,30,69,0.0
64,17632,ssr,100,age_10_99,29,70,1.0
64,17632,ssr,100,age_10_99,28,71,0.0
64,17632,ssr,100,age_10_99,27,72,0.0
64,17632,ssr,100,age_10_99,26,73,0.0
64,17632,ssr,100,age_10_99,25,74,0.0
64,17632,ssr,100,age_10_99,24,75,0.0
64,17632,ssr,100,age_10_99,23,76,0.0
64,17632,ssr,100,age_10_99,22,77,0.0
64,17632,ssr,100,age_10_99,21,78,0.0
64,17632,ssr,100,age_10_99,20,79,0.0
64,17632,ssr,100,age_10_99,19,80,0.0
64,17632,ssr,100,age_10_99,18,81,0.0
64,17632,ssr,100,age_10_99,17,82,0.0
64,17632,ssr,100,age_10_99,16,83,1.0
64,17632,ssr,100,age_10_99,15,84,1.0
64,17632,ssr,100,age_10_99,14,85,0.0
64,17632,ssr,100,age_10_99,13,86,0.0
64,17632,ssr,100,age_10_99,12,87,0.0
64,17632,ssr,100,age_10_99,11,88,0.0
64,17632,ssr,100,age_10_99,10,89,0.0
64,17632,ssr,100,age_1_9,9,90,0.0
64,17632,ssr,100,age_1_9,8,91,0.0
64,17632,ssr,100,age_1_9,7,92,1.0
64,17632,ssr,100,age_1_9,6,93,0.0
64,17632,ssr,100,age_1_9,5,94,0.0
64,17632,ssr,100,age_1_9,4,95,0.0
64,17632,ssr,100,age_1_9,3,96,0.0
64,17632,ssr,100,age_1_9,2,97,0.0
64,17632,ssr,100,age_1_9,1,98,1.0
64,17632,ssr,100,age_0,0,99,1.0
64,17633,plain,1,age_0,0,0,1.0
64,17633,plain,2,age_1_9,1,0,1.0
64,17633,plain,2,age_0,0,1,1.0
64,17633,plain,5,age_1_9,4,0,1.0
64,17633,plain,5,age_1_9,3,1,1.0
64,17633,plain,5,age_1_9,2,2,1.0
64,17633,plain,5,age_1_9,1,3,1.0
64,17633,plain,5,age_0,0,4,1.0
64,17633,plain,10,age_1_9,9,0,1.0
64,17633,plain,10,age_1_9,8,1,1.0
64,17633,plain,10,age_1_9,7,2,1.0
64,17633,plain,10,age_1_9,6,3,1.0
64,17633,plain,10,age_1_9,5,4,1.0
64,17633,plain,10,age_1_9,4,5,1.0
64,17633,plain,10,age_1_9,3,6,1.0
64,17633,plain,10,age_1_9,2,7,1.0
64,17633,plain,10,age_1_9,1,8,1.0
64,17633,plain,10,age_0,0,9,1.0
64,17633,plain,25,age_10_99,24,0,1.0
64,17633,plain,25,age_10_99,23,1,0.0
64,17633,plain,25,age_10_99,22,2,0.0
64,17633,plain,25,age_10_99,21,3,1.0
64,17633,plain,25,age_10_99,20,4,0.0
64,17633,plain,25,age_10_99,19,5,1.0
64,17633,plain,25,age_10_99,18,6,0.0
64,17633,plain,25,age_10_99,17,7,1.0
64,17633,plain,25,age_10_99,16,8,1.0
64,17633,plain,25,age_10_99,15,9,0.0
64,17633,plain,25,age_10_99,14,10,1.0
64,17633,plain,25,age_10_99,13,11,0.0
64,17633,plain,25,age_10_99,12,12,1.0
64,17633,plain,25,age_10_99,11,13,1.0
64,17633,plain,25,age_10_99,10,14,0.0
64,17633,plain,25,age_1_9,9,15,0.0
64,17633,plain,25,age_1_9,8,16,1.0
64,17633,plain,25,age_1_9,7,17,0.0
64,17633,plain,25,age_1_9,6,18,1.0
64,17633,plain,25,age_1_9,5,19,0.0
64,17633,plain,25,age_1_9,4,20,1.0
64,17633,plain,25,age_1_9,3,21,1.0
64,17633,plain,25,age_1_9,2,22,0.0
64,17633,plain,25,age_1_9,1,23,1.0
64,17633,plain,25,age_0,0,24,1.0
64,17633,plain,50,age_10_99,49,0,1.0
64,17633,plain,50,age_10_99,48,1,0.0
64,17633,plain,50,age_10_99,47,2,0.0
64,17633,plain,50,age_10_99,46,3,0.0
64,17633,plain,50,age_10_99,45,4,0.0
64,17633,plain,50,age_10_99,44,5,0.0
64,17633,plain,50,age_10_99,43,6,0.0
64,17633,plain,50,age_10_99,42,7,1.0
64,17633,plain,50,age_10_99,41,8,0.0
64,17633,plain,50,age_10_99,40,9,0.0
64,17633,plain,50,age_10_99,39,10,0.0
64,17633,plain,50,age_10_99,38,11,0.0
64,17633,plain,50,age_10_99,37,12,0.0
64,17633,plain,50,age_10_99,36,13,0.0
64,17633,plain,50,age_10_99,35,14,1.0
64,17633,plain,50,age_10_99,34,15,0.0
64,17633,plain,50,age_10_99,33,16,0.0
64,17633,plain,50,age_10_99,32,17,0.0
64,17633,plain,50,age_10_99,31,18,0.0
64,17633,plain,50,age_10_99,30,19,0.0
64,17633,plain,50,age_10_99,29,20,0.0
64,17633,plain,50,age_10_99,28,21,1.0
64,17633,plain,50,age_10_99,27,22,0.0
64,17633,plain,50,age_10_99,26,23,0.0
64,17633,plain,50,age_10_99,25,24,0.0
64,17633,plain,50,age_10_99,24,25,0.0
64,17633,plain,50,age_10_99,23,26,0.0
64,17633,plain,50,age_10_99,22,27,1.0
64,17633,plain,50,age_10_99,21,28,0.0
64,17633,plain,50,age_10_99,20,29,0.0
64,17633,plain,50,age_10_99,19,30,0.0
64,17633,plain,50,age_10_99,18,31,0.0
64,17633,plain,50,age_10_99,17,32,0.0
64,17633,plain,50,age_10_99,16,33,0.0
64,17633,plain,50,age_10_99,15,34,1.0
64,17633,plain,50,age_10_99,14,35,0.0
64,17633,plain,50,age_10_99,13,36,0.0
64,17633,plain,50,age_10_99,12,37,0.0
64,17633,plain,50,age_10_99,11,38,0.0
64,17633,plain,50,age_10_99,10,39,0.0
64,17633,plain,50,age_1_9,9,40,0.0
64,17633,plain,50,age_1_9,8,41,1.0
64,17633,plain,50,age_1_9,7,42,0.0
64,17633,plain,50,age_1_9,6,43,0.0
64,17633,plain,50,age_1_9,5,44,0.0
64,17633,plain,50,age_1_9,4,45,0.0
64,17633,plain,50,age_1_9,3,46,0.0
64,17633,plain,50,age_1_9,2,47,0.0
64,17633,plain,50,age_1_9,1,48,1.0
64,17633,plain,50,age_0,0,49,1.0
64,17633,plain,100,age_10_99,99,0,1.0
64,17633,plain,100,age_10_99,98,1,0.0
64,17633,plain,100,age_10_99,97,2,0.0
64,17633,plain,100,age_10_99,96,3,0.0
64,17633,plain,100,age_10_99,95,4,0.0
64,17633,plain,100,age_10_99,94,5,0.0
64,17633,plain,100,age_10_99,93,6,0.0
64,17633,plain,100,age_10_99,92,7,0.0
64,17633,plain,100,age_10_99,91,8,0.0
64,17633,plain,100,age_10_99,90,9,0.0
64,17633,plain,100,age_10_99,89,10,0.0
64,17633,plain,100,age_10_99,88,11,0.0
64,17633,plain,100,age_10_99,87,12,0.0
64,17633,plain,100,age_10_99,86,13,0.0
64,17633,plain,100,age_10_99,85,14,1.0
64,17633,plain,100,age_10_99,84,15,0.0
64,17633,plain,100,age_10_99,83,16,0.0
64,17633,plain,100,age_10_99,82,17,0.0
64,17633,plain,100,age_10_99,81,18,0.0
64,17633,plain,100,age_10_99,80,19,0.0
64,17633,plain,100,age_10_99,79,20,0.0
64,17633,plain,100,age_10_99,78,21,0.0
64,17633,plain,100,age_10_99,77,22,0.0
64,17633,plain,100,age_10_99,76,23,0.0
64,17633,plain,100,age_10_99,75,24,0.0
64,17633,plain,100,age_10_99,74,25,0.0
64,17633,plain,100,age_10_99,73,26,0.0
64,17633,plain,100,age_10_99,72,27,0.0
64,17633,plain,100,age_10_99,71,28,1.0
64,17633,plain,100,age_10_99,70,29,0.0
64,17633,plain,100,age_10_99,69,30,0.0
64,17633,plain,100,age_10_99,68,31,0.0
64,17633,plain,100,age_10_99,67,32,0.0
64,17633,plain,100,age_10_99,66,33,0.0
64,17633,plain,100,age_10_99,65,34,0.0
64,17633,plain,100,age_10_99,64,35,0.0
64,17633,plain,100,age_10_99,63,36,0.0
64,17633,plain,100,age_10_99,62,37,0.0
64,17633,plain,100,age_10_99,61,38,0.0
64,17633,plain,100,age_10_99,60,39,0.0
64,17633,plain,100,age_10_99,59,40,0.0
64,17633,plain,100,age_10_99,58,41,0.0
64,17633,plain,100,age_10_99,57,42,1.0
64,17633,plain,100,age_10_99,56,43,0.0
64,17633,plain,100,age_10_99,55,44,0.0
64,17633,plain,100,age_10_99,54,45,0.0
64,17633,plain,100,age_10_99,53,46,0.0
64,17633,plain,100,age_10_99,52,47,0.0
64,17633,plain,100,age_10_99,51,48,0.0
64,17633,plain,100,age_10_99,50,49,1.0
64,17633,plain,100,age_10_99,49,50,1.0
64,17633,plain,100,age_10_99,48,51,0.0
64,17633,plain,100,age_10_99,47,52,0.0
64,17633,plain,100,age_10_99,46,53,0.0
64,17633,plain,100,age_10_99,45,54,0.0
64,17633,plain,100,age_10_99,44,55,0.0
64,17633,plain,100,age_10_99,43,56,1.0
64,17633,plain,100,age_10_99,42,57,0.0
64,17633,plain,100,age_10_99,41,58,0.0
64,17633,plain,100,age_10_99,40,59,0.0
64,17633,plain,100,age_10_99,39,60,0.0
64,17633,plain,100,age_10_99,38,61,0.0
64,17633,plain,100,age_10_99,37,62,0.0
64,17633,plain,100,age_10_99,36,63,0.0
64,17633,plain,100,age_10_99,35,64,0.0
64,17633,plain,100,age_10_99,34,65,0.0
64,17633,plain,100,age_10_99,33,66,0.0
64,17633,plain,100,age_10_99,32,67,1.0
64,17633,plain,100,age_10_99,31,68,1.0
64,17633,plain,100,age_10_99,30,69,1.0
64,17633,plain,100,age_10_99,29,70,1.0
64,17633,plain,100,age_10_99,28,71,0.0
64,17633,plain,100,age_10_99,27,72,0.0
64,17633,plain,100,age_10_99,26,73,0.0
64,17633,plain,100,age_10_99,25,74,0.0
64,17633,plain,100,age_10_99,24,75,0.0
64,17633,plain,100,age_10_99,23,76,0.0
64,17633,plain,100,age_10_99,22,77,0.0
64,17633,plain,100,age_10_99,21,78,0.0
64,17633,plain,100,age_10_99,20,79,0.0
64,17633,plain,100,age_10_99,19,80,1.0
64,17633,plain,100,age_10_99,18,81,0.0
64,17633,plain,100,age_10_99,17,82,0.0
64,17633,plain,100,age_10_99,16,83,0.0
64,17633,plain,100,age_10_99,15,84,1.0
64,17633,plain,100,age_10_99,14,85,0.0
64,17633,plain,100,age_10_99,13,86,0.0
64,17633,plain,100,age_10_99,12,87,0.0
64,17633,plain,100,age_10_99,11,88,0.0
64,17633,plain,100,age_10_99,10,89,0.0
64,17633,plain,100,age_1_9,9,90,0.0
64,17633,plain,100,age_1_9,8,91,0.0
64,17633,plain,100,age_1_9,7,92,0.0
64,17633,plain,100,age_1_9,6,93,0.0
64,17633,plain,100,age_1_9,5,94,0.0
64,17633,plain,100,age_1_9,4,95,0.0
64,17633,plain,100,age_1_9,3,96,0.0
64,17633,plain,100,age_1_9,2,97,0.0
64,17633,plain,100,age_1_9,1,98,1.0
64,17633,plain,100,age_0,0,99,1.0
64,17633,ssr,1,age_0,0,0,1.0
64,17633,ssr,2,age_1_9,1,0,1.0
64,17633,ssr,2,age_0,0,1,1.0
64,17633,ssr,5,age_1_9,4,0,1.0
64,17633,ssr,5,age_1_9,3,1,1.0
64,17633,ssr,5,age_1_9,2,2,1.0
64,17633,ssr,5,age_1_9,1,3,1.0
64,17633,ssr,5,age_0,0,4,1.0
64,17633,ssr,10,age_1_9,9,0,1.0
64,17633,ssr,10,age_1_9,8,1,1.0
64,17633,ssr,10,age_1_9,7,2,1.0
64,17633,ssr,10,age_1_9,6,3,1.0
64,17633,ssr,10,age_1_9,5,4,1.0
64,17633,ssr,10,age_1_9,4,5,1.0
64,17633,ssr,10,age_1_9,3,6,1.0
64,17633,ssr,10,age_1_9,2,7,1.0
64,17633,ssr,10,age_1_9,1,8,1.0
64,17633,ssr,10,age_0,0,9,1.0
64,17633,ssr,25,age_10_99,24,0,1.0
64,17633,ssr,25,age_10_99,23,1,1.0
64,17633,ssr,25,age_10_99,22,2,0.0
64,17633,ssr,25,age_10_99,21,3,1.0
64,17633,ssr,25,age_10_99,20,4,0.0
64,17633,ssr,25,age_10_99,19,5,0.0
64,17633,ssr,25,age_10_99,18,6,1.0
64,17633,ssr,25,age_10_99,17,7,1.0
64,17633,ssr,25,age_10_99,16,8,0.0
64,17633,ssr,25,age_10_99,15,9,1.0
64,17633,ssr,25,age_10_99,14,10,1.0
64,17633,ssr,25,age_10_99,13,11,0.0
64,17633,ssr,25,age_10_99,12,12,0.0
64,17633,ssr,25,age_10_99,11,13,1.0
64,17633,ssr,25,age_10_99,10,14,0.0
64,17633,ssr,25,age_1_9,9,15,0.0
64,17633,ssr,25,age_1_9,8,16,1.0
64,17633,ssr,25,age_1_9,7,17,0.0
64,17633,ssr,25,age_1_9,6,18,0.0
64,17633,ssr,25,age_1_9,5,19,1.0
64,17633,ssr,25,age_1_9,4,20,1.0
64,17633,ssr,25,age_1_9,3,21,0.0
64,17633,ssr,25,age_1_9,2,22,0.0
64,17633,ssr,25,age_1_9,1,23,1.0
64,17633,ssr,25,age_0,0,24,1.0
64,17633,ssr,50,age_10_99,49,0,1.0
64,17633,ssr,50,age_10_99,48,1,0.0
64,17633,ssr,50,age_10_99,47,2,0.0
64,17633,ssr,50,age_10_99,46,3,0.0
64,17633,ssr,50,age_10_99,45,4,0.0
64,17633,ssr,50,age_10_99,44,5,1.0
64,17633,ssr,50,age_10_99,43,6,0.0
64,17633,ssr,50,age_10_99,42,7,1.0
64,17633,ssr,50,age_10_99,41,8,0.0
64,17633,ssr,50,age_10_99,40,9,0.0
64,17633,ssr,50,age_10_99,39,10,0.0
64,17633,ssr,50,age_10_99,38,11,0.0
64,17633,ssr,50,age_10_99,37,12,0.0
64,17633,ssr,50,age_10_99,36,13,1.0
64,17633,ssr,50,age_10_99,35,14,1.0
64,17633,ssr,50,age_10_99,34,15,0.0
64,17633,ssr,50,age_10_99,33,16,0.0
64,17633,ssr,50,age_10_99,32,17,0.0
64,17633,ssr,50,age_10_99,31,18,0.0
64,17633,ssr,50,age_10_99,30,19,0.0
64,17633,ssr,50,age_10_99,29,20,0.0
64,17633,ssr,50,age_10_99,28,21,1.0
64,17633,ssr,50,age_10_99,27,22,0.0
64,17633,ssr,50,age_10_99,26,23,0.0
64,17633,ssr,50,age_10_99,25,24,0.0
64,17633,ssr,50,age_10_99,24,25,0.0
64,17633,ssr,50,age_10_99,23,26,0.0
64,17633,ssr,50,age_10_99,22,27,1.0
64,17633,ssr,50,age_10_99,21,28,0.0
64,17633,ssr,50,age_10_99,20,29,0.0
64,17633,ssr,50,age_10_99,19,30,0.0
64,17633,ssr,50,age_10_99,18,31,0.0
64,17633,ssr,50,age_10_99,17,32,0.0
64,17633,ssr,50,age_10_99,16,33,0.0
64,17633,ssr,50,age_10_99,15,34,1.0
64,17633,ssr,50,age_10_99,14,35,0.0
64,17633,ssr,50,age_10_99,13,36,0.0
64,17633,ssr,50,age_10_99,12,37,0.0
64,17633,ssr,50,age_10_99,11,38,0.0
64,17633,ssr,50,age_10_99,10,39,0.0
64,17633,ssr,50,age_1_9,9,40,0.0
64,17633,ssr,50,age_1_9,8,41,1.0
64,17633,ssr,50,age_1_9,7,42,0.0
64,17633,ssr,50,age_1_9,6,43,0.0
64,17633,ssr,50,age_1_9,5,44,0.0
64,17633,ssr,50,age_1_9,4,45,0.0
64,17633,ssr,50,age_1_9,3,46,0.0
64,17633,ssr,50,age_1_9,2,47,1.0
64,17633,ssr,50,age_1_9,1,48,1.0
64,17633,ssr,50,age_0,0,49,1.0
64,17633,ssr,100,age_10_99,99,0,1.0
64,17633,ssr,100,age_10_99,98,1,0.0
64,17633,ssr,100,age_10_99,97,2,0.0
64,17633,ssr,100,age_10_99,96,3,0.0
64,17633,ssr,100,age_10_99,95,4,0.0
64,17633,ssr,100,age_10_99,94,5,0.0
64,17633,ssr,100,age_10_99,93,6,0.0
64,17633,ssr,100,age_10_99,92,7,0.0
64,17633,ssr,100,age_10_99,91,8,0.0
64,17633,ssr,100,age_10_99,90,9,0.0
64,17633,ssr,100,age_10_99,89,10,0.0
64,17633,ssr,100,age_10_99,88,11,0.0
64,17633,ssr,100,age_10_99,87,12,0.0
64,17633,ssr,100,age_10_99,86,13,0.0
64,17633,ssr,100,age_10_99,85,14,1.0
64,17633,ssr,100,age_10_99,84,15,0.0
64,17633,ssr,100,age_10_99,83,16,0.0
64,17633,ssr,100,age_10_99,82,17,0.0
64,17633,ssr,100,age_10_99,81,18,0.0
64,17633,ssr,100,age_10_99,80,19,0.0
64,17633,ssr,100,age_10_99,79,20,0.0
64,17633,ssr,100,age_10_99,78,21,0.0
64,17633,ssr,100,age_10_99,77,22,0.0
64,17633,ssr,100,age_10_99,76,23,0.0
64,17633,ssr,100,age_10_99,75,24,0.0
64,17633,ssr,100,age_10_99,74,25,0.0
64,17633,ssr,100,age_10_99,73,26,0.0
64,17633,ssr,100,age_10_99,72,27,0.0
64,17633,ssr,100,age_10_99,71,28,1.0
64,17633,ssr,100,age_10_99,70,29,0.0
64,17633,ssr,100,age_10_99,69,30,0.0
64,17633,ssr,100,age_10_99,68,31,0.0
64,17633,ssr,100,age_10_99,67,32,1.0
64,17633,ssr,100,age_10_99,66,33,0.0
64,17633,ssr,100,age_10_99,65,34,0.0
64,17633,ssr,100,age_10_99,64,35,0.0
64,17633,ssr,100,age_10_99,63,36,0.0
64,17633,ssr,100,age_10_99,62,37,0.0
64,17633,ssr,100,age_10_99,61,38,0.0
64,17633,ssr,100,age_10_99,60,39,0.0
64,17633,ssr,100,age_10_99,59,40,0.0
64,17633,ssr,100,age_10_99,58,41,0.0
64,17633,ssr,100,age_10_99,57,42,1.0
64,17633,ssr,100,age_10_99,56,43,0.0
64,17633,ssr,100,age_10_99,55,44,0.0
64,17633,ssr,100,age_10_99,54,45,0.0
64,17633,ssr,100,age_10_99,53,46,0.0
64,17633,ssr,100,age_10_99,52,47,0.0
64,17633,ssr,100,age_10_99,51,48,0.0
64,17633,ssr,100,age_10_99,50,49,0.0
64,17633,ssr,100,age_10_99,49,50,1.0
64,17633,ssr,100,age_10_99,48,51,0.0
64,17633,ssr,100,age_10_99,47,52,0.0
64,17633,ssr,100,age_10_99,46,53,0.0
64,17633,ssr,100,age_10_99,45,54,0.0
64,17633,ssr,100,age_10_99,44,55,0.0
64,17633,ssr,100,age_10_99,43,56,1.0
64,17633,ssr,100,age_10_99,42,57,0.0
64,17633,ssr,100,age_10_99,41,58,0.0
64,17633,ssr,100,age_10_99,40,59,0.0
64,17633,ssr,100,age_10_99,39,60,0.0
64,17633,ssr,100,age_10_99,38,61,0.0
64,17633,ssr,100,age_10_99,37,62,0.0
64,17633,ssr,100,age_10_99,36,63,0.0
64,17633,ssr,100,age_10_99,35,64,0.0
64,17633,ssr,100,age_10_99,34,65,0.0
64,17633,ssr,100,age_10_99,33,66,1.0
64,17633,ssr,100,age_10_99,32,67,0.0
64,17633,ssr,100,age_10_99,31,68,0.0
64,17633,ssr,100,age_10_99,30,69,1.0
64,17633,ssr,100,age_10_99,29,70,1.0
64,17633,ssr,100,age_10_99,28,71,0.0
64,17633,ssr,100,age_10_99,27,72,0.0
64,17633,ssr,100,age_10_99,26,73,0.0
64,17633,ssr,100,age_10_99,25,74,0.0
64,17633,ssr,100,age_10_99,24,75,0.0
64,17633,ssr,100,age_10_99,23,76,0.0
64,17633,ssr,100,age_10_99,22,77,0.0
64,17633,ssr,100,age_10_99,21,78,0.0
64,17633,ssr,100,age_10_99,20,79,0.0
64,17633,ssr,100,age_10_99,19,80,0.0
64,17633,ssr,100,age_10_99,18,81,0.0
64,17633,ssr,100,age_10_99,17,82,0.0
64,17633,ssr,100,age_10_99,16,83,0.0
64,17633,ssr,100,age_10_99,15,84,1.0
64,17633,ssr,100,age_10_99,14,85,0.0
64,17633,ssr,100,age_10_99,13,86,0.0
64,17633,ssr,100,age_10_99,12,87,0.0
64,17633,ssr,100,age_10_99,11,88,0.0
64,17633,ssr,100,age_10_99,10,89,0.0
64,17633,ssr,100,age_1_9,9,90,0.0
64,17633,ssr,100,age_1_9,8,91,0.0
64,17633,ssr,100,age_1_9,7,92,0.0
64,17633,ssr,100,age_1_9,6,93,0.0
64,17633,ssr,100,age_1_9,5,94,0.0
64,17633,ssr,100,age_1_9,4,95,0.0
64,17633,ssr,100,age_1_9,3,96,0.0
64,17633,ssr,100,age_1_9,2,97,0.0
64,17633,ssr,100,age_1_9,1,98,1.0
64,17633,ssr,100,age_0,0,99,1.0
64,17634,plain,1,age_0,0,0,1.0
64,17634,plain,2,age_1_9,1,0,1.0
64,17634,plain,2,age_0,0,1,1.0
64,17634,plain,5,age_1_9,4,0,1.0
64,17634,plain,5,age_1_9,3,1,1.0
64,17634,plain,5,age_1_9,2,2,1.0
64,17634,plain,5,age_1_9,1,3,1.0
64,17634,plain,5,age_0,0,4,1.0
64,17634,plain,10,age_1_9,9,0,1.0
64,17634,plain,10,age_1_9,8,1,1.0
64,17634,plain,10,age_1_9,7,2,1.0
64,17634,plain,10,age_1_9,6,3,1.0
64,17634,plain,10,age_1_9,5,4,0.0
64,17634,plain,10,age_1_9,4,5,1.0
64,17634,plain,10,age_1_9,3,6,1.0
64,17634,plain,10,age_1_9,2,7,1.0
64,17634,plain,10,age_1_9,1,8,1.0
64,17634,plain,10,age_0,0,9,1.0
64,17634,plain,25,age_10_99,24,0,1.0
64,17634,plain,25,age_10_99,23,1,0.0
64,17634,plain,25,age_10_99,22,2,0.0
64,17634,plain,25,age_10_99,21,3,1.0
64,17634,plain,25,age_10_99,20,4,0.0
64,17634,plain,25,age_10_99,19,5,0.0
64,17634,plain,25,age_10_99,18,6,1.0
64,17634,plain,25,age_10_99,17,7,1.0
64,17634,plain,25,age_10_99,16,8,0.0
64,17634,plain,25,age_10_99,15,9,0.0
64,17634,plain,25,age_10_99,14,10,1.0
64,17634,plain,25,age_10_99,13,11,0.0
64,17634,plain,25,age_10_99,12,12,1.0
64,17634,plain,25,age_10_99,11,13,1.0
64,17634,plain,25,age_10_99,10,14,0.0
64,17634,plain,25,age_1_9,9,15,0.0
64,17634,plain,25,age_1_9,8,16,1.0
64,17634,plain,25,age_1_9,7,17,0.0
64,17634,plain,25,age_1_9,6,18,0.0
64,17634,plain,25,age_1_9,5,19,0.0
64,17634,plain,25,age_1_9,4,20,1.0
64,17634,plain,25,age_1_9,3,21,0.0
64,17634,plain,25,age_1_9,2,22,0.0
64,17634,plain,25,age_1_9,1,23,1.0
64,17634,plain,25,age_0,0,24,1.0
64,17634,plain,50,age_10_99,49,0,1.0
64,17634,plain,50,age_10_99,48,1,0.0
64,17634,plain,50,age_10_99,47,2,0.0
64,17634,plain,50,age_10_99,46,3,0.0
64,17634,plain,50,age_10_99,45,4,0.0
64,17634,plain,50,age_10_99,44,5,0.0
64,17634,plain,50,age_10_99,43,6,1.0
64,17634,plain,50,age_10_99,42,7,1.0
64,17634,plain,50,age_10_99,41,8,0.0
64,17634,plain,50,age_10_99,40,9,0.0
64,17634,plain,50,age_10_99,39,10,0.0
64,17634,plain,50,age_10_99,38,11,0.0
64,17634,plain,50,age_10_99,37,12,1.0
64,17634,plain,50,age_10_99,36,13,0.0
64,17634,plain,50,age_10_99,35,14,1.0
64,17634,plain,50,age_10_99,34,15,0.0
64,17634,plain,50,age_10_99,33,16,0.0
64,17634,plain,50,age_10_99,32,17,0.0
64,17634,plain,50,age_10_99,31,18,0.0
64,17634,plain,50,age_10_99,30,19,0.0
64,17634,plain,50,age_10_99,29,20,0.0
64,17634,plain,50,age_10_99,28,21,1.0
64,17634,plain,50,age_10_99,27,22,0.0
64,17634,plain,50,age_10_99,26,23,0.0
64,17634,plain,50,age_10_99,25,24,0.0
64,17634,plain,50,age_10_99,24,25,0.0
64,17634,plain,50,age_10_99,23,26,0.0
64,17634,plain,50,age_10_99,22,27,1.0
64,17634,plain,50,age_10_99,21,28,0.0
64,17634,plain,50,age_10_99,20,29,0.0
64,17634,plain,50,age_10_99,19,30,0.0
64,17634,plain,50,age_10_99,18,31,0.0
64,17634,plain,50,age_10_99,17,32,0.0
64,17634,plain,50,age_10_99,16,33,1.0
64,17634,plain,50,age_10_99,15,34,1.0
64,17634,plain,50,age_10_99,14,35,0.0
64,17634,plain,50,age_10_99,13,36,0.0
64,17634,plain,50,age_10_99,12,37,0.0
64,17634,plain,50,age_10_99,11,38,0.0
64,17634,plain,50,age_10_99,10,39,1.0
64,17634,plain,50,age_1_9,9,40,0.0
64,17634,plain,50,age_1_9,8,41,1.0
64,17634,plain,50,age_1_9,7,42,0.0
64,17634,plain,50,age_1_9,6,43,0.0
64,17634,plain,50,age_1_9,5,44,0.0
64,17634,plain,50,age_1_9,4,45,0.0
64,17634,plain,50,age_1_9,3,46,1.0
64,17634,plain,50,age_1_9,2,47,0.0
64,17634,plain,50,age_1_9,1,48,1.0
64,17634,plain,50,age_0,0,49,1.0
64,17634,plain,100,age_10_99,99,0,1.0
64,17634,plain,100,age_10_99,98,1,0.0
64,17634,plain,100,age_10_99,97,2,0.0
64,17634,plain,100,age_10_99,96,3,0.0
64,17634,plain,100,age_10_99,95,4,0.0
64,17634,plain,100,age_10_99,94,5,0.0
64,17634,plain,100,age_10_99,93,6,0.0
64,17634,plain,100,age_10_99,92,7,0.0
64,17634,plain,100,age_10_99,91,8,0.0
64,17634,plain,100,age_10_99,90,9,0.0
64,17634,plain,100,age_10_99,89,10,0.0
64,17634,plain,100,age_10_99,88,11,0.0
64,17634,plain,100,age_10_99,87,12,0.0
64,17634,plain,100,age_10_99,86,13,0.0
64,17634,plain,100,age_10_99,85,14,1.0
64,17634,plain,100,age_10_99,84,15,0.0
64,17634,plain,100,age_10_99,83,16,0.0
64,17634,plain,100,age_10_99,82,17,0.0
64,17634,plain,100,age_10_99,81,18,0.0
64,17634,plain,100,age_10_99,80,19,0.0
64,17634,plain,100,age_10_99,79,20,0.0
64,17634,plain,100,age_10_99,78,21,0.0
64,17634,plain,100,age_10_99,77,22,0.0
64,17634,plain,100,age_10_99,76,23,0.0
64,17634,plain,100,age_10_99,75,24,0.0
64,17634,plain,100,age_10_99,74,25,0.0
64,17634,plain,100,age_10_99,73,26,0.0
64,17634,plain,100,age_10_99,72,27,1.0
64,17634,plain,100,age_10_99,71,28,1.0
64,17634,plain,100,age_10_99,70,29,0.0
64,17634,plain,100,age_10_99,69,30,1.0
64,17634,plain,100,age_10_99,68,31,0.0
64,17634,plain,100,age_10_99,67,32,0.0
64,17634,plain,100,age_10_99,66,33,0.0
64,17634,plain,100,age_10_99,65,34,0.0
64,17634,plain,100,age_10_99,64,35,0.0
64,17634,plain,100,age_10_99,63,36,0.0
64,17634,plain,100,age_10_99,62,37,0.0
64,17634,plain,100,age_10_99,61,38,0.0
64,17634,plain,100,age_10_99,60,39,0.0
64,17634,plain,100,age_10_99,59,40,0.0
64,17634,plain,100,age_10_99,58,41,1.0
64,17634,plain,100,age_10_99,57,42,1.0
64,17634,plain,100,age_10_99,56,43,0.0
64,17634,plain,100,age_10_99,55,44,0.0
64,17634,plain,100,age_10_99,54,45,0.0
64,17634,plain,100,age_10_99,53,46,0.0
64,17634,plain,100,age_10_99,52,47,0.0
64,17634,plain,100,age_10_99,51,48,0.0
64,17634,plain,100,age_10_99,50,49,0.0
64,17634,plain,100,age_10_99,49,50,0.0
64,17634,plain,100,age_10_99,48,51,0.0
64,17634,plain,100,age_10_99,47,52,0.0
64,17634,plain,100,age_10_99,46,53,0.0
64,17634,plain,100,age_10_99,45,54,0.0
64,17634,plain,100,age_10_99,44,55,1.0
64,17634,plain,100,age_10_99,43,56,1.0
64,17634,plain,100,age_10_99,42,57,1.0
64,17634,plain,100,age_10_99,41,58,0.0
64,17634,plain,100,age_10_99,40,59,0.0
64,17634,plain,100,age_10_99,39,60,0.0
64,17634,plain,100,age_10_99,38,61,0.0
64,17634,plain,100,age_10_99,37,62,0.0
64,17634,plain,100,age_10_99,36,63,0.0
64,17634,plain,100,age_10_99,35,64,0.0
64,17634,plain,100,age_10_99,34,65,0.0
64,17634,plain,100,age_10_99,33,66,0.0
64,17634,plain,100,age_10_99,32,67,0.0
64,17634,plain,100,age_10_99,31,68,0.0
64,17634,plain,100,age_10_99,30,69,1.0
64,17634,plain,100,age_10_99,29,70,1.0
64,17634,plain,100,age_10_99,28,71,0.0
64,17634,plain,100,age_10_99,27,72,0.0
64,17634,plain,100,age_10_99,26,73,0.0
64,17634,plain,100,age_10_99,25,74,0.0
64,17634,plain,100,age_10_99,24,75,0.0
64,17634,plain,100,age_10_99,23,76,0.0
64,17634,plain,100,age_10_99,22,77,0.0
64,17634,plain,100,age_10_99,21,78,1.0
64,17634,plain,100,age_10_99,20,79,1.0
64,17634,plain,100,age_10_99,19,80,0.0
64,17634,plain,100,age_10_99,18,81,0.0
64,17634,plain,100,age_10_99,17,82,1.0
64,17634,plain,100,age_10_99,16,83,1.0
64,17634,plain,100,age_10_99,15,84,1.0
64,17634,plain,100,age_10_99,14,85,0.0
64,17634,plain,100,age_10_99,13,86,1.0
64,17634,plain,100,age_10_99,12,87,0.0
64,17634,plain,100,age_10_99,11,88,0.0
64,17634,plain,100,age_10_99,10,89,0.0
64,17634,plain,100,age_1_9,9,90,0.0
64,17634,plain,100,age_1_9,8,91,0.0
64,17634,plain,100,age_1_9,7,92,0.0
64,17634,plain,100,age_1_9,6,93,0.0
64,17634,plain,100,age_1_9,5,94,0.0
64,17634,plain,100,age_1_9,4,95,0.0
64,17634,plain,100,age_1_9,3,96,1.0
64,17634,plain,100,age_1_9,2,97,1.0
64,17634,plain,100,age_1_9,1,98,1.0
64,17634,plain,100,age_0,0,99,1.0
64,17634,ssr,1,age_0,0,0,1.0
64,17634,ssr,2,age_1_9,1,0,1.0
64,17634,ssr,2,age_0,0,1,1.0
64,17634,ssr,5,age_1_9,4,0,1.0
64,17634,ssr,5,age_1_9,3,1,1.0
64,17634,ssr,5,age_1_9,2,2,1.0
64,17634,ssr,5,age_1_9,1,3,1.0
64,17634,ssr,5,age_0,0,4,1.0
64,17634,ssr,10,age_1_9,9,0,1.0
64,17634,ssr,10,age_1_9,8,1,1.0
64,17634,ssr,10,age_1_9,7,2,1.0
64,17634,ssr,10,age_1_9,6,3,1.0
64,17634,ssr,10,age_1_9,5,4,1.0
64,17634,ssr,10,age_1_9,4,5,1.0
64,17634,ssr,10,age_1_9,3,6,1.0
64,17634,ssr,10,age_1_9,2,7,1.0
64,17634,ssr,10,age_1_9,1,8,1.0
64,17634,ssr,10,age_0,0,9,1.0
64,17634,ssr,25,age_10_99,24,0,1.0
64,17634,ssr,25,age_10_99,23,1,0.0
64,17634,ssr,25,age_10_99,22,2,0.0
64,17634,ssr,25,age_10_99,21,3,1.0
64,17634,ssr,25,age_10_99,20,4,0.0
64,17634,ssr,25,age_10_99,19,5,1.0
64,17634,ssr,25,age_10_99,18,6,1.0
64,17634,ssr,25,age_10_99,17,7,1.0
64,17634,ssr,25,age_10_99,16,8,1.0
64,17634,ssr,25,age_10_99,15,9,1.0
64,17634,ssr,25,age_10_99,14,10,1.0
64,17634,ssr,25,age_10_99,13,11,0.0
64,17634,ssr,25,age_10_99,12,12,1.0
64,17634,ssr,25,age_10_99,11,13,1.0
64,17634,ssr,25,age_10_99,10,14,1.0
64,17634,ssr,25,age_1_9,9,15,0.0
64,17634,ssr,25,age_1_9,8,16,1.0
64,17634,ssr,25,age_1_9,7,17,0.0
64,17634,ssr,25,age_1_9,6,18,0.0
64,17634,ssr,25,age_1_9,5,19,0.0
64,17634,ssr,25,age_1_9,4,20,1.0
64,17634,ssr,25,age_1_9,3,21,0.0
64,17634,ssr,25,age_1_9,2,22,0.0
64,17634,ssr,25,age_1_9,1,23,1.0
64,17634,ssr,25,age_0,0,24,1.0
64,17634,ssr,50,age_10_99,49,0,1.0
64,17634,ssr,50,age_10_99,48,1,0.0
64,17634,ssr,50,age_10_99,47,2,0.0
64,17634,ssr,50,age_10_99,46,3,0.0
64,17634,ssr,50,age_10_99,45,4,0.0
64,17634,ssr,50,age_10_99,44,5,0.0
64,17634,ssr,50,age_10_99,43,6,0.0
64,17634,ssr,50,age_10_99,42,7,1.0
64,17634,ssr,50,age_10_99,41,8,0.0
64,17634,ssr,50,age_10_99,40,9,0.0
64,17634,ssr,50,age_10_99,39,10,0.0
64,17634,ssr,50,age_10_99,38,11,0.0
64,17634,ssr,50,age_10_99,37,12,0.0
64,17634,ssr,50,age_10_99,36,13,0.0
64,17634,ssr,50,age_10_99,35,14,1.0
64,17634,ssr,50,age_10_99,34,15,0.0
64,17634,ssr,50,age_10_99,33,16,0.0
64,17634,ssr,50,age_10_99,32,17,0.0
64,17634,ssr,50,age_10_99,31,18,0.0
64,17634,ssr,50,age_10_99,30,19,0.0
64,17634,ssr,50,age_10_99,29,20,0.0
64,17634,ssr,50,age_10_99,28,21,1.0
64,17634,ssr,50,age_10_99,27,22,0.0
64,17634,ssr,50,age_10_99,26,23,0.0
64,17634,ssr,50,age_10_99,25,24,0.0
64,17634,ssr,50,age_10_99,24,25,0.0
64,17634,ssr,50,age_10_99,23,26,0.0
64,17634,ssr,50,age_10_99,22,27,1.0
64,17634,ssr,50,age_10_99,21,28,0.0
64,17634,ssr,50,age_10_99,20,29,0.0
64,17634,ssr,50,age_10_99,19,30,0.0
64,17634,ssr,50,age_10_99,18,31,0.0
64,17634,ssr,50,age_10_99,17,32,0.0
64,17634,ssr,50,age_10_99,16,33,0.0
64,17634,ssr,50,age_10_99,15,34,1.0
64,17634,ssr,50,age_10_99,14,35,0.0
64,17634,ssr,50,age_10_99,13,36,0.0
64,17634,ssr,50,age_10_99,12,37,0.0
64,17634,ssr,50,age_10_99,11,38,0.0
64,17634,ssr,50,age_10_99,10,39,0.0
64,17634,ssr,50,age_1_9,9,40,0.0
64,17634,ssr,50,age_1_9,8,41,1.0
64,17634,ssr,50,age_1_9,7,42,0.0
64,17634,ssr,50,age_1_9,6,43,0.0
64,17634,ssr,50,age_1_9,5,44,0.0
64,17634,ssr,50,age_1_9,4,45,0.0
64,17634,ssr,50,age_1_9,3,46,0.0
64,17634,ssr,50,age_1_9,2,47,0.0
64,17634,ssr,50,age_1_9,1,48,1.0
64,17634,ssr,50,age_0,0,49,1.0
64,17634,ssr,100,age_10_99,99,0,1.0
64,17634,ssr,100,age_10_99,98,1,0.0
64,17634,ssr,100,age_10_99,97,2,0.0
64,17634,ssr,100,age_10_99,96,3,0.0
64,17634,ssr,100,age_10_99,95,4,0.0
64,17634,ssr,100,age_10_99,94,5,0.0
64,17634,ssr,100,age_10_99,93,6,0.0
64,17634,ssr,100,age_10_99,92,7,0.0
64,17634,ssr,100,age_10_99,91,8,0.0
64,17634,ssr,100,age_10_99,90,9,0.0
64,17634,ssr,100,age_10_99,89,10,0.0
64,17634,ssr,100,age_10_99,88,11,0.0
64,17634,ssr,100,age_10_99,87,12,0.0
64,17634,ssr,100,age_10_99,86,13,0.0
64,17634,ssr,100,age_10_99,85,14,1.0
64,17634,ssr,100,age_10_99,84,15,0.0
64,17634,ssr,100,age_10_99,83,16,0.0
64,17634,ssr,100,age_10_99,82,17,0.0
64,17634,ssr,100,age_10_99,81,18,0.0
64,17634,ssr,100,age_10_99,80,19,0.0
64,17634,ssr,100,age_10_99,79,20,0.0
64,17634,ssr,100,age_10_99,78,21,0.0
64,17634,ssr,100,age_10_99,77,22,0.0
64,17634,ssr,100,age_10_99,76,23,0.0
64,17634,ssr,100,age_10_99,75,24,0.0
64,17634,ssr,100,age_10_99,74,25,0.0
64,17634,ssr,100,age_10_99,73,26,0.0
64,17634,ssr,100,age_10_99,72,27,0.0
64,17634,ssr,100,age_10_99,71,28,1.0
64,17634,ssr,100,age_10_99,70,29,0.0
64,17634,ssr,100,age_10_99,69,30,0.0
64,17634,ssr,100,age_10_99,68,31,0.0
64,17634,ssr,100,age_10_99,67,32,0.0
64,17634,ssr,100,age_10_99,66,33,0.0
64,17634,ssr,100,age_10_99,65,34,0.0
64,17634,ssr,100,age_10_99,64,35,0.0
64,17634,ssr,100,age_10_99,63,36,0.0
64,17634,ssr,100,age_10_99,62,37,0.0
64,17634,ssr,100,age_10_99,61,38,0.0
64,17634,ssr,100,age_10_99,60,39,1.0
64,17634,ssr,100,age_10_99,59,40,0.0
64,17634,ssr,100,age_10_99,58,41,0.0
64,17634,ssr,100,age_10_99,57,42,1.0
64,17634,ssr,100,age_10_99,56,43,0.0
64,17634,ssr,100,age_10_99,55,44,0.0
64,17634,ssr,100,age_10_99,54,45,0.0
64,17634,ssr,100,age_10_99,53,46,0.0
64,17634,ssr,100,age_10_99,52,47,0.0
64,17634,ssr,100,age_10_99,51,48,0.0
64,17634,ssr,100,age_10_99,50,49,0.0
64,17634,ssr,100,age_10_99,49,50,0.0
64,17634,ssr,100,age_10_99,48,51,0.0
64,17634,ssr,100,age_10_99,47,52,0.0
64,17634,ssr,100,age_10_99,46,53,0.0
64,17634,ssr,100,age_10_99,45,54,0.0
64,17634,ssr,100,age_10_99,44,55,0.0
64,17634,ssr,100,age_10_99,43,56,1.0
64,17634,ssr,100,age_10_99,42,57,0.0
64,17634,ssr,100,age_10_99,41,58,0.0
64,17634,ssr,100,age_10_99,40,59,0.0
64,17634,ssr,100,age_10_99,39,60,1.0
64,17634,ssr,100,age_10_99,38,61,0.0
64,17634,ssr,100,age_10_99,37,62,0.0
64,17634,ssr,100,age_10_99,36,63,0.0
64,17634,ssr,100,age_10_99,35,64,0.0
64,17634,ssr,100,age_10_99,34,65,0.0
64,17634,ssr,100,age_10_99,33,66,0.0
64,17634,ssr,100,age_10_99,32,67,0.0
64,17634,ssr,100,age_10_99,31,68,0.0
64,17634,ssr,100,age_10_99,30,69,1.0
64,17634,ssr,100,age_10_99,29,70,1.0
64,17634,ssr,100,age_10_99,28,71,0.0
64,17634,ssr,100,age_10_99,27,72,0.0
64,17634,ssr,100,age_10_99,26,73,0.0
64,17634,ssr,100,age_10_99,25,74,0.0
64,17634,ssr,100,age_10_99,24,75,0.0
64,17634,ssr,100,age_10_99,23,76,0.0
64,17634,ssr,100,age_10_99,22,77,0.0
64,17634,ssr,100,age_10_99,21,78,0.0
64,17634,ssr,100,age_10_99,20,79,0.0
64,17634,ssr,100,age_10_99,19,80,0.0
64,17634,ssr,100,age_10_99,18,81,0.0
64,17634,ssr,100,age_10_99,17,82,0.0
64,17634,ssr,100,age_10_99,16,83,0.0
64,17634,ssr,100,age_10_99,15,84,1.0
64,17634,ssr,100,age_10_99,14,85,0.0
64,17634,ssr,100,age_10_99,13,86,0.0
64,17634,ssr,100,age_10_99,12,87,0.0
64,17634,ssr,100,age_10_99,11,88,0.0
64,17634,ssr,100,age_10_99,10,89,0.0
64,17634,ssr,100,age_1_9,9,90,0.0
64,17634,ssr,100,age_1_9,8,91,0.0
64,17634,ssr,100,age_1_9,7,92,0.0
64,17634,ssr,100,age_1_9,6,93,0.0
64,17634,ssr,100,age_1_9,5,94,0.0
64,17634,ssr,100,age_1_9,4,95,0.0
64,17634,ssr,100,age_1_9,3,96,0.0
64,17634,ssr,100,age_1_9,2,97,0.0
64,17634,ssr,100,age_1_9,1,98,1.0
64,17634,ssr,100,age_0,0,99,1.0
64,17635,plain,1,age_0,0,0,1.0
64,17635,plain,2,age_1_9,1,0,1.0
64,17635,plain,2,age_0,0,1,1.0
64,17635,plain,5,age_1_9,4,0,1.0
64,17635,plain,5,age_1_9,3,1,1.0
64,17635,plain,5,age_1_9,2,2,1.0
64,17635,plain,5,age_1_9,1,3,1.0
64,17635,plain,5,age_0,0,4,1.0
64,17635,plain,10,age_1_9,9,0,1.0
64,17635,plain,10,age_1_9,8,1,1.0
64,17635,plain,10,age_1_9,7,2,1.0
64,17635,plain,10,age_1_9,6,3,1.0
64,17635,plain,10,age_1_9,5,4,0.0
64,17635,plain,10,age_1_9,4,5,1.0
64,17635,plain,10,age_1_9,3,6,1.0
64,17635,plain,10,age_1_9,2,7,1.0
64,17635,plain,10,age_1_9,1,8,1.0
64,17635,plain,10,age_0,0,9,1.0
64,17635,plain,25,age_10_99,24,0,1.0
64,17635,plain,25,age_10_99,23,1,0.0
64,17635,plain,25,age_10_99,22,2,0.0
64,17635,plain,25,age_10_99,21,3,1.0
64,17635,plain,25,age_10_99,20,4,0.0
64,17635,plain,25,age_10_99,19,5,0.0
64,17635,plain,25,age_10_99,18,6,0.0
64,17635,plain,25,age_10_99,17,7,1.0
64,17635,plain,25,age_10_99,16,8,0.0
64,17635,plain,25,age_10_99,15,9,0.0
64,17635,plain,25,age_10_99,14,10,1.0
64,17635,plain,25,age_10_99,13,11,0.0
64,17635,plain,25,age_10_99,12,12,0.0
64,17635,plain,25,age_10_99,11,13,1.0
64,17635,plain,25,age_10_99,10,14,0.0
64,17635,plain,25,age_1_9,9,15,0.0
64,17635,plain,25,age_1_9,8,16,1.0
64,17635,plain,25,age_1_9,7,17,0.0
64,17635,plain,25,age_1_9,6,18,0.0
64,17635,plain,25,age_1_9,5,19,0.0
64,17635,plain,25,age_1_9,4,20,1.0
64,17635,plain,25,age_1_9,3,21,0.0
64,17635,plain,25,age_1_9,2,22,0.0
64,17635,plain,25,age_1_9,1,23,1.0
64,17635,plain,25,age_0,0,24,1.0
64,17635,plain,50,age_10_99,49,0,1.0
64,17635,plain,50,age_10_99,48,1,0.0
64,17635,plain,50,age_10_99,47,2,0.0
64,17635,plain,50,age_10_99,46,3,0.0
64,17635,plain,50,age_10_99,45,4,0.0
64,17635,plain,50,age_10_99,44,5,0.0
64,17635,plain,50,age_10_99,43,6,0.0
64,17635,plain,50,age_10_99,42,7,1.0
64,17635,plain,50,age_10_99,41,8,0.0
64,17635,plain,50,age_10_99,40,9,0.0
64,17635,plain,50,age_10_99,39,10,0.0
64,17635,plain,50,age_10_99,38,11,0.0
64,17635,plain,50,age_10_99,37,12,0.0
64,17635,plain,50,age_10_99,36,13,0.0
64,17635,plain,50,age_10_99,35,14,1.0
64,17635,plain,50,age_10_99,34,15,0.0
64,17635,plain,50,age_10_99,33,16,0.0
64,17635,plain,50,age_10_99,32,17,0.0
64,17635,plain,50,age_10_99,31,18,0.0
64,17635,plain,50,age_10_99,30,19,0.0
64,17635,plain,50,age_10_99,29,20,0.0
64,17635,plain,50,age_10_99,28,21,1.0
64,17635,plain,50,age_10_99,27,22,0.0
64,17635,plain,50,age_10_99,26,23,0.0
64,17635,plain,50,age_10_99,25,24,0.0
64,17635,plain,50,age_10_99,24,25,0.0
64,17635,plain,50,age_10_99,23,26,0.0
64,17635,plain,50,age_10_99,22,27,1.0
64,17635,plain,50,age_10_99,21,28,0.0
64,17635,plain,50,age_10_99,20,29,0.0
64,17635,plain,50,age_10_99,19,30,0.0
64,17635,plain,50,age_10_99,18,31,0.0
64,17635,plain,50,age_10_99,17,32,0.0
64,17635,plain,50,age_10_99,16,33,0.0
64,17635,plain,50,age_10_99,15,34,1.0
64,17635,plain,50,age_10_99,14,35,0.0
64,17635,plain,50,age_10_99,13,36,0.0
64,17635,plain,50,age_10_99,12,37,0.0
64,17635,plain,50,age_10_99,11,38,0.0
64,17635,plain,50,age_10_99,10,39,0.0
64,17635,plain,50,age_1_9,9,40,0.0
64,17635,plain,50,age_1_9,8,41,1.0
64,17635,plain,50,age_1_9,7,42,0.0
64,17635,plain,50,age_1_9,6,43,0.0
64,17635,plain,50,age_1_9,5,44,0.0
64,17635,plain,50,age_1_9,4,45,0.0
64,17635,plain,50,age_1_9,3,46,0.0
64,17635,plain,50,age_1_9,2,47,0.0
64,17635,plain,50,age_1_9,1,48,1.0
64,17635,plain,50,age_0,0,49,1.0
64,17635,plain,100,age_10_99,99,0,1.0
64,17635,plain,100,age_10_99,98,1,0.0
64,17635,plain,100,age_10_99,97,2,0.0
64,17635,plain,100,age_10_99,96,3,0.0
64,17635,plain,100,age_10_99,95,4,0.0
64,17635,plain,100,age_10_99,94,5,0.0
64,17635,plain,100,age_10_99,93,6,0.0
64,17635,plain,100,age_10_99,92,7,0.0
64,17635,plain,100,age_10_99,91,8,0.0
64,17635,plain,100,age_10_99,90,9,0.0
64,17635,plain,100,age_10_99,89,10,0.0
64,17635,plain,100,age_10_99,88,11,0.0
64,17635,plain,100,age_10_99,87,12,0.0
64,17635,plain,100,age_10_99,86,13,1.0
64,17635,plain,100,age_10_99,85,14,1.0
64,17635,plain,100,age_10_99,84,15,0.0
64,17635,plain,100,age_10_99,83,16,0.0
64,17635,plain,100,age_10_99,82,17,0.0
64,17635,plain,100,age_10_99,81,18,0.0
64,17635,plain,100,age_10_99,80,19,0.0
64,17635,plain,100,age_10_99,79,20,0.0
64,17635,plain,100,age_10_99,78,21,0.0
64,17635,plain,100,age_10_99,77,22,0.0
64,17635,plain,100,age_10_99,76,23,0.0
64,17635,plain,100,age_10_99,75,24,0.0
64,17635,plain,100,age_10_99,74,25,0.0
64,17635,plain,100,age_10_99,73,26,0.0
64,17635,plain,100,age_10_99,72,27,0.0
64,17635,plain,100,age_10_99,71,28,1.0
64,17635,plain,100,age_10_99,70,29,0.0
64,17635,plain,100,age_10_99,69,30,0.0
64,17635,plain,100,age_10_99,68,31,0.0
64,17635,plain,100,age_10_99,67,32,0.0
64,17635,plain,100,age_10_99,66,33,0.0
64,17635,plain,100,age_10_99,65,34,0.0
64,17635,plain,100,age_10_99,64,35,0.0
64,17635,plain,100,age_10_99,63,36,0.0
64,17635,plain,100,age_10_99,62,37,0.0
64,17635,plain,100,age_10_99,61,38,0.0
64,17635,plain,100,age_10_99,60,39,1.0
64,17635,plain,100,age_10_99,59,40,1.0
64,17635,plain,100,age_10_99,58,41,0.0
64,17635,plain,100,age_10_99,57,42,1.0
64,17635,plain,100,age_10_99,56,43,0.0
64,17635,plain,100,age_10_99,55,44,0.0
64,17635,plain,100,age_10_99,54,45,0.0
64,17635,plain,100,age_10_99,53,46,0.0
64,17635,plain,100,age_10_99,52,47,0.0
64,17635,plain,100,age_10_99,51,48,0.0
64,17635,plain,100,age_10_99,50,49,0.0
64,17635,plain,100,age_10_99,49,50,0.0
64,17635,plain,100,age_10_99,48,51,0.0
64,17635,plain,100,age_10_99,47,52,0.0
64,17635,plain,100,age_10_99,46,53,0.0
64,17635,plain,100,age_10_99,45,54,0.0
64,17635,plain,100,age_10_99,44,55,0.0
64,17635,plain,100,age_10_99,43,56,1.0
64,17635,plain,100,age_10_99,42,57,0.0
64,17635,plain,100,age_10_99,41,58,0.0
64,17635,plain,100,age_10_99,40,59,0.0
64,17635,plain,100,age_10_99,39,60,0.0
64,17635,plain,100,age_10_99,38,61,0.0
64,17635,plain,100,age_10_99,37,62,0.0
64,17635,plain,100,age_10_99,36,63,0.0
64,17635,plain,100,age_10_99,35,64,0.0
64,17635,plain,100,age_10_99,34,65,0.0
64,17635,plain,100,age_10_99,33,66,0.0
64,17635,plain,100,age_10_99,32,67,0.0
64,17635,plain,100,age_10_99,31,68,0.0
64,17635,plain,100,age_10_99,30,69,1.0
64,17635,plain,100,age_10_99,29,70,1.0
64,17635,plain,100,age_10_99,28,71,0.0
64,17635,plain,100,age_10_99,27,72,0.0
64,17635,plain,100,age_10_99,26,73,0.0
64,17635,plain,100,age_10_99,25,74,0.0
64,17635,plain,100,age_10_99,24,75,0.0
64,17635,plain,100,age_10_99,23,76,0.0
64,17635,plain,100,age_10_99,22,77,0.0
64,17635,plain,100,age_10_99,21,78,0.0
64,17635,plain,100,age_10_99,20,79,0.0
64,17635,plain,100,age_10_99,19,80,0.0
64,17635,plain,100,age_10_99,18,81,0.0
64,17635,plain,100,age_10_99,17,82,0.0
64,17635,plain,100,age_10_99,16,83,0.0
64,17635,plain,100,age_10_99,15,84,1.0
64,17635,plain,100,age_10_99,14,85,0.0
64,17635,plain,100,age_10_99,13,86,0.0
64,17635,plain,100,age_10_99,12,87,0.0
64,17635,plain,100,age_10_99,11,88,0.0
64,17635,plain,100,age_10_99,10,89,0.0
64,17635,plain,100,age_1_9,9,90,0.0
64,17635,plain,100,age_1_9,8,91,0.0
64,17635,plain,100,age_1_9,7,92,0.0
64,17635,plain,100,age_1_9,6,93,0.0
64,17635,plain,100,age_1_9,5,94,0.0
64,17635,plain,100,age_1_9,4,95,1.0
64,17635,plain,100,age_1_9,3,96,0.0
64,17635,plain,100,age_1_9,2,97,1.0
64,17635,plain,100,age_1_9,1,98,1.0
64,17635,plain,100,age_0,0,99,1.0
64,17635,ssr,1,age_0,0,0,1.0
64,17635,ssr,2,age_1_9,1,0,1.0
64,17635,ssr,2,age_0,0,1,1.0
64,17635,ssr,5,age_1_9,4,0,1.0
64,17635,ssr,5,age_1_9,3,1,1.0
64,17635,ssr,5,age_1_9,2,2,1.0
64,17635,ssr,5,age_1_9,1,3,1.0
64,17635,ssr,5,age_0,0,4,1.0
64,17635,ssr,10,age_1_9,9,0,1.0
64,17635,ssr,10,age_1_9,8,1,1.0
64,17635,ssr,10,age_1_9,7,2,1.0
64,17635,ssr,10,age_1_9,6,3,1.0
64,17635,ssr,10,age_1_9,5,4,0.0
64,17635,ssr,10,age_1_9,4,5,1.0
64,17635,ssr,10,age_1_9,3,6,1.0
64,17635,ssr,10,age_1_9,2,7,1.0
64,17635,ssr,10,age_1_9,1,8,1.0
64,17635,ssr,10,age_0,0,9,1.0
64,17635,ssr,25,age_10_99,24,0,1.0
64,17635,ssr,25,age_10_99,23,1,0.0
64,17635,ssr,25,age_10_99,22,2,0.0
64,17635,ssr,25,age_10_99,21,3,1.0
64,17635,ssr,25,age_10_99,20,4,0.0
64,17635,ssr,25,age_10_99,19,5,0.0
64,17635,ssr,25,age_10_99,18,6,0.0
64,17635,ssr,25,age_10_99,17,7,1.0
64,17635,ssr,25,age_10_99,16,8,0.0
64,17635,ssr,25,age_10_99,15,9,0.0
64,17635,ssr,25,age_10_99,14,10,1.0
64,17635,ssr,25,age_10_99,13,11,0.0
64,17635,ssr,25,age_10_99,12,12,0.0
64,17635,ssr,25,age_10_99,11,13,1.0
64,17635,ssr,25,age_10_99,10,14,0.0
64,17635,ssr,25,age_1_9,9,15,0.0
64,17635,ssr,25,age_1_9,8,16,1.0
64,17635,ssr,25,age_1_9,7,17,0.0
64,17635,ssr,25,age_1_9,6,18,0.0
64,17635,ssr,25,age_1_9,5,19,0.0
64,17635,ssr,25,age_1_9,4,20,1.0
64,17635,ssr,25,age_1_9,3,21,0.0
64,17635,ssr,25,age_1_9,2,22,0.0
64,17635,ssr,25,age_1_9,1,23,1.0
64,17635,ssr,25,age_0,0,24,1.0
64,17635,ssr,50,age_10_99,49,0,1.0
64,17635,ssr,50,age_10_99,48,1,0.0
64,17635,ssr,50,age_10_99,47,2,0.0
64,17635,ssr,50,age_10_99,46,3,0.0
64,17635,ssr,50,age_10_99,45,4,0.0
64,17635,ssr,50,age_10_99,44,5,0.0
64,17635,ssr,50,age_10_99,43,6,0.0
64,17635,ssr,50,age_10_99,42,7,1.0
64,17635,ssr,50,age_10_99,41,8,0.0
64,17635,ssr,50,age_10_99,40,9,0.0
64,17635,ssr,50,age_10_99,39,10,0.0
64,17635,ssr,50,age_10_99,38,11,0.0
64,17635,ssr,50,age_10_99,37,12,0.0
64,17635,ssr,50,age_10_99,36,13,0.0
64,17635,ssr,50,age_10_99,35,14,1.0
64,17635,ssr,50,age_10_99,34,15,0.0
64,17635,ssr,50,age_10_99,33,16,0.0
64,17635,ssr,50,age_10_99,32,17,0.0
64,17635,ssr,50,age_10_99,31,18,0.0
64,17635,ssr,50,age_10_99,30,19,0.0
64,17635,ssr,50,age_10_99,29,20,0.0
64,17635,ssr,50,age_10_99,28,21,1.0
64,17635,ssr,50,age_10_99,27,22,0.0
64,17635,ssr,50,age_10_99,26,23,0.0
64,17635,ssr,50,age_10_99,25,24,0.0
64,17635,ssr,50,age_10_99,24,25,0.0
64,17635,ssr,50,age_10_99,23,26,0.0
64,17635,ssr,50,age_10_99,22,27,1.0
64,17635,ssr,50,age_10_99,21,28,0.0
64,17635,ssr,50,age_10_99,20,29,0.0
64,17635,ssr,50,age_10_99,19,30,0.0
64,17635,ssr,50,age_10_99,18,31,0.0
64,17635,ssr,50,age_10_99,17,32,1.0
64,17635,ssr,50,age_10_99,16,33,0.0
64,17635,ssr,50,age_10_99,15,34,1.0
64,17635,ssr,50,age_10_99,14,35,0.0
64,17635,ssr,50,age_10_99,13,36,0.0
64,17635,ssr,50,age_10_99,12,37,0.0
64,17635,ssr,50,age_10_99,11,38,0.0
64,17635,ssr,50,age_10_99,10,39,0.0
64,17635,ssr,50,age_1_9,9,40,0.0
64,17635,ssr,50,age_1_9,8,41,1.0
64,17635,ssr,50,age_1_9,7,42,0.0
64,17635,ssr,50,age_1_9,6,43,0.0
64,17635,ssr,50,age_1_9,5,44,0.0
64,17635,ssr,50,age_1_9,4,45,0.0
64,17635,ssr,50,age_1_9,3,46,0.0
64,17635,ssr,50,age_1_9,2,47,0.0
64,17635,ssr,50,age_1_9,1,48,1.0
64,17635,ssr,50,age_0,0,49,1.0
64,17635,ssr,100,age_10_99,99,0,1.0
64,17635,ssr,100,age_10_99,98,1,0.0
64,17635,ssr,100,age_10_99,97,2,0.0
64,17635,ssr,100,age_10_99,96,3,0.0
64,17635,ssr,100,age_10_99,95,4,0.0
64,17635,ssr,100,age_10_99,94,5,0.0
64,17635,ssr,100,age_10_99,93,6,0.0
64,17635,ssr,100,age_10_99,92,7,0.0
64,17635,ssr,100,age_10_99,91,8,0.0
64,17635,ssr,100,age_10_99,90,9,0.0
64,17635,ssr,100,age_10_99,89,10,0.0
64,17635,ssr,100,age_10_99,88,11,0.0
64,17635,ssr,100,age_10_99,87,12,0.0
64,17635,ssr,100,age_10_99,86,13,0.0
64,17635,ssr,100,age_10_99,85,14,1.0
64,17635,ssr,100,age_10_99,84,15,0.0
64,17635,ssr,100,age_10_99,83,16,0.0
64,17635,ssr,100,age_10_99,82,17,0.0
64,17635,ssr,100,age_10_99,81,18,0.0
64,17635,ssr,100,age_10_99,80,19,0.0
64,17635,ssr,100,age_10_99,79,20,0.0
64,17635,ssr,100,age_10_99,78,21,0.0
64,17635,ssr,100,age_10_99,77,22,0.0
64,17635,ssr,100,age_10_99,76,23,0.0
64,17635,ssr,100,age_10_99,75,24,0.0
64,17635,ssr,100,age_10_99,74,25,0.0
64,17635,ssr,100,age_10_99,73,26,0.0
64,17635,ssr,100,age_10_99,72,27,0.0
64,17635,ssr,100,age_10_99,71,28,1.0
64,17635,ssr,100,age_10_99,70,29,0.0
64,17635,ssr,100,age_10_99,69,30,0.0
64,17635,ssr,100,age_10_99,68,31,0.0
64,17635,ssr,100,age_10_99,67,32,0.0
64,17635,ssr,100,age_10_99,66,33,0.0
64,17635,ssr,100,age_10_99,65,34,0.0
64,17635,ssr,100,age_10_99,64,35,0.0
64,17635,ssr,100,age_10_99,63,36,0.0
64,17635,ssr,100,age_10_99,62,37,0.0
64,17635,ssr,100,age_10_99,61,38,0.0
64,17635,ssr,100,age_10_99,60,39,1.0
64,17635,ssr,100,age_10_99,59,40,1.0
64,17635,ssr,100,age_10_99,58,41,0.0
64,17635,ssr,100,age_10_99,57,42,1.0
64,17635,ssr,100,age_10_99,56,43,0.0
64,17635,ssr,100,age_10_99,55,44,0.0
64,17635,ssr,100,age_10_99,54,45,0.0
64,17635,ssr,100,age_10_99,53,46,0.0
64,17635,ssr,100,age_10_99,52,47,0.0
64,17635,ssr,100,age_10_99,51,48,0.0
64,17635,ssr,100,age_10_99,50,49,0.0
64,17635,ssr,100,age_10_99,49,50,0.0
64,17635,ssr,100,age_10_99,48,51,0.0
64,17635,ssr,100,age_10_99,47,52,0.0
64,17635,ssr,100,age_10_99,46,53,0.0
64,17635,ssr,100,age_10_99,45,54,0.0
64,17635,ssr,100,age_10_99,44,55,0.0
64,17635,ssr,100,age_10_99,43,56,1.0
64,17635,ssr,100,age_10_99,42,57,0.0
64,17635,ssr,100,age_10_99,41,58,0.0
64,17635,ssr,100,age_10_99,40,59,0.0
64,17635,ssr,100,age_10_99,39,60,0.0
64,17635,ssr,100,age_10_99,38,61,0.0
64,17635,ssr,100,age_10_99,37,62,0.0
64,17635,ssr,100,age_10_99,36,63,0.0
64,17635,ssr,100,age_10_99,35,64,0.0
64,17635,ssr,100,age_10_99,34,65,0.0
64,17635,ssr,100,age_10_99,33,66,0.0
64,17635,ssr,100,age_10_99,32,67,0.0
64,17635,ssr,100,age_10_99,31,68,0.0
64,17635,ssr,100,age_10_99,30,69,0.0
64,17635,ssr,100,age_10_99,29,70,1.0
64,17635,ssr,100,age_10_99,28,71,0.0
64,17635,ssr,100,age_10_99,27,72,0.0
64,17635,ssr,100,age_10_99,26,73,0.0
64,17635,ssr,100,age_10_99,25,74,0.0
64,17635,ssr,100,age_10_99,24,75,0.0
64,17635,ssr,100,age_10_99,23,76,0.0
64,17635,ssr,100,age_10_99,22,77,0.0
64,17635,ssr,100,age_10_99,21,78,0.0
64,17635,ssr,100,age_10_99,20,79,0.0
64,17635,ssr,100,age_10_99,19,80,0.0
64,17635,ssr,100,age_10_99,18,81,0.0
64,17635,ssr,100,age_10_99,17,82,0.0
64,17635,ssr,100,age_10_99,16,83,0.0
64,17635,ssr,100,age_10_99,15,84,1.0
64,17635,ssr,100,age_10_99,14,85,0.0
64,17635,ssr,100,age_10_99,13,86,0.0
64,17635,ssr,100,age_10_99,12,87,0.0
64,17635,ssr,100,age_10_99,11,88,0.0
64,17635,ssr,100,age_10_99,10,89,0.0
64,17635,ssr,100,age_1_9,9,90,0.0
64,17635,ssr,100,age_1_9,8,91,0.0
64,17635,ssr,100,age_1_9,7,92,0.0
64,17635,ssr,100,age_1_9,6,93,0.0
64,17635,ssr,100,age_1_9,5,94,0.0
64,17635,ssr,100,age_1_9,4,95,0.0
64,17635,ssr,100,age_1_9,3,96,0.0
64,17635,ssr,100,age_1_9,2,97,0.0
64,17635,ssr,100,age_1_9,1,98,1.0
64,17635,ssr,100,age_0,0,99,1.0
64,17636,plain,1,age_0,0,0,1.0
64,17636,plain,2,age_1_9,1,0,1.0
64,17636,plain,2,age_0,0,1,1.0
64,17636,plain,5,age_1_9,4,0,1.0
64,17636,plain,5,age_1_9,3,1,1.0
64,17636,plain,5,age_1_9,2,2,1.0
64,17636,plain,5,age_1_9,1,3,1.0
64,17636,plain,5,age_0,0,4,1.0
64,17636,plain,10,age_1_9,9,0,1.0
64,17636,plain,10,age_1_9,8,1,1.0
64,17636,plain,10,age_1_9,7,2,1.0
64,17636,plain,10,age_1_9,6,3,1.0
64,17636,plain,10,age_1_9,5,4,1.0
64,17636,plain,10,age_1_9,4,5,1.0
64,17636,plain,10,age_1_9,3,6,1.0
64,17636,plain,10,age_1_9,2,7,1.0
64,17636,plain,10,age_1_9,1,8,1.0
64,17636,plain,10,age_0,0,9,1.0
64,17636,plain,25,age_10_99,24,0,1.0
64,17636,plain,25,age_10_99,23,1,0.0
64,17636,plain,25,age_10_99,22,2,0.0
64,17636,plain,25,age_10_99,21,3,1.0
64,17636,plain,25,age_10_99,20,4,0.0
64,17636,plain,25,age_10_99,19,5,0.0
64,17636,plain,25,age_10_99,18,6,0.0
64,17636,plain,25,age_10_99,17,7,1.0
64,17636,plain,25,age_10_99,16,8,0.0
64,17636,plain,25,age_10_99,15,9,0.0
64,17636,plain,25,age_10_99,14,10,1.0
64,17636,plain,25,age_10_99,13,11,0.0
64,17636,plain,25,age_10_99,12,12,0.0
64,17636,plain,25,age_10_99,11,13,1.0
64,17636,plain,25,age_10_99,10,14,0.0
64,17636,plain,25,age_1_9,9,15,0.0
64,17636,plain,25,age_1_9,8,16,1.0
64,17636,plain,25,age_1_9,7,17,0.0
64,17636,plain,25,age_1_9,6,18,0.0
64,17636,plain,25,age_1_9,5,19,0.0
64,17636,plain,25,age_1_9,4,20,1.0
64,17636,plain,25,age_1_9,3,21,0.0
64,17636,plain,25,age_1_9,2,22,1.0
64,17636,plain,25,age_1_9,1,23,1.0
64,17636,plain,25,age_0,0,24,1.0
64,17636,plain,50,age_10_99,49,0,1.0
64,17636,plain,50,age_10_99,48,1,0.0
64,17636,plain,50,age_10_99,47,2,0.0
64,17636,plain,50,age_10_99,46,3,0.0
64,17636,plain,50,age_10_99,45,4,0.0
64,17636,plain,50,age_10_99,44,5,0.0
64,17636,plain,50,age_10_99,43,6,0.0
64,17636,plain,50,age_10_99,42,7,1.0
64,17636,plain,50,age_10_99,41,8,1.0
64,17636,plain,50,age_10_99,40,9,0.0
64,17636,plain,50,age_10_99,39,10,0.0
64,17636,plain,50,age_10_99,38,11,0.0
64,17636,plain,50,age_10_99,37,12,0.0
64,17636,plain,50,age_10_99,36,13,1.0
64,17636,plain,50,age_10_99,35,14,1.0
64,17636,plain,50,age_10_99,34,15,0.0
64,17636,plain,50,age_10_99,33,16,0.0
64,17636,plain,50,age_10_99,32,17,0.0
64,17636,plain,50,age_10_99,31,18,0.0
64,17636,plain,50,age_10_99,30,19,0.0
64,17636,plain,50,age_10_99,29,20,1.0
64,17636,plain,50,age_10_99,28,21,1.0
64,17636,plain,50,age_10_99,27,22,0.0
64,17636,plain,50,age_10_99,26,23,0.0
64,17636,plain,50,age_10_99,25,24,0.0
64,17636,plain,50,age_10_99,24,25,0.0
64,17636,plain,50,age_10_99,23,26,1.0
64,17636,plain,50,age_10_99,22,27,1.0
64,17636,plain,50,age_10_99,21,28,0.0
64,17636,plain,50,age_10_99,20,29,0.0
64,17636,plain,50,age_10_99,19,30,0.0
64,17636,plain,50,age_10_99,18,31,0.0
64,17636,plain,50,age_10_99,17,32,0.0
64,17636,plain,50,age_10_99,16,33,0.0
64,17636,plain,50,age_10_99,15,34,1.0
64,17636,plain,50,age_10_99,14,35,0.0
64,17636,plain,50,age_10_99,13,36,0.0
64,17636,plain,50,age_10_99,12,37,0.0
64,17636,plain,50,age_10_99,11,38,0.0
64,17636,plain,50,age_10_99,10,39,1.0
64,17636,plain,50,age_1_9,9,40,1.0
64,17636,plain,50,age_1_9,8,41,1.0
64,17636,plain,50,age_1_9,7,42,0.0
64,17636,plain,50,age_1_9,6,43,0.0
64,17636,plain,50,age_1_9,5,44,0.0
64,17636,plain,50,age_1_9,4,45,0.0
64,17636,plain,50,age_1_9,3,46,1.0
64,17636,plain,50,age_1_9,2,47,0.0
64,17636,plain,50,age_1_9,1,48,1.0
64,17636,plain,50,age_0,0,49,1.0
64,17636,plain,100,age_10_99,99,0,1.0
64,17636,plain,100,age_10_99,98,1,0.0
64,17636,plain,100,age_10_99,97,2,0.0
64,17636,plain,100,age_10_99,96,3,0.0
64,17636,plain,100,age_10_99,95,4,0.0
64,17636,plain,100,age_10_99,94,5,0.0
64,17636,plain,100,age_10_99,93,6,0.0
64,17636,plain,100,age_10_99,92,7,0.0
64,17636,plain,100,age_10_99,91,8,0.0
64,17636,plain,100,age_10_99,90,9,0.0
64,17636,plain,100,age_10_99,89,10,0.0
64,17636,plain,100,age_10_99,88,11,0.0
64,17636,plain,100,age_10_99,87,12,0.0
64,17636,plain,100,age_10_99,86,13,1.0
64,17636,plain,100,age_10_99,85,14,1.0
64,17636,plain,100,age_10_99,84,15,0.0
64,17636,plain,100,age_10_99,83,16,0.0
64,17636,plain,100,age_10_99,82,17,0.0
64,17636,plain,100,age_10_99,81,18,0.0
64,17636,plain,100,age_10_99,80,19,0.0
64,17636,plain,100,age_10_99,79,20,0.0
64,17636,plain,100,age_10_99,78,21,0.0
64,17636,plain,100,age_10_99,77,22,0.0
64,17636,plain,100,age_10_99,76,23,0.0
64,17636,plain,100,age_10_99,75,24,0.0
64,17636,plain,100,age_10_99,74,25,0.0
64,17636,plain,100,age_10_99,73,26,0.0
64,17636,plain,100,age_10_99,72,27,0.0
64,17636,plain,100,age_10_99,71,28,1.0
64,17636,plain,100,age_10_99,70,29,0.0
64,17636,plain,100,age_10_99,69,30,0.0
64,17636,plain,100,age_10_99,68,31,0.0
64,17636,plain,100,age_10_99,67,32,0.0
64,17636,plain,100,age_10_99,66,33,0.0
64,17636,plain,100,age_10_99,65,34,0.0
64,17636,plain,100,age_10_99,64,35,0.0
64,17636,plain,100,age_10_99,63,36,0.0
64,17636,plain,100,age_10_99,62,37,1.0
64,17636,plain,100,age_10_99,61,38,0.0
64,17636,plain,100,age_10_99,60,39,0.0
64,17636,plain,100,age_10_99,59,40,0.0
64,17636,plain,100,age_10_99,58,41,1.0
64,17636,plain,100,age_10_99,57,42,1.0
64,17636,plain,100,age_10_99,56,43,0.0
64,17636,plain,100,age_10_99,55,44,0.0
64,17636,plain,100,age_10_99,54,45,0.0
64,17636,plain,100,age_10_99,53,46,0.0
64,17636,plain,100,age_10_99,52,47,0.0
64,17636,plain,100,age_10_99,51,48,0.0
64,17636,plain,100,age_10_99,50,49,0.0
64,17636,plain,100,age_10_99,49,50,0.0
64,17636,plain,100,age_10_99,48,51,0.0
64,17636,plain,100,age_10_99,47,52,0.0
64,17636,plain,100,age_10_99,46,53,0.0
64,17636,plain,100,age_10_99,45,54,0.0
64,17636,plain,100,age_10_99,44,55,1.0
64,17636,plain,100,age_10_99,43,56,1.0
64,17636,plain,100,age_10_99,42,57,0.0
64,17636,plain,100,age_10_99,41,58,0.0
64,17636,plain,100,age_10_99,40,59,0.0
64,17636,plain,100,age_10_99,39,60,0.0
64,17636,plain,100,age_10_99,38,61,0.0
64,17636,plain,100,age_10_99,37,62,0.0
64,17636,plain,100,age_10_99,36,63,0.0
64,17636,plain,100,age_10_99,35,64,0.0
64,17636,plain,100,age_10_99,34,65,0.0
64,17636,plain,100,age_10_99,33,66,0.0
64,17636,plain,100,age_10_99,32,67,0.0
64,17636,plain,100,age_10_99,31,68,0.0
64,17636,plain,100,age_10_99,30,69,1.0
64,17636,plain,100,age_10_99,29,70,1.0
64,17636,plain,100,age_10_99,28,71,0.0
64,17636,plain,100,age_10_99,27,72,0.0
64,17636,plain,100,age_10_99,26,73,0.0
64,17636,plain,100,age_10_99,25,74,0.0
64,17636,plain,100,age_10_99,24,75,0.0
64,17636,plain,100,age_10_99,23,76,0.0
64,17636,plain,100,age_10_99,22,77,0.0
64,17636,plain,100,age_10_99,21,78,0.0
64,17636,plain,100,age_10_99,20,79,0.0
64,17636,plain,100,age_10_99,19,80,0.0
64,17636,plain,100,age_10_99,18,81,0.0
64,17636,plain,100,age_10_99,17,82,0.0
64,17636,plain,100,age_10_99,16,83,0.0
64,17636,plain,100,age_10_99,15,84,1.0
64,17636,plain,100,age_10_99,14,85,0.0
64,17636,plain,100,age_10_99,13,86,0.0
64,17636,plain,100,age_10_99,12,87,0.0
64,17636,plain,100,age_10_99,11,88,0.0
64,17636,plain,100,age_10_99,10,89,0.0
64,17636,plain,100,age_1_9,9,90,0.0
64,17636,plain,100,age_1_9,8,91,0.0
64,17636,plain,100,age_1_9,7,92,0.0
64,17636,plain,100,age_1_9,6,93,1.0
64,17636,plain,100,age_1_9,5,94,0.0
64,17636,plain,100,age_1_9,4,95,0.0
64,17636,plain,100,age_1_9,3,96,0.0
64,17636,plain,100,age_1_9,2,97,0.0
64,17636,plain,100,age_1_9,1,98,1.0
64,17636,plain,100,age_0,0,99,1.0
64,17636,ssr,1,age_0,0,0,1.0
64,17636,ssr,2,age_1_9,1,0,1.0
64,17636,ssr,2,age_0,0,1,1.0
64,17636,ssr,5,age_1_9,4,0,1.0
64,17636,ssr,5,age_1_9,3,1,1.0
64,17636,ssr,5,age_1_9,2,2,1.0
64,17636,ssr,5,age_1_9,1,3,1.0
64,17636,ssr,5,age_0,0,4,1.0
64,17636,ssr,10,age_1_9,9,0,0.0
64,17636,ssr,10,age_1_9,8,1,0.0
64,17636,ssr,10,age_1_9,7,2,1.0
64,17636,ssr,10,age_1_9,6,3,1.0
64,17636,ssr,10,age_1_9,5,4,0.0
64,17636,ssr,10,age_1_9,4,5,1.0
64,17636,ssr,10,age_1_9,3,6,1.0
64,17636,ssr,10,age_1_9,2,7,1.0
64,17636,ssr,10,age_1_9,1,8,1.0
64,17636,ssr,10,age_0,0,9,0.0
64,17636,ssr,25,age_10_99,24,0,1.0
64,17636,ssr,25,age_10_99,23,1,0.0
64,17636,ssr,25,age_10_99,22,2,0.0
64,17636,ssr,25,age_10_99,21,3,1.0
64,17636,ssr,25,age_10_99,20,4,0.0
64,17636,ssr,25,age_10_99,19,5,0.0
64,17636,ssr,25,age_10_99,18,6,1.0
64,17636,ssr,25,age_10_99,17,7,1.0
64,17636,ssr,25,age_10_99,16,8,0.0
64,17636,ssr,25,age_10_99,15,9,1.0
64,17636,ssr,25,age_10_99,14,10,1.0
64,17636,ssr,25,age_10_99,13,11,1.0
64,17636,ssr,25,age_10_99,12,12,0.0
64,17636,ssr,25,age_10_99,11,13,1.0
64,17636,ssr,25,age_10_99,10,14,0.0
64,17636,ssr,25,age_1_9,9,15,0.0
64,17636,ssr,25,age_1_9,8,16,1.0
64,17636,ssr,25,age_1_9,7,17,0.0
64,17636,ssr,25,age_1_9,6,18,0.0
64,17636,ssr,25,age_1_9,5,19,0.0
64,17636,ssr,25,age_1_9,4,20,1.0
64,17636,ssr,25,age_1_9,3,21,0.0
64,17636,ssr,25,age_1_9,2,22,0.0
64,17636,ssr,25,age_1_9,1,23,1.0
64,17636,ssr,25,age_0,0,24,1.0
64,17636,ssr,50,age_10_99,49,0,1.0
64,17636,ssr,50,age_10_99,48,1,0.0
64,17636,ssr,50,age_10_99,47,2,0.0
64,17636,ssr,50,age_10_99,46,3,0.0
64,17636,ssr,50,age_10_99,45,4,0.0
64,17636,ssr,50,age_10_99,44,5,0.0
64,17636,ssr,50,age_10_99,43,6,0.0
64,17636,ssr,50,age_10_99,42,7,1.0
64,17636,ssr,50,age_10_99,41,8,0.0
64,17636,ssr,50,age_10_99,40,9,0.0
64,17636,ssr,50,age_10_99,39,10,0.0
64,17636,ssr,50,age_10_99,38,11,0.0
64,17636,ssr,50,age_10_99,37,12,0.0
64,17636,ssr,50,age_10_99,36,13,1.0
64,17636,ssr,50,age_10_99,35,14,1.0
64,17636,ssr,50,age_10_99,34,15,0.0
64,17636,ssr,50,age_10_99,33,16,0.0
64,17636,ssr,50,age_10_99,32,17,0.0
64,17636,ssr,50,age_10_99,31,18,0.0
64,17636,ssr,50,age_10_99,30,19,0.0
64,17636,ssr,50,age_10_99,29,20,1.0
64,17636,ssr,50,age_10_99,28,21,1.0
64,17636,ssr,50,age_10_99,27,22,0.0
64,17636,ssr,50,age_10_99,26,23,0.0
64,17636,ssr,50,age_10_99,25,24,0.0
64,17636,ssr,50,age_10_99,24,25,0.0
64,17636,ssr,50,age_10_99,23,26,1.0
64,17636,ssr,50,age_10_99,22,27,1.0
64,17636,ssr,50,age_10_99,21,28,0.0
64,17636,ssr,50,age_10_99,20,29,0.0
64,17636,ssr,50,age_10_99,19,30,0.0
64,17636,ssr,50,age_10_99,18,31,0.0
64,17636,ssr,50,age_10_99,17,32,0.0
64,17636,ssr,50,age_10_99,16,33,0.0
64,17636,ssr,50,age_10_99,15,34,1.0
64,17636,ssr,50,age_10_99,14,35,0.0
64,17636,ssr,50,age_10_99,13,36,0.0
64,17636,ssr,50,age_10_99,12,37,0.0
64,17636,ssr,50,age_10_99,11,38,0.0
64,17636,ssr,50,age_10_99,10,39,0.0
64,17636,ssr,50,age_1_9,9,40,0.0
64,17636,ssr,50,age_1_9,8,41,1.0
64,17636,ssr,50,age_1_9,7,42,0.0
64,17636,ssr,50,age_1_9,6,43,0.0
64,17636,ssr,50,age_1_9,5,44,0.0
64,17636,ssr,50,age_1_9,4,45,0.0
64,17636,ssr,50,age_1_9,3,46,0.0
64,17636,ssr,50,age_1_9,2,47,0.0
64,17636,ssr,50,age_1_9,1,48,1.0
64,17636,ssr,50,age_0,0,49,1.0
64,17636,ssr,100,age_10_99,99,0,1.0
64,17636,ssr,100,age_10_99,98,1,0.0
64,17636,ssr,100,age_10_99,97,2,0.0
64,17636,ssr,100,age_10_99,96,3,0.0
64,17636,ssr,100,age_10_99,95,4,0.0
64,17636,ssr,100,age_10_99,94,5,0.0
64,17636,ssr,100,age_10_99,93,6,0.0
64,17636,ssr,100,age_10_99,92,7,0.0
64,17636,ssr,100,age_10_99,91,8,1.0
64,17636,ssr,100,age_10_99,90,9,0.0
64,17636,ssr,100,age_10_99,89,10,0.0
64,17636,ssr,100,age_10_99,88,11,0.0
64,17636,ssr,100,age_10_99,87,12,0.0
64,17636,ssr,100,age_10_99,86,13,0.0
64,17636,ssr,100,age_10_99,85,14,1.0
64,17636,ssr,100,age_10_99,84,15,0.0
64,17636,ssr,100,age_10_99,83,16,0.0
64,17636,ssr,100,age_10_99,82,17,0.0
64,17636,ssr,100,age_10_99,81,18,0.0
64,17636,ssr,100,age_10_99,80,19,0.0
64,17636,ssr,100,age_10_99,79,20,0.0
64,17636,ssr,100,age_10_99,78,21,0.0
64,17636,ssr,100,age_10_99,77,22,1.0
64,17636,ssr,100,age_10_99,76,23,0.0
64,17636,ssr,100,age_10_99,75,24,0.0
64,17636,ssr,100,age_10_99,74,25,0.0
64,17636,ssr,100,age_10_99,73,26,1.0
64,17636,ssr,100,age_10_99,72,27,0.0
64,17636,ssr,100,age_10_99,71,28,1.0
64,17636,ssr,100,age_10_99,70,29,0.0
64,17636,ssr,100,age_10_99,69,30,0.0
64,17636,ssr,100,age_10_99,68,31,0.0
64,17636,ssr,100,age_10_99,67,32,0.0
64,17636,ssr,100,age_10_99,66,33,0.0
64,17636,ssr,100,age_10_99,65,34,0.0
64,17636,ssr,100,age_10_99,64,35,0.0
64,17636,ssr,100,age_10_99,63,36,0.0
64,17636,ssr,100,age_10_99,62,37,1.0
64,17636,ssr,100,age_10_99,61,38,0.0
64,17636,ssr,100,age_10_99,60,39,1.0
64,17636,ssr,100,age_10_99,59,40,0.0
64,17636,ssr,100,age_10_99,58,41,0.0
64,17636,ssr,100,age_10_99,57,42,1.0
64,17636,ssr,100,age_10_99,56,43,0.0
64,17636,ssr,100,age_10_99,55,44,0.0
64,17636,ssr,100,age_10_99,54,45,0.0
64,17636,ssr,100,age_10_99,53,46,0.0
64,17636,ssr,100,age_10_99,52,47,0.0
64,17636,ssr,100,age_10_99,51,48,0.0
64,17636,ssr,100,age_10_99,50,49,0.0
64,17636,ssr,100,age_10_99,49,50,0.0
64,17636,ssr,100,age_10_99,48,51,0.0
64,17636,ssr,100,age_10_99,47,52,0.0
64,17636,ssr,100,age_10_99,46,53,0.0
64,17636,ssr,100,age_10_99,45,54,0.0
64,17636,ssr,100,age_10_99,44,55,0.0
64,17636,ssr,100,age_10_99,43,56,1.0
64,17636,ssr,100,age_10_99,42,57,0.0
64,17636,ssr,100,age_10_99,41,58,0.0
64,17636,ssr,100,age_10_99,40,59,0.0
64,17636,ssr,100,age_10_99,39,60,0.0
64,17636,ssr,100,age_10_99,38,61,0.0
64,17636,ssr,100,age_10_99,37,62,0.0
64,17636,ssr,100,age_10_99,36,63,0.0
64,17636,ssr,100,age_10_99,35,64,0.0
64,17636,ssr,100,age_10_99,34,65,0.0
64,17636,ssr,100,age_10_99,33,66,0.0
64,17636,ssr,100,age_10_99,32,67,1.0
64,17636,ssr,100,age_10_99,31,68,0.0
64,17636,ssr,100,age_10_99,30,69,0.0
64,17636,ssr,100,age_10_99,29,70,1.0
64,17636,ssr,100,age_10_99,28,71,0.0
64,17636,ssr,100,age_10_99,27,72,0.0
64,17636,ssr,100,age_10_99,26,73,0.0
64,17636,ssr,100,age_10_99,25,74,0.0
64,17636,ssr,100,age_10_99,24,75,0.0
64,17636,ssr,100,age_10_99,23,76,0.0
64,17636,ssr,100,age_10_99,22,77,0.0
64,17636,ssr,100,age_10_99,21,78,0.0
64,17636,ssr,100,age_10_99,20,79,0.0
64,17636,ssr,100,age_10_99,19,80,0.0
64,17636,ssr,100,age_10_99,18,81,1.0
64,17636,ssr,100,age_10_99,17,82,0.0
64,17636,ssr,100,age_10_99,16,83,0.0
64,17636,ssr,100,age_10_99,15,84,1.0
64,17636,ssr,100,age_10_99,14,85,0.0
64,17636,ssr,100,age_10_99,13,86,0.0
64,17636,ssr,100,age_10_99,12,87,0.0
64,17636,ssr,100,age_10_99,11,88,0.0
64,17636,ssr,100,age_10_99,10,89,0.0
64,17636,ssr,100,age_1_9,9,90,0.0
64,17636,ssr,100,age_1_9,8,91,0.0
64,17636,ssr,100,age_1_9,7,92,0.0
64,17636,ssr,100,age_1_9,6,93,0.0
64,17636,ssr,100,age_1_9,5,94,0.0
64,17636,ssr,100,age_1_9,4,95,0.0
64,17636,ssr,100,age_1_9,3,96,0.0
64,17636,ssr,100,age_1_9,2,97,0.0
64,17636,ssr,100,age_1_9,1,98,1.0
64,17636,ssr,100,age_0,0,99,1.0
64,17637,plain,1,age_0,0,0,1.0
64,17637,plain,2,age_1_9,1,0,1.0
64,17637,plain,2,age_0,0,1,1.0
64,17637,plain,5,age_1_9,4,0,1.0
64,17637,plain,5,age_1_9,3,1,1.0
64,17637,plain,5,age_1_9,2,2,1.0
64,17637,plain,5,age_1_9,1,3,1.0
64,17637,plain,5,age_0,0,4,1.0
64,17637,plain,10,age_1_9,9,0,1.0
64,17637,plain,10,age_1_9,8,1,1.0
64,17637,plain,10,age_1_9,7,2,1.0
64,17637,plain,10,age_1_9,6,3,1.0
64,17637,plain,10,age_1_9,5,4,1.0
64,17637,plain,10,age_1_9,4,5,1.0
64,17637,plain,10,age_1_9,3,6,0.0
64,17637,plain,10,age_1_9,2,7,0.0
64,17637,plain,10,age_1_9,1,8,0.0
64,17637,plain,10,age_0,0,9,1.0
64,17637,plain,25,age_10_99,24,0,1.0
64,17637,plain,25,age_10_99,23,1,0.0
64,17637,plain,25,age_10_99,22,2,0.0
64,17637,plain,25,age_10_99,21,3,1.0
64,17637,plain,25,age_10_99,20,4,1.0
64,17637,plain,25,age_10_99,19,5,0.0
64,17637,plain,25,age_10_99,18,6,0.0
64,17637,plain,25,age_10_99,17,7,1.0
64,17637,plain,25,age_10_99,16,8,0.0
64,17637,plain,25,age_10_99,15,9,1.0
64,17637,plain,25,age_10_99,14,10,1.0
64,17637,plain,25,age_10_99,13,11,0.0
64,17637,plain,25,age_10_99,12,12,0.0
64,17637,plain,25,age_10_99,11,13,1.0
64,17637,plain,25,age_10_99,10,14,0.0
64,17637,plain,25,age_1_9,9,15,0.0
64,17637,plain,25,age_1_9,8,16,1.0
64,17637,plain,25,age_1_9,7,17,0.0
64,17637,plain,25,age_1_9,6,18,0.0
64,17637,plain,25,age_1_9,5,19,0.0
64,17637,plain,25,age_1_9,4,20,1.0
64,17637,plain,25,age_1_9,3,21,0.0
64,17637,plain,25,age_1_9,2,22,0.0
64,17637,plain,25,age_1_9,1,23,1.0
64,17637,plain,25,age_0,0,24,1.0
64,17637,plain,50,age_10_99,49,0,1.0
64,17637,plain,50,age_10_99,48,1,0.0
64,17637,plain,50,age_10_99,47,2,0.0
64,17637,plain,50,age_10_99,46,3,0.0
64,17637,plain,50,age_10_99,45,4,0.0
64,17637,plain,50,age_10_99,44,5,0.0
64,17637,plain,50,age_10_99,43,6,0.0
64,17637,plain,50,age_10_99,42,7,1.0
64,17637,plain,50,age_10_99,41,8,0.0
64,17637,plain,50,age_10_99,40,9,0.0
64,17637,plain,50,age_10_99,39,10,0.0
64,17637,plain,50,age_10_99,38,11,0.0
64,17637,plain,50,age_10_99,37,12,0.0
64,17637,plain,50,age_10_99,36,13,0.0
64,17637,plain,50,age_10_99,35,14,1.0
64,17637,plain,50,age_10_99,34,15,0.0
64,17637,plain,50,age_10_99,33,16,0.0
64,17637,plain,50,age_10_99,32,17,0.0
64,17637,plain,50,age_10_99,31,18,0.0
64,17637,plain,50,age_10_99,30,19,0.0
64,17637,plain,50,age_10_99,29,20,0.0
64,17637,plain,50,age_10_99,28,21,1.0
64,17637,plain,50,age_10_99,27,22,0.0
64,17637,plain,50,age_10_99,26,23,0.0
64,17637,plain,50,age_10_99,25,24,0.0
64,17637,plain,50,age_10_99,24,25,0.0
64,17637,plain,50,age_10_99,23,26,0.0
64,17637,plain,50,age_10_99,22,27,1.0
64,17637,plain,50,age_10_99,21,28,0.0
64,17637,plain,50,age_10_99,20,29,0.0
64,17637,plain,50,age_10_99,19,30,0.0
64,17637,plain,50,age_10_99,18,31,0.0
64,17637,plain,50,age_10_99,17,32,0.0
64,17637,plain,50,age_10_99,16,33,0.0
64,17637,plain,50,age_10_99,15,34,1.0
64,17637,plain,50,age_10_99,14,35,0.0
64,17637,plain,50,age_10_99,13,36,0.0
64,17637,plain,50,age_10_99,12,37,0.0
64,17637,plain,50,age_10_99,11,38,0.0
64,17637,plain,50,age_10_99,10,39,0.0
64,17637,plain,50,age_1_9,9,40,0.0
64,17637,plain,50,age_1_9,8,41,1.0
64,17637,plain,50,age_1_9,7,42,0.0
64,17637,plain,50,age_1_9,6,43,0.0
64,17637,plain,50,age_1_9,5,44,0.0
64,17637,plain,50,age_1_9,4,45,0.0
64,17637,plain,50,age_1_9,3,46,0.0
64,17637,plain,50,age_1_9,2,47,0.0
64,17637,plain,50,age_1_9,1,48,1.0
64,17637,plain,50,age_0,0,49,0.0
64,17637,plain,100,age_10_99,99,0,1.0
64,17637,plain,100,age_10_99,98,1,0.0
64,17637,plain,100,age_10_99,97,2,0.0
64,17637,plain,100,age_10_99,96,3,0.0
64,17637,plain,100,age_10_99,95,4,0.0
64,17637,plain,100,age_10_99,94,5,0.0
64,17637,plain,100,age_10_99,93,6,0.0
64,17637,plain,100,age_10_99,92,7,0.0
64,17637,plain,100,age_10_99,91,8,0.0
64,17637,plain,100,age_10_99,90,9,0.0
64,17637,plain,100,age_10_99,89,10,0.0
64,17637,plain,100,age_10_99,88,11,0.0
64,17637,plain,100,age_10_99,87,12,0.0
64,17637,plain,100,age_10_99,86,13,0.0
64,17637,plain,100,age_10_99,85,14,1.0
64,17637,plain,100,age_10_99,84,15,0.0
64,17637,plain,100,age_10_99,83,16,0.0
64,17637,plain,100,age_10_99,82,17,0.0
64,17637,plain,100,age_10_99,81,18,0.0
64,17637,plain,100,age_10_99,80,19,0.0
64,17637,plain,100,age_10_99,79,20,0.0
64,17637,plain,100,age_10_99,78,21,0.0
64,17637,plain,100,age_10_99,77,22,0.0
64,17637,plain,100,age_10_99,76,23,0.0
64,17637,plain,100,age_10_99,75,24,0.0
64,17637,plain,100,age_10_99,74,25,0.0
64,17637,plain,100,age_10_99,73,26,0.0
64,17637,plain,100,age_10_99,72,27,0.0
64,17637,plain,100,age_10_99,71,28,1.0
64,17637,plain,100,age_10_99,70,29,0.0
64,17637,plain,100,age_10_99,69,30,0.0
64,17637,plain,100,age_10_99,68,31,0.0
64,17637,plain,100,age_10_99,67,32,0.0
64,17637,plain,100,age_10_99,66,33,0.0
64,17637,plain,100,age_10_99,65,34,0.0
64,17637,plain,100,age_10_99,64,35,0.0
64,17637,plain,100,age_10_99,63,36,0.0
64,17637,plain,100,age_10_99,62,37,0.0
64,17637,plain,100,age_10_99,61,38,0.0
64,17637,plain,100,age_10_99,60,39,0.0
64,17637,plain,100,age_10_99,59,40,0.0
64,17637,plain,100,age_10_99,58,41,0.0
64,17637,plain,100,age_10_99,57,42,1.0
64,17637,plain,100,age_10_99,56,43,0.0
64,17637,plain,100,age_10_99,55,44,0.0
64,17637,plain,100,age_10_99,54,45,0.0
64,17637,plain,100,age_10_99,53,46,0.0
64,17637,plain,100,age_10_99,52,47,0.0
64,17637,plain,100,age_10_99,51,48,0.0
64,17637,plain,100,age_10_99,50,49,0.0
64,17637,plain,100,age_10_99,49,50,0.0
64,17637,plain,100,age_10_99,48,51,0.0
64,17637,plain,100,age_10_99,47,52,0.0
64,17637,plain,100,age_10_99,46,53,0.0
64,17637,plain,100,age_10_99,45,54,0.0
64,17637,plain,100,age_10_99,44,55,0.0
64,17637,plain,100,age_10_99,43,56,1.0
64,17637,plain,100,age_10_99,42,57,0.0
64,17637,plain,100,age_10_99,41,58,0.0
64,17637,plain,100,age_10_99,40,59,0.0
64,17637,plain,100,age_10_99,39,60,0.0
64,17637,plain,100,age_10_99,38,61,0.0
64,17637,plain,100,age_10_99,37,62,0.0
64,17637,plain,100,age_10_99,36,63,0.0
64,17637,plain,100,age_10_99,35,64,0.0
64,17637,plain,100,age_10_99,34,65,0.0
64,17637,plain,100,age_10_99,33,66,0.0
64,17637,plain,100,age_10_99,32,67,0.0
64,17637,plain,100,age_10_99,31,68,0.0
64,17637,plain,100,age_10_99,30,69,0.0
64,17637,plain,100,age_10_99,29,70,1.0
64,17637,plain,100,age_10_99,28,71,0.0
64,17637,plain,100,age_10_99,27,72,0.0
64,17637,plain,100,age_10_99,26,73,0.0
64,17637,plain,100,age_10_99,25,74,0.0
64,17637,plain,100,age_10_99,24,75,0.0
64,17637,plain,100,age_10_99,23,76,0.0
64,17637,plain,100,age_10_99,22,77,0.0
64,17637,plain,100,age_10_99,21,78,0.0
64,17637,plain,100,age_10_99,20,79,0.0
64,17637,plain,100,age_10_99,19,80,0.0
64,17637,plain,100,age_10_99,18,81,0.0
64,17637,plain,100,age_10_99,17,82,0.0
64,17637,plain,100,age_10_99,16,83,0.0
64,17637,plain,100,age_10_99,15,84,1.0
64,17637,plain,100,age_10_99,14,85,0.0
64,17637,plain,100,age_10_99,13,86,0.0
64,17637,plain,100,age_10_99,12,87,0.0
64,17637,plain,100,age_10_99,11,88,0.0
64,17637,plain,100,age_10_99,10,89,0.0
64,17637,plain,100,age_1_9,9,90,0.0
64,17637,plain,100,age_1_9,8,91,0.0
64,17637,plain,100,age_1_9,7,92,0.0
64,17637,plain,100,age_1_9,6,93,0.0
64,17637,plain,100,age_1_9,5,94,0.0
64,17637,plain,100,age_1_9,4,95,0.0
64,17637,plain,100,age_1_9,3,96,0.0
64,17637,plain,100,age_1_9,2,97,0.0
64,17637,plain,100,age_1_9,1,98,1.0
64,17637,plain,100,age_0,0,99,1.0
64,17637,ssr,1,age_0,0,0,1.0
64,17637,ssr,2,age_1_9,1,0,1.0
64,17637,ssr,2,age_0,0,1,1.0
64,17637,ssr,5,age_1_9,4,0,1.0
64,17637,ssr,5,age_1_9,3,1,1.0
64,17637,ssr,5,age_1_9,2,2,1.0
64,17637,ssr,5,age_1_9,1,3,1.0
64,17637,ssr,5,age_0,0,4,1.0
64,17637,ssr,10,age_1_9,9,0,1.0
64,17637,ssr,10,age_1_9,8,1,0.0
64,17637,ssr,10,age_1_9,7,2,1.0
64,17637,ssr,10,age_1_9,6,3,0.0
64,17637,ssr,10,age_1_9,5,4,0.0
64,17637,ssr,10,age_1_9,4,5,0.0
64,17637,ssr,10,age_1_9,3,6,0.0
64,17637,ssr,10,age_1_9,2,7,0.0
64,17637,ssr,10,age_1_9,1,8,0.0
64,17637,ssr,10,age_0,0,9,0.0
64,17637,ssr,25,age_10_99,24,0,1.0
64,17637,ssr,25,age_10_99,23,1,0.0
64,17637,ssr,25,age_10_99,22,2,0.0
64,17637,ssr,25,age_10_99,21,3,1.0
64,17637,ssr,25,age_10_99,20,4,0.0
64,17637,ssr,25,age_10_99,19,5,0.0
64,17637,ssr,25,age_10_99,18,6,0.0
64,17637,ssr,25,age_10_99,17,7,1.0
64,17637,ssr,25,age_10_99,16,8,0.0
64,17637,ssr,25,age_10_99,15,9,1.0
64,17637,ssr,25,age_10_99,14,10,1.0
64,17637,ssr,25,age_10_99,13,11,0.0
64,17637,ssr,25,age_10_99,12,12,0.0
64,17637,ssr,25,age_10_99,11,13,1.0
64,17637,ssr,25,age_10_99,10,14,0.0
64,17637,ssr,25,age_1_9,9,15,0.0
64,17637,ssr,25,age_1_9,8,16,1.0
64,17637,ssr,25,age_1_9,7,17,0.0
64,17637,ssr,25,age_1_9,6,18,0.0
64,17637,ssr,25,age_1_9,5,19,0.0
64,17637,ssr,25,age_1_9,4,20,1.0
64,17637,ssr,25,age_1_9,3,21,1.0
64,17637,ssr,25,age_1_9,2,22,0.0
64,17637,ssr,25,age_1_9,1,23,1.0
64,17637,ssr,25,age_0,0,24,1.0
64,17637,ssr,50,age_10_99,49,0,1.0
64,17637,ssr,50,age_10_99,48,1,0.0
64,17637,ssr,50,age_10_99,47,2,0.0
64,17637,ssr,50,age_10_99,46,3,0.0
64,17637,ssr,50,age_10_99,45,4,0.0
64,17637,ssr,50,age_10_99,44,5,0.0
64,17637,ssr,50,age_10_99,43,6,0.0
64,17637,ssr,50,age_10_99,42,7,1.0
64,17637,ssr,50,age_10_99,41,8,0.0
64,17637,ssr,50,age_10_99,40,9,0.0
64,17637,ssr,50,age_10_99,39,10,0.0
64,17637,ssr,50,age_10_99,38,11,0.0
64,17637,ssr,50,age_10_99,37,12,0.0
64,17637,ssr,50,age_10_99,36,13,0.0
64,17637,ssr,50,age_10_99,35,14,1.0
64,17637,ssr,50,age_10_99,34,15,0.0
64,17637,ssr,50,age_10_99,33,16,0.0
64,17637,ssr,50,age_10_99,32,17,0.0
64,17637,ssr,50,age_10_99,31,18,0.0
64,17637,ssr,50,age_10_99,30,19,1.0
64,17637,ssr,50,age_10_99,29,20,0.0
64,17637,ssr,50,age_10_99,28,21,1.0
64,17637,ssr,50,age_10_99,27,22,0.0
64,17637,ssr,50,age_10_99,26,23,0.0
64,17637,ssr,50,age_10_99,25,24,0.0
64,17637,ssr,50,age_10_99,24,25,0.0
64,17637,ssr,50,age_10_99,23,26,0.0
64,17637,ssr,50,age_10_99,22,27,1.0
64,17637,ssr,50,age_10_99,21,28,0.0
64,17637,ssr,50,age_10_99,20,29,0.0
64,17637,ssr,50,age_10_99,19,30,0.0
64,17637,ssr,50,age_10_99,18,31,0.0
64,17637,ssr,50,age_10_99,17,32,0.0
64,17637,ssr,50,age_10_99,16,33,0.0
64,17637,ssr,50,age_10_99,15,34,1.0
64,17637,ssr,50,age_10_99,14,35,0.0
64,17637,ssr,50,age_10_99,13,36,0.0
64,17637,ssr,50,age_10_99,12,37,0.0
64,17637,ssr,50,age_10_99,11,38,0.0
64,17637,ssr,50,age_10_99,10,39,0.0
64,17637,ssr,50,age_1_9,9,40,0.0
64,17637,ssr,50,age_1_9,8,41,1.0
64,17637,ssr,50,age_1_9,7,42,0.0
64,17637,ssr,50,age_1_9,6,43,0.0
64,17637,ssr,50,age_1_9,5,44,0.0
64,17637,ssr,50,age_1_9,4,45,0.0
64,17637,ssr,50,age_1_9,3,46,0.0
64,17637,ssr,50,age_1_9,2,47,0.0
64,17637,ssr,50,age_1_9,1,48,1.0
64,17637,ssr,50,age_0,0,49,1.0
64,17637,ssr,100,age_10_99,99,0,1.0
64,17637,ssr,100,age_10_99,98,1,0.0
64,17637,ssr,100,age_10_99,97,2,0.0
64,17637,ssr,100,age_10_99,96,3,0.0
64,17637,ssr,100,age_10_99,95,4,0.0
64,17637,ssr,100,age_10_99,94,5,0.0
64,17637,ssr,100,age_10_99,93,6,0.0
64,17637,ssr,100,age_10_99,92,7,0.0
64,17637,ssr,100,age_10_99,91,8,0.0
64,17637,ssr,100,age_10_99,90,9,0.0
64,17637,ssr,100,age_10_99,89,10,0.0
64,17637,ssr,100,age_10_99,88,11,0.0
64,17637,ssr,100,age_10_99,87,12,0.0
64,17637,ssr,100,age_10_99,86,13,0.0
64,17637,ssr,100,age_10_99,85,14,1.0
64,17637,ssr,100,age_10_99,84,15,0.0
64,17637,ssr,100,age_10_99,83,16,0.0
64,17637,ssr,100,age_10_99,82,17,0.0
64,17637,ssr,100,age_10_99,81,18,0.0
64,17637,ssr,100,age_10_99,80,19,0.0
64,17637,ssr,100,age_10_99,79,20,0.0
64,17637,ssr,100,age_10_99,78,21,0.0
64,17637,ssr,100,age_10_99,77,22,0.0
64,17637,ssr,100,age_10_99,76,23,0.0
64,17637,ssr,100,age_10_99,75,24,0.0
64,17637,ssr,100,age_10_99,74,25,0.0
64,17637,ssr,100,age_10_99,73,26,0.0
64,17637,ssr,100,age_10_99,72,27,0.0
64,17637,ssr,100,age_10_99,71,28,1.0
64,17637,ssr,100,age_10_99,70,29,0.0
64,17637,ssr,100,age_10_99,69,30,0.0
64,17637,ssr,100,age_10_99,68,31,0.0
64,17637,ssr,100,age_10_99,67,32,0.0
64,17637,ssr,100,age_10_99,66,33,0.0
64,17637,ssr,100,age_10_99,65,34,0.0
64,17637,ssr,100,age_10_99,64,35,0.0
64,17637,ssr,100,age_10_99,63,36,0.0
64,17637,ssr,100,age_10_99,62,37,0.0
64,17637,ssr,100,age_10_99,61,38,0.0
64,17637,ssr,100,age_10_99,60,39,0.0
64,17637,ssr,100,age_10_99,59,40,0.0
64,17637,ssr,100,age_10_99,58,41,0.0
64,17637,ssr,100,age_10_99,57,42,1.0
64,17637,ssr,100,age_10_99,56,43,0.0
64,17637,ssr,100,age_10_99,55,44,0.0
64,17637,ssr,100,age_10_99,54,45,0.0
64,17637,ssr,100,age_10_99,53,46,0.0
64,17637,ssr,100,age_10_99,52,47,0.0
64,17637,ssr,100,age_10_99,51,48,0.0
64,17637,ssr,100,age_10_99,50,49,0.0
64,17637,ssr,100,age_10_99,49,50,0.0
64,17637,ssr,100,age_10_99,48,51,0.0
64,17637,ssr,100,age_10_99,47,52,0.0
64,17637,ssr,100,age_10_99,46,53,0.0
64,17637,ssr,100,age_10_99,45,54,0.0
64,17637,ssr,100,age_10_99,44,55,0.0
64,17637,ssr,100,age_10_99,43,56,1.0
64,17637,ssr,100,age_10_99,42,57,0.0
64,17637,ssr,100,age_10_99,41,58,0.0
64,17637,ssr,100,age_10_99,40,59,0.0
64,17637,ssr,100,age_10_99,39,60,0.0
64,17637,ssr,100,age_10_99,38,61,0.0
64,17637,ssr,100,age_10_99,37,62,0.0
64,17637,ssr,100,age_10_99,36,63,0.0
64,17637,ssr,100,age_10_99,35,64,0.0
64,17637,ssr,100,age_10_99,34,65,0.0
64,17637,ssr,100,age_10_99,33,66,0.0
64,17637,ssr,100,age_10_99,32,67,0.0
64,17637,ssr,100,age_10_99,31,68,0.0
64,17637,ssr,100,age_10_99,30,69,0.0
64,17637,ssr,100,age_10_99,29,70,1.0
64,17637,ssr,100,age_10_99,28,71,0.0
64,17637,ssr,100,age_10_99,27,72,0.0
64,17637,ssr,100,age_10_99,26,73,0.0
64,17637,ssr,100,age_10_99,25,74,0.0
64,17637,ssr,100,age_10_99,24,75,0.0
64,17637,ssr,100,age_10_99,23,76,0.0
64,17637,ssr,100,age_10_99,22,77,0.0
64,17637,ssr,100,age_10_99,21,78,0.0
64,17637,ssr,100,age_10_99,20,79,0.0
64,17637,ssr,100,age_10_99,19,80,0.0
64,17637,ssr,100,age_10_99,18,81,0.0
64,17637,ssr,100,age_10_99,17,82,0.0
64,17637,ssr,100,age_10_99,16,83,0.0
64,17637,ssr,100,age_10_99,15,84,1.0
64,17637,ssr,100,age_10_99,14,85,0.0
64,17637,ssr,100,age_10_99,13,86,0.0
64,17637,ssr,100,age_10_99,12,87,0.0
64,17637,ssr,100,age_10_99,11,88,0.0
64,17637,ssr,100,age_10_99,10,89,0.0
64,17637,ssr,100,age_1_9,9,90,0.0
64,17637,ssr,100,age_1_9,8,91,0.0
64,17637,ssr,100,age_1_9,7,92,0.0
64,17637,ssr,100,age_1_9,6,93,0.0
64,17637,ssr,100,age_1_9,5,94,0.0
64,17637,ssr,100,age_1_9,4,95,0.0
64,17637,ssr,100,age_1_9,3,96,0.0
64,17637,ssr,100,age_1_9,2,97,0.0
64,17637,ssr,100,age_1_9,1,98,1.0
64,17637,ssr,100,age_0,0,99,1.0
64,17638,plain,1,age_0,0,0,1.0
64,17638,plain,2,age_1_9,1,0,1.0
64,17638,plain,2,age_0,0,1,1.0
64,17638,plain,5,age_1_9,4,0,1.0
64,17638,plain,5,age_1_9,3,1,1.0
64,17638,plain,5,age_1_9,2,2,1.0
64,17638,plain,5,age_1_9,1,3,1.0
64,17638,plain,5,age_0,0,4,1.0
64,17638,plain,10,age_1_9,9,0,1.0
64,17638,plain,10,age_1_9,8,1,1.0
64,17638,plain,10,age_1_9,7,2,1.0
64,17638,plain,10,age_1_9,6,3,1.0
64,17638,plain,10,age_1_9,5,4,0.0
64,17638,plain,10,age_1_9,4,5,1.0
64,17638,plain,10,age_1_9,3,6,1.0
64,17638,plain,10,age_1_9,2,7,1.0
64,17638,plain,10,age_1_9,1,8,1.0
64,17638,plain,10,age_0,0,9,1.0
64,17638,plain,25,age_10_99,24,0,1.0
64,17638,plain,25,age_10_99,23,1,0.0
64,17638,plain,25,age_10_99,22,2,0.0
64,17638,plain,25,age_10_99,21,3,1.0
64,17638,plain,25,age_10_99,20,4,0.0
64,17638,plain,25,age_10_99,19,5,0.0
64,17638,plain,25,age_10_99,18,6,1.0
64,17638,plain,25,age_10_99,17,7,1.0
64,17638,plain,25,age_10_99,16,8,0.0
64,17638,plain,25,age_10_99,15,9,0.0
64,17638,plain,25,age_10_99,14,10,1.0
64,17638,plain,25,age_10_99,13,11,0.0
64,17638,plain,25,age_10_99,12,12,0.0
64,17638,plain,25,age_10_99,11,13,1.0
64,17638,plain,25,age_10_99,10,14,0.0
64,17638,plain,25,age_1_9,9,15,0.0
64,17638,plain,25,age_1_9,8,16,1.0
64,17638,plain,25,age_1_9,7,17,0.0
64,17638,plain,25,age_1_9,6,18,1.0
64,17638,plain,25,age_1_9,5,19,0.0
64,17638,plain,25,age_1_9,4,20,1.0
64,17638,plain,25,age_1_9,3,21,0.0
64,17638,plain,25,age_1_9,2,22,0.0
64,17638,plain,25,age_1_9,1,23,1.0
64,17638,plain,25,age_0,0,24,1.0
64,17638,plain,50,age_10_99,49,0,1.0
64,17638,plain,50,age_10_99,48,1,0.0
64,17638,plain,50,age_10_99,47,2,0.0
64,17638,plain,50,age_10_99,46,3,0.0
64,17638,plain,50,age_10_99,45,4,0.0
64,17638,plain,50,age_10_99,44,5,0.0
64,17638,plain,50,age_10_99,43,6,0.0
64,17638,plain,50,age_10_99,42,7,1.0
64,17638,plain,50,age_10_99,41,8,0.0
64,17638,plain,50,age_10_99,40,9,0.0
64,17638,plain,50,age_10_99,39,10,0.0
64,17638,plain,50,age_10_99,38,11,0.0
64,17638,plain,50,age_10_99,37,12,0.0
64,17638,plain,50,age_10_99,36,13,0.0
64,17638,plain,50,age_10_99,35,14,1.0
64,17638,plain,50,age_10_99,34,15,0.0
64,17638,plain,50,age_10_99,33,16,0.0
64,17638,plain,50,age_10_99,32,17,0.0
64,17638,plain,50,age_10_99,31,18,1.0
64,17638,plain,50,age_10_99,30,19,0.0
64,17638,plain,50,age_10_99,29,20,0.0
64,17638,plain,50,age_10_99,28,21,1.0
64,17638,plain,50,age_10_99,27,22,0.0
64,17638,plain,50,age_10_99,26,23,0.0
64,17638,plain,50,age_10_99,25,24,0.0
64,17638,plain,50,age_10_99,24,25,0.0
64,17638,plain,50,age_10_99,23,26,0.0
64,17638,plain,50,age_10_99,22,27,1.0
64,17638,plain,50,age_10_99,21,28,0.0
64,17638,plain,50,age_10_99,20,29,0.0
64,17638,plain,50,age_10_99,19,30,0.0
64,17638,plain,50,age_10_99,18,31,0.0
64,17638,plain,50,age_10_99,17,32,0.0
64,17638,plain,50,age_10_99,16,33,0.0
64,17638,plain,50,age_10_99,15,34,1.0
64,17638,plain,50,age_10_99,14,35,1.0
64,17638,plain,50,age_10_99,13,36,0.0
64,17638,plain,50,age_10_99,12,37,0.0
64,17638,plain,50,age_10_99,11,38,0.0
64,17638,plain,50,age_10_99,10,39,0.0
64,17638,plain,50,age_1_9,9,40,0.0
64,17638,plain,50,age_1_9,8,41,1.0
64,17638,plain,50,age_1_9,7,42,0.0
64,17638,plain,50,age_1_9,6,43,0.0
64,17638,plain,50,age_1_9,5,44,1.0
64,17638,plain,50,age_1_9,4,45,0.0
64,17638,plain,50,age_1_9,3,46,0.0
64,17638,plain,50,age_1_9,2,47,0.0
64,17638,plain,50,age_1_9,1,48,1.0
64,17638,plain,50,age_0,0,49,1.0
64,17638,plain,100,age_10_99,99,0,1.0
64,17638,plain,100,age_10_99,98,1,0.0
64,17638,plain,100,age_10_99,97,2,0.0
64,17638,plain,100,age_10_99,96,3,0.0
64,17638,plain,100,age_10_99,95,4,0.0
64,17638,plain,100,age_10_99,94,5,0.0
64,17638,plain,100,age_10_99,93,6,0.0
64,17638,plain,100,age_10_99,92,7,0.0
64,17638,plain,100,age_10_99,91,8,0.0
64,17638,plain,100,age_10_99,90,9,0.0
64,17638,plain,100,age_10_99,89,10,0.0
64,17638,plain,100,age_10_99,88,11,0.0
64,17638,plain,100,age_10_99,87,12,0.0
64,17638,plain,100,age_10_99,86,13,0.0
64,17638,plain,100,age_10_99,85,14,1.0
64,17638,plain,100,age_10_99,84,15,0.0
64,17638,plain,100,age_10_99,83,16,0.0
64,17638,plain,100,age_10_99,82,17,0.0
64,17638,plain,100,age_10_99,81,18,0.0
64,17638,plain,100,age_10_99,80,19,0.0
64,17638,plain,100,age_10_99,79,20,0.0
64,17638,plain,100,age_10_99,78,21,0.0
64,17638,plain,100,age_10_99,77,22,0.0
64,17638,plain,100,age_10_99,76,23,0.0
64,17638,plain,100,age_10_99,75,24,0.0
64,17638,plain,100,age_10_99,74,25,0.0
64,17638,plain,100,age_10_99,73,26,0.0
64,17638,plain,100,age_10_99,72,27,0.0
64,17638,plain,100,age_10_99,71,28,1.0
64,17638,plain,100,age_10_99,70,29,0.0
64,17638,plain,100,age_10_99,69,30,0.0
64,17638,plain,100,age_10_99,68,31,0.0
64,17638,plain,100,age_10_99,67,32,0.0
64,17638,plain,100,age_10_99,66,33,0.0
64,17638,plain,100,age_10_99,65,34,0.0
64,17638,plain,100,age_10_99,64,35,0.0
64,17638,plain,100,age_10_99,63,36,0.0
64,17638,plain,100,age_10_99,62,37,0.0
64,17638,plain,100,age_10_99,61,38,0.0
64,17638,plain,100,age_10_99,60,39,0.0
64,17638,plain,100,age_10_99,59,40,0.0
64,17638,plain,100,age_10_99,58,41,1.0
64,17638,plain,100,age_10_99,57,42,1.0
64,17638,plain,100,age_10_99,56,43,0.0
64,17638,plain,100,age_10_99,55,44,1.0
64,17638,plain,100,age_10_99,54,45,0.0
64,17638,plain,100,age_10_99,53,46,0.0
64,17638,plain,100,age_10_99,52,47,0.0
64,17638,plain,100,age_10_99,51,48,0.0
64,17638,plain,100,age_10_99,50,49,0.0
64,17638,plain,100,age_10_99,49,50,0.0
64,17638,plain,100,age_10_99,48,51,0.0
64,17638,plain,100,age_10_99,47,52,0.0
64,17638,plain,100,age_10_99,46,53,0.0
64,17638,plain,100,age_10_99,45,54,0.0
64,17638,plain,100,age_10_99,44,55,1.0
64,17638,plain,100,age_10_99,43,56,1.0
64,17638,plain,100,age_10_99,42,57,0.0
64,17638,plain,100,age_10_99,41,58,0.0
64,17638,plain,100,age_10_99,40,59,0.0
64,17638,plain,100,age_10_99,39,60,0.0
64,17638,plain,100,age_10_99,38,61,1.0
64,17638,plain,100,age_10_99,37,62,0.0
64,17638,plain,100,age_10_99,36,63,0.0
64,17638,plain,100,age_10_99,35,64,0.0
64,17638,plain,100,age_10_99,34,65,0.0
64,17638,plain,100,age_10_99,33,66,0.0
64,17638,plain,100,age_10_99,32,67,0.0
64,17638,plain,100,age_10_99,31,68,1.0
64,17638,plain,100,age_10_99,30,69,0.0
64,17638,plain,100,age_10_99,29,70,1.0
64,17638,plain,100,age_10_99,28,71,0.0
64,17638,plain,100,age_10_99,27,72,0.0
64,17638,plain,100,age_10_99,26,73,0.0
64,17638,plain,100,age_10_99,25,74,1.0
64,17638,plain,100,age_10_99,24,75,0.0
64,17638,plain,100,age_10_99,23,76,0.0
64,17638,plain,100,age_10_99,22,77,0.0
64,17638,plain,100,age_10_99,21,78,0.0
64,17638,plain,100,age_10_99,20,79,0.0
64,17638,plain,100,age_10_99,19,80,0.0
64,17638,plain,100,age_10_99,18,81,0.0
64,17638,plain,100,age_10_99,17,82,0.0
64,17638,plain,100,age_10_99,16,83,0.0
64,17638,plain,100,age_10_99,15,84,1.0
64,17638,plain,100,age_10_99,14,85,0.0
64,17638,plain,100,age_10_99,13,86,0.0
64,17638,plain,100,age_10_99,12,87,0.0
64,17638,plain,100,age_10_99,11,88,0.0
64,17638,plain,100,age_10_99,10,89,0.0
64,17638,plain,100,age_1_9,9,90,0.0
64,17638,plain,100,age_1_9,8,91,0.0
64,17638,plain,100,age_1_9,7,92,0.0
64,17638,plain,100,age_1_9,6,93,0.0
64,17638,plain,100,age_1_9,5,94,0.0
64,17638,plain,100,age_1_9,4,95,0.0
64,17638,plain,100,age_1_9,3,96,0.0
64,17638,plain,100,age_1_9,2,97,0.0
64,17638,plain,100,age_1_9,1,98,1.0
64,17638,plain,100,age_0,0,99,1.0
64,17638,ssr,1,age_0,0,0,1.0
64,17638,ssr,2,age_1_9,1,0,1.0
64,17638,ssr,2,age_0,0,1,1.0
64,17638,ssr,5,age_1_9,4,0,1.0
64,17638,ssr,5,age_1_9,3,1,1.0
64,17638,ssr,5,age_1_9,2,2,1.0
64,17638,ssr,5,age_1_9,1,3,1.0
64,17638,ssr,5,age_0,0,4,1.0
64,17638,ssr,10,age_1_9,9,0,1.0
64,17638,ssr,10,age_1_9,8,1,1.0
64,17638,ssr,10,age_1_9,7,2,1.0
64,17638,ssr,10,age_1_9,6,3,1.0
64,17638,ssr,10,age_1_9,5,4,1.0
64,17638,ssr,10,age_1_9,4,5,1.0
64,17638,ssr,10,age_1_9,3,6,1.0
64,17638,ssr,10,age_1_9,2,7,1.0
64,17638,ssr,10,age_1_9,1,8,1.0
64,17638,ssr,10,age_0,0,9,1.0
64,17638,ssr,25,age_10_99,24,0,1.0
64,17638,ssr,25,age_10_99,23,1,0.0
64,17638,ssr,25,age_10_99,22,2,0.0
64,17638,ssr,25,age_10_99,21,3,1.0
64,17638,ssr,25,age_10_99,20,4,0.0
64,17638,ssr,25,age_10_99,19,5,0.0
64,17638,ssr,25,age_10_99,18,6,0.0
64,17638,ssr,25,age_10_99,17,7,1.0
64,17638,ssr,25,age_10_99,16,8,0.0
64,17638,ssr,25,age_10_99,15,9,0.0
64,17638,ssr,25,age_10_99,14,10,1.0
64,17638,ssr,25,age_10_99,13,11,0.0
64,17638,ssr,25,age_10_99,12,12,0.0
64,17638,ssr,25,age_10_99,11,13,1.0
64,17638,ssr,25,age_10_99,10,14,0.0
64,17638,ssr,25,age_1_9,9,15,0.0
64,17638,ssr,25,age_1_9,8,16,1.0
64,17638,ssr,25,age_1_9,7,17,0.0
64,17638,ssr,25,age_1_9,6,18,0.0
64,17638,ssr,25,age_1_9,5,19,0.0
64,17638,ssr,25,age_1_9,4,20,1.0
64,17638,ssr,25,age_1_9,3,21,0.0
64,17638,ssr,25,age_1_9,2,22,0.0
64,17638,ssr,25,age_1_9,1,23,1.0
64,17638,ssr,25,age_0,0,24,1.0
64,17638,ssr,50,age_10_99,49,0,1.0
64,17638,ssr,50,age_10_99,48,1,0.0
64,17638,ssr,50,age_10_99,47,2,0.0
64,17638,ssr,50,age_10_99,46,3,0.0
64,17638,ssr,50,age_10_99,45,4,0.0
64,17638,ssr,50,age_10_99,44,5,0.0
64,17638,ssr,50,age_10_99,43,6,1.0
64,17638,ssr,50,age_10_99,42,7,1.0
64,17638,ssr,50,age_10_99,41,8,0.0
64,17638,ssr,50,age_10_99,40,9,0.0
64,17638,ssr,50,age_10_99,39,10,0.0
64,17638,ssr,50,age_10_99,38,11,0.0
64,17638,ssr,50,age_10_99,37,12,0.0
64,17638,ssr,50,age_10_99,36,13,1.0
64,17638,ssr,50,age_10_99,35,14,1.0
64,17638,ssr,50,age_10_99,34,15,0.0
64,17638,ssr,50,age_10_99,33,16,0.0
64,17638,ssr,50,age_10_99,32,17,0.0
64,17638,ssr,50,age_10_99,31,18,1.0
64,17638,ssr,50,age_10_99,30,19,0.0
64,17638,ssr,50,age_10_99,29,20,0.0
64,17638,ssr,50,age_10_99,28,21,1.0
64,17638,ssr,50,age_10_99,27,22,0.0
64,17638,ssr,50,age_10_99,26,23,0.0
64,17638,ssr,50,age_10_99,25,24,0.0
64,17638,ssr,50,age_10_99,24,25,0.0
64,17638,ssr,50,age_10_99,23,26,1.0
64,17638,ssr,50,age_10_99,22,27,1.0
64,17638,ssr,50,age_10_99,21,28,0.0
64,17638,ssr,50,age_10_99,20,29,0.0
64,17638,ssr,50,age_10_99,19,30,0.0
64,17638,ssr,50,age_10_99,18,31,0.0
64,17638,ssr,50,age_10_99,17,32,0.0
64,17638,ssr,50,age_10_99,16,33,0.0
64,17638,ssr,50,age_10_99,15,34,1.0
64,17638,ssr,50,age_10_99,14,35,1.0
64,17638,ssr,50,age_10_99,13,36,0.0
64,17638,ssr,50,age_10_99,12,37,0.0
64,17638,ssr,50,age_10_99,11,38,0.0
64,17638,ssr,50,age_10_99,10,39,0.0
64,17638,ssr,50,age_1_9,9,40,0.0
64,17638,ssr,50,age_1_9,8,41,1.0
64,17638,ssr,50,age_1_9,7,42,0.0
64,17638,ssr,50,age_1_9,6,43,0.0
64,17638,ssr,50,age_1_9,5,44,1.0
64,17638,ssr,50,age_1_9,4,45,0.0
64,17638,ssr,50,age_1_9,3,46,0.0
64,17638,ssr,50,age_1_9,2,47,0.0
64,17638,ssr,50,age_1_9,1,48,1.0
64,17638,ssr,50,age_0,0,49,1.0
64,17638,ssr,100,age_10_99,99,0,1.0
64,17638,ssr,100,age_10_99,98,1,0.0
64,17638,ssr,100,age_10_99,97,2,0.0
64,17638,ssr,100,age_10_99,96,3,0.0
64,17638,ssr,100,age_10_99,95,4,0.0
64,17638,ssr,100,age_10_99,94,5,0.0
64,17638,ssr,100,age_10_99,93,6,0.0
64,17638,ssr,100,age_10_99,92,7,0.0
64,17638,ssr,100,age_10_99,91,8,0.0
64,17638,ssr,100,age_10_99,90,9,0.0
64,17638,ssr,100,age_10_99,89,10,0.0
64,17638,ssr,100,age_10_99,88,11,0.0
64,17638,ssr,100,age_10_99,87,12,0.0
64,17638,ssr,100,age_10_99,86,13,1.0
64,17638,ssr,100,age_10_99,85,14,1.0
64,17638,ssr,100,age_10_99,84,15,0.0
64,17638,ssr,100,age_10_99,83,16,0.0
64,17638,ssr,100,age_10_99,82,17,0.0
64,17638,ssr,100,age_10_99,81,18,0.0
64,17638,ssr,100,age_10_99,80,19,0.0
64,17638,ssr,100,age_10_99,79,20,0.0
64,17638,ssr,100,age_10_99,78,21,0.0
64,17638,ssr,100,age_10_99,77,22,0.0
64,17638,ssr,100,age_10_99,76,23,0.0
64,17638,ssr,100,age_10_99,75,24,1.0
64,17638,ssr,100,age_10_99,74,25,0.0
64,17638,ssr,100,age_10_99,73,26,0.0
64,17638,ssr,100,age_10_99,72,27,0.0
64,17638,ssr,100,age_10_99,71,28,1.0
64,17638,ssr,100,age_10_99,70,29,0.0
64,17638,ssr,100,age_10_99,69,30,0.0
64,17638,ssr,100,age_10_99,68,31,0.0
64,17638,ssr,100,age_10_99,67,32,0.0
64,17638,ssr,100,age_10_99,66,33,0.0
64,17638,ssr,100,age_10_99,65,34,0.0
64,17638,ssr,100,age_10_99,64,35,0.0
64,17638,ssr,100,age_10_99,63,36,0.0
64,17638,ssr,100,age_10_99,62,37,0.0
64,17638,ssr,100,age_10_99,61,38,0.0
64,17638,ssr,100,age_10_99,60,39,0.0
64,17638,ssr,100,age_10_99,59,40,0.0
64,17638,ssr,100,age_10_99,58,41,1.0
64,17638,ssr,100,age_10_99,57,42,1.0
64,17638,ssr,100,age_10_99,56,43,0.0
64,17638,ssr,100,age_10_99,55,44,0.0
64,17638,ssr,100,age_10_99,54,45,0.0
64,17638,ssr,100,age_10_99,53,46,0.0
64,17638,ssr,100,age_10_99,52,47,0.0
64,17638,ssr,100,age_10_99,51,48,0.0
64,17638,ssr,100,age_10_99,50,49,0.0
64,17638,ssr,100,age_10_99,49,50,0.0
64,17638,ssr,100,age_10_99,48,51,0.0
64,17638,ssr,100,age_10_99,47,52,0.0
64,17638,ssr,100,age_10_99,46,53,0.0
64,17638,ssr,100,age_10_99,45,54,1.0
64,17638,ssr,100,age_10_99,44,55,1.0
64,17638,ssr,100,age_10_99,43,56,1.0
64,17638,ssr,100,age_10_99,42,57,0.0
64,17638,ssr,100,age_10_99,41,58,0.0
64,17638,ssr,100,age_10_99,40,59,0.0
64,17638,ssr,100,age_10_99,39,60,0.0
64,17638,ssr,100,age_10_99,38,61,0.0
64,17638,ssr,100,age_10_99,37,62,0.0
64,17638,ssr,100,age_10_99,36,63,0.0
64,17638,ssr,100,age_10_99,35,64,0.0
64,17638,ssr,100,age_10_99,34,65,0.0
64,17638,ssr,100,age_10_99,33,66,1.0
64,17638,ssr,100,age_10_99,32,67,1.0
64,17638,ssr,100,age_10_99,31,68,0.0
64,17638,ssr,100,age_10_99,30,69,1.0
64,17638,ssr,100,age_10_99,29,70,1.0
64,17638,ssr,100,age_10_99,28,71,0.0
64,17638,ssr,100,age_10_99,27,72,0.0
64,17638,ssr,100,age_10_99,26,73,0.0
64,17638,ssr,100,age_10_99,25,74,0.0
64,17638,ssr,100,age_10_99,24,75,0.0
64,17638,ssr,100,age_10_99,23,76,0.0
64,17638,ssr,100,age_10_99,22,77,0.0
64,17638,ssr,100,age_10_99,21,78,0.0
64,17638,ssr,100,age_10_99,20,79,1.0
64,17638,ssr,100,age_10_99,19,80,0.0
64,17638,ssr,100,age_10_99,18,81,0.0
64,17638,ssr,100,age_10_99,17,82,0.0
64,17638,ssr,100,age_10_99,16,83,0.0
64,17638,ssr,100,age_10_99,15,84,1.0
64,17638,ssr,100,age_10_99,14,85,0.0
64,17638,ssr,100,age_10_99,13,86,0.0
64,17638,ssr,100,age_10_99,12,87,0.0
64,17638,ssr,100,age_10_99,11,88,0.0
64,17638,ssr,100,age_10_99,10,89,0.0
64,17638,ssr,100,age_1_9,9,90,0.0
64,17638,ssr,100,age_1_9,8,91,0.0
64,17638,ssr,100,age_1_9,7,92,0.0
64,17638,ssr,100,age_1_9,6,93,0.0
64,17638,ssr,100,age_1_9,5,94,0.0
64,17638,ssr,100,age_1_9,4,95,0.0
64,17638,ssr,100,age_1_9,3,96,0.0
64,17638,ssr,100,age_1_9,2,97,0.0
64,17638,ssr,100,age_1_9,1,98,1.0
64,17638,ssr,100,age_0,0,99,1.0
64,17639,plain,1,age_0,0,0,1.0
64,17639,plain,2,age_1_9,1,0,1.0
64,17639,plain,2,age_0,0,1,1.0
64,17639,plain,5,age_1_9,4,0,1.0
64,17639,plain,5,age_1_9,3,1,0.0
64,17639,plain,5,age_1_9,2,2,0.0
64,17639,plain,5,age_1_9,1,3,1.0
64,17639,plain,5,age_0,0,4,1.0
64,17639,plain,10,age_1_9,9,0,1.0
64,17639,plain,10,age_1_9,8,1,1.0
64,17639,plain,10,age_1_9,7,2,1.0
64,17639,plain,10,age_1_9,6,3,1.0
64,17639,plain,10,age_1_9,5,4,0.0
64,17639,plain,10,age_1_9,4,5,1.0
64,17639,plain,10,age_1_9,3,6,1.0
64,17639,plain,10,age_1_9,2,7,1.0
64,17639,plain,10,age_1_9,1,8,1.0
64,17639,plain,10,age_0,0,9,1.0
64,17639,plain,25,age_10_99,24,0,1.0
64,17639,plain,25,age_10_99,23,1,0.0
64,17639,plain,25,age_10_99,22,2,0.0
64,17639,plain,25,age_10_99,21,3,1.0
64,17639,plain,25,age_10_99,20,4,0.0
64,17639,plain,25,age_10_99,19,5,0.0
64,17639,plain,25,age_10_99,18,6,0.0
64,17639,plain,25,age_10_99,17,7,1.0
64,17639,plain,25,age_10_99,16,8,0.0
64,17639,plain,25,age_10_99,15,9,1.0
64,17639,plain,25,age_10_99,14,10,1.0
64,17639,plain,25,age_10_99,13,11,0.0
64,17639,plain,25,age_10_99,12,12,0.0
64,17639,plain,25,age_10_99,11,13,1.0
64,17639,plain,25,age_10_99,10,14,0.0
64,17639,plain,25,age_1_9,9,15,0.0
64,17639,plain,25,age_1_9,8,16,1.0
64,17639,plain,25,age_1_9,7,17,0.0
64,17639,plain,25,age_1_9,6,18,0.0
64,17639,plain,25,age_1_9,5,19,0.0
64,17639,plain,25,age_1_9,4,20,1.0
64,17639,plain,25,age_1_9,3,21,0.0
64,17639,plain,25,age_1_9,2,22,0.0
64,17639,plain,25,age_1_9,1,23,1.0
64,17639,plain,25,age_0,0,24,1.0
64,17639,plain,50,age_10_99,49,0,1.0
64,17639,plain,50,age_10_99,48,1,0.0
64,17639,plain,50,age_10_99,47,2,0.0
64,17639,plain,50,age_10_99,46,3,0.0
64,17639,plain,50,age_10_99,45,4,0.0
64,17639,plain,50,age_10_99,44,5,0.0
64,17639,plain,50,age_10_99,43,6,0.0
64,17639,plain,50,age_10_99,42,7,1.0
64,17639,plain,50,age_10_99,41,8,0.0
64,17639,plain,50,age_10_99,40,9,0.0
64,17639,plain,50,age_10_99,39,10,0.0
64,17639,plain,50,age_10_99,38,11,0.0
64,17639,plain,50,age_10_99,37,12,0.0
64,17639,plain,50,age_10_99,36,13,0.0
64,17639,plain,50,age_10_99,35,14,1.0
64,17639,plain,50,age_10_99,34,15,0.0
64,17639,plain,50,age_10_99,33,16,0.0
64,17639,plain,50,age_10_99,32,17,0.0
64,17639,plain,50,age_10_99,31,18,0.0
64,17639,plain,50,age_10_99,30,19,1.0
64,17639,plain,50,age_10_99,29,20,1.0
64,17639,plain,50,age_10_99,28,21,1.0
64,17639,plain,50,age_10_99,27,22,0.0
64,17639,plain,50,age_10_99,26,23,0.0
64,17639,plain,50,age_10_99,25,24,0.0
64,17639,plain,50,age_10_99,24,25,0.0
64,17639,plain,50,age_10_99,23,26,0.0
64,17639,plain,50,age_10_99,22,27,1.0
64,17639,plain,50,age_10_99,21,28,0.0
64,17639,plain,50,age_10_99,20,29,0.0
64,17639,plain,50,age_10_99,19,30,0.0
64,17639,plain,50,age_10_99,18,31,0.0
64,17639,plain,50,age_10_99,17,32,0.0
64,17639,plain,50,age_10_99,16,33,0.0
64,17639,plain,50,age_10_99,15,34,1.0
64,17639,plain,50,age_10_99,14,35,0.0
64,17639,plain,50,age_10_99,13,36,0.0
64,17639,plain,50,age_10_99,12,37,0.0
64,17639,plain,50,age_10_99,11,38,0.0
64,17639,plain,50,age_10_99,10,39,0.0
64,17639,plain,50,age_1_9,9,40,0.0
64,17639,plain,50,age_1_9,8,41,1.0
64,17639,plain,50,age_1_9,7,42,0.0
64,17639,plain,50,age_1_9,6,43,0.0
64,17639,plain,50,age_1_9,5,44,0.0
64,17639,plain,50,age_1_9,4,45,0.0
64,17639,plain,50,age_1_9,3,46,0.0
64,17639,plain,50,age_1_9,2,47,0.0
64,17639,plain,50,age_1_9,1,48,1.0
64,17639,plain,50,age_0,0,49,1.0
64,17639,plain,100,age_10_99,99,0,1.0
64,17639,plain,100,age_10_99,98,1,0.0
64,17639,plain,100,age_10_99,97,2,0.0
64,17639,plain,100,age_10_99,96,3,0.0
64,17639,plain,100,age_10_99,95,4,0.0
64,17639,plain,100,age_10_99,94,5,0.0
64,17639,plain,100,age_10_99,93,6,0.0
64,17639,plain,100,age_10_99,92,7,0.0
64,17639,plain,100,age_10_99,91,8,1.0
64,17639,plain,100,age_10_99,90,9,1.0
64,17639,plain,100,age_10_99,89,10,0.0
64,17639,plain,100,age_10_99,88,11,0.0
64,17639,plain,100,age_10_99,87,12,0.0
64,17639,plain,100,age_10_99,86,13,0.0
64,17639,plain,100,age_10_99,85,14,1.0
64,17639,plain,100,age_10_99,84,15,0.0
64,17639,plain,100,age_10_99,83,16,0.0
64,17639,plain,100,age_10_99,82,17,0.0
64,17639,plain,100,age_10_99,81,18,0.0
64,17639,plain,100,age_10_99,80,19,0.0
64,17639,plain,100,age_10_99,79,20,0.0
64,17639,plain,100,age_10_99,78,21,0.0
64,17639,plain,100,age_10_99,77,22,0.0
64,17639,plain,100,age_10_99,76,23,0.0
64,17639,plain,100,age_10_99,75,24,0.0
64,17639,plain,100,age_10_99,74,25,0.0
64,17639,plain,100,age_10_99,73,26,0.0
64,17639,plain,100,age_10_99,72,27,0.0
64,17639,plain,100,age_10_99,71,28,1.0
64,17639,plain,100,age_10_99,70,29,0.0
64,17639,plain,100,age_10_99,69,30,0.0
64,17639,plain,100,age_10_99,68,31,0.0
64,17639,plain,100,age_10_99,67,32,0.0
64,17639,plain,100,age_10_99,66,33,0.0
64,17639,plain,100,age_10_99,65,34,0.0
64,17639,plain,100,age_10_99,64,35,0.0
64,17639,plain,100,age_10_99,63,36,0.0
64,17639,plain,100,age_10_99,62,37,0.0
64,17639,plain,100,age_10_99,61,38,0.0
64,17639,plain,100,age_10_99,60,39,0.0
64,17639,plain,100,age_10_99,59,40,0.0
64,17639,plain,100,age_10_99,58,41,0.0
64,17639,plain,100,age_10_99,57,42,1.0
64,17639,plain,100,age_10_99,56,43,0.0
64,17639,plain,100,age_10_99,55,44,0.0
64,17639,plain,100,age_10_99,54,45,0.0
64,17639,plain,100,age_10_99,53,46,0.0
64,17639,plain,100,age_10_99,52,47,0.0
64,17639,plain,100,age_10_99,51,48,0.0
64,17639,plain,100,age_10_99,50,49,0.0
64,17639,plain,100,age_10_99,49,50,0.0
64,17639,plain,100,age_10_99,48,51,0.0
64,17639,plain,100,age_10_99,47,52,0.0
64,17639,plain,100,age_10_99,46,53,0.0
64,17639,plain,100,age_10_99,45,54,0.0
64,17639,plain,100,age_10_99,44,55,1.0
64,17639,plain,100,age_10_99,43,56,1.0
64,17639,plain,100,age_10_99,42,57,0.0
64,17639,plain,100,age_10_99,41,58,0.0
64,17639,plain,100,age_10_99,40,59,0.0
64,17639,plain,100,age_10_99,39,60,0.0
64,17639,plain,100,age_10_99,38,61,0.0
64,17639,plain,100,age_10_99,37,62,0.0
64,17639,plain,100,age_10_99,36,63,0.0
64,17639,plain,100,age_10_99,35,64,0.0
64,17639,plain,100,age_10_99,34,65,0.0
64,17639,plain,100,age_10_99,33,66,0.0
64,17639,plain,100,age_10_99,32,67,0.0
64,17639,plain,100,age_10_99,31,68,0.0
64,17639,plain,100,age_10_99,30,69,0.0
64,17639,plain,100,age_10_99,29,70,1.0
64,17639,plain,100,age_10_99,28,71,0.0
64,17639,plain,100,age_10_99,27,72,0.0
64,17639,plain,100,age_10_99,26,73,0.0
64,17639,plain,100,age_10_99,25,74,0.0
64,17639,plain,100,age_10_99,24,75,0.0
64,17639,plain,100,age_10_99,23,76,0.0
64,17639,plain,100,age_10_99,22,77,0.0
64,17639,plain,100,age_10_99,21,78,0.0
64,17639,plain,100,age_10_99,20,79,0.0
64,17639,plain,100,age_10_99,19,80,0.0
64,17639,plain,100,age_10_99,18,81,0.0
64,17639,plain,100,age_10_99,17,82,0.0
64,17639,plain,100,age_10_99,16,83,0.0
64,17639,plain,100,age_10_99,15,84,1.0
64,17639,plain,100,age_10_99,14,85,0.0
64,17639,plain,100,age_10_99,13,86,0.0
64,17639,plain,100,age_10_99,12,87,0.0
64,17639,plain,100,age_10_99,11,88,0.0
64,17639,plain,100,age_10_99,10,89,0.0
64,17639,plain,100,age_1_9,9,90,1.0
64,17639,plain,100,age_1_9,8,91,0.0
64,17639,plain,100,age_1_9,7,92,0.0
64,17639,plain,100,age_1_9,6,93,0.0
64,17639,plain,100,age_1_9,5,94,0.0
64,17639,plain,100,age_1_9,4,95,0.0
64,17639,plain,100,age_1_9,3,96,0.0
64,17639,plain,100,age_1_9,2,97,0.0
64,17639,plain,100,age_1_9,1,98,1.0
64,17639,plain,100,age_0,0,99,1.0
64,17639,ssr,1,age_0,0,0,1.0
64,17639,ssr,2,age_1_9,1,0,1.0
64,17639,ssr,2,age_0,0,1,1.0
64,17639,ssr,5,age_1_9,4,0,0.0
64,17639,ssr,5,age_1_9,3,1,0.0
64,17639,ssr,5,age_1_9,2,2,0.0
64,17639,ssr,5,age_1_9,1,3,0.0
64,17639,ssr,5,age_0,0,4,0.0
64,17639,ssr,10,age_1_9,9,0,1.0
64,17639,ssr,10,age_1_9,8,1,1.0
64,17639,ssr,10,age_1_9,7,2,1.0
64,17639,ssr,10,age_1_9,6,3,1.0
64,17639,ssr,10,age_1_9,5,4,0.0
64,17639,ssr,10,age_1_9,4,5,1.0
64,17639,ssr,10,age_1_9,3,6,1.0
64,17639,ssr,10,age_1_9,2,7,0.0
64,17639,ssr,10,age_1_9,1,8,1.0
64,17639,ssr,10,age_0,0,9,1.0
64,17639,ssr,25,age_10_99,24,0,1.0
64,17639,ssr,25,age_10_99,23,1,0.0
64,17639,ssr,25,age_10_99,22,2,0.0
64,17639,ssr,25,age_10_99,21,3,1.0
64,17639,ssr,25,age_10_99,20,4,0.0
64,17639,ssr,25,age_10_99,19,5,0.0
64,17639,ssr,25,age_10_99,18,6,0.0
64,17639,ssr,25,age_10_99,17,7,1.0
64,17639,ssr,25,age_10_99,16,8,0.0
64,17639,ssr,25,age_10_99,15,9,0.0
64,17639,ssr,25,age_10_99,14,10,1.0
64,17639,ssr,25,age_10_99,13,11,0.0
64,17639,ssr,25,age_10_99,12,12,0.0
64,17639,ssr,25,age_10_99,11,13,1.0
64,17639,ssr,25,age_10_99,10,14,1.0
64,17639,ssr,25,age_1_9,9,15,0.0
64,17639,ssr,25,age_1_9,8,16,1.0
64,17639,ssr,25,age_1_9,7,17,0.0
64,17639,ssr,25,age_1_9,6,18,0.0
64,17639,ssr,25,age_1_9,5,19,0.0
64,17639,ssr,25,age_1_9,4,20,1.0
64,17639,ssr,25,age_1_9,3,21,0.0
64,17639,ssr,25,age_1_9,2,22,0.0
64,17639,ssr,25,age_1_9,1,23,1.0
64,17639,ssr,25,age_0,0,24,1.0
64,17639,ssr,50,age_10_99,49,0,1.0
64,17639,ssr,50,age_10_99,48,1,0.0
64,17639,ssr,50,age_10_99,47,2,0.0
64,17639,ssr,50,age_10_99,46,3,0.0
64,17639,ssr,50,age_10_99,45,4,0.0
64,17639,ssr,50,age_10_99,44,5,0.0
64,17639,ssr,50,age_10_99,43,6,0.0
64,17639,ssr,50,age_10_99,42,7,1.0
64,17639,ssr,50,age_10_99,41,8,0.0
64,17639,ssr,50,age_10_99,40,9,0.0
64,17639,ssr,50,age_10_99,39,10,0.0
64,17639,ssr,50,age_10_99,38,11,0.0
64,17639,ssr,50,age_10_99,37,12,0.0
64,17639,ssr,50,age_10_99,36,13,0.0
64,17639,ssr,50,age_10_99,35,14,0.0
64,17639,ssr,50,age_10_99,34,15,0.0
64,17639,ssr,50,age_10_99,33,16,0.0
64,17639,ssr,50,age_10_99,32,17,0.0
64,17639,ssr,50,age_10_99,31,18,0.0
64,17639,ssr,50,age_10_99,30,19,0.0
64,17639,ssr,50,age_10_99,29,20,1.0
64,17639,ssr,50,age_10_99,28,21,1.0
64,17639,ssr,50,age_10_99,27,22,0.0
64,17639,ssr,50,age_10_99,26,23,0.0
64,17639,ssr,50,age_10_99,25,24,0.0
64,17639,ssr,50,age_10_99,24,25,0.0
64,17639,ssr,50,age_10_99,23,26,0.0
64,17639,ssr,50,age_10_99,22,27,1.0
64,17639,ssr,50,age_10_99,21,28,0.0
64,17639,ssr,50,age_10_99,20,29,0.0
64,17639,ssr,50,age_10_99,19,30,0.0
64,17639,ssr,50,age_10_99,18,31,0.0
64,17639,ssr,50,age_10_99,17,32,0.0
64,17639,ssr,50,age_10_99,16,33,0.0
64,17639,ssr,50,age_10_99,15,34,1.0
64,17639,ssr,50,age_10_99,14,35,0.0
64,17639,ssr,50,age_10_99,13,36,0.0
64,17639,ssr,50,age_10_99,12,37,0.0
64,17639,ssr,50,age_10_99,11,38,0.0
64,17639,ssr,50,age_10_99,10,39,0.0
64,17639,ssr,50,age_1_9,9,40,0.0
64,17639,ssr,50,age_1_9,8,41,1.0
64,17639,ssr,50,age_1_9,7,42,0.0
64,17639,ssr,50,age_1_9,6,43,0.0
64,17639,ssr,50,age_1_9,5,44,0.0
64,17639,ssr,50,age_1_9,4,45,0.0
64,17639,ssr,50,age_1_9,3,46,0.0
64,17639,ssr,50,age_1_9,2,47,0.0
64,17639,ssr,50,age_1_9,1,48,1.0
64,17639,ssr,50,age_0,0,49,1.0
64,17639,ssr,100,age_10_99,99,0,1.0
64,17639,ssr,100,age_10_99,98,1,0.0
64,17639,ssr,100,age_10_99,97,2,0.0
64,17639,ssr,100,age_10_99,96,3,0.0
64,17639,ssr,100,age_10_99,95,4,0.0
64,17639,ssr,100,age_10_99,94,5,0.0
64,17639,ssr,100,age_10_99,93,6,0.0
64,17639,ssr,100,age_10_99,92,7,0.0
64,17639,ssr,100,age_10_99,91,8,0.0
64,17639,ssr,100,age_10_99,90,9,1.0
64,17639,ssr,100,age_10_99,89,10,0.0
64,17639,ssr,100,age_10_99,88,11,0.0
64,17639,ssr,100,age_10_99,87,12,0.0
64,17639,ssr,100,age_10_99,86,13,0.0
64,17639,ssr,100,age_10_99,85,14,1.0
64,17639,ssr,100,age_10_99,84,15,0.0
64,17639,ssr,100,age_10_99,83,16,0.0
64,17639,ssr,100,age_10_99,82,17,0.0
64,17639,ssr,100,age_10_99,81,18,0.0
64,17639,ssr,100,age_10_99,80,19,0.0
64,17639,ssr,100,age_10_99,79,20,0.0
64,17639,ssr,100,age_10_99,78,21,0.0
64,17639,ssr,100,age_10_99,77,22,0.0
64,17639,ssr,100,age_10_99,76,23,0.0
64,17639,ssr,100,age_10_99,75,24,0.0
64,17639,ssr,100,age_10_99,74,25,0.0
64,17639,ssr,100,age_10_99,73,26,0.0
64,17639,ssr,100,age_10_99,72,27,0.0
64,17639,ssr,100,age_10_99,71,28,1.0
64,17639,ssr,100,age_10_99,70,29,0.0
64,17639,ssr,100,age_10_99,69,30,0.0
64,17639,ssr,100,age_10_99,68,31,0.0
64,17639,ssr,100,age_10_99,67,32,0.0
64,17639,ssr,100,age_10_99,66,33,0.0
64,17639,ssr,100,age_10_99,65,34,0.0
64,17639,ssr,100,age_10_99,64,35,0.0
64,17639,ssr,100,age_10_99,63,36,0.0
64,17639,ssr,100,age_10_99,62,37,0.0
64,17639,ssr,100,age_10_99,61,38,0.0
64,17639,ssr,100,age_10_99,60,39,0.0
64,17639,ssr,100,age_10_99,59,40,0.0
64,17639,ssr,100,age_10_99,58,41,0.0
64,17639,ssr,100,age_10_99,57,42,1.0
64,17639,ssr,100,age_10_99,56,43,0.0
64,17639,ssr,100,age_10_99,55,44,0.0
64,17639,ssr,100,age_10_99,54,45,0.0
64,17639,ssr,100,age_10_99,53,46,0.0
64,17639,ssr,100,age_10_99,52,47,0.0
64,17639,ssr,100,age_10_99,51,48,0.0
64,17639,ssr,100,age_10_99,50,49,0.0
64,17639,ssr,100,age_10_99,49,50,0.0
64,17639,ssr,100,age_10_99,48,51,0.0
64,17639,ssr,100,age_10_99,47,52,0.0
64,17639,ssr,100,age_10_99,46,53,0.0
64,17639,ssr,100,age_10_99,45,54,0.0
64,17639,ssr,100,age_10_99,44,55,0.0
64,17639,ssr,100,age_10_99,43,56,1.0
64,17639,ssr,100,age_10_99,42,57,0.0
64,17639,ssr,100,age_10_99,41,58,0.0
64,17639,ssr,100,age_10_99,40,59,0.0
64,17639,ssr,100,age_10_99,39,60,0.0
64,17639,ssr,100,age_10_99,38,61,0.0
64,17639,ssr,100,age_10_99,37,62,0.0
64,17639,ssr,100,age_10_99,36,63,0.0
64,17639,ssr,100,age_10_99,35,64,0.0
64,17639,ssr,100,age_10_99,34,65,0.0
64,17639,ssr,100,age_10_99,33,66,0.0
64,17639,ssr,100,age_10_99,32,67,0.0
64,17639,ssr,100,age_10_99,31,68,0.0
64,17639,ssr,100,age_10_99,30,69,0.0
64,17639,ssr,100,age_10_99,29,70,1.0
64,17639,ssr,100,age_10_99,28,71,0.0
64,17639,ssr,100,age_10_99,27,72,0.0
64,17639,ssr,100,age_10_99,26,73,0.0
64,17639,ssr,100,age_10_99,25,74,0.0
64,17639,ssr,100,age_10_99,24,75,0.0
64,17639,ssr,100,age_10_99,23,76,0.0
64,17639,ssr,100,age_10_99,22,77,0.0
64,17639,ssr,100,age_10_99,21,78,0.0
64,17639,ssr,100,age_10_99,20,79,0.0
64,17639,ssr,100,age_10_99,19,80,0.0
64,17639,ssr,100,age_10_99,18,81,0.0
64,17639,ssr,100,age_10_99,17,82,0.0
64,17639,ssr,100,age_10_99,16,83,0.0
64,17639,ssr,100,age_10_99,15,84,1.0
64,17639,ssr,100,age_10_99,14,85,0.0
64,17639,ssr,100,age_10_99,13,86,0.0
64,17639,ssr,100,age_10_99,12,87,0.0
64,17639,ssr,100,age_10_99,11,88,0.0
64,17639,ssr,100,age_10_99,10,89,0.0
64,17639,ssr,100,age_1_9,9,90,1.0
64,17639,ssr,100,age_1_9,8,91,0.0
64,17639,ssr,100,age_1_9,7,92,0.0
64,17639,ssr,100,age_1_9,6,93,0.0
64,17639,ssr,100,age_1_9,5,94,0.0
64,17639,ssr,100,age_1_9,4,95,0.0
64,17639,ssr,100,age_1_9,3,96,1.0
64,17639,ssr,100,age_1_9,2,97,0.0
64,17639,ssr,100,age_1_9,1,98,1.0
64,17639,ssr,100,age_0,0,99,1.0
64,17640,plain,1,age_0,0,0,1.0
64,17640,plain,2,age_1_9,1,0,1.0
64,17640,plain,2,age_0,0,1,1.0
64,17640,plain,5,age_1_9,4,0,1.0
64,17640,plain,5,age_1_9,3,1,1.0
64,17640,plain,5,age_1_9,2,2,1.0
64,17640,plain,5,age_1_9,1,3,1.0
64,17640,plain,5,age_0,0,4,1.0
64,17640,plain,10,age_1_9,9,0,1.0
64,17640,plain,10,age_1_9,8,1,1.0
64,17640,plain,10,age_1_9,7,2,1.0
64,17640,plain,10,age_1_9,6,3,1.0
64,17640,plain,10,age_1_9,5,4,1.0
64,17640,plain,10,age_1_9,4,5,0.0
64,17640,plain,10,age_1_9,3,6,1.0
64,17640,plain,10,age_1_9,2,7,1.0
64,17640,plain,10,age_1_9,1,8,1.0
64,17640,plain,10,age_0,0,9,1.0
64,17640,plain,25,age_10_99,24,0,1.0
64,17640,plain,25,age_10_99,23,1,0.0
64,17640,plain,25,age_10_99,22,2,0.0
64,17640,plain,25,age_10_99,21,3,1.0
64,17640,plain,25,age_10_99,20,4,0.0
64,17640,plain,25,age_10_99,19,5,0.0
64,17640,plain,25,age_10_99,18,6,0.0
64,17640,plain,25,age_10_99,17,7,1.0
64,17640,plain,25,age_10_99,16,8,0.0
64,17640,plain,25,age_10_99,15,9,0.0
64,17640,plain,25,age_10_99,14,10,1.0
64,17640,plain,25,age_10_99,13,11,0.0
64,17640,plain,25,age_10_99,12,12,0.0
64,17640,plain,25,age_10_99,11,13,1.0
64,17640,plain,25,age_10_99,10,14,0.0
64,17640,plain,25,age_1_9,9,15,0.0
64,17640,plain,25,age_1_9,8,16,1.0
64,17640,plain,25,age_1_9,7,17,0.0
64,17640,plain,25,age_1_9,6,18,0.0
64,17640,plain,25,age_1_9,5,19,0.0
64,17640,plain,25,age_1_9,4,20,1.0
64,17640,plain,25,age_1_9,3,21,0.0
64,17640,plain,25,age_1_9,2,22,0.0
64,17640,plain,25,age_1_9,1,23,1.0
64,17640,plain,25,age_0,0,24,1.0
64,17640,plain,50,age_10_99,49,0,1.0
64,17640,plain,50,age_10_99,48,1,0.0
64,17640,plain,50,age_10_99,47,2,0.0
64,17640,plain,50,age_10_99,46,3,0.0
64,17640,plain,50,age_10_99,45,4,0.0
64,17640,plain,50,age_10_99,44,5,0.0
64,17640,plain,50,age_10_99,43,6,0.0
64,17640,plain,50,age_10_99,42,7,1.0
64,17640,plain,50,age_10_99,41,8,0.0
64,17640,plain,50,age_10_99,40,9,0.0
64,17640,plain,50,age_10_99,39,10,0.0
64,17640,plain,50,age_10_99,38,11,0.0
64,17640,plain,50,age_10_99,37,12,0.0
64,17640,plain,50,age_10_99,36,13,1.0
64,17640,plain,50,age_10_99,35,14,1.0
64,17640,plain,50,age_10_99,34,15,0.0
64,17640,plain,50,age_10_99,33,16,0.0
64,17640,plain,50,age_10_99,32,17,0.0
64,17640,plain,50,age_10_99,31,18,0.0
64,17640,plain,50,age_10_99,30,19,0.0
64,17640,plain,50,age_10_99,29,20,0.0
64,17640,plain,50,age_10_99,28,21,1.0
64,17640,plain,50,age_10_99,27,22,0.0
64,17640,plain,50,age_10_99,26,23,0.0
64,17640,plain,50,age_10_99,25,24,0.0
64,17640,plain,50,age_10_99,24,25,0.0
64,17640,plain,50,age_10_99,23,26,0.0
64,17640,plain,50,age_10_99,22,27,1.0
64,17640,plain,50,age_10_99,21,28,0.0
64,17640,plain,50,age_10_99,20,29,0.0
64,17640,plain,50,age_10_99,19,30,0.0
64,17640,plain,50,age_10_99,18,31,0.0
64,17640,plain,50,age_10_99,17,32,0.0
64,17640,plain,50,age_10_99,16,33,0.0
64,17640,plain,50,age_10_99,15,34,1.0
64,17640,plain,50,age_10_99,14,35,0.0
64,17640,plain,50,age_10_99,13,36,0.0
64,17640,plain,50,age_10_99,12,37,0.0
64,17640,plain,50,age_10_99,11,38,0.0
64,17640,plain,50,age_10_99,10,39,0.0
64,17640,plain,50,age_1_9,9,40,0.0
64,17640,plain,50,age_1_9,8,41,1.0
64,17640,plain,50,age_1_9,7,42,0.0
64,17640,plain,50,age_1_9,6,43,0.0
64,17640,plain,50,age_1_9,5,44,0.0
64,17640,plain,50,age_1_9,4,45,0.0
64,17640,plain,50,age_1_9,3,46,0.0
64,17640,plain,50,age_1_9,2,47,0.0
64,17640,plain,50,age_1_9,1,48,1.0
64,17640,plain,50,age_0,0,49,1.0
64,17640,plain,100,age_10_99,99,0,1.0
64,17640,plain,100,age_10_99,98,1,0.0
64,17640,plain,100,age_10_99,97,2,1.0
64,17640,plain,100,age_10_99,96,3,0.0
64,17640,plain,100,age_10_99,95,4,0.0
64,17640,plain,100,age_10_99,94,5,0.0
64,17640,plain,100,age_10_99,93,6,0.0
64,17640,plain,100,age_10_99,92,7,0.0
64,17640,plain,100,age_10_99,91,8,0.0
64,17640,plain,100,age_10_99,90,9,0.0
64,17640,plain,100,age_10_99,89,10,0.0
64,17640,plain,100,age_10_99,88,11,0.0
64,17640,plain,100,age_10_99,87,12,0.0
64,17640,plain,100,age_10_99,86,13,0.0
64,17640,plain,100,age_10_99,85,14,1.0
64,17640,plain,100,age_10_99,84,15,0.0
64,17640,plain,100,age_10_99,83,16,0.0
64,17640,plain,100,age_10_99,82,17,0.0
64,17640,plain,100,age_10_99,81,18,0.0
64,17640,plain,100,age_10_99,80,19,0.0
64,17640,plain,100,age_10_99,79,20,0.0
64,17640,plain,100,age_10_99,78,21,0.0
64,17640,plain,100,age_10_99,77,22,0.0
64,17640,plain,100,age_10_99,76,23,0.0
64,17640,plain,100,age_10_99,75,24,1.0
64,17640,plain,100,age_10_99,74,25,0.0
64,17640,plain,100,age_10_99,73,26,0.0
64,17640,plain,100,age_10_99,72,27,0.0
64,17640,plain,100,age_10_99,71,28,1.0
64,17640,plain,100,age_10_99,70,29,0.0
64,17640,plain,100,age_10_99,69,30,0.0
64,17640,plain,100,age_10_99,68,31,0.0
64,17640,plain,100,age_10_99,67,32,0.0
64,17640,plain,100,age_10_99,66,33,0.0
64,17640,plain,100,age_10_99,65,34,0.0
64,17640,plain,100,age_10_99,64,35,0.0
64,17640,plain,100,age_10_99,63,36,0.0
64,17640,plain,100,age_10_99,62,37,0.0
64,17640,plain,100,age_10_99,61,38,0.0
64,17640,plain,100,age_10_99,60,39,0.0
64,17640,plain,100,age_10_99,59,40,0.0
64,17640,plain,100,age_10_99,58,41,0.0
64,17640,plain,100,age_10_99,57,42,1.0
64,17640,plain,100,age_10_99,56,43,0.0
64,17640,plain,100,age_10_99,55,44,0.0
64,17640,plain,100,age_10_99,54,45,0.0
64,17640,plain,100,age_10_99,53,46,0.0
64,17640,plain,100,age_10_99,52,47,0.0
64,17640,plain,100,age_10_99,51,48,0.0
64,17640,plain,100,age_10_99,50,49,0.0
64,17640,plain,100,age_10_99,49,50,0.0
64,17640,plain,100,age_10_99,48,51,0.0
64,17640,plain,100,age_10_99,47,52,0.0
64,17640,plain,100,age_10_99,46,53,0.0
64,17640,plain,100,age_10_99,45,54,0.0
64,17640,plain,100,age_10_99,44,55,0.0
64,17640,plain,100,age_10_99,43,56,1.0
64,17640,plain,100,age_10_99,42,57,0.0
64,17640,plain,100,age_10_99,41,58,0.0
64,17640,plain,100,age_10_99,40,59,0.0
64,17640,plain,100,age_10_99,39,60,0.0
64,17640,plain,100,age_10_99,38,61,0.0
64,17640,plain,100,age_10_99,37,62,0.0
64,17640,plain,100,age_10_99,36,63,0.0
64,17640,plain,100,age_10_99,35,64,0.0
64,17640,plain,100,age_10_99,34,65,0.0
64,17640,plain,100,age_10_99,33,66,0.0
64,17640,plain,100,age_10_99,32,67,0.0
64,17640,plain,100,age_10_99,31,68,0.0
64,17640,plain,100,age_10_99,30,69,0.0
64,17640,plain,100,age_10_99,29,70,1.0
64,17640,plain,100,age_10_99,28,71,0.0
64,17640,plain,100,age_10_99,27,72,0.0
64,17640,plain,100,age_10_99,26,73,0.0
64,17640,plain,100,age_10_99,25,74,0.0
64,17640,plain,100,age_10_99,24,75,0.0
64,17640,plain,100,age_10_99,23,76,0.0
64,17640,plain,100,age_10_99,22,77,0.0
64,17640,plain,100,age_10_99,21,78,0.0
64,17640,plain,100,age_10_99,20,79,0.0
64,17640,plain,100,age_10_99,19,80,0.0
64,17640,plain,100,age_10_99,18,81,0.0
64,17640,plain,100,age_10_99,17,82,0.0
64,17640,plain,100,age_10_99,16,83,0.0
64,17640,plain,100,age_10_99,15,84,1.0
64,17640,plain,100,age_10_99,14,85,0.0
64,17640,plain,100,age_10_99,13,86,0.0
64,17640,plain,100,age_10_99,12,87,0.0
64,17640,plain,100,age_10_99,11,88,0.0
64,17640,plain,100,age_10_99,10,89,0.0
64,17640,plain,100,age_1_9,9,90,0.0
64,17640,plain,100,age_1_9,8,91,0.0
64,17640,plain,100,age_1_9,7,92,0.0
64,17640,plain,100,age_1_9,6,93,0.0
64,17640,plain,100,age_1_9,5,94,0.0
64,17640,plain,100,age_1_9,4,95,0.0
64,17640,plain,100,age_1_9,3,96,0.0
64,17640,plain,100,age_1_9,2,97,0.0
64,17640,plain,100,age_1_9,1,98,1.0
64,17640,plain,100,age_0,0,99,1.0
64,17640,ssr,1,age_0,0,0,1.0
64,17640,ssr,2,age_1_9,1,0,1.0
64,17640,ssr,2,age_0,0,1,1.0
64,17640,ssr,5,age_1_9,4,0,1.0
64,17640,ssr,5,age_1_9,3,1,1.0
64,17640,ssr,5,age_1_9,2,2,1.0
64,17640,ssr,5,age_1_9,1,3,1.0
64,17640,ssr,5,age_0,0,4,1.0
64,17640,ssr,10,age_1_9,9,0,1.0
64,17640,ssr,10,age_1_9,8,1,1.0
64,17640,ssr,10,age_1_9,7,2,1.0
64,17640,ssr,10,age_1_9,6,3,1.0
64,17640,ssr,10,age_1_9,5,4,0.0
64,17640,ssr,10,age_1_9,4,5,1.0
64,17640,ssr,10,age_1_9,3,6,1.0
64,17640,ssr,10,age_1_9,2,7,1.0
64,17640,ssr,10,age_1_9,1,8,1.0
64,17640,ssr,10,age_0,0,9,1.0
64,17640,ssr,25,age_10_99,24,0,1.0
64,17640,ssr,25,age_10_99,23,1,0.0
64,17640,ssr,25,age_10_99,22,2,0.0
64,17640,ssr,25,age_10_99,21,3,1.0
64,17640,ssr,25,age_10_99,20,4,0.0
64,17640,ssr,25,age_10_99,19,5,0.0
64,17640,ssr,25,age_10_99,18,6,0.0
64,17640,ssr,25,age_10_99,17,7,1.0
64,17640,ssr,25,age_10_99,16,8,0.0
64,17640,ssr,25,age_10_99,15,9,0.0
64,17640,ssr,25,age_10_99,14,10,1.0
64,17640,ssr,25,age_10_99,13,11,0.0
64,17640,ssr,25,age_10_99,12,12,0.0
64,17640,ssr,25,age_10_99,11,13,1.0
64,17640,ssr,25,age_10_99,10,14,0.0
64,17640,ssr,25,age_1_9,9,15,0.0
64,17640,ssr,25,age_1_9,8,16,1.0
64,17640,ssr,25,age_1_9,7,17,0.0
64,17640,ssr,25,age_1_9,6,18,0.0
64,17640,ssr,25,age_1_9,5,19,0.0
64,17640,ssr,25,age_1_9,4,20,1.0
64,17640,ssr,25,age_1_9,3,21,0.0
64,17640,ssr,25,age_1_9,2,22,0.0
64,17640,ssr,25,age_1_9,1,23,1.0
64,17640,ssr,25,age_0,0,24,1.0
64,17640,ssr,50,age_10_99,49,0,1.0
64,17640,ssr,50,age_10_99,48,1,0.0
64,17640,ssr,50,age_10_99,47,2,0.0
64,17640,ssr,50,age_10_99,46,3,0.0
64,17640,ssr,50,age_10_99,45,4,0.0
64,17640,ssr,50,age_10_99,44,5,0.0
64,17640,ssr,50,age_10_99,43,6,0.0
64,17640,ssr,50,age_10_99,42,7,1.0
64,17640,ssr,50,age_10_99,41,8,0.0
64,17640,ssr,50,age_10_99,40,9,0.0
64,17640,ssr,50,age_10_99,39,10,0.0
64,17640,ssr,50,age_10_99,38,11,0.0
64,17640,ssr,50,age_10_99,37,12,0.0
64,17640,ssr,50,age_10_99,36,13,0.0
64,17640,ssr,50,age_10_99,35,14,1.0
64,17640,ssr,50,age_10_99,34,15,0.0
64,17640,ssr,50,age_10_99,33,16,0.0
64,17640,ssr,50,age_10_99,32,17,0.0
64,17640,ssr,50,age_10_99,31,18,0.0
64,17640,ssr,50,age_10_99,30,19,0.0
64,17640,ssr,50,age_10_99,29,20,0.0
64,17640,ssr,50,age_10_99,28,21,1.0
64,17640,ssr,50,age_10_99,27,22,0.0
64,17640,ssr,50,age_10_99,26,23,0.0
64,17640,ssr,50,age_10_99,25,24,1.0
64,17640,ssr,50,age_10_99,24,25,0.0
64,17640,ssr,50,age_10_99,23,26,0.0
64,17640,ssr,50,age_10_99,22,27,1.0
64,17640,ssr,50,age_10_99,21,28,0.0
64,17640,ssr,50,age_10_99,20,29,0.0
64,17640,ssr,50,age_10_99,19,30,0.0
64,17640,ssr,50,age_10_99,18,31,0.0
64,17640,ssr,50,age_10_99,17,32,0.0
64,17640,ssr,50,age_10_99,16,33,1.0
64,17640,ssr,50,age_10_99,15,34,1.0
64,17640,ssr,50,age_10_99,14,35,0.0
64,17640,ssr,50,age_10_99,13,36,0.0
64,17640,ssr,50,age_10_99,12,37,0.0
64,17640,ssr,50,age_10_99,11,38,0.0
64,17640,ssr,50,age_10_99,10,39,0.0
64,17640,ssr,50,age_1_9,9,40,0.0
64,17640,ssr,50,age_1_9,8,41,1.0
64,17640,ssr,50,age_1_9,7,42,0.0
64,17640,ssr,50,age_1_9,6,43,0.0
64,17640,ssr,50,age_1_9,5,44,0.0
64,17640,ssr,50,age_1_9,4,45,0.0
64,17640,ssr,50,age_1_9,3,46,0.0
64,17640,ssr,50,age_1_9,2,47,1.0
64,17640,ssr,50,age_1_9,1,48,1.0
64,17640,ssr,50,age_0,0,49,1.0
64,17640,ssr,100,age_10_99,99,0,1.0
64,17640,ssr,100,age_10_99,98,1,0.0
64,17640,ssr,100,age_10_99,97,2,0.0
64,17640,ssr,100,age_10_99,96,3,0.0
64,17640,ssr,100,age_10_99,95,4,0.0
64,17640,ssr,100,age_10_99,94,5,0.0
64,17640,ssr,100,age_10_99,93,6,0.0
64,17640,ssr,100,age_10_99,92,7,0.0
64,17640,ssr,100,age_10_99,91,8,0.0
64,17640,ssr,100,age_10_99,90,9,0.0
64,17640,ssr,100,age_10_99,89,10,0.0
64,17640,ssr,100,age_10_99,88,11,0.0
64,17640,ssr,100,age_10_99,87,12,0.0
64,17640,ssr,100,age_10_99,86,13,0.0
64,17640,ssr,100,age_10_99,85,14,1.0
64,17640,ssr,100,age_10_99,84,15,0.0
64,17640,ssr,100,age_10_99,83,16,0.0
64,17640,ssr,100,age_10_99,82,17,0.0
64,17640,ssr,100,age_10_99,81,18,0.0
64,17640,ssr,100,age_10_99,80,19,0.0
64,17640,ssr,100,age_10_99,79,20,0.0
64,17640,ssr,100,age_10_99,78,21,0.0
64,17640,ssr,100,age_10_99,77,22,0.0
64,17640,ssr,100,age_10_99,76,23,0.0
64,17640,ssr,100,age_10_99,75,24,1.0
64,17640,ssr,100,age_10_99,74,25,0.0
64,17640,ssr,100,age_10_99,73,26,0.0
64,17640,ssr,100,age_10_99,72,27,0.0
64,17640,ssr,100,age_10_99,71,28,1.0
64,17640,ssr,100,age_10_99,70,29,0.0
64,17640,ssr,100,age_10_99,69,30,0.0
64,17640,ssr,100,age_10_99,68,31,0.0
64,17640,ssr,100,age_10_99,67,32,0.0
64,17640,ssr,100,age_10_99,66,33,0.0
64,17640,ssr,100,age_10_99,65,34,0.0
64,17640,ssr,100,age_10_99,64,35,0.0
64,17640,ssr,100,age_10_99,63,36,0.0
64,17640,ssr,100,age_10_99,62,37,0.0
64,17640,ssr,100,age_10_99,61,38,0.0
64,17640,ssr,100,age_10_99,60,39,0.0
64,17640,ssr,100,age_10_99,59,40,0.0
64,17640,ssr,100,age_10_99,58,41,0.0
64,17640,ssr,100,age_10_99,57,42,1.0
64,17640,ssr,100,age_10_99,56,43,0.0
64,17640,ssr,100,age_10_99,55,44,0.0
64,17640,ssr,100,age_10_99,54,45,0.0
64,17640,ssr,100,age_10_99,53,46,0.0
64,17640,ssr,100,age_10_99,52,47,0.0
64,17640,ssr,100,age_10_99,51,48,0.0
64,17640,ssr,100,age_10_99,50,49,0.0
64,17640,ssr,100,age_10_99,49,50,0.0
64,17640,ssr,100,age_10_99,48,51,0.0
64,17640,ssr,100,age_10_99,47,52,0.0
64,17640,ssr,100,age_10_99,46,53,0.0
64,17640,ssr,100,age_10_99,45,54,0.0
64,17640,ssr,100,age_10_99,44,55,1.0
64,17640,ssr,100,age_10_99,43,56,1.0
64,17640,ssr,100,age_10_99,42,57,0.0
64,17640,ssr,100,age_10_99,41,58,0.0
64,17640,ssr,100,age_10_99,40,59,0.0
64,17640,ssr,100,age_10_99,39,60,0.0
64,17640,ssr,100,age_10_99,38,61,0.0
64,17640,ssr,100,age_10_99,37,62,0.0
64,17640,ssr,100,age_10_99,36,63,0.0
64,17640,ssr,100,age_10_99,35,64,0.0
64,17640,ssr,100,age_10_99,34,65,0.0
64,17640,ssr,100,age_10_99,33,66,0.0
64,17640,ssr,100,age_10_99,32,67,0.0
64,17640,ssr,100,age_10_99,31,68,0.0
64,17640,ssr,100,age_10_99,30,69,0.0
64,17640,ssr,100,age_10_99,29,70,1.0
64,17640,ssr,100,age_10_99,28,71,0.0
64,17640,ssr,100,age_10_99,27,72,0.0
64,17640,ssr,100,age_10_99,26,73,1.0
64,17640,ssr,100,age_10_99,25,74,0.0
64,17640,ssr,100,age_10_99,24,75,0.0
64,17640,ssr,100,age_10_99,23,76,0.0
64,17640,ssr,100,age_10_99,22,77,0.0
64,17640,ssr,100,age_10_99,21,78,0.0
64,17640,ssr,100,age_10_99,20,79,0.0
64,17640,ssr,100,age_10_99,19,80,0.0
64,17640,ssr,100,age_10_99,18,81,0.0
64,17640,ssr,100,age_10_99,17,82,0.0
64,17640,ssr,100,age_10_99,16,83,0.0
64,17640,ssr,100,age_10_99,15,84,1.0
64,17640,ssr,100,age_10_99,14,85,0.0
64,17640,ssr,100,age_10_99,13,86,0.0
64,17640,ssr,100,age_10_99,12,87,0.0
64,17640,ssr,100,age_10_99,11,88,0.0
64,17640,ssr,100,age_10_99,10,89,0.0
64,17640,ssr,100,age_1_9,9,90,0.0
64,17640,ssr,100,age_1_9,8,91,0.0
64,17640,ssr,100,age_1_9,7,92,1.0
64,17640,ssr,100,age_1_9,6,93,0.0
64,17640,ssr,100,age_1_9,5,94,1.0
64,17640,ssr,100,age_1_9,4,95,0.0
64,17640,ssr,100,age_1_9,3,96,1.0
64,17640,ssr,100,age_1_9,2,97,0.0
64,17640,ssr,100,age_1_9,1,98,1.0
64,17640,ssr,100,age_0,0,99,1.0
8,17631,plain,1,age_0,0,0,1.0
8,17631,plain,2,age_1_9,1,0,1.0
8,17631,plain,2,age_0,0,1,1.0
8,17631,plain,5,age_1_9,4,0,1.0
8,17631,plain,5,age_1_9,3,1,1.0
8,17631,plain,5,age_1_9,2,2,1.0
8,17631,plain,5,age_1_9,1,3,1.0
8,17631,plain,5,age_0,0,4,1.0
8,17631,plain,10,age_1_9,9,0,1.0
8,17631,plain,10,age_1_9,8,1,1.0
8,17631,plain,10,age_1_9,7,2,1.0
8,17631,plain,10,age_1_9,6,3,1.0
8,17631,plain,10,age_1_9,5,4,0.0
8,17631,plain,10,age_1_9,4,5,1.0
8,17631,plain,10,age_1_9,3,6,1.0
8,17631,plain,10,age_1_9,2,7,1.0
8,17631,plain,10,age_1_9,1,8,1.0
8,17631,plain,10,age_0,0,9,1.0
8,17631,plain,25,age_10_99,24,0,1.0
8,17631,plain,25,age_10_99,23,1,0.0
8,17631,plain,25,age_10_99,22,2,1.0
8,17631,plain,25,age_10_99,21,3,1.0
8,17631,plain,25,age_10_99,20,4,1.0
8,17631,plain,25,age_10_99,19,5,0.0
8,17631,plain,25,age_10_99,18,6,1.0
8,17631,plain,25,age_10_99,17,7,1.0
8,17631,plain,25,age_10_99,16,8,1.0
8,17631,plain,25,age_10_99,15,9,1.0
8,17631,plain,25,age_10_99,14,10,1.0
8,17631,plain,25,age_10_99,13,11,0.0
8,17631,plain,25,age_10_99,12,12,1.0
8,17631,plain,25,age_10_99,11,13,1.0
8,17631,plain,25,age_10_99,10,14,0.0
8,17631,plain,25,age_1_9,9,15,1.0
8,17631,plain,25,age_1_9,8,16,1.0
8,17631,plain,25,age_1_9,7,17,1.0
8,17631,plain,25,age_1_9,6,18,1.0
8,17631,plain,25,age_1_9,5,19,1.0
8,17631,plain,25,age_1_9,4,20,1.0
8,17631,plain,25,age_1_9,3,21,1.0
8,17631,plain,25,age_1_9,2,22,1.0
8,17631,plain,25,age_1_9,1,23,1.0
8,17631,plain,25,age_0,0,24,1.0
8,17631,plain,50,age_10_99,49,0,1.0
8,17631,plain,50,age_10_99,48,1,0.0
8,17631,plain,50,age_10_99,47,2,0.0
8,17631,plain,50,age_10_99,46,3,0.0
8,17631,plain,50,age_10_99,45,4,1.0
8,17631,plain,50,age_10_99,44,5,0.0
8,17631,plain,50,age_10_99,43,6,0.0
8,17631,plain,50,age_10_99,42,7,1.0
8,17631,plain,50,age_10_99,41,8,1.0
8,17631,plain,50,age_10_99,40,9,1.0
8,17631,plain,50,age_10_99,39,10,1.0
8,17631,plain,50,age_10_99,38,11,0.0
8,17631,plain,50,age_10_99,37,12,1.0
8,17631,plain,50,age_10_99,36,13,1.0
8,17631,plain,50,age_10_99,35,14,1.0
8,17631,plain,50,age_10_99,34,15,1.0
8,17631,plain,50,age_10_99,33,16,1.0
8,17631,plain,50,age_10_99,32,17,1.0
8,17631,plain,50,age_10_99,31,18,1.0
8,17631,plain,50,age_10_99,30,19,0.0
8,17631,plain,50,age_10_99,29,20,1.0
8,17631,plain,50,age_10_99,28,21,1.0
8,17631,plain,50,age_10_99,27,22,1.0
8,17631,plain,50,age_10_99,26,23,0.0
8,17631,plain,50,age_10_99,25,24,0.0
8,17631,plain,50,age_10_99,24,25,1.0
8,17631,plain,50,age_10_99,23,26,1.0
8,17631,plain,50,age_10_99,22,27,1.0
8,17631,plain,50,age_10_99,21,28,0.0
8,17631,plain,50,age_10_99,20,29,0.0
8,17631,plain,50,age_10_99,19,30,1.0
8,17631,plain,50,age_10_99,18,31,0.0
8,17631,plain,50,age_10_99,17,32,1.0
8,17631,plain,50,age_10_99,16,33,1.0
8,17631,plain,50,age_10_99,15,34,1.0
8,17631,plain,50,age_10_99,14,35,1.0
8,17631,plain,50,age_10_99,13,36,1.0
8,17631,plain,50,age_10_99,12,37,1.0
8,17631,plain,50,age_10_99,11,38,0.0
8,17631,plain,50,age_10_99,10,39,1.0
8,17631,plain,50,age_1_9,9,40,0.0
8,17631,plain,50,age_1_9,8,41,1.0
8,17631,plain,50,age_1_9,7,42,1.0
8,17631,plain,50,age_1_9,6,43,1.0
8,17631,plain,50,age_1_9,5,44,0.0
8,17631,plain,50,age_1_9,4,45,1.0
8,17631,plain,50,age_1_9,3,46,0.0
8,17631,plain,50,age_1_9,2,47,0.0
8,17631,plain,50,age_1_9,1,48,1.0
8,17631,plain,50,age_0,0,49,1.0
8,17631,plain,100,age_10_99,99,0,1.0
8,17631,plain,100,age_10_99,98,1,0.0
8,17631,plain,100,age_10_99,97,2,0.0
8,17631,plain,100,age_10_99,96,3,0.0
8,17631,plain,100,age_10_99,95,4,1.0
8,17631,plain,100,age_10_99,94,5,0.0
8,17631,plain,100,age_10_99,93,6,0.0
8,17631,plain,100,age_10_99,92,7,0.0
8,17631,plain,100,age_10_99,91,8,0.0
8,17631,plain,100,age_10_99,90,9,0.0
8,17631,plain,100,age_10_99,89,10,0.0
8,17631,plain,100,age_10_99,88,11,0.0
8,17631,plain,100,age_10_99,87,12,0.0
8,17631,plain,100,age_10_99,86,13,0.0
8,17631,plain,100,age_10_99,85,14,1.0
8,17631,plain,100,age_10_99,84,15,0.0
8,17631,plain,100,age_10_99,83,16,1.0
8,17631,plain,100,age_10_99,82,17,0.0
8,17631,plain,100,age_10_99,81,18,0.0
8,17631,plain,100,age_10_99,80,19,0.0
8,17631,plain,100,age_10_99,79,20,0.0
8,17631,plain,100,age_10_99,78,21,0.0
8,17631,plain,100,age_10_99,77,22,0.0
8,17631,plain,100,age_10_99,76,23,0.0
8,17631,plain,100,age_10_99,75,24,1.0
8,17631,plain,100,age_10_99,74,25,1.0
8,17631,plain,100,age_10_99,73,26,0.0
8,17631,plain,100,age_10_99,72,27,0.0
8,17631,plain,100,age_10_99,71,28,1.0
8,17631,plain,100,age_10_99,70,29,0.0
8,17631,plain,100,age_10_99,69,30,1.0
8,17631,plain,100,age_10_99,68,31,0.0
8,17631,plain,100,age_10_99,67,32,0.0
8,17631,plain,100,age_10_99,66,33,0.0
8,17631,plain,100,age_10_99,65,34,0.0
8,17631,plain,100,age_10_99,64,35,1.0
8,17631,plain,100,age_10_99,63,36,1.0
8,17631,plain,100,age_10_99,62,37,0.0
8,17631,plain,100,age_10_99,61,38,1.0
8,17631,plain,100,age_10_99,60,39,1.0
8,17631,plain,100,age_10_99,59,40,1.0
8,17631,plain,100,age_10_99,58,41,1.0
8,17631,plain,100,age_10_99,57,42,1.0
8,17631,plain,100,age_10_99,56,43,0.0
8,17631,plain,100,age_10_99,55,44,0.0
8,17631,plain,100,age_10_99,54,45,1.0
8,17631,plain,100,age_10_99,53,46,0.0
8,17631,plain,100,age_10_99,52,47,0.0
8,17631,plain,100,age_10_99,51,48,1.0
8,17631,plain,100,age_10_99,50,49,1.0
8,17631,plain,100,age_10_99,49,50,0.0
8,17631,plain,100,age_10_99,48,51,0.0
8,17631,plain,100,age_10_99,47,52,1.0
8,17631,plain,100,age_10_99,46,53,0.0
8,17631,plain,100,age_10_99,45,54,0.0
8,17631,plain,100,age_10_99,44,55,1.0
8,17631,plain,100,age_10_99,43,56,1.0
8,17631,plain,100,age_10_99,42,57,0.0
8,17631,plain,100,age_10_99,41,58,0.0
8,17631,plain,100,age_10_99,40,59,1.0
8,17631,plain,100,age_10_99,39,60,1.0
8,17631,plain,100,age_10_99,38,61,1.0
8,17631,plain,100,age_10_99,37,62,0.0
8,17631,plain,100,age_10_99,36,63,1.0
8,17631,plain,100,age_10_99,35,64,0.0
8,17631,plain,100,age_10_99,34,65,0.0
8,17631,plain,100,age_10_99,33,66,0.0
8,17631,plain,100,age_10_99,32,67,0.0
8,17631,plain,100,age_10_99,31,68,1.0
8,17631,plain,100,age_10_99,30,69,0.0
8,17631,plain,100,age_10_99,29,70,1.0
8,17631,plain,100,age_10_99,28,71,1.0
8,17631,plain,100,age_10_99,27,72,1.0
8,17631,plain,100,age_10_99,26,73,0.0
8,17631,plain,100,age_10_99,25,74,1.0
8,17631,plain,100,age_10_99,24,75,0.0
8,17631,plain,100,age_10_99,23,76,0.0
8,17631,plain,100,age_10_99,22,77,0.0
8,17631,plain,100,age_10_99,21,78,1.0
8,17631,plain,100,age_10_99,20,79,1.0
8,17631,plain,100,age_10_99,19,80,0.0
8,17631,plain,100,age_10_99,18,81,0.0
8,17631,plain,100,age_10_99,17,82,0.0
8,17631,plain,100,age_10_99,16,83,1.0
8,17631,plain,100,age_10_99,15,84,1.0
8,17631,plain,100,age_10_99,14,85,0.0
8,17631,plain,100,age_10_99,13,86,0.0
8,17631,plain,100,age_10_99,12,87,0.0
8,17631,plain,100,age_10_99,11,88,0.0
8,17631,plain,100,age_10_99,10,89,0.0
8,17631,plain,100,age_1_9,9,90,0.0
8,17631,plain,100,age_1_9,8,91,1.0
8,17631,plain,100,age_1_9,7,92,0.0
8,17631,plain,100,age_1_9,6,93,0.0
8,17631,plain,100,age_1_9,5,94,1.0
8,17631,plain,100,age_1_9,4,95,0.0
8,17631,plain,100,age_1_9,3,96,1.0
8,17631,plain,100,age_1_9,2,97,1.0
8,17631,plain,100,age_1_9,1,98,1.0
8,17631,plain,100,age_0,0,99,1.0
8,17631,ssr,1,age_0,0,0,1.0
8,17631,ssr,2,age_1_9,1,0,1.0
8,17631,ssr,2,age_0,0,1,1.0
8,17631,ssr,5,age_1_9,4,0,1.0
8,17631,ssr,5,age_1_9,3,1,1.0
8,17631,ssr,5,age_1_9,2,2,1.0
8,17631,ssr,5,age_1_9,1,3,1.0
8,17631,ssr,5,age_0,0,4,1.0
8,17631,ssr,10,age_1_9,9,0,1.0
8,17631,ssr,10,age_1_9,8,1,1.0
8,17631,ssr,10,age_1_9,7,2,1.0
8,17631,ssr,10,age_1_9,6,3,1.0
8,17631,ssr,10,age_1_9,5,4,0.0
8,17631,ssr,10,age_1_9,4,5,1.0
8,17631,ssr,10,age_1_9,3,6,1.0
8,17631,ssr,10,age_1_9,2,7,1.0
8,17631,ssr,10,age_1_9,1,8,1.0
8,17631,ssr,10,age_0,0,9,1.0
8,17631,ssr,25,age_10_99,24,0,1.0
8,17631,ssr,25,age_10_99,23,1,0.0
8,17631,ssr,25,age_10_99,22,2,0.0
8,17631,ssr,25,age_10_99,21,3,1.0
8,17631,ssr,25,age_10_99,20,4,1.0
8,17631,ssr,25,age_10_99,19,5,0.0
8,17631,ssr,25,age_10_99,18,6,1.0
8,17631,ssr,25,age_10_99,17,7,1.0
8,17631,ssr,25,age_10_99,16,8,1.0
8,17631,ssr,25,age_10_99,15,9,1.0
8,17631,ssr,25,age_10_99,14,10,1.0
8,17631,ssr,25,age_10_99,13,11,1.0
8,17631,ssr,25,age_10_99,12,12,1.0
8,17631,ssr,25,age_10_99,11,13,1.0
8,17631,ssr,25,age_10_99,10,14,0.0
8,17631,ssr,25,age_1_9,9,15,1.0
8,17631,ssr,25,age_1_9,8,16,1.0
8,17631,ssr,25,age_1_9,7,17,1.0
8,17631,ssr,25,age_1_9,6,18,1.0
8,17631,ssr,25,age_1_9,5,19,1.0
8,17631,ssr,25,age_1_9,4,20,1.0
8,17631,ssr,25,age_1_9,3,21,1.0
8,17631,ssr,25,age_1_9,2,22,1.0
8,17631,ssr,25,age_1_9,1,23,1.0
8,17631,ssr,25,age_0,0,24,1.0
8,17631,ssr,50,age_10_99,49,0,1.0
8,17631,ssr,50,age_10_99,48,1,1.0
8,17631,ssr,50,age_10_99,47,2,0.0
8,17631,ssr,50,age_10_99,46,3,0.0
8,17631,ssr,50,age_10_99,45,4,1.0
8,17631,ssr,50,age_10_99,44,5,0.0
8,17631,ssr,50,age_10_99,43,6,0.0
8,17631,ssr,50,age_10_99,42,7,1.0
8,17631,ssr,50,age_10_99,41,8,1.0
8,17631,ssr,50,age_10_99,40,9,1.0
8,17631,ssr,50,age_10_99,39,10,1.0
8,17631,ssr,50,age_10_99,38,11,0.0
8,17631,ssr,50,age_10_99,37,12,1.0
8,17631,ssr,50,age_10_99,36,13,1.0
8,17631,ssr,50,age_10_99,35,14,1.0
8,17631,ssr,50,age_10_99,34,15,1.0
8,17631,ssr,50,age_10_99,33,16,1.0
8,17631,ssr,50,age_10_99,32,17,1.0
8,17631,ssr,50,age_10_99,31,18,1.0
8,17631,ssr,50,age_10_99,30,19,1.0
8,17631,ssr,50,age_10_99,29,20,1.0
8,17631,ssr,50,age_10_99,28,21,1.0
8,17631,ssr,50,age_10_99,27,22,1.0
8,17631,ssr,50,age_10_99,26,23,1.0
8,17631,ssr,50,age_10_99,25,24,1.0
8,17631,ssr,50,age_10_99,24,25,1.0
8,17631,ssr,50,age_10_99,23,26,1.0
8,17631,ssr,50,age_10_99,22,27,1.0
8,17631,ssr,50,age_10_99,21,28,1.0
8,17631,ssr,50,age_10_99,20,29,1.0
8,17631,ssr,50,age_10_99,19,30,0.0
8,17631,ssr,50,age_10_99,18,31,0.0
8,17631,ssr,50,age_10_99,17,32,1.0
8,17631,ssr,50,age_10_99,16,33,1.0
8,17631,ssr,50,age_10_99,15,34,1.0
8,17631,ssr,50,age_10_99,14,35,1.0
8,17631,ssr,50,age_10_99,13,36,0.0
8,17631,ssr,50,age_10_99,12,37,0.0
8,17631,ssr,50,age_10_99,11,38,1.0
8,17631,ssr,50,age_10_99,10,39,1.0
8,17631,ssr,50,age_1_9,9,40,1.0
8,17631,ssr,50,age_1_9,8,41,1.0
8,17631,ssr,50,age_1_9,7,42,0.0
8,17631,ssr,50,age_1_9,6,43,0.0
8,17631,ssr,50,age_1_9,5,44,1.0
8,17631,ssr,50,age_1_9,4,45,1.0
8,17631,ssr,50,age_1_9,3,46,0.0
8,17631,ssr,50,age_1_9,2,47,1.0
8,17631,ssr,50,age_1_9,1,48,1.0
8,17631,ssr,50,age_0,0,49,1.0
8,17631,ssr,100,age_10_99,99,0,1.0
8,17631,ssr,100,age_10_99,98,1,0.0
8,17631,ssr,100,age_10_99,97,2,0.0
8,17631,ssr,100,age_10_99,96,3,0.0
8,17631,ssr,100,age_10_99,95,4,0.0
8,17631,ssr,100,age_10_99,94,5,0.0
8,17631,ssr,100,age_10_99,93,6,0.0
8,17631,ssr,100,age_10_99,92,7,0.0
8,17631,ssr,100,age_10_99,91,8,1.0
8,17631,ssr,100,age_10_99,90,9,0.0
8,17631,ssr,100,age_10_99,89,10,0.0
8,17631,ssr,100,age_10_99,88,11,0.0
8,17631,ssr,100,age_10_99,87,12,0.0
8,17631,ssr,100,age_10_99,86,13,1.0
8,17631,ssr,100,age_10_99,85,14,1.0
8,17631,ssr,100,age_10_99,84,15,0.0
8,17631,ssr,100,age_10_99,83,16,1.0
8,17631,ssr,100,age_10_99,82,17,0.0
8,17631,ssr,100,age_10_99,81,18,1.0
8,17631,ssr,100,age_10_99,80,19,0.0
8,17631,ssr,100,age_10_99,79,20,0.0
8,17631,ssr,100,age_10_99,78,21,0.0
8,17631,ssr,100,age_10_99,77,22,0.0
8,17631,ssr,100,age_10_99,76,23,0.0
8,17631,ssr,100,age_10_99,75,24,1.0
8,17631,ssr,100,age_10_99,74,25,1.0
8,17631,ssr,100,age_10_99,73,26,0.0
8,17631,ssr,100,age_10_99,72,27,1.0
8,17631,ssr,100,age_10_99,71,28,1.0
8,17631,ssr,100,age_10_99,70,29,1.0
8,17631,ssr,100,age_10_99,69,30,1.0
8,17631,ssr,100,age_10_99,68,31,0.0
8,17631,ssr,100,age_10_99,67,32,1.0
8,17631,ssr,100,age_10_99,66,33,1.0
8,17631,ssr,100,age_10_99,65,34,1.0
8,17631,ssr,100,age_10_99,64,35,1.0
8,17631,ssr,100,age_10_99,63,36,0.0
8,17631,ssr,100,age_10_99,62,37,0.0
8,17631,ssr,100,age_10_99,61,38,1.0
8,17631,ssr,100,age_10_99,60,39,0.0
8,17631,ssr,100,age_10_99,59,40,0.0
8,17631,ssr,100,age_10_99,58,41,1.0
8,17631,ssr,100,age_10_99,57,42,1.0
8,17631,ssr,100,age_10_99,56,43,0.0
8,17631,ssr,100,age_10_99,55,44,0.0
8,17631,ssr,100,age_10_99,54,45,1.0
8,17631,ssr,100,age_10_99,53,46,0.0
8,17631,ssr,100,age_10_99,52,47,0.0
8,17631,ssr,100,age_10_99,51,48,1.0
8,17631,ssr,100,age_10_99,50,49,0.0
8,17631,ssr,100,age_10_99,49,50,1.0
8,17631,ssr,100,age_10_99,48,51,1.0
8,17631,ssr,100,age_10_99,47,52,1.0
8,17631,ssr,100,age_10_99,46,53,1.0
8,17631,ssr,100,age_10_99,45,54,0.0
8,17631,ssr,100,age_10_99,44,55,1.0
8,17631,ssr,100,age_10_99,43,56,1.0
8,17631,ssr,100,age_10_99,42,57,0.0
8,17631,ssr,100,age_10_99,41,58,0.0
8,17631,ssr,100,age_10_99,40,59,1.0
8,17631,ssr,100,age_10_99,39,60,1.0
8,17631,ssr,100,age_10_99,38,61,0.0
8,17631,ssr,100,age_10_99,37,62,0.0
8,17631,ssr,100,age_10_99,36,63,0.0
8,17631,ssr,100,age_10_99,35,64,1.0
8,17631,ssr,100,age_10_99,34,65,0.0
8,17631,ssr,100,age_10_99,33,66,0.0
8,17631,ssr,100,age_10_99,32,67,1.0
8,17631,ssr,100,age_10_99,31,68,1.0
8,17631,ssr,100,age_10_99,30,69,1.0
8,17631,ssr,100,age_10_99,29,70,1.0
8,17631,ssr,100,age_10_99,28,71,1.0
8,17631,ssr,100,age_10_99,27,72,1.0
8,17631,ssr,100,age_10_99,26,73,0.0
8,17631,ssr,100,age_10_99,25,74,1.0
8,17631,ssr,100,age_10_99,24,75,0.0
8,17631,ssr,100,age_10_99,23,76,0.0
8,17631,ssr,100,age_10_99,22,77,0.0
8,17631,ssr,100,age_10_99,21,78,1.0
8,17631,ssr,100,age_10_99,20,79,0.0
8,17631,ssr,100,age_10_99,19,80,1.0
8,17631,ssr,100,age_10_99,18,81,1.0
8,17631,ssr,100,age_10_99,17,82,1.0
8,17631,ssr,100,age_10_99,16,83,1.0
8,17631,ssr,100,age_10_99,15,84,1.0
8,17631,ssr,100,age_10_99,14,85,0.0
8,17631,ssr,100,age_10_99,13,86,0.0
8,17631,ssr,100,age_10_99,12,87,0.0
8,17631,ssr,100,age_10_99,11,88,0.0
8,17631,ssr,100,age_10_99,10,89,0.0
8,17631,ssr,100,age_1_9,9,90,0.0
8,17631,ssr,100,age_1_9,8,91,1.0
8,17631,ssr,100,age_1_9,7,92,1.0
8,17631,ssr,100,age_1_9,6,93,1.0
8,17631,ssr,100,age_1_9,5,94,1.0
8,17631,ssr,100,age_1_9,4,95,1.0
8,17631,ssr,100,age_1_9,3,96,1.0
8,17631,ssr,100,age_1_9,2,97,1.0
8,17631,ssr,100,age_1_9,1,98,1.0
8,17631,ssr,100,age_0,0,99,1.0
8,17632,plain,1,age_0,0,0,1.0
8,17632,plain,2,age_1_9,1,0,1.0
8,17632,plain,2,age_0,0,1,1.0
8,17632,plain,5,age_1_9,4,0,1.0
8,17632,plain,5,age_1_9,3,1,1.0
8,17632,plain,5,age_1_9,2,2,1.0
8,17632,plain,5,age_1_9,1,3,1.0
8,17632,plain,5,age_0,0,4,1.0
8,17632,plain,10,age_1_9,9,0,1.0
8,17632,plain,10,age_1_9,8,1,1.0
8,17632,plain,10,age_1_9,7,2,1.0
8,17632,plain,10,age_1_9,6,3,1.0
8,17632,plain,10,age_1_9,5,4,1.0
8,17632,plain,10,age_1_9,4,5,1.0
8,17632,plain,10,age_1_9,3,6,1.0
8,17632,plain,10,age_1_9,2,7,1.0
8,17632,plain,10,age_1_9,1,8,1.0
8,17632,plain,10,age_0,0,9,1.0
8,17632,plain,25,age_10_99,24,0,1.0
8,17632,plain,25,age_10_99,23,1,0.0
8,17632,plain,25,age_10_99,22,2,1.0
8,17632,plain,25,age_10_99,21,3,1.0
8,17632,plain,25,age_10_99,20,4,0.0
8,17632,plain,25,age_10_99,19,5,1.0
8,17632,plain,25,age_10_99,18,6,1.0
8,17632,plain,25,age_10_99,17,7,1.0
8,17632,plain,25,age_10_99,16,8,1.0
8,17632,plain,25,age_10_99,15,9,1.0
8,17632,plain,25,age_10_99,14,10,1.0
8,17632,plain,25,age_10_99,13,11,0.0
8,17632,plain,25,age_10_99,12,12,1.0
8,17632,plain,25,age_10_99,11,13,1.0
8,17632,plain,25,age_10_99,10,14,1.0
8,17632,plain,25,age_1_9,9,15,0.0
8,17632,plain,25,age_1_9,8,16,1.0
8,17632,plain,25,age_1_9,7,17,0.0
8,17632,plain,25,age_1_9,6,18,1.0
8,17632,plain,25,age_1_9,5,19,1.0
8,17632,plain,25,age_1_9,4,20,1.0
8,17632,plain,25,age_1_9,3,21,0.0
8,17632,plain,25,age_1_9,2,22,1.0
8,17632,plain,25,age_1_9,1,23,1.0
8,17632,plain,25,age_0,0,24,1.0
8,17632,plain,50,age_10_99,49,0,1.0
8,17632,plain,50,age_10_99,48,1,0.0
8,17632,plain,50,age_10_99,47,2,0.0
8,17632,plain,50,age_10_99,46,3,0.0
8,17632,plain,50,age_10_99,45,4,0.0
8,17632,plain,50,age_10_99,44,5,1.0
8,17632,plain,50,age_10_99,43,6,1.0
8,17632,plain,50,age_10_99,42,7,1.0
8,17632,plain,50,age_10_99,41,8,0.0
8,17632,plain,50,age_10_99,40,9,1.0
8,17632,plain,50,age_10_99,39,10,0.0
8,17632,plain,50,age_10_99,38,11,1.0
8,17632,plain,50,age_10_99,37,12,1.0
8,17632,plain,50,age_10_99,36,13,0.0
8,17632,plain,50,age_10_99,35,14,1.0
8,17632,plain,50,age_10_99,34,15,0.0
8,17632,plain,50,age_10_99,33,16,1.0
8,17632,plain,50,age_10_99,32,17,0.0
8,17632,plain,50,age_10_99,31,18,1.0
8,17632,plain,50,age_10_99,30,19,1.0
8,17632,plain,50,age_10_99,29,20,1.0
8,17632,plain,50,age_10_99,28,21,1.0
8,17632,plain,50,age_10_99,27,22,0.0
8,17632,plain,50,age_10_99,26,23,1.0
8,17632,plain,50,age_10_99,25,24,0.0
8,17632,plain,50,age_10_99,24,25,1.0
8,17632,plain,50,age_10_99,23,26,0.0
8,17632,plain,50,age_10_99,22,27,1.0
8,17632,plain,50,age_10_99,21,28,1.0
8,17632,plain,50,age_10_99,20,29,1.0
8,17632,plain,50,age_10_99,19,30,1.0
8,17632,plain,50,age_10_99,18,31,1.0
8,17632,plain,50,age_10_99,17,32,1.0
8,17632,plain,50,age_10_99,16,33,1.0
8,17632,plain,50,age_10_99,15,34,1.0
8,17632,plain,50,age_10_99,14,35,1.0
8,17632,plain,50,age_10_99,13,36,1.0
8,17632,plain,50,age_10_99,12,37,1.0
8,17632,plain,50,age_10_99,11,38,1.0
8,17632,plain,50,age_10_99,10,39,1.0
8,17632,plain,50,age_1_9,9,40,1.0
8,17632,plain,50,age_1_9,8,41,1.0
8,17632,plain,50,age_1_9,7,42,1.0
8,17632,plain,50,age_1_9,6,43,0.0
8,17632,plain,50,age_1_9,5,44,1.0
8,17632,plain,50,age_1_9,4,45,1.0
8,17632,plain,50,age_1_9,3,46,0.0
8,17632,plain,50,age_1_9,2,47,1.0
8,17632,plain,50,age_1_9,1,48,1.0
8,17632,plain,50,age_0,0,49,1.0
8,17632,plain,100,age_10_99,99,0,1.0
8,17632,plain,100,age_10_99,98,1,0.0
8,17632,plain,100,age_10_99,97,2,0.0
8,17632,plain,100,age_10_99,96,3,0.0
8,17632,plain,100,age_10_99,95,4,0.0
8,17632,plain,100,age_10_99,94,5,0.0
8,17632,plain,100,age_10_99,93,6,0.0
8,17632,plain,100,age_10_99,92,7,0.0
8,17632,plain,100,age_10_99,91,8,0.0
8,17632,plain,100,age_10_99,90,9,0.0
8,17632,plain,100,age_10_99,89,10,0.0
8,17632,plain,100,age_10_99,88,11,0.0
8,17632,plain,100,age_10_99,87,12,1.0
8,17632,plain,100,age_10_99,86,13,1.0
8,17632,plain,100,age_10_99,85,14,1.0
8,17632,plain,100,age_10_99,84,15,0.0
8,17632,plain,100,age_10_99,83,16,0.0
8,17632,plain,100,age_10_99,82,17,1.0
8,17632,plain,100,age_10_99,81,18,0.0
8,17632,plain,100,age_10_99,80,19,1.0
8,17632,plain,100,age_10_99,79,20,1.0
8,17632,plain,100,age_10_99,78,21,0.0
8,17632,plain,100,age_10_99,77,22,0.0
8,17632,plain,100,age_10_99,76,23,1.0
8,17632,plain,100,age_10_99,75,24,1.0
8,17632,plain,100,age_10_99,74,25,0.0
8,17632,plain,100,age_10_99,73,26,0.0
8,17632,plain,100,age_10_99,72,27,0.0
8,17632,plain,100,age_10_99,71,28,1.0
8,17632,plain,100,age_10_99,70,29,0.0
8,17632,plain,100,age_10_99,69,30,1.0
8,17632,plain,100,age_10_99,68,31,0.0
8,17632,plain,100,age_10_99,67,32,1.0
8,17632,plain,100,age_10_99,66,33,0.0
8,17632,plain,100,age_10_99,65,34,0.0
8,17632,plain,100,age_10_99,64,35,0.0
8,17632,plain,100,age_10_99,63,36,1.0
8,17632,plain,100,age_10_99,62,37,1.0
8,17632,plain,100,age_10_99,61,38,1.0
8,17632,plain,100,age_10_99,60,39,0.0
8,17632,plain,100,age_10_99,59,40,0.0
8,17632,plain,100,age_10_99,58,41,1.0
8,17632,plain,100,age_10_99,57,42,1.0
8,17632,plain,100,age_10_99,56,43,0.0
8,17632,plain,100,age_10_99,55,44,1.0
8,17632,plain,100,age_10_99,54,45,1.0
8,17632,plain,100,age_10_99,53,46,0.0
8,17632,plain,100,age_10_99,52,47,0.0
8,17632,plain,100,age_10_99,51,48,0.0
8,17632,plain,100,age_10_99,50,49,0.0
8,17632,plain,100,age_10_99,49,50,1.0
8,17632,plain,100,age_10_99,48,51,1.0
8,17632,plain,100,age_10_99,47,52,1.0
8,17632,plain,100,age_10_99,46,53,1.0
8,17632,plain,100,age_10_99,45,54,1.0
8,17632,plain,100,age_10_99,44,55,1.0
8,17632,plain,100,age_10_99,43,56,1.0
8,17632,plain,100,age_10_99,42,57,1.0
8,17632,plain,100,age_10_99,41,58,0.0
8,17632,plain,100,age_10_99,40,59,1.0
8,17632,plain,100,age_10_99,39,60,0.0
8,17632,plain,100,age_10_99,38,61,0.0
8,17632,plain,100,age_10_99,37,62,0.0
8,17632,plain,100,age_10_99,36,63,0.0
8,17632,plain,100,age_10_99,35,64,0.0
8,17632,plain,100,age_10_99,34,65,1.0
8,17632,plain,100,age_10_99,33,66,1.0
8,17632,plain,100,age_10_99,32,67,1.0
8,17632,plain,100,age_10_99,31,68,1.0
8,17632,plain,100,age_10_99,30,69,1.0
8,17632,plain,100,age_10_99,29,70,1.0
8,17632,plain,100,age_10_99,28,71,1.0
8,17632,plain,100,age_10_99,27,72,1.0
8,17632,plain,100,age_10_99,26,73,1.0
8,17632,plain,100,age_10_99,25,74,1.0
8,17632,plain,100,age_10_99,24,75,1.0
8,17632,plain,100,age_10_99,23,76,1.0
8,17632,plain,100,age_10_99,22,77,0.0
8,17632,plain,100,age_10_99,21,78,1.0
8,17632,plain,100,age_10_99,20,79,0.0
8,17632,plain,100,age_10_99,19,80,1.0
8,17632,plain,100,age_10_99,18,81,0.0
8,17632,plain,100,age_10_99,17,82,1.0
8,17632,plain,100,age_10_99,16,83,1.0
8,17632,plain,100,age_10_99,15,84,1.0
8,17632,plain,100,age_10_99,14,85,0.0
8,17632,plain,100,age_10_99,13,86,0.0
8,17632,plain,100,age_10_99,12,87,1.0
8,17632,plain,100,age_10_99,11,88,0.0
8,17632,plain,100,age_10_99,10,89,0.0
8,17632,plain,100,age_1_9,9,90,1.0
8,17632,plain,100,age_1_9,8,91,1.0
8,17632,plain,100,age_1_9,7,92,1.0
8,17632,plain,100,age_1_9,6,93,0.0
8,17632,plain,100,age_1_9,5,94,1.0
8,17632,plain,100,age_1_9,4,95,0.0
8,17632,plain,100,age_1_9,3,96,1.0
8,17632,plain,100,age_1_9,2,97,1.0
8,17632,plain,100,age_1_9,1,98,1.0
8,17632,plain,100,age_0,0,99,1.0
8,17632,ssr,1,age_0,0,0,1.0
8,17632,ssr,2,age_1_9,1,0,1.0
8,17632,ssr,2,age_0,0,1,1.0
8,17632,ssr,5,age_1_9,4,0,1.0
8,17632,ssr,5,age_1_9,3,1,1.0
8,17632,ssr,5,age_1_9,2,2,1.0
8,17632,ssr,5,age_1_9,1,3,1.0
8,17632,ssr,5,age_0,0,4,1.0
8,17632,ssr,10,age_1_9,9,0,1.0
8,17632,ssr,10,age_1_9,8,1,1.0
8,17632,ssr,10,age_1_9,7,2,1.0
8,17632,ssr,10,age_1_9,6,3,1.0
8,17632,ssr,10,age_1_9,5,4,1.0
8,17632,ssr,10,age_1_9,4,5,1.0
8,17632,ssr,10,age_1_9,3,6,1.0
8,17632,ssr,10,age_1_9,2,7,1.0
8,17632,ssr,10,age_1_9,1,8,1.0
8,17632,ssr,10,age_0,0,9,1.0
8,17632,ssr,25,age_10_99,24,0,1.0
8,17632,ssr,25,age_10_99,23,1,0.0
8,17632,ssr,25,age_10_99,22,2,1.0
8,17632,ssr,25,age_10_99,21,3,1.0
8,17632,ssr,25,age_10_99,20,4,0.0
8,17632,ssr,25,age_10_99,19,5,1.0
8,17632,ssr,25,age_10_99,18,6,0.0
8,17632,ssr,25,age_10_99,17,7,1.0
8,17632,ssr,25,age_10_99,16,8,1.0
8,17632,ssr,25,age_10_99,15,9,1.0
8,17632,ssr,25,age_10_99,14,10,1.0
8,17632,ssr,25,age_10_99,13,11,1.0
8,17632,ssr,25,age_10_99,12,12,1.0
8,17632,ssr,25,age_10_99,11,13,1.0
8,17632,ssr,25,age_10_99,10,14,0.0
8,17632,ssr,25,age_1_9,9,15,0.0
8,17632,ssr,25,age_1_9,8,16,1.0
8,17632,ssr,25,age_1_9,7,17,1.0
8,17632,ssr,25,age_1_9,6,18,1.0
8,17632,ssr,25,age_1_9,5,19,1.0
8,17632,ssr,25,age_1_9,4,20,1.0
8,17632,ssr,25,age_1_9,3,21,1.0
8,17632,ssr,25,age_1_9,2,22,1.0
8,17632,ssr,25,age_1_9,1,23,1.0
8,17632,ssr,25,age_0,0,24,1.0
8,17632,ssr,50,age_10_99,49,0,1.0
8,17632,ssr,50,age_10_99,48,1,0.0
8,17632,ssr,50,age_10_99,47,2,0.0
8,17632,ssr,50,age_10_99,46,3,0.0
8,17632,ssr,50,age_10_99,45,4,0.0
8,17632,ssr,50,age_10_99,44,5,1.0
8,17632,ssr,50,age_10_99,43,6,0.0
8,17632,ssr,50,age_10_99,42,7,1.0
8,17632,ssr,50,age_10_99,41,8,0.0
8,17632,ssr,50,age_10_99,40,9,0.0
8,17632,ssr,50,age_10_99,39,10,0.0
8,17632,ssr,50,age_10_99,38,11,0.0
8,17632,ssr,50,age_10_99,37,12,1.0
8,17632,ssr,50,age_10_99,36,13,1.0
8,17632,ssr,50,age_10_99,35,14,1.0
8,17632,ssr,50,age_10_99,34,15,0.0
8,17632,ssr,50,age_10_99,33,16,0.0
8,17632,ssr,50,age_10_99,32,17,1.0
8,17632,ssr,50,age_10_99,31,18,1.0
8,17632,ssr,50,age_10_99,30,19,1.0
8,17632,ssr,50,age_10_99,29,20,0.0
8,17632,ssr,50,age_10_99,28,21,1.0
8,17632,ssr,50,age_10_99,27,22,1.0
8,17632,ssr,50,age_10_99,26,23,1.0
8,17632,ssr,50,age_10_99,25,24,0.0
8,17632,ssr,50,age_10_99,24,25,1.0
8,17632,ssr,50,age_10_99,23,26,0.0
8,17632,ssr,50,age_10_99,22,27,1.0
8,17632,ssr,50,age_10_99,21,28,1.0
8,17632,ssr,50,age_10_99,20,29,1.0
8,17632,ssr,50,age_10_99,19,30,1.0
8,17632,ssr,50,age_10_99,18,31,1.0
8,17632,ssr,50,age_10_99,17,32,1.0
8,17632,ssr,50,age_10_99,16,33,1.0
8,17632,ssr,50,age_10_99,15,34,1.0
8,17632,ssr,50,age_10_99,14,35,1.0
8,17632,ssr,50,age_10_99,13,36,0.0
8,17632,ssr,50,age_10_99,12,37,1.0
8,17632,ssr,50,age_10_99,11,38,1.0
8,17632,ssr,50,age_10_99,10,39,1.0
8,17632,ssr,50,age_1_9,9,40,1.0
8,17632,ssr,50,age_1_9,8,41,1.0
8,17632,ssr,50,age_1_9,7,42,1.0
8,17632,ssr,50,age_1_9,6,43,0.0
8,17632,ssr,50,age_1_9,5,44,0.0
8,17632,ssr,50,age_1_9,4,45,1.0
8,17632,ssr,50,age_1_9,3,46,1.0
8,17632,ssr,50,age_1_9,2,47,1.0
8,17632,ssr,50,age_1_9,1,48,1.0
8,17632,ssr,50,age_0,0,49,1.0
8,17632,ssr,100,age_10_99,99,0,1.0
8,17632,ssr,100,age_10_99,98,1,0.0
8,17632,ssr,100,age_10_99,97,2,0.0
8,17632,ssr,100,age_10_99,96,3,0.0
8,17632,ssr,100,age_10_99,95,4,0.0
8,17632,ssr,100,age_10_99,94,5,0.0
8,17632,ssr,100,age_10_99,93,6,0.0
8,17632,ssr,100,age_10_99,92,7,0.0
8,17632,ssr,100,age_10_99,91,8,0.0
8,17632,ssr,100,age_10_99,90,9,1.0
8,17632,ssr,100,age_10_99,89,10,0.0
8,17632,ssr,100,age_10_99,88,11,1.0
8,17632,ssr,100,age_10_99,87,12,1.0
8,17632,ssr,100,age_10_99,86,13,0.0
8,17632,ssr,100,age_10_99,85,14,1.0
8,17632,ssr,100,age_10_99,84,15,0.0
8,17632,ssr,100,age_10_99,83,16,0.0
8,17632,ssr,100,age_10_99,82,17,1.0
8,17632,ssr,100,age_10_99,81,18,0.0
8,17632,ssr,100,age_10_99,80,19,1.0
8,17632,ssr,100,age_10_99,79,20,0.0
8,17632,ssr,100,age_10_99,78,21,0.0
8,17632,ssr,100,age_10_99,77,22,1.0
8,17632,ssr,100,age_10_99,76,23,1.0
8,17632,ssr,100,age_10_99,75,24,0.0
8,17632,ssr,100,age_10_99,74,25,1.0
8,17632,ssr,100,age_10_99,73,26,1.0
8,17632,ssr,100,age_10_99,72,27,1.0
8,17632,ssr,100,age_10_99,71,28,1.0
8,17632,ssr,100,age_10_99,70,29,1.0
8,17632,ssr,100,age_10_99,69,30,1.0
8,17632,ssr,100,age_10_99,68,31,0.0
8,17632,ssr,100,age_10_99,67,32,1.0
8,17632,ssr,100,age_10_99,66,33,1.0
8,17632,ssr,100,age_10_99,65,34,0.0
8,17632,ssr,100,age_10_99,64,35,1.0
8,17632,ssr,100,age_10_99,63,36,1.0
8,17632,ssr,100,age_10_99,62,37,1.0
8,17632,ssr,100,age_10_99,61,38,1.0
8,17632,ssr,100,age_10_99,60,39,1.0
8,17632,ssr,100,age_10_99,59,40,0.0
8,17632,ssr,100,age_10_99,58,41,1.0
8,17632,ssr,100,age_10_99,57,42,1.0
8,17632,ssr,100,age_10_99,56,43,0.0
8,17632,ssr,100,age_10_99,55,44,1.0
8,17632,ssr,100,age_10_99,54,45,1.0
8,17632,ssr,100,age_10_99,53,46,0.0
8,17632,ssr,100,age_10_99,52,47,1.0
8,17632,ssr,100,age_10_99,51,48,0.0
8,17632,ssr,100,age_10_99,50,49,1.0
8,17632,ssr,100,age_10_99,49,50,1.0
8,17632,ssr,100,age_10_99,48,51,1.0
8,17632,ssr,100,age_10_99,47,52,1.0
8,17632,ssr,100,age_10_99,46,53,1.0
8,17632,ssr,100,age_10_99,45,54,1.0
8,17632,ssr,100,age_10_99,44,55,1.0
8,17632,ssr,100,age_10_99,43,56,1.0
8,17632,ssr,100,age_10_99,42,57,1.0
8,17632,ssr,100,age_10_99,41,58,0.0
8,17632,ssr,100,age_10_99,40,59,0.0
8,17632,ssr,100,age_10_99,39,60,0.0
8,17632,ssr,100,age_10_99,38,61,0.0
8,17632,ssr,100,age_10_99,37,62,0.0
8,17632,ssr,100,age_10_99,36,63,0.0
8,17632,ssr,100,age_10_99,35,64,0.0
8,17632,ssr,100,age_10_99,34,65,1.0
8,17632,ssr,100,age_10_99,33,66,1.0
8,17632,ssr,100,age_10_99,32,67,1.0
8,17632,ssr,100,age_10_99,31,68,1.0
8,17632,ssr,100,age_10_99,30,69,1.0
8,17632,ssr,100,age_10_99,29,70,1.0
8,17632,ssr,100,age_10_99,28,71,1.0
8,17632,ssr,100,age_10_99,27,72,1.0
8,17632,ssr,100,age_10_99,26,73,0.0
8,17632,ssr,100,age_10_99,25,74,1.0
8,17632,ssr,100,age_10_99,24,75,1.0
8,17632,ssr,100,age_10_99,23,76,0.0
8,17632,ssr,100,age_10_99,22,77,1.0
8,17632,ssr,100,age_10_99,21,78,1.0
8,17632,ssr,100,age_10_99,20,79,0.0
8,17632,ssr,100,age_10_99,19,80,0.0
8,17632,ssr,100,age_10_99,18,81,1.0
8,17632,ssr,100,age_10_99,17,82,1.0
8,17632,ssr,100,age_10_99,16,83,1.0
8,17632,ssr,100,age_10_99,15,84,1.0
8,17632,ssr,100,age_10_99,14,85,0.0
8,17632,ssr,100,age_10_99,13,86,0.0
8,17632,ssr,100,age_10_99,12,87,1.0
8,17632,ssr,100,age_10_99,11,88,0.0
8,17632,ssr,100,age_10_99,10,89,0.0
8,17632,ssr,100,age_1_9,9,90,1.0
8,17632,ssr,100,age_1_9,8,91,1.0
8,17632,ssr,100,age_1_9,7,92,1.0
8,17632,ssr,100,age_1_9,6,93,1.0
8,17632,ssr,100,age_1_9,5,94,0.0
8,17632,ssr,100,age_1_9,4,95,1.0
8,17632,ssr,100,age_1_9,3,96,1.0
8,17632,ssr,100,age_1_9,2,97,0.0
8,17632,ssr,100,age_1_9,1,98,1.0
8,17632,ssr,100,age_0,0,99,1.0
8,17633,plain,1,age_0,0,0,1.0
8,17633,plain,2,age_1_9,1,0,1.0
8,17633,plain,2,age_0,0,1,1.0
8,17633,plain,5,age_1_9,4,0,1.0
8,17633,plain,5,age_1_9,3,1,1.0
8,17633,plain,5,age_1_9,2,2,1.0
8,17633,plain,5,age_1_9,1,3,1.0
8,17633,plain,5,age_0,0,4,1.0
8,17633,plain,10,age_1_9,9,0,1.0
8,17633,plain,10,age_1_9,8,1,1.0
8,17633,plain,10,age_1_9,7,2,1.0
8,17633,plain,10,age_1_9,6,3,1.0
8,17633,plain,10,age_1_9,5,4,1.0
8,17633,plain,10,age_1_9,4,5,1.0
8,17633,plain,10,age_1_9,3,6,1.0
8,17633,plain,10,age_1_9,2,7,1.0
8,17633,plain,10,age_1_9,1,8,1.0
8,17633,plain,10,age_0,0,9,1.0
8,17633,plain,25,age_10_99,24,0,1.0
8,17633,plain,25,age_10_99,23,1,0.0
8,17633,plain,25,age_10_99,22,2,0.0
8,17633,plain,25,age_10_99,21,3,1.0
8,17633,plain,25,age_10_99,20,4,1.0
8,17633,plain,25,age_10_99,19,5,1.0
8,17633,plain,25,age_10_99,18,6,1.0
8,17633,plain,25,age_10_99,17,7,1.0
8,17633,plain,25,age_10_99,16,8,1.0
8,17633,plain,25,age_10_99,15,9,1.0
8,17633,plain,25,age_10_99,14,10,1.0
8,17633,plain,25,age_10_99,13,11,0.0
8,17633,plain,25,age_10_99,12,12,1.0
8,17633,plain,25,age_10_99,11,13,1.0
8,17633,plain,25,age_10_99,10,14,0.0
8,17633,plain,25,age_1_9,9,15,1.0
8,17633,plain,25,age_1_9,8,16,1.0
8,17633,plain,25,age_1_9,7,17,1.0
8,17633,plain,25,age_1_9,6,18,1.0
8,17633,plain,25,age_1_9,5,19,1.0
8,17633,plain,25,age_1_9,4,20,1.0
8,17633,plain,25,age_1_9,3,21,1.0
8,17633,plain,25,age_1_9,2,22,1.0
8,17633,plain,25,age_1_9,1,23,1.0
8,17633,plain,25,age_0,0,24,1.0
8,17633,plain,50,age_10_99,49,0,1.0
8,17633,plain,50,age_10_99,48,1,0.0
8,17633,plain,50,age_10_99,47,2,0.0
8,17633,plain,50,age_10_99,46,3,0.0
8,17633,plain,50,age_10_99,45,4,0.0
8,17633,plain,50,age_10_99,44,5,1.0
8,17633,plain,50,age_10_99,43,6,1.0
8,17633,plain,50,age_10_99,42,7,1.0
8,17633,plain,50,age_10_99,41,8,0.0
8,17633,plain,50,age_10_99,40,9,1.0
8,17633,plain,50,age_10_99,39,10,1.0
8,17633,plain,50,age_10_99,38,11,1.0
8,17633,plain,50,age_10_99,37,12,0.0
8,17633,plain,50,age_10_99,36,13,1.0
8,17633,plain,50,age_10_99,35,14,1.0
8,17633,plain,50,age_10_99,34,15,0.0
8,17633,plain,50,age_10_99,33,16,1.0
8,17633,plain,50,age_10_99,32,17,1.0
8,17633,plain,50,age_10_99,31,18,1.0
8,17633,plain,50,age_10_99,30,19,1.0
8,17633,plain,50,age_10_99,29,20,1.0
8,17633,plain,50,age_10_99,28,21,1.0
8,17633,plain,50,age_10_99,27,22,0.0
8,17633,plain,50,age_10_99,26,23,1.0
8,17633,plain,50,age_10_99,25,24,1.0
8,17633,plain,50,age_10_99,24,25,1.0
8,17633,plain,50,age_10_99,23,26,1.0
8,17633,plain,50,age_10_99,22,27,1.0
8,17633,plain,50,age_10_99,21,28,1.0
8,17633,plain,50,age_10_99,20,29,1.0
8,17633,plain,50,age_10_99,19,30,1.0
8,17633,plain,50,age_10_99,18,31,1.0
8,17633,plain,50,age_10_99,17,32,1.0
8,17633,plain,50,age_10_99,16,33,1.0
8,17633,plain,50,age_10_99,15,34,1.0
8,17633,plain,50,age_10_99,14,35,1.0
8,17633,plain,50,age_10_99,13,36,1.0
8,17633,plain,50,age_10_99,12,37,1.0
8,17633,plain,50,age_10_99,11,38,0.0
8,17633,plain,50,age_10_99,10,39,1.0
8,17633,plain,50,age_1_9,9,40,1.0
8,17633,plain,50,age_1_9,8,41,1.0
8,17633,plain,50,age_1_9,7,42,0.0
8,17633,plain,50,age_1_9,6,43,0.0
8,17633,plain,50,age_1_9,5,44,0.0
8,17633,plain,50,age_1_9,4,45,1.0
8,17633,plain,50,age_1_9,3,46,1.0
8,17633,plain,50,age_1_9,2,47,1.0
8,17633,plain,50,age_1_9,1,48,1.0
8,17633,plain,50,age_0,0,49,1.0
8,17633,plain,100,age_10_99,99,0,1.0
8,17633,plain,100,age_10_99,98,1,0.0
8,17633,plain,100,age_10_99,97,2,0.0
8,17633,plain,100,age_10_99,96,3,0.0
8,17633,plain,100,age_10_99,95,4,0.0
8,17633,plain,100,age_10_99,94,5,0.0
8,17633,plain,100,age_10_99,93,6,0.0
8,17633,plain,100,age_10_99,92,7,0.0
8,17633,plain,100,age_10_99,91,8,0.0
8,17633,plain,100,age_10_99,90,9,0.0
8,17633,plain,100,age_10_99,89,10,0.0
8,17633,plain,100,age_10_99,88,11,0.0
8,17633,plain,100,age_10_99,87,12,1.0
8,17633,plain,100,age_10_99,86,13,0.0
8,17633,plain,100,age_10_99,85,14,1.0
8,17633,plain,100,age_10_99,84,15,0.0
8,17633,plain,100,age_10_99,83,16,0.0
8,17633,plain,100,age_10_99,82,17,0.0
8,17633,plain,100,age_10_99,81,18,1.0
8,17633,plain,100,age_10_99,80,19,0.0
8,17633,plain,100,age_10_99,79,20,0.0
8,17633,plain,100,age_10_99,78,21,0.0
8,17633,plain,100,age_10_99,77,22,0.0
8,17633,plain,100,age_10_99,76,23,0.0
8,17633,plain,100,age_10_99,75,24,0.0
8,17633,plain,100,age_10_99,74,25,0.0
8,17633,plain,100,age_10_99,73,26,0.0
8,17633,plain,100,age_10_99,72,27,1.0
8,17633,plain,100,age_10_99,71,28,1.0
8,17633,plain,100,age_10_99,70,29,0.0
8,17633,plain,100,age_10_99,69,30,0.0
8,17633,plain,100,age_10_99,68,31,0.0
8,17633,plain,100,age_10_99,67,32,1.0
8,17633,plain,100,age_10_99,66,33,0.0
8,17633,plain,100,age_10_99,65,34,0.0
8,17633,plain,100,age_10_99,64,35,0.0
8,17633,plain,100,age_10_99,63,36,0.0
8,17633,plain,100,age_10_99,62,37,1.0
8,17633,plain,100,age_10_99,61,38,0.0
8,17633,plain,100,age_10_99,60,39,0.0
8,17633,plain,100,age_10_99,59,40,0.0
8,17633,plain,100,age_10_99,58,41,0.0
8,17633,plain,100,age_10_99,57,42,1.0
8,17633,plain,100,age_10_99,56,43,0.0
8,17633,plain,100,age_10_99,55,44,0.0
8,17633,plain,100,age_10_99,54,45,0.0
8,17633,plain,100,age_10_99,53,46,0.0
8,17633,plain,100,age_10_99,52,47,1.0
8,17633,plain,100,age_10_99,51,48,0.0
8,17633,plain,100,age_10_99,50,49,1.0
8,17633,plain,100,age_10_99,49,50,1.0
8,17633,plain,100,age_10_99,48,51,1.0
8,17633,plain,100,age_10_99,47,52,0.0
8,17633,plain,100,age_10_99,46,53,0.0
8,17633,plain,100,age_10_99,45,54,0.0
8,17633,plain,100,age_10_99,44,55,1.0
8,17633,plain,100,age_10_99,43,56,1.0
8,17633,plain,100,age_10_99,42,57,1.0
8,17633,plain,100,age_10_99,41,58,0.0
8,17633,plain,100,age_10_99,40,59,0.0
8,17633,plain,100,age_10_99,39,60,0.0
8,17633,plain,100,age_10_99,38,61,0.0
8,17633,plain,100,age_10_99,37,62,0.0
8,17633,plain,100,age_10_99,36,63,0.0
8,17633,plain,100,age_10_99,35,64,0.0
8,17633,plain,100,age_10_99,34,65,0.0
8,17633,plain,100,age_10_99,33,66,0.0
8,17633,plain,100,age_10_99,32,67,1.0
8,17633,plain,100,age_10_99,31,68,1.0
8,17633,plain,100,age_10_99,30,69,1.0
8,17633,plain,100,age_10_99,29,70,1.0
8,17633,plain,100,age_10_99,28,71,1.0
8,17633,plain,100,age_10_99,27,72,1.0
8,17633,plain,100,age_10_99,26,73,0.0
8,17633,plain,100,age_10_99,25,74,0.0
8,17633,plain,100,age_10_99,24,75,0.0
8,17633,plain,100,age_10_99,23,76,0.0
8,17633,plain,100,age_10_99,22,77,0.0
8,17633,plain,100,age_10_99,21,78,0.0
8,17633,plain,100,age_10_99,20,79,0.0
8,17633,plain,100,age_10_99,19,80,1.0
8,17633,plain,100,age_10_99,18,81,1.0
8,17633,plain,100,age_10_99,17,82,0.0
8,17633,plain,100,age_10_99,16,83,1.0
8,17633,plain,100,age_10_99,15,84,1.0
8,17633,plain,100,age_10_99,14,85,0.0
8,17633,plain,100,age_10_99,13,86,0.0
8,17633,plain,100,age_10_99,12,87,0.0
8,17633,plain,100,age_10_99,11,88,0.0
8,17633,plain,100,age_10_99,10,89,0.0
8,17633,plain,100,age_1_9,9,90,0.0
8,17633,plain,100,age_1_9,8,91,0.0
8,17633,plain,100,age_1_9,7,92,0.0
8,17633,plain,100,age_1_9,6,93,0.0
8,17633,plain,100,age_1_9,5,94,0.0
8,17633,plain,100,age_1_9,4,95,0.0
8,17633,plain,100,age_1_9,3,96,1.0
8,17633,plain,100,age_1_9,2,97,1.0
8,17633,plain,100,age_1_9,1,98,1.0
8,17633,plain,100,age_0,0,99,1.0
8,17633,ssr,1,age_0,0,0,1.0
8,17633,ssr,2,age_1_9,1,0,1.0
8,17633,ssr,2,age_0,0,1,1.0
8,17633,ssr,5,age_1_9,4,0,1.0
8,17633,ssr,5,age_1_9,3,1,1.0
8,17633,ssr,5,age_1_9,2,2,1.0
8,17633,ssr,5,age_1_9,1,3,1.0
8,17633,ssr,5,age_0,0,4,1.0
8,17633,ssr,10,age_1_9,9,0,1.0
8,17633,ssr,10,age_1_9,8,1,1.0
8,17633,ssr,10,age_1_9,7,2,1.0
8,17633,ssr,10,age_1_9,6,3,1.0
8,17633,ssr,10,age_1_9,5,4,1.0
8,17633,ssr,10,age_1_9,4,5,1.0
8,17633,ssr,10,age_1_9,3,6,1.0
8,17633,ssr,10,age_1_9,2,7,1.0
8,17633,ssr,10,age_1_9,1,8,1.0
8,17633,ssr,10,age_0,0,9,1.0
8,17633,ssr,25,age_10_99,24,0,1.0
8,17633,ssr,25,age_10_99,23,1,0.0
8,17633,ssr,25,age_10_99,22,2,1.0
8,17633,ssr,25,age_10_99,21,3,1.0
8,17633,ssr,25,age_10_99,20,4,1.0
8,17633,ssr,25,age_10_99,19,5,0.0
8,17633,ssr,25,age_10_99,18,6,1.0
8,17633,ssr,25,age_10_99,17,7,1.0
8,17633,ssr,25,age_10_99,16,8,1.0
8,17633,ssr,25,age_10_99,15,9,0.0
8,17633,ssr,25,age_10_99,14,10,1.0
8,17633,ssr,25,age_10_99,13,11,1.0
8,17633,ssr,25,age_10_99,12,12,1.0
8,17633,ssr,25,age_10_99,11,13,1.0
8,17633,ssr,25,age_10_99,10,14,0.0
8,17633,ssr,25,age_1_9,9,15,1.0
8,17633,ssr,25,age_1_9,8,16,1.0
8,17633,ssr,25,age_1_9,7,17,1.0
8,17633,ssr,25,age_1_9,6,18,0.0
8,17633,ssr,25,age_1_9,5,19,1.0
8,17633,ssr,25,age_1_9,4,20,1.0
8,17633,ssr,25,age_1_9,3,21,0.0
8,17633,ssr,25,age_1_9,2,22,1.0
8,17633,ssr,25,age_1_9,1,23,1.0
8,17633,ssr,25,age_0,0,24,1.0
8,17633,ssr,50,age_10_99,49,0,1.0
8,17633,ssr,50,age_10_99,48,1,0.0
8,17633,ssr,50,age_10_99,47,2,0.0
8,17633,ssr,50,age_10_99,46,3,0.0
8,17633,ssr,50,age_10_99,45,4,1.0
8,17633,ssr,50,age_10_99,44,5,1.0
8,17633,ssr,50,age_10_99,43,6,1.0
8,17633,ssr,50,age_10_99,42,7,1.0
8,17633,ssr,50,age_10_99,41,8,0.0
8,17633,ssr,50,age_10_99,40,9,1.0
8,17633,ssr,50,age_10_99,39,10,0.0
8,17633,ssr,50,age_10_99,38,11,1.0
8,17633,ssr,50,age_10_99,37,12,1.0
8,17633,ssr,50,age_10_99,36,13,1.0
8,17633,ssr,50,age_10_99,35,14,1.0
8,17633,ssr,50,age_10_99,34,15,0.0
8,17633,ssr,50,age_10_99,33,16,0.0
8,17633,ssr,50,age_10_99,32,17,1.0
8,17633,ssr,50,age_10_99,31,18,1.0
8,17633,ssr,50,age_10_99,30,19,1.0
8,17633,ssr,50,age_10_99,29,20,1.0
8,17633,ssr,50,age_10_99,28,21,1.0
8,17633,ssr,50,age_10_99,27,22,0.0
8,17633,ssr,50,age_10_99,26,23,1.0
8,17633,ssr,50,age_10_99,25,24,1.0
8,17633,ssr,50,age_10_99,24,25,1.0
8,17633,ssr,50,age_10_99,23,26,1.0
8,17633,ssr,50,age_10_99,22,27,1.0
8,17633,ssr,50,age_10_99,21,28,0.0
8,17633,ssr,50,age_10_99,20,29,0.0
8,17633,ssr,50,age_10_99,19,30,1.0
8,17633,ssr,50,age_10_99,18,31,1.0
8,17633,ssr,50,age_10_99,17,32,1.0
8,17633,ssr,50,age_10_99,16,33,1.0
8,17633,ssr,50,age_10_99,15,34,1.0
8,17633,ssr,50,age_10_99,14,35,0.0
8,17633,ssr,50,age_10_99,13,36,0.0
8,17633,ssr,50,age_10_99,12,37,1.0
8,17633,ssr,50,age_10_99,11,38,1.0
8,17633,ssr,50,age_10_99,10,39,1.0
8,17633,ssr,50,age_1_9,9,40,1.0
8,17633,ssr,50,age_1_9,8,41,1.0
8,17633,ssr,50,age_1_9,7,42,0.0
8,17633,ssr,50,age_1_9,6,43,1.0
8,17633,ssr,50,age_1_9,5,44,1.0
8,17633,ssr,50,age_1_9,4,45,1.0
8,17633,ssr,50,age_1_9,3,46,1.0
8,17633,ssr,50,age_1_9,2,47,1.0
8,17633,ssr,50,age_1_9,1,48,1.0
8,17633,ssr,50,age_0,0,49,1.0
8,17633,ssr,100,age_10_99,99,0,1.0
8,17633,ssr,100,age_10_99,98,1,0.0
8,17633,ssr,100,age_10_99,97,2,0.0
8,17633,ssr,100,age_10_99,96,3,0.0
8,17633,ssr,100,age_10_99,95,4,0.0
8,17633,ssr,100,age_10_99,94,5,0.0
8,17633,ssr,100,age_10_99,93,6,0.0
8,17633,ssr,100,age_10_99,92,7,0.0
8,17633,ssr,100,age_10_99,91,8,0.0
8,17633,ssr,100,age_10_99,90,9,1.0
8,17633,ssr,100,age_10_99,89,10,0.0
8,17633,ssr,100,age_10_99,88,11,0.0
8,17633,ssr,100,age_10_99,87,12,0.0
8,17633,ssr,100,age_10_99,86,13,0.0
8,17633,ssr,100,age_10_99,85,14,1.0
8,17633,ssr,100,age_10_99,84,15,0.0
8,17633,ssr,100,age_10_99,83,16,0.0
8,17633,ssr,100,age_10_99,82,17,0.0
8,17633,ssr,100,age_10_99,81,18,0.0
8,17633,ssr,100,age_10_99,80,19,0.0
8,17633,ssr,100,age_10_99,79,20,1.0
8,17633,ssr,100,age_10_99,78,21,0.0
8,17633,ssr,100,age_10_99,77,22,0.0
8,17633,ssr,100,age_10_99,76,23,0.0
8,17633,ssr,100,age_10_99,75,24,1.0
8,17633,ssr,100,age_10_99,74,25,0.0
8,17633,ssr,100,age_10_99,73,26,1.0
8,17633,ssr,100,age_10_99,72,27,1.0
8,17633,ssr,100,age_10_99,71,28,1.0
8,17633,ssr,100,age_10_99,70,29,0.0
8,17633,ssr,100,age_10_99,69,30,0.0
8,17633,ssr,100,age_10_99,68,31,0.0
8,17633,ssr,100,age_10_99,67,32,1.0
8,17633,ssr,100,age_10_99,66,33,0.0
8,17633,ssr,100,age_10_99,65,34,0.0
8,17633,ssr,100,age_10_99,64,35,0.0
8,17633,ssr,100,age_10_99,63,36,1.0
8,17633,ssr,100,age_10_99,62,37,1.0
8,17633,ssr,100,age_10_99,61,38,1.0
8,17633,ssr,100,age_10_99,60,39,1.0
8,17633,ssr,100,age_10_99,59,40,1.0
8,17633,ssr,100,age_10_99,58,41,1.0
8,17633,ssr,100,age_10_99,57,42,1.0
8,17633,ssr,100,age_10_99,56,43,0.0
8,17633,ssr,100,age_10_99,55,44,0.0
8,17633,ssr,100,age_10_99,54,45,1.0
8,17633,ssr,100,age_10_99,53,46,0.0
8,17633,ssr,100,age_10_99,52,47,1.0
8,17633,ssr,100,age_10_99,51,48,0.0
8,17633,ssr,100,age_10_99,50,49,1.0
8,17633,ssr,100,age_10_99,49,50,1.0
8,17633,ssr,100,age_10_99,48,51,1.0
8,17633,ssr,100,age_10_99,47,52,1.0
8,17633,ssr,100,age_10_99,46,53,0.0
8,17633,ssr,100,age_10_99,45,54,1.0
8,17633,ssr,100,age_10_99,44,55,1.0
8,17633,ssr,100,age_10_99,43,56,1.0
8,17633,ssr,100,age_10_99,42,57,0.0
8,17633,ssr,100,age_10_99,41,58,0.0
8,17633,ssr,100,age_10_99,40,59,0.0
8,17633,ssr,100,age_10_99,39,60,0.0
8,17633,ssr,100,age_10_99,38,61,1.0
8,17633,ssr,100,age_10_99,37,62,0.0
8,17633,ssr,100,age_10_99,36,63,0.0
8,17633,ssr,100,age_10_99,35,64,1.0
8,17633,ssr,100,age_10_99,34,65,0.0
8,17633,ssr,100,age_10_99,33,66,1.0
8,17633,ssr,100,age_10_99,32,67,1.0
8,17633,ssr,100,age_10_99,31,68,1.0
8,17633,ssr,100,age_10_99,30,69,1.0
8,17633,ssr,100,age_10_99,29,70,1.0
8,17633,ssr,100,age_10_99,28,71,1.0
8,17633,ssr,100,age_10_99,27,72,1.0
8,17633,ssr,100,age_10_99,26,73,1.0
8,17633,ssr,100,age_10_99,25,74,0.0
8,17633,ssr,100,age_10_99,24,75,0.0
8,17633,ssr,100,age_10_99,23,76,1.0
8,17633,ssr,100,age_10_99,22,77,0.0
8,17633,ssr,100,age_10_99,21,78,1.0
8,17633,ssr,100,age_10_99,20,79,1.0
8,17633,ssr,100,age_10_99,19,80,1.0
8,17633,ssr,100,age_10_99,18,81,1.0
8,17633,ssr,100,age_10_99,17,82,1.0
8,17633,ssr,100,age_10_99,16,83,0.0
8,17633,ssr,100,age_10_99,15,84,1.0
8,17633,ssr,100,age_10_99,14,85,0.0
8,17633,ssr,100,age_10_99,13,86,0.0
8,17633,ssr,100,age_10_99,12,87,0.0
8,17633,ssr,100,age_10_99,11,88,0.0
8,17633,ssr,100,age_10_99,10,89,0.0
8,17633,ssr,100,age_1_9,9,90,0.0
8,17633,ssr,100,age_1_9,8,91,0.0
8,17633,ssr,100,age_1_9,7,92,0.0
8,17633,ssr,100,age_1_9,6,93,0.0
8,17633,ssr,100,age_1_9,5,94,0.0
8,17633,ssr,100,age_1_9,4,95,1.0
8,17633,ssr,100,age_1_9,3,96,0.0
8,17633,ssr,100,age_1_9,2,97,1.0
8,17633,ssr,100,age_1_9,1,98,1.0
8,17633,ssr,100,age_0,0,99,1.0
8,17634,plain,1,age_0,0,0,1.0
8,17634,plain,2,age_1_9,1,0,1.0
8,17634,plain,2,age_0,0,1,1.0
8,17634,plain,5,age_1_9,4,0,1.0
8,17634,plain,5,age_1_9,3,1,1.0
8,17634,plain,5,age_1_9,2,2,1.0
8,17634,plain,5,age_1_9,1,3,1.0
8,17634,plain,5,age_0,0,4,1.0
8,17634,plain,10,age_1_9,9,0,1.0
8,17634,plain,10,age_1_9,8,1,1.0
8,17634,plain,10,age_1_9,7,2,1.0
8,17634,plain,10,age_1_9,6,3,1.0
8,17634,plain,10,age_1_9,5,4,0.0
8,17634,plain,10,age_1_9,4,5,1.0
8,17634,plain,10,age_1_9,3,6,1.0
8,17634,plain,10,age_1_9,2,7,1.0
8,17634,plain,10,age_1_9,1,8,1.0
8,17634,plain,10,age_0,0,9,1.0
8,17634,plain,25,age_10_99,24,0,1.0
8,17634,plain,25,age_10_99,23,1,0.0
8,17634,plain,25,age_10_99,22,2,0.0
8,17634,plain,25,age_10_99,21,3,1.0
8,17634,plain,25,age_10_99,20,4,1.0
8,17634,plain,25,age_10_99,19,5,1.0
8,17634,plain,25,age_10_99,18,6,1.0
8,17634,plain,25,age_10_99,17,7,1.0
8,17634,plain,25,age_10_99,16,8,1.0
8,17634,plain,25,age_10_99,15,9,0.0
8,17634,plain,25,age_10_99,14,10,1.0
8,17634,plain,25,age_10_99,13,11,0.0
8,17634,plain,25,age_10_99,12,12,0.0
8,17634,plain,25,age_10_99,11,13,1.0
8,17634,plain,25,age_10_99,10,14,1.0
8,17634,plain,25,age_1_9,9,15,1.0
8,17634,plain,25,age_1_9,8,16,1.0
8,17634,plain,25,age_1_9,7,17,0.0
8,17634,plain,25,age_1_9,6,18,0.0
8,17634,plain,25,age_1_9,5,19,1.0
8,17634,plain,25,age_1_9,4,20,1.0
8,17634,plain,25,age_1_9,3,21,0.0
8,17634,plain,25,age_1_9,2,22,0.0
8,17634,plain,25,age_1_9,1,23,1.0
8,17634,plain,25,age_0,0,24,1.0
8,17634,plain,50,age_10_99,49,0,1.0
8,17634,plain,50,age_10_99,48,1,0.0
8,17634,plain,50,age_10_99,47,2,0.0
8,17634,plain,50,age_10_99,46,3,0.0
8,17634,plain,50,age_10_99,45,4,1.0
8,17634,plain,50,age_10_99,44,5,0.0
8,17634,plain,50,age_10_99,43,6,1.0
8,17634,plain,50,age_10_99,42,7,1.0
8,17634,plain,50,age_10_99,41,8,1.0
8,17634,plain,50,age_10_99,40,9,0.0
8,17634,plain,50,age_10_99,39,10,0.0
8,17634,plain,50,age_10_99,38,11,1.0
8,17634,plain,50,age_10_99,37,12,1.0
8,17634,plain,50,age_10_99,36,13,0.0
8,17634,plain,50,age_10_99,35,14,1.0
8,17634,plain,50,age_10_99,34,15,0.0
8,17634,plain,50,age_10_99,33,16,1.0
8,17634,plain,50,age_10_99,32,17,1.0
8,17634,plain,50,age_10_99,31,18,1.0
8,17634,plain,50,age_10_99,30,19,1.0
8,17634,plain,50,age_10_99,29,20,1.0
8,17634,plain,50,age_10_99,28,21,1.0
8,17634,plain,50,age_10_99,27,22,0.0
8,17634,plain,50,age_10_99,26,23,1.0
8,17634,plain,50,age_10_99,25,24,1.0
8,17634,plain,50,age_10_99,24,25,1.0
8,17634,plain,50,age_10_99,23,26,1.0
8,17634,plain,50,age_10_99,22,27,1.0
8,17634,plain,50,age_10_99,21,28,1.0
8,17634,plain,50,age_10_99,20,29,1.0
8,17634,plain,50,age_10_99,19,30,0.0
8,17634,plain,50,age_10_99,18,31,1.0
8,17634,plain,50,age_10_99,17,32,1.0
8,17634,plain,50,age_10_99,16,33,1.0
8,17634,plain,50,age_10_99,15,34,1.0
8,17634,plain,50,age_10_99,14,35,0.0
8,17634,plain,50,age_10_99,13,36,0.0
8,17634,plain,50,age_10_99,12,37,1.0
8,17634,plain,50,age_10_99,11,38,1.0
8,17634,plain,50,age_10_99,10,39,1.0
8,17634,plain,50,age_1_9,9,40,1.0
8,17634,plain,50,age_1_9,8,41,1.0
8,17634,plain,50,age_1_9,7,42,0.0
8,17634,plain,50,age_1_9,6,43,1.0
8,17634,plain,50,age_1_9,5,44,0.0
8,17634,plain,50,age_1_9,4,45,0.0
8,17634,plain,50,age_1_9,3,46,1.0
8,17634,plain,50,age_1_9,2,47,1.0
8,17634,plain,50,age_1_9,1,48,1.0
8,17634,plain,50,age_0,0,49,1.0
8,17634,plain,100,age_10_99,99,0,1.0
8,17634,plain,100,age_10_99,98,1,0.0
8,17634,plain,100,age_10_99,97,2,0.0
8,17634,plain,100,age_10_99,96,3,0.0
8,17634,plain,100,age_10_99,95,4,0.0
8,17634,plain,100,age_10_99,94,5,0.0
8,17634,plain,100,age_10_99,93,6,1.0
8,17634,plain,100,age_10_99,92,7,0.0
8,17634,plain,100,age_10_99,91,8,1.0
8,17634,plain,100,age_10_99,90,9,0.0
8,17634,plain,100,age_10_99,89,10,0.0
8,17634,plain,100,age_10_99,88,11,1.0
8,17634,plain,100,age_10_99,87,12,1.0
8,17634,plain,100,age_10_99,86,13,1.0
8,17634,plain,100,age_10_99,85,14,1.0
8,17634,plain,100,age_10_99,84,15,0.0
8,17634,plain,100,age_10_99,83,16,1.0
8,17634,plain,100,age_10_99,82,17,0.0
8,17634,plain,100,age_10_99,81,18,0.0
8,17634,plain,100,age_10_99,80,19,0.0
8,17634,plain,100,age_10_99,79,20,0.0
8,17634,plain,100,age_10_99,78,21,1.0
8,17634,plain,100,age_10_99,77,22,0.0
8,17634,plain,100,age_10_99,76,23,1.0
8,17634,plain,100,age_10_99,75,24,1.0
8,17634,plain,100,age_10_99,74,25,1.0
8,17634,plain,100,age_10_99,73,26,0.0
8,17634,plain,100,age_10_99,72,27,1.0
8,17634,plain,100,age_10_99,71,28,1.0
8,17634,plain,100,age_10_99,70,29,0.0
8,17634,plain,100,age_10_99,69,30,1.0
8,17634,plain,100,age_10_99,68,31,0.0
8,17634,plain,100,age_10_99,67,32,1.0
8,17634,plain,100,age_10_99,66,33,1.0
8,17634,plain,100,age_10_99,65,34,0.0
8,17634,plain,100,age_10_99,64,35,0.0
8,17634,plain,100,age_10_99,63,36,0.0
8,17634,plain,100,age_10_99,62,37,1.0
8,17634,plain,100,age_10_99,61,38,1.0
8,17634,plain,100,age_10_99,60,39,1.0
8,17634,plain,100,age_10_99,59,40,1.0
8,17634,plain,100,age_10_99,58,41,1.0
8,17634,plain,100,age_10_99,57,42,1.0
8,17634,plain,100,age_10_99,56,43,0.0
8,17634,plain,100,age_10_99,55,44,1.0
8,17634,plain,100,age_10_99,54,45,1.0
8,17634,plain,100,age_10_99,53,46,0.0
8,17634,plain,100,age_10_99,52,47,0.0
8,17634,plain,100,age_10_99,51,48,1.0
8,17634,plain,100,age_10_99,50,49,1.0
8,17634,plain,100,age_10_99,49,50,0.0
8,17634,plain,100,age_10_99,48,51,0.0
8,17634,plain,100,age_10_99,47,52,0.0
8,17634,plain,100,age_10_99,46,53,1.0
8,17634,plain,100,age_10_99,45,54,1.0
8,17634,plain,100,age_10_99,44,55,1.0
8,17634,plain,100,age_10_99,43,56,1.0
8,17634,plain,100,age_10_99,42,57,1.0
8,17634,plain,100,age_10_99,41,58,0.0
8,17634,plain,100,age_10_99,40,59,0.0
8,17634,plain,100,age_10_99,39,60,0.0
8,17634,plain,100,age_10_99,38,61,0.0
8,17634,plain,100,age_10_99,37,62,1.0
8,17634,plain,100,age_10_99,36,63,0.0
8,17634,plain,100,age_10_99,35,64,0.0
8,17634,plain,100,age_10_99,34,65,1.0
8,17634,plain,100,age_10_99,33,66,1.0
8,17634,plain,100,age_10_99,32,67,1.0
8,17634,plain,100,age_10_99,31,68,0.0
8,17634,plain,100,age_10_99,30,69,1.0
8,17634,plain,100,age_10_99,29,70,1.0
8,17634,plain,100,age_10_99,28,71,1.0
8,17634,plain,100,age_10_99,27,72,0.0
8,17634,plain,100,age_10_99,26,73,0.0
8,17634,plain,100,age_10_99,25,74,0.0
8,17634,plain,100,age_10_99,24,75,0.0
8,17634,plain,100,age_10_99,23,76,1.0
8,17634,plain,100,age_10_99,22,77,1.0
8,17634,plain,100,age_10_99,21,78,1.0
8,17634,plain,100,age_10_99,20,79,1.0
8,17634,plain,100,age_10_99,19,80,1.0
8,17634,plain,100,age_10_99,18,81,1.0
8,17634,plain,100,age_10_99,17,82,1.0
8,17634,plain,100,age_10_99,16,83,1.0
8,17634,plain,100,age_10_99,15,84,1.0
8,17634,plain,100,age_10_99,14,85,0.0
8,17634,plain,100,age_10_99,13,86,0.0
8,17634,plain,100,age_10_99,12,87,0.0
8,17634,plain,100,age_10_99,11,88,0.0
8,17634,plain,100,age_10_99,10,89,0.0
8,17634,plain,100,age_1_9,9,90,1.0
8,17634,plain,100,age_1_9,8,91,1.0
8,17634,plain,100,age_1_9,7,92,0.0
8,17634,plain,100,age_1_9,6,93,1.0
8,17634,plain,100,age_1_9,5,94,0.0
8,17634,plain,100,age_1_9,4,95,1.0
8,17634,plain,100,age_1_9,3,96,1.0
8,17634,plain,100,age_1_9,2,97,1.0
8,17634,plain,100,age_1_9,1,98,1.0
8,17634,plain,100,age_0,0,99,1.0
8,17634,ssr,1,age_0,0,0,1.0
8,17634,ssr,2,age_1_9,1,0,1.0
8,17634,ssr,2,age_0,0,1,1.0
8,17634,ssr,5,age_1_9,4,0,1.0
8,17634,ssr,5,age_1_9,3,1,1.0
8,17634,ssr,5,age_1_9,2,2,1.0
8,17634,ssr,5,age_1_9,1,3,1.0
8,17634,ssr,5,age_0,0,4,1.0
8,17634,ssr,10,age_1_9,9,0,1.0
8,17634,ssr,10,age_1_9,8,1,1.0
8,17634,ssr,10,age_1_9,7,2,1.0
8,17634,ssr,10,age_1_9,6,3,1.0
8,17634,ssr,10,age_1_9,5,4,0.0
8,17634,ssr,10,age_1_9,4,5,1.0
8,17634,ssr,10,age_1_9,3,6,1.0
8,17634,ssr,10,age_1_9,2,7,1.0
8,17634,ssr,10,age_1_9,1,8,1.0
8,17634,ssr,10,age_0,0,9,1.0
8,17634,ssr,25,age_10_99,24,0,1.0
8,17634,ssr,25,age_10_99,23,1,0.0
8,17634,ssr,25,age_10_99,22,2,1.0
8,17634,ssr,25,age_10_99,21,3,1.0
8,17634,ssr,25,age_10_99,20,4,0.0
8,17634,ssr,25,age_10_99,19,5,1.0
8,17634,ssr,25,age_10_99,18,6,1.0
8,17634,ssr,25,age_10_99,17,7,1.0
8,17634,ssr,25,age_10_99,16,8,1.0
8,17634,ssr,25,age_10_99,15,9,1.0
8,17634,ssr,25,age_10_99,14,10,1.0
8,17634,ssr,25,age_10_99,13,11,1.0
8,17634,ssr,25,age_10_99,12,12,1.0
8,17634,ssr,25,age_10_99,11,13,1.0
8,17634,ssr,25,age_10_99,10,14,1.0
8,17634,ssr,25,age_1_9,9,15,1.0
8,17634,ssr,25,age_1_9,8,16,1.0
8,17634,ssr,25,age_1_9,7,17,1.0
8,17634,ssr,25,age_1_9,6,18,1.0
8,17634,ssr,25,age_1_9,5,19,1.0
8,17634,ssr,25,age_1_9,4,20,1.0
8,17634,ssr,25,age_1_9,3,21,1.0
8,17634,ssr,25,age_1_9,2,22,1.0
8,17634,ssr,25,age_1_9,1,23,1.0
8,17634,ssr,25,age_0,0,24,1.0
8,17634,ssr,50,age_10_99,49,0,1.0
8,17634,ssr,50,age_10_99,48,1,0.0
8,17634,ssr,50,age_10_99,47,2,0.0
8,17634,ssr,50,age_10_99,46,3,0.0
8,17634,ssr,50,age_10_99,45,4,0.0
8,17634,ssr,50,age_10_99,44,5,0.0
8,17634,ssr,50,age_10_99,43,6,1.0
8,17634,ssr,50,age_10_99,42,7,1.0
8,17634,ssr,50,age_10_99,41,8,1.0
8,17634,ssr,50,age_10_99,40,9,1.0
8,17634,ssr,50,age_10_99,39,10,1.0
8,17634,ssr,50,age_10_99,38,11,1.0
8,17634,ssr,50,age_10_99,37,12,0.0
8,17634,ssr,50,age_10_99,36,13,0.0
8,17634,ssr,50,age_10_99,35,14,1.0
8,17634,ssr,50,age_10_99,34,15,0.0
8,17634,ssr,50,age_10_99,33,16,0.0
8,17634,ssr,50,age_10_99,32,17,0.0
8,17634,ssr,50,age_10_99,31,18,1.0
8,17634,ssr,50,age_10_99,30,19,1.0
8,17634,ssr,50,age_10_99,29,20,0.0
8,17634,ssr,50,age_10_99,28,21,1.0
8,17634,ssr,50,age_10_99,27,22,0.0
8,17634,ssr,50,age_10_99,26,23,1.0
8,17634,ssr,50,age_10_99,25,24,1.0
8,17634,ssr,50,age_10_99,24,25,1.0
8,17634,ssr,50,age_10_99,23,26,0.0
8,17634,ssr,50,age_10_99,22,27,1.0
8,17634,ssr,50,age_10_99,21,28,0.0
8,17634,ssr,50,age_10_99,20,29,1.0
8,17634,ssr,50,age_10_99,19,30,1.0
8,17634,ssr,50,age_10_99,18,31,1.0
8,17634,ssr,50,age_10_99,17,32,1.0
8,17634,ssr,50,age_10_99,16,33,1.0
8,17634,ssr,50,age_10_99,15,34,1.0
8,17634,ssr,50,age_10_99,14,35,1.0
8,17634,ssr,50,age_10_99,13,36,1.0
8,17634,ssr,50,age_10_99,12,37,0.0
8,17634,ssr,50,age_10_99,11,38,1.0
8,17634,ssr,50,age_10_99,10,39,1.0
8,17634,ssr,50,age_1_9,9,40,1.0
8,17634,ssr,50,age_1_9,8,41,1.0
8,17634,ssr,50,age_1_9,7,42,0.0
8,17634,ssr,50,age_1_9,6,43,0.0
8,17634,ssr,50,age_1_9,5,44,0.0
8,17634,ssr,50,age_1_9,4,45,1.0
8,17634,ssr,50,age_1_9,3,46,1.0
8,17634,ssr,50,age_1_9,2,47,1.0
8,17634,ssr,50,age_1_9,1,48,1.0
8,17634,ssr,50,age_0,0,49,1.0
8,17634,ssr,100,age_10_99,99,0,1.0
8,17634,ssr,100,age_10_99,98,1,0.0
8,17634,ssr,100,age_10_99,97,2,0.0
8,17634,ssr,100,age_10_99,96,3,0.0
8,17634,ssr,100,age_10_99,95,4,1.0
8,17634,ssr,100,age_10_99,94,5,0.0
8,17634,ssr,100,age_10_99,93,6,1.0
8,17634,ssr,100,age_10_99,92,7,0.0
8,17634,ssr,100,age_10_99,91,8,1.0
8,17634,ssr,100,age_10_99,90,9,0.0
8,17634,ssr,100,age_10_99,89,10,0.0
8,17634,ssr,100,age_10_99,88,11,1.0
8,17634,ssr,100,age_10_99,87,12,1.0
8,17634,ssr,100,age_10_99,86,13,1.0
8,17634,ssr,100,age_10_99,85,14,1.0
8,17634,ssr,100,age_10_99,84,15,1.0
8,17634,ssr,100,age_10_99,83,16,0.0
8,17634,ssr,100,age_10_99,82,17,0.0
8,17634,ssr,100,age_10_99,81,18,0.0
8,17634,ssr,100,age_10_99,80,19,0.0
8,17634,ssr,100,age_10_99,79,20,0.0
8,17634,ssr,100,age_10_99,78,21,0.0
8,17634,ssr,100,age_10_99,77,22,0.0
8,17634,ssr,100,age_10_99,76,23,0.0
8,17634,ssr,100,age_10_99,75,24,1.0
8,17634,ssr,100,age_10_99,74,25,1.0
8,17634,ssr,100,age_10_99,73,26,1.0
8,17634,ssr,100,age_10_99,72,27,1.0
8,17634,ssr,100,age_10_99,71,28,1.0
8,17634,ssr,100,age_10_99,70,29,0.0
8,17634,ssr,100,age_10_99,69,30,1.0
8,17634,ssr,100,age_10_99,68,31,0.0
8,17634,ssr,100,age_10_99,67,32,1.0
8,17634,ssr,100,age_10_99,66,33,1.0
8,17634,ssr,100,age_10_99,65,34,1.0
8,17634,ssr,100,age_10_99,64,35,0.0
8,17634,ssr,100,age_10_99,63,36,0.0
8,17634,ssr,100,age_10_99,62,37,1.0
8,17634,ssr,100,age_10_99,61,38,1.0
8,17634,ssr,100,age_10_99,60,39,0.0
8,17634,ssr,100,age_10_99,59,40,0.0
8,17634,ssr,100,age_10_99,58,41,1.0
8,17634,ssr,100,age_10_99,57,42,1.0
8,17634,ssr,100,age_10_99,56,43,1.0
8,17634,ssr,100,age_10_99,55,44,1.0
8,17634,ssr,100,age_10_99,54,45,1.0
8,17634,ssr,100,age_10_99,53,46,1.0
8,17634,ssr,100,age_10_99,52,47,1.0
8,17634,ssr,100,age_10_99,51,48,1.0
8,17634,ssr,100,age_10_99,50,49,1.0
8,17634,ssr,100,age_10_99,49,50,0.0
8,17634,ssr,100,age_10_99,48,51,0.0
8,17634,ssr,100,age_10_99,47,52,0.0
8,17634,ssr,100,age_10_99,46,53,1.0
8,17634,ssr,100,age_10_99,45,54,1.0
8,17634,ssr,100,age_10_99,44,55,1.0
8,17634,ssr,100,age_10_99,43,56,1.0
8,17634,ssr,100,age_10_99,42,57,1.0
8,17634,ssr,100,age_10_99,41,58,1.0
8,17634,ssr,100,age_10_99,40,59,0.0
8,17634,ssr,100,age_10_99,39,60,1.0
8,17634,ssr,100,age_10_99,38,61,0.0
8,17634,ssr,100,age_10_99,37,62,1.0
8,17634,ssr,100,age_10_99,36,63,1.0
8,17634,ssr,100,age_10_99,35,64,1.0
8,17634,ssr,100,age_10_99,34,65,0.0
8,17634,ssr,100,age_10_99,33,66,1.0
8,17634,ssr,100,age_10_99,32,67,1.0
8,17634,ssr,100,age_10_99,31,68,1.0
8,17634,ssr,100,age_10_99,30,69,1.0
8,17634,ssr,100,age_10_99,29,70,1.0
8,17634,ssr,100,age_10_99,28,71,1.0
8,17634,ssr,100,age_10_99,27,72,1.0
8,17634,ssr,100,age_10_99,26,73,1.0
8,17634,ssr,100,age_10_99,25,74,1.0
8,17634,ssr,100,age_10_99,24,75,0.0
8,17634,ssr,100,age_10_99,23,76,0.0
8,17634,ssr,100,age_10_99,22,77,0.0
8,17634,ssr,100,age_10_99,21,78,1.0
8,17634,ssr,100,age_10_99,20,79,1.0
8,17634,ssr,100,age_10_99,19,80,1.0
8,17634,ssr,100,age_10_99,18,81,1.0
8,17634,ssr,100,age_10_99,17,82,1.0
8,17634,ssr,100,age_10_99,16,83,1.0
8,17634,ssr,100,age_10_99,15,84,1.0
8,17634,ssr,100,age_10_99,14,85,1.0
8,17634,ssr,100,age_10_99,13,86,1.0
8,17634,ssr,100,age_10_99,12,87,0.0
8,17634,ssr,100,age_10_99,11,88,0.0
8,17634,ssr,100,age_10_99,10,89,0.0
8,17634,ssr,100,age_1_9,9,90,1.0
8,17634,ssr,100,age_1_9,8,91,1.0
8,17634,ssr,100,age_1_9,7,92,0.0
8,17634,ssr,100,age_1_9,6,93,1.0
8,17634,ssr,100,age_1_9,5,94,1.0
8,17634,ssr,100,age_1_9,4,95,1.0
8,17634,ssr,100,age_1_9,3,96,1.0
8,17634,ssr,100,age_1_9,2,97,1.0
8,17634,ssr,100,age_1_9,1,98,1.0
8,17634,ssr,100,age_0,0,99,1.0
8,17635,plain,1,age_0,0,0,1.0
8,17635,plain,2,age_1_9,1,0,1.0
8,17635,plain,2,age_0,0,1,1.0
8,17635,plain,5,age_1_9,4,0,1.0
8,17635,plain,5,age_1_9,3,1,1.0
8,17635,plain,5,age_1_9,2,2,1.0
8,17635,plain,5,age_1_9,1,3,1.0
8,17635,plain,5,age_0,0,4,1.0
8,17635,plain,10,age_1_9,9,0,1.0
8,17635,plain,10,age_1_9,8,1,1.0
8,17635,plain,10,age_1_9,7,2,1.0
8,17635,plain,10,age_1_9,6,3,1.0
8,17635,plain,10,age_1_9,5,4,1.0
8,17635,plain,10,age_1_9,4,5,1.0
8,17635,plain,10,age_1_9,3,6,1.0
8,17635,plain,10,age_1_9,2,7,1.0
8,17635,plain,10,age_1_9,1,8,1.0
8,17635,plain,10,age_0,0,9,1.0
8,17635,plain,25,age_10_99,24,0,1.0
8,17635,plain,25,age_10_99,23,1,0.0
8,17635,plain,25,age_10_99,22,2,0.0
8,17635,plain,25,age_10_99,21,3,1.0
8,17635,plain,25,age_10_99,20,4,1.0
8,17635,plain,25,age_10_99,19,5,1.0
8,17635,plain,25,age_10_99,18,6,1.0
8,17635,plain,25,age_10_99,17,7,1.0
8,17635,plain,25,age_10_99,16,8,0.0
8,17635,plain,25,age_10_99,15,9,0.0
8,17635,plain,25,age_10_99,14,10,1.0
8,17635,plain,25,age_10_99,13,11,0.0
8,17635,plain,25,age_10_99,12,12,1.0
8,17635,plain,25,age_10_99,11,13,1.0
8,17635,plain,25,age_10_99,10,14,1.0
8,17635,plain,25,age_1_9,9,15,1.0
8,17635,plain,25,age_1_9,8,16,1.0
8,17635,plain,25,age_1_9,7,17,1.0
8,17635,plain,25,age_1_9,6,18,1.0
8,17635,plain,25,age_1_9,5,19,1.0
8,17635,plain,25,age_1_9,4,20,1.0
8,17635,plain,25,age_1_9,3,21,0.0
8,17635,plain,25,age_1_9,2,22,1.0
8,17635,plain,25,age_1_9,1,23,1.0
8,17635,plain,25,age_0,0,24,1.0
8,17635,plain,50,age_10_99,49,0,1.0
8,17635,plain,50,age_10_99,48,1,0.0
8,17635,plain,50,age_10_99,47,2,0.0
8,17635,plain,50,age_10_99,46,3,0.0
8,17635,plain,50,age_10_99,45,4,1.0
8,17635,plain,50,age_10_99,44,5,0.0
8,17635,plain,50,age_10_99,43,6,0.0
8,17635,plain,50,age_10_99,42,7,1.0
8,17635,plain,50,age_10_99,41,8,1.0
8,17635,plain,50,age_10_99,40,9,0.0
8,17635,plain,50,age_10_99,39,10,0.0
8,17635,plain,50,age_10_99,38,11,1.0
8,17635,plain,50,age_10_99,37,12,1.0
8,17635,plain,50,age_10_99,36,13,1.0
8,17635,plain,50,age_10_99,35,14,1.0
8,17635,plain,50,age_10_99,34,15,0.0
8,17635,plain,50,age_10_99,33,16,0.0
8,17635,plain,50,age_10_99,32,17,1.0
8,17635,plain,50,age_10_99,31,18,1.0
8,17635,plain,50,age_10_99,30,19,1.0
8,17635,plain,50,age_10_99,29,20,1.0
8,17635,plain,50,age_10_99,28,21,1.0
8,17635,plain,50,age_10_99,27,22,0.0
8,17635,plain,50,age_10_99,26,23,1.0
8,17635,plain,50,age_10_99,25,24,1.0
8,17635,plain,50,age_10_99,24,25,1.0
8,17635,plain,50,age_10_99,23,26,0.0
8,17635,plain,50,age_10_99,22,27,1.0
8,17635,plain,50,age_10_99,21,28,0.0
8,17635,plain,50,age_10_99,20,29,1.0
8,17635,plain,50,age_10_99,19,30,0.0
8,17635,plain,50,age_10_99,18,31,1.0
8,17635,plain,50,age_10_99,17,32,1.0
8,17635,plain,50,age_10_99,16,33,1.0
8,17635,plain,50,age_10_99,15,34,1.0
8,17635,plain,50,age_10_99,14,35,0.0
8,17635,plain,50,age_10_99,13,36,0.0
8,17635,plain,50,age_10_99,12,37,1.0
8,17635,plain,50,age_10_99,11,38,1.0
8,17635,plain,50,age_10_99,10,39,1.0
8,17635,plain,50,age_1_9,9,40,1.0
8,17635,plain,50,age_1_9,8,41,1.0
8,17635,plain,50,age_1_9,7,42,1.0
8,17635,plain,50,age_1_9,6,43,0.0
8,17635,plain,50,age_1_9,5,44,0.0
8,17635,plain,50,age_1_9,4,45,1.0
8,17635,plain,50,age_1_9,3,46,0.0
8,17635,plain,50,age_1_9,2,47,1.0
8,17635,plain,50,age_1_9,1,48,1.0
8,17635,plain,50,age_0,0,49,1.0
8,17635,plain,100,age_10_99,99,0,1.0
8,17635,plain,100,age_10_99,98,1,0.0
8,17635,plain,100,age_10_99,97,2,0.0
8,17635,plain,100,age_10_99,96,3,0.0
8,17635,plain,100,age_10_99,95,4,0.0
8,17635,plain,100,age_10_99,94,5,0.0
8,17635,plain,100,age_10_99,93,6,0.0
8,17635,plain,100,age_10_99,92,7,0.0
8,17635,plain,100,age_10_99,91,8,0.0
8,17635,plain,100,age_10_99,90,9,0.0
8,17635,plain,100,age_10_99,89,10,1.0
8,17635,plain,100,age_10_99,88,11,1.0
8,17635,plain,100,age_10_99,87,12,1.0
8,17635,plain,100,age_10_99,86,13,0.0
8,17635,plain,100,age_10_99,85,14,1.0
8,17635,plain,100,age_10_99,84,15,0.0
8,17635,plain,100,age_10_99,83,16,0.0
8,17635,plain,100,age_10_99,82,17,1.0
8,17635,plain,100,age_10_99,81,18,0.0
8,17635,plain,100,age_10_99,80,19,1.0
8,17635,plain,100,age_10_99,79,20,1.0
8,17635,plain,100,age_10_99,78,21,0.0
8,17635,plain,100,age_10_99,77,22,0.0
8,17635,plain,100,age_10_99,76,23,1.0
8,17635,plain,100,age_10_99,75,24,1.0
8,17635,plain,100,age_10_99,74,25,0.0
8,17635,plain,100,age_10_99,73,26,1.0
8,17635,plain,100,age_10_99,72,27,1.0
8,17635,plain,100,age_10_99,71,28,1.0
8,17635,plain,100,age_10_99,70,29,1.0
8,17635,plain,100,age_10_99,69,30,1.0
8,17635,plain,100,age_10_99,68,31,0.0
8,17635,plain,100,age_10_99,67,32,1.0
8,17635,plain,100,age_10_99,66,33,1.0
8,17635,plain,100,age_10_99,65,34,1.0
8,17635,plain,100,age_10_99,64,35,1.0
8,17635,plain,100,age_10_99,63,36,1.0
8,17635,plain,100,age_10_99,62,37,0.0
8,17635,plain,100,age_10_99,61,38,1.0
8,17635,plain,100,age_10_99,60,39,1.0
8,17635,plain,100,age_10_99,59,40,1.0
8,17635,plain,100,age_10_99,58,41,1.0
8,17635,plain,100,age_10_99,57,42,1.0
8,17635,plain,100,age_10_99,56,43,0.0
8,17635,plain,100,age_10_99,55,44,0.0
8,17635,plain,100,age_10_99,54,45,1.0
8,17635,plain,100,age_10_99,53,46,0.0
8,17635,plain,100,age_10_99,52,47,0.0
8,17635,plain,100,age_10_99,51,48,1.0
8,17635,plain,100,age_10_99,50,49,0.0
8,17635,plain,100,age_10_99,49,50,0.0
8,17635,plain,100,age_10_99,48,51,1.0
8,17635,plain,100,age_10_99,47,52,1.0
8,17635,plain,100,age_10_99,46,53,1.0
8,17635,plain,100,age_10_99,45,54,1.0
8,17635,plain,100,age_10_99,44,55,1.0
8,17635,plain,100,age_10_99,43,56,1.0
8,17635,plain,100,age_10_99,42,57,0.0
8,17635,plain,100,age_10_99,41,58,0.0
8,17635,plain,100,age_10_99,40,59,0.0
8,17635,plain,100,age_10_99,39,60,0.0
8,17635,plain,100,age_10_99,38,61,0.0
8,17635,plain,100,age_10_99,37,62,0.0
8,17635,plain,100,age_10_99,36,63,0.0
8,17635,plain,100,age_10_99,35,64,0.0
8,17635,plain,100,age_10_99,34,65,0.0
8,17635,plain,100,age_10_99,33,66,1.0
8,17635,plain,100,age_10_99,32,67,1.0
8,17635,plain,100,age_10_99,31,68,1.0
8,17635,plain,100,age_10_99,30,69,1.0
8,17635,plain,100,age_10_99,29,70,1.0
8,17635,plain,100,age_10_99,28,71,1.0
8,17635,plain,100,age_10_99,27,72,0.0
8,17635,plain,100,age_10_99,26,73,0.0
8,17635,plain,100,age_10_99,25,74,1.0
8,17635,plain,100,age_10_99,24,75,0.0
8,17635,plain,100,age_10_99,23,76,1.0
8,17635,plain,100,age_10_99,22,77,0.0
8,17635,plain,100,age_10_99,21,78,0.0
8,17635,plain,100,age_10_99,20,79,0.0
8,17635,plain,100,age_10_99,19,80,0.0
8,17635,plain,100,age_10_99,18,81,1.0
8,17635,plain,100,age_10_99,17,82,1.0
8,17635,plain,100,age_10_99,16,83,1.0
8,17635,plain,100,age_10_99,15,84,1.0
8,17635,plain,100,age_10_99,14,85,0.0
8,17635,plain,100,age_10_99,13,86,0.0
8,17635,plain,100,age_10_99,12,87,0.0
8,17635,plain,100,age_10_99,11,88,0.0
8,17635,plain,100,age_10_99,10,89,0.0
8,17635,plain,100,age_1_9,9,90,0.0
8,17635,plain,100,age_1_9,8,91,0.0
8,17635,plain,100,age_1_9,7,92,1.0
8,17635,plain,100,age_1_9,6,93,0.0
8,17635,plain,100,age_1_9,5,94,1.0
8,17635,plain,100,age_1_9,4,95,1.0
8,17635,plain,100,age_1_9,3,96,1.0
8,17635,plain,100,age_1_9,2,97,0.0
8,17635,plain,100,age_1_9,1,98,1.0
8,17635,plain,100,age_0,0,99,1.0
8,17635,ssr,1,age_0,0,0,1.0
8,17635,ssr,2,age_1_9,1,0,1.0
8,17635,ssr,2,age_0,0,1,1.0
8,17635,ssr,5,age_1_9,4,0,1.0
8,17635,ssr,5,age_1_9,3,1,1.0
8,17635,ssr,5,age_1_9,2,2,1.0
8,17635,ssr,5,age_1_9,1,3,1.0
8,17635,ssr,5,age_0,0,4,1.0
8,17635,ssr,10,age_1_9,9,0,1.0
8,17635,ssr,10,age_1_9,8,1,1.0
8,17635,ssr,10,age_1_9,7,2,1.0
8,17635,ssr,10,age_1_9,6,3,1.0
8,17635,ssr,10,age_1_9,5,4,1.0
8,17635,ssr,10,age_1_9,4,5,1.0
8,17635,ssr,10,age_1_9,3,6,1.0
8,17635,ssr,10,age_1_9,2,7,1.0
8,17635,ssr,10,age_1_9,1,8,1.0
8,17635,ssr,10,age_0,0,9,1.0
8,17635,ssr,25,age_10_99,24,0,1.0
8,17635,ssr,25,age_10_99,23,1,0.0
8,17635,ssr,25,age_10_99,22,2,0.0
8,17635,ssr,25,age_10_99,21,3,1.0
8,17635,ssr,25,age_10_99,20,4,1.0
8,17635,ssr,25,age_10_99,19,5,0.0
8,17635,ssr,25,age_10_99,18,6,1.0
8,17635,ssr,25,age_10_99,17,7,1.0
8,17635,ssr,25,age_10_99,16,8,0.0
8,17635,ssr,25,age_10_99,15,9,0.0
8,17635,ssr,25,age_10_99,14,10,1.0
8,17635,ssr,25,age_10_99,13,11,1.0
8,17635,ssr,25,age_10_99,12,12,1.0
8,17635,ssr,25,age_10_99,11,13,1.0
8,17635,ssr,25,age_10_99,10,14,1.0
8,17635,ssr,25,age_1_9,9,15,1.0
8,17635,ssr,25,age_1_9,8,16,1.0
8,17635,ssr,25,age_1_9,7,17,1.0
8,17635,ssr,25,age_1_9,6,18,1.0
8,17635,ssr,25,age_1_9,5,19,1.0
8,17635,ssr,25,age_1_9,4,20,1.0
8,17635,ssr,25,age_1_9,3,21,1.0
8,17635,ssr,25,age_1_9,2,22,1.0
8,17635,ssr,25,age_1_9,1,23,1.0
8,17635,ssr,25,age_0,0,24,1.0
8,17635,ssr,50,age_10_99,49,0,1.0
8,17635,ssr,50,age_10_99,48,1,0.0
8,17635,ssr,50,age_10_99,47,2,0.0
8,17635,ssr,50,age_10_99,46,3,0.0
8,17635,ssr,50,age_10_99,45,4,1.0
8,17635,ssr,50,age_10_99,44,5,0.0
8,17635,ssr,50,age_10_99,43,6,1.0
8,17635,ssr,50,age_10_99,42,7,1.0
8,17635,ssr,50,age_10_99,41,8,0.0
8,17635,ssr,50,age_10_99,40,9,0.0
8,17635,ssr,50,age_10_99,39,10,1.0
8,17635,ssr,50,age_10_99,38,11,1.0
8,17635,ssr,50,age_10_99,37,12,1.0
8,17635,ssr,50,age_10_99,36,13,1.0
8,17635,ssr,50,age_10_99,35,14,1.0
8,17635,ssr,50,age_10_99,34,15,0.0
8,17635,ssr,50,age_10_99,33,16,1.0
8,17635,ssr,50,age_10_99,32,17,1.0
8,17635,ssr,50,age_10_99,31,18,1.0
8,17635,ssr,50,age_10_99,30,19,1.0
8,17635,ssr,50,age_10_99,29,20,1.0
8,17635,ssr,50,age_10_99,28,21,1.0
8,17635,ssr,50,age_10_99,27,22,0.0
8,17635,ssr,50,age_10_99,26,23,1.0
8,17635,ssr,50,age_10_99,25,24,0.0
8,17635,ssr,50,age_10_99,24,25,1.0
8,17635,ssr,50,age_10_99,23,26,1.0
8,17635,ssr,50,age_10_99,22,27,1.0
8,17635,ssr,50,age_10_99,21,28,0.0
8,17635,ssr,50,age_10_99,20,29,1.0
8,17635,ssr,50,age_10_99,19,30,0.0
8,17635,ssr,50,age_10_99,18,31,0.0
8,17635,ssr,50,age_10_99,17,32,1.0
8,17635,ssr,50,age_10_99,16,33,1.0
8,17635,ssr,50,age_10_99,15,34,1.0
8,17635,ssr,50,age_10_99,14,35,1.0
8,17635,ssr,50,age_10_99,13,36,1.0
8,17635,ssr,50,age_10_99,12,37,1.0
8,17635,ssr,50,age_10_99,11,38,0.0
8,17635,ssr,50,age_10_99,10,39,1.0
8,17635,ssr,50,age_1_9,9,40,1.0
8,17635,ssr,50,age_1_9,8,41,1.0
8,17635,ssr,50,age_1_9,7,42,1.0
8,17635,ssr,50,age_1_9,6,43,1.0
8,17635,ssr,50,age_1_9,5,44,0.0
8,17635,ssr,50,age_1_9,4,45,1.0
8,17635,ssr,50,age_1_9,3,46,1.0
8,17635,ssr,50,age_1_9,2,47,1.0
8,17635,ssr,50,age_1_9,1,48,1.0
8,17635,ssr,50,age_0,0,49,1.0
8,17635,ssr,100,age_10_99,99,0,1.0
8,17635,ssr,100,age_10_99,98,1,0.0
8,17635,ssr,100,age_10_99,97,2,0.0
8,17635,ssr,100,age_10_99,96,3,0.0
8,17635,ssr,100,age_10_99,95,4,0.0
8,17635,ssr,100,age_10_99,94,5,0.0
8,17635,ssr,100,age_10_99,93,6,0.0
8,17635,ssr,100,age_10_99,92,7,0.0
8,17635,ssr,100,age_10_99,91,8,0.0
8,17635,ssr,100,age_10_99,90,9,1.0
8,17635,ssr,100,age_10_99,89,10,1.0
8,17635,ssr,100,age_10_99,88,11,1.0
8,17635,ssr,100,age_10_99,87,12,1.0
8,17635,ssr,100,age_10_99,86,13,0.0
8,17635,ssr,100,age_10_99,85,14,1.0
8,17635,ssr,100,age_10_99,84,15,0.0
8,17635,ssr,100,age_10_99,83,16,0.0
8,17635,ssr,100,age_10_99,82,17,1.0
8,17635,ssr,100,age_10_99,81,18,0.0
8,17635,ssr,100,age_10_99,80,19,0.0
8,17635,ssr,100,age_10_99,79,20,0.0
8,17635,ssr,100,age_10_99,78,21,0.0
8,17635,ssr,100,age_10_99,77,22,0.0
8,17635,ssr,100,age_10_99,76,23,1.0
8,17635,ssr,100,age_10_99,75,24,0.0
8,17635,ssr,100,age_10_99,74,25,0.0
8,17635,ssr,100,age_10_99,73,26,1.0
8,17635,ssr,100,age_10_99,72,27,1.0
8,17635,ssr,100,age_10_99,71,28,1.0
8,17635,ssr,100,age_10_99,70,29,0.0
8,17635,ssr,100,age_10_99,69,30,0.0
8,17635,ssr,100,age_10_99,68,31,0.0
8,17635,ssr,100,age_10_99,67,32,1.0
8,17635,ssr,100,age_10_99,66,33,0.0
8,17635,ssr,100,age_10_99,65,34,1.0
8,17635,ssr,100,age_10_99,64,35,0.0
8,17635,ssr,100,age_10_99,63,36,0.0
8,17635,ssr,100,age_10_99,62,37,1.0
8,17635,ssr,100,age_10_99,61,38,1.0
8,17635,ssr,100,age_10_99,60,39,1.0
8,17635,ssr,100,age_10_99,59,40,1.0
8,17635,ssr,100,age_10_99,58,41,1.0
8,17635,ssr,100,age_10_99,57,42,1.0
8,17635,ssr,100,age_10_99,56,43,0.0
8,17635,ssr,100,age_10_99,55,44,0.0
8,17635,ssr,100,age_10_99,54,45,1.0
8,17635,ssr,100,age_10_99,53,46,0.0
8,17635,ssr,100,age_10_99,52,47,0.0
8,17635,ssr,100,age_10_99,51,48,0.0
8,17635,ssr,100,age_10_99,50,49,0.0
8,17635,ssr,100,age_10_99,49,50,0.0
8,17635,ssr,100,age_10_99,48,51,1.0
8,17635,ssr,100,age_10_99,47,52,1.0
8,17635,ssr,100,age_10_99,46,53,0.0
8,17635,ssr,100,age_10_99,45,54,1.0
8,17635,ssr,100,age_10_99,44,55,1.0
8,17635,ssr,100,age_10_99,43,56,1.0
8,17635,ssr,100,age_10_99,42,57,0.0
8,17635,ssr,100,age_10_99,41,58,1.0
8,17635,ssr,100,age_10_99,40,59,0.0
8,17635,ssr,100,age_10_99,39,60,0.0
8,17635,ssr,100,age_10_99,38,61,1.0
8,17635,ssr,100,age_10_99,37,62,1.0
8,17635,ssr,100,age_10_99,36,63,0.0
8,17635,ssr,100,age_10_99,35,64,0.0
8,17635,ssr,100,age_10_99,34,65,0.0
8,17635,ssr,100,age_10_99,33,66,1.0
8,17635,ssr,100,age_10_99,32,67,1.0
8,17635,ssr,100,age_10_99,31,68,0.0
8,17635,ssr,100,age_10_99,30,69,1.0
8,17635,ssr,100,age_10_99,29,70,1.0
8,17635,ssr,100,age_10_99,28,71,0.0
8,17635,ssr,100,age_10_99,27,72,0.0
8,17635,ssr,100,age_10_99,26,73,0.0
8,17635,ssr,100,age_10_99,25,74,0.0
8,17635,ssr,100,age_10_99,24,75,0.0
8,17635,ssr,100,age_10_99,23,76,0.0
8,17635,ssr,100,age_10_99,22,77,0.0
8,17635,ssr,100,age_10_99,21,78,1.0
8,17635,ssr,100,age_10_99,20,79,1.0
8,17635,ssr,100,age_10_99,19,80,1.0
8,17635,ssr,100,age_10_99,18,81,1.0
8,17635,ssr,100,age_10_99,17,82,1.0
8,17635,ssr,100,age_10_99,16,83,1.0
8,17635,ssr,100,age_10_99,15,84,1.0
8,17635,ssr,100,age_10_99,14,85,0.0
8,17635,ssr,100,age_10_99,13,86,0.0
8,17635,ssr,100,age_10_99,12,87,0.0
8,17635,ssr,100,age_10_99,11,88,0.0
8,17635,ssr,100,age_10_99,10,89,0.0
8,17635,ssr,100,age_1_9,9,90,0.0
8,17635,ssr,100,age_1_9,8,91,0.0
8,17635,ssr,100,age_1_9,7,92,0.0
8,17635,ssr,100,age_1_9,6,93,0.0
8,17635,ssr,100,age_1_9,5,94,0.0
8,17635,ssr,100,age_1_9,4,95,1.0
8,17635,ssr,100,age_1_9,3,96,1.0
8,17635,ssr,100,age_1_9,2,97,1.0
8,17635,ssr,100,age_1_9,1,98,1.0
8,17635,ssr,100,age_0,0,99,1.0
8,17636,plain,1,age_0,0,0,1.0
8,17636,plain,2,age_1_9,1,0,1.0
8,17636,plain,2,age_0,0,1,1.0
8,17636,plain,5,age_1_9,4,0,1.0
8,17636,plain,5,age_1_9,3,1,1.0
8,17636,plain,5,age_1_9,2,2,1.0
8,17636,plain,5,age_1_9,1,3,1.0
8,17636,plain,5,age_0,0,4,1.0
8,17636,plain,10,age_1_9,9,0,1.0
8,17636,plain,10,age_1_9,8,1,1.0
8,17636,plain,10,age_1_9,7,2,1.0
8,17636,plain,10,age_1_9,6,3,1.0
8,17636,plain,10,age_1_9,5,4,1.0
8,17636,plain,10,age_1_9,4,5,1.0
8,17636,plain,10,age_1_9,3,6,1.0
8,17636,plain,10,age_1_9,2,7,1.0
8,17636,plain,10,age_1_9,1,8,1.0
8,17636,plain,10,age_0,0,9,1.0
8,17636,plain,25,age_10_99,24,0,1.0
8,17636,plain,25,age_10_99,23,1,1.0
8,17636,plain,25,age_10_99,22,2,1.0
8,17636,plain,25,age_10_99,21,3,1.0
8,17636,plain,25,age_10_99,20,4,1.0
8,17636,plain,25,age_10_99,19,5,1.0
8,17636,plain,25,age_10_99,18,6,1.0
8,17636,plain,25,age_10_99,17,7,1.0
8,17636,plain,25,age_10_99,16,8,1.0
8,17636,plain,25,age_10_99,15,9,1.0
8,17636,plain,25,age_10_99,14,10,1.0
8,17636,plain,25,age_10_99,13,11,0.0
8,17636,plain,25,age_10_99,12,12,1.0
8,17636,plain,25,age_10_99,11,13,1.0
8,17636,plain,25,age_10_99,10,14,1.0
8,17636,plain,25,age_1_9,9,15,1.0
8,17636,plain,25,age_1_9,8,16,1.0
8,17636,plain,25,age_1_9,7,17,1.0
8,17636,plain,25,age_1_9,6,18,1.0
8,17636,plain,25,age_1_9,5,19,1.0
8,17636,plain,25,age_1_9,4,20,1.0
8,17636,plain,25,age_1_9,3,21,1.0
8,17636,plain,25,age_1_9,2,22,1.0
8,17636,plain,25,age_1_9,1,23,1.0
8,17636,plain,25,age_0,0,24,1.0
8,17636,plain,50,age_10_99,49,0,1.0
8,17636,plain,50,age_10_99,48,1,1.0
8,17636,plain,50,age_10_99,47,2,0.0
8,17636,plain,50,age_10_99,46,3,0.0
8,17636,plain,50,age_10_99,45,4,0.0
8,17636,plain,50,age_10_99,44,5,1.0
8,17636,plain,50,age_10_99,43,6,1.0
8,17636,plain,50,age_10_99,42,7,1.0
8,17636,plain,50,age_10_99,41,8,1.0
8,17636,plain,50,age_10_99,40,9,0.0
8,17636,plain,50,age_10_99,39,10,0.0
8,17636,plain,50,age_10_99,38,11,0.0
8,17636,plain,50,age_10_99,37,12,1.0
8,17636,plain,50,age_10_99,36,13,1.0
8,17636,plain,50,age_10_99,35,14,1.0
8,17636,plain,50,age_10_99,34,15,0.0
8,17636,plain,50,age_10_99,33,16,1.0
8,17636,plain,50,age_10_99,32,17,0.0
8,17636,plain,50,age_10_99,31,18,0.0
8,17636,plain,50,age_10_99,30,19,1.0
8,17636,plain,50,age_10_99,29,20,1.0
8,17636,plain,50,age_10_99,28,21,1.0
8,17636,plain,50,age_10_99,27,22,0.0
8,17636,plain,50,age_10_99,26,23,1.0
8,17636,plain,50,age_10_99,25,24,1.0
8,17636,plain,50,age_10_99,24,25,1.0
8,17636,plain,50,age_10_99,23,26,1.0
8,17636,plain,50,age_10_99,22,27,1.0
8,17636,plain,50,age_10_99,21,28,0.0
8,17636,plain,50,age_10_99,20,29,0.0
8,17636,plain,50,age_10_99,19,30,1.0
8,17636,plain,50,age_10_99,18,31,1.0
8,17636,plain,50,age_10_99,17,32,0.0
8,17636,plain,50,age_10_99,16,33,1.0
8,17636,plain,50,age_10_99,15,34,1.0
8,17636,plain,50,age_10_99,14,35,1.0
8,17636,plain,50,age_10_99,13,36,1.0
8,17636,plain,50,age_10_99,12,37,1.0
8,17636,plain,50,age_10_99,11,38,1.0
8,17636,plain,50,age_10_99,10,39,1.0
8,17636,plain,50,age_1_9,9,40,0.0
8,17636,plain,50,age_1_9,8,41,1.0
8,17636,plain,50,age_1_9,7,42,0.0
8,17636,plain,50,age_1_9,6,43,1.0
8,17636,plain,50,age_1_9,5,44,1.0
8,17636,plain,50,age_1_9,4,45,1.0
8,17636,plain,50,age_1_9,3,46,1.0
8,17636,plain,50,age_1_9,2,47,1.0
8,17636,plain,50,age_1_9,1,48,1.0
8,17636,plain,50,age_0,0,49,1.0
8,17636,plain,100,age_10_99,99,0,1.0
8,17636,plain,100,age_10_99,98,1,0.0
8,17636,plain,100,age_10_99,97,2,0.0
8,17636,plain,100,age_10_99,96,3,0.0
8,17636,plain,100,age_10_99,95,4,0.0
8,17636,plain,100,age_10_99,94,5,0.0
8,17636,plain,100,age_10_99,93,6,0.0
8,17636,plain,100,age_10_99,92,7,0.0
8,17636,plain,100,age_10_99,91,8,0.0
8,17636,plain,100,age_10_99,90,9,0.0
8,17636,plain,100,age_10_99,89,10,0.0
8,17636,plain,100,age_10_99,88,11,0.0
8,17636,plain,100,age_10_99,87,12,0.0
8,17636,plain,100,age_10_99,86,13,0.0
8,17636,plain,100,age_10_99,85,14,1.0
8,17636,plain,100,age_10_99,84,15,0.0
8,17636,plain,100,age_10_99,83,16,1.0
8,17636,plain,100,age_10_99,82,17,0.0
8,17636,plain,100,age_10_99,81,18,0.0
8,17636,plain,100,age_10_99,80,19,0.0
8,17636,plain,100,age_10_99,79,20,1.0
8,17636,plain,100,age_10_99,78,21,0.0
8,17636,plain,100,age_10_99,77,22,1.0
8,17636,plain,100,age_10_99,76,23,0.0
8,17636,plain,100,age_10_99,75,24,1.0
8,17636,plain,100,age_10_99,74,25,0.0
8,17636,plain,100,age_10_99,73,26,1.0
8,17636,plain,100,age_10_99,72,27,0.0
8,17636,plain,100,age_10_99,71,28,1.0
8,17636,plain,100,age_10_99,70,29,0.0
8,17636,plain,100,age_10_99,69,30,1.0
8,17636,plain,100,age_10_99,68,31,0.0
8,17636,plain,100,age_10_99,67,32,0.0
8,17636,plain,100,age_10_99,66,33,1.0
8,17636,plain,100,age_10_99,65,34,0.0
8,17636,plain,100,age_10_99,64,35,0.0
8,17636,plain,100,age_10_99,63,36,0.0
8,17636,plain,100,age_10_99,62,37,1.0
8,17636,plain,100,age_10_99,61,38,0.0
8,17636,plain,100,age_10_99,60,39,0.0
8,17636,plain,100,age_10_99,59,40,1.0
8,17636,plain,100,age_10_99,58,41,1.0
8,17636,plain,100,age_10_99,57,42,1.0
8,17636,plain,100,age_10_99,56,43,1.0
8,17636,plain,100,age_10_99,55,44,1.0
8,17636,plain,100,age_10_99,54,45,0.0
8,17636,plain,100,age_10_99,53,46,1.0
8,17636,plain,100,age_10_99,52,47,0.0
8,17636,plain,100,age_10_99,51,48,0.0
8,17636,plain,100,age_10_99,50,49,0.0
8,17636,plain,100,age_10_99,49,50,1.0
8,17636,plain,100,age_10_99,48,51,1.0
8,17636,plain,100,age_10_99,47,52,1.0
8,17636,plain,100,age_10_99,46,53,1.0
8,17636,plain,100,age_10_99,45,54,1.0
8,17636,plain,100,age_10_99,44,55,1.0
8,17636,plain,100,age_10_99,43,56,1.0
8,17636,plain,100,age_10_99,42,57,1.0
8,17636,plain,100,age_10_99,41,58,1.0
8,17636,plain,100,age_10_99,40,59,1.0
8,17636,plain,100,age_10_99,39,60,0.0
8,17636,plain,100,age_10_99,38,61,1.0
8,17636,plain,100,age_10_99,37,62,1.0
8,17636,plain,100,age_10_99,36,63,0.0
8,17636,plain,100,age_10_99,35,64,1.0
8,17636,plain,100,age_10_99,34,65,1.0
8,17636,plain,100,age_10_99,33,66,1.0
8,17636,plain,100,age_10_99,32,67,1.0
8,17636,plain,100,age_10_99,31,68,1.0
8,17636,plain,100,age_10_99,30,69,1.0
8,17636,plain,100,age_10_99,29,70,1.0
8,17636,plain,100,age_10_99,28,71,1.0
8,17636,plain,100,age_10_99,27,72,0.0
8,17636,plain,100,age_10_99,26,73,1.0
8,17636,plain,100,age_10_99,25,74,0.0
8,17636,plain,100,age_10_99,24,75,0.0
8,17636,plain,100,age_10_99,23,76,1.0
8,17636,plain,100,age_10_99,22,77,0.0
8,17636,plain,100,age_10_99,21,78,1.0
8,17636,plain,100,age_10_99,20,79,1.0
8,17636,plain,100,age_10_99,19,80,1.0
8,17636,plain,100,age_10_99,18,81,1.0
8,17636,plain,100,age_10_99,17,82,1.0
8,17636,plain,100,age_10_99,16,83,1.0
8,17636,plain,100,age_10_99,15,84,1.0
8,17636,plain,100,age_10_99,14,85,0.0
8,17636,plain,100,age_10_99,13,86,1.0
8,17636,plain,100,age_10_99,12,87,0.0
8,17636,plain,100,age_10_99,11,88,1.0
8,17636,plain,100,age_10_99,10,89,0.0
8,17636,plain,100,age_1_9,9,90,0.0
8,17636,plain,100,age_1_9,8,91,1.0
8,17636,plain,100,age_1_9,7,92,0.0
8,17636,plain,100,age_1_9,6,93,1.0
8,17636,plain,100,age_1_9,5,94,1.0
8,17636,plain,100,age_1_9,4,95,1.0
8,17636,plain,100,age_1_9,3,96,0.0
8,17636,plain,100,age_1_9,2,97,1.0
8,17636,plain,100,age_1_9,1,98,1.0
8,17636,plain,100,age_0,0,99,1.0
8,17636,ssr,1,age_0,0,0,1.0
8,17636,ssr,2,age_1_9,1,0,1.0
8,17636,ssr,2,age_0,0,1,1.0
8,17636,ssr,5,age_1_9,4,0,1.0
8,17636,ssr,5,age_1_9,3,1,1.0
8,17636,ssr,5,age_1_9,2,2,1.0
8,17636,ssr,5,age_1_9,1,3,1.0
8,17636,ssr,5,age_0,0,4,1.0
8,17636,ssr,10,age_1_9,9,0,1.0
8,17636,ssr,10,age_1_9,8,1,1.0
8,17636,ssr,10,age_1_9,7,2,1.0
8,17636,ssr,10,age_1_9,6,3,1.0
8,17636,ssr,10,age_1_9,5,4,1.0
8,17636,ssr,10,age_1_9,4,5,1.0
8,17636,ssr,10,age_1_9,3,6,1.0
8,17636,ssr,10,age_1_9,2,7,1.0
8,17636,ssr,10,age_1_9,1,8,1.0
8,17636,ssr,10,age_0,0,9,1.0
8,17636,ssr,25,age_10_99,24,0,1.0
8,17636,ssr,25,age_10_99,23,1,1.0
8,17636,ssr,25,age_10_99,22,2,0.0
8,17636,ssr,25,age_10_99,21,3,1.0
8,17636,ssr,25,age_10_99,20,4,1.0
8,17636,ssr,25,age_10_99,19,5,0.0
8,17636,ssr,25,age_10_99,18,6,1.0
8,17636,ssr,25,age_10_99,17,7,1.0
8,17636,ssr,25,age_10_99,16,8,1.0
8,17636,ssr,25,age_10_99,15,9,1.0
8,17636,ssr,25,age_10_99,14,10,1.0
8,17636,ssr,25,age_10_99,13,11,0.0
8,17636,ssr,25,age_10_99,12,12,1.0
8,17636,ssr,25,age_10_99,11,13,1.0
8,17636,ssr,25,age_10_99,10,14,0.0
8,17636,ssr,25,age_1_9,9,15,1.0
8,17636,ssr,25,age_1_9,8,16,1.0
8,17636,ssr,25,age_1_9,7,17,1.0
8,17636,ssr,25,age_1_9,6,18,0.0
8,17636,ssr,25,age_1_9,5,19,1.0
8,17636,ssr,25,age_1_9,4,20,1.0
8,17636,ssr,25,age_1_9,3,21,1.0
8,17636,ssr,25,age_1_9,2,22,1.0
8,17636,ssr,25,age_1_9,1,23,1.0
8,17636,ssr,25,age_0,0,24,1.0
8,17636,ssr,50,age_10_99,49,0,1.0
8,17636,ssr,50,age_10_99,48,1,1.0
8,17636,ssr,50,age_10_99,47,2,0.0
8,17636,ssr,50,age_10_99,46,3,1.0
8,17636,ssr,50,age_10_99,45,4,1.0
8,17636,ssr,50,age_10_99,44,5,0.0
8,17636,ssr,50,age_10_99,43,6,1.0
8,17636,ssr,50,age_10_99,42,7,1.0
8,17636,ssr,50,age_10_99,41,8,1.0
8,17636,ssr,50,age_10_99,40,9,0.0
8,17636,ssr,50,age_10_99,39,10,0.0
8,17636,ssr,50,age_10_99,38,11,1.0
8,17636,ssr,50,age_10_99,37,12,1.0
8,17636,ssr,50,age_10_99,36,13,1.0
8,17636,ssr,50,age_10_99,35,14,1.0
8,17636,ssr,50,age_10_99,34,15,0.0
8,17636,ssr,50,age_10_99,33,16,1.0
8,17636,ssr,50,age_10_99,32,17,1.0
8,17636,ssr,50,age_10_99,31,18,0.0
8,17636,ssr,50,age_10_99,30,19,1.0
8,17636,ssr,50,age_10_99,29,20,1.0
8,17636,ssr,50,age_10_99,28,21,1.0
8,17636,ssr,50,age_10_99,27,22,1.0
8,17636,ssr,50,age_10_99,26,23,1.0
8,17636,ssr,50,age_10_99,25,24,1.0
8,17636,ssr,50,age_10_99,24,25,0.0
8,17636,ssr,50,age_10_99,23,26,1.0
8,17636,ssr,50,age_10_99,22,27,1.0
8,17636,ssr,50,age_10_99,21,28,0.0
8,17636,ssr,50,age_10_99,20,29,0.0
8,17636,ssr,50,age_10_99,19,30,1.0
8,17636,ssr,50,age_10_99,18,31,1.0
8,17636,ssr,50,age_10_99,17,32,0.0
8,17636,ssr,50,age_10_99,16,33,1.0
8,17636,ssr,50,age_10_99,15,34,1.0
8,17636,ssr,50,age_10_99,14,35,1.0
8,17636,ssr,50,age_10_99,13,36,1.0
8,17636,ssr,50,age_10_99,12,37,1.0
8,17636,ssr,50,age_10_99,11,38,1.0
8,17636,ssr,50,age_10_99,10,39,1.0
8,17636,ssr,50,age_1_9,9,40,0.0
8,17636,ssr,50,age_1_9,8,41,1.0
8,17636,ssr,50,age_1_9,7,42,0.0
8,17636,ssr,50,age_1_9,6,43,1.0
8,17636,ssr,50,age_1_9,5,44,1.0
8,17636,ssr,50,age_1_9,4,45,1.0
8,17636,ssr,50,age_1_9,3,46,1.0
8,17636,ssr,50,age_1_9,2,47,1.0
8,17636,ssr,50,age_1_9,1,48,1.0
8,17636,ssr,50,age_0,0,49,1.0
8,17636,ssr,100,age_10_99,99,0,1.0
8,17636,ssr,100,age_10_99,98,1,0.0
8,17636,ssr,100,age_10_99,97,2,0.0
8,17636,ssr,100,age_10_99,96,3,0.0
8,17636,ssr,100,age_10_99,95,4,0.0
8,17636,ssr,100,age_10_99,94,5,0.0
8,17636,ssr,100,age_10_99,93,6,0.0
8,17636,ssr,100,age_10_99,92,7,0.0
8,17636,ssr,100,age_10_99,91,8,1.0
8,17636,ssr,100,age_10_99,90,9,0.0
8,17636,ssr,100,age_10_99,89,10,0.0
8,17636,ssr,100,age_10_99,88,11,1.0
8,17636,ssr,100,age_10_99,87,12,0.0
8,17636,ssr,100,age_10_99,86,13,0.0
8,17636,ssr,100,age_10_99,85,14,1.0
8,17636,ssr,100,age_10_99,84,15,0.0
8,17636,ssr,100,age_10_99,83,16,1.0
8,17636,ssr,100,age_10_99,82,17,0.0
8,17636,ssr,100,age_10_99,81,18,0.0
8,17636,ssr,100,age_10_99,80,19,0.0
8,17636,ssr,100,age_10_99,79,20,1.0
8,17636,ssr,100,age_10_99,78,21,1.0
8,17636,ssr,100,age_10_99,77,22,1.0
8,17636,ssr,100,age_10_99,76,23,1.0
8,17636,ssr,100,age_10_99,75,24,1.0
8,17636,ssr,100,age_10_99,74,25,1.0
8,17636,ssr,100,age_10_99,73,26,1.0
8,17636,ssr,100,age_10_99,72,27,1.0
8,17636,ssr,100,age_10_99,71,28,1.0
8,17636,ssr,100,age_10_99,70,29,1.0
8,17636,ssr,100,age_10_99,69,30,1.0
8,17636,ssr,100,age_10_99,68,31,0.0
8,17636,ssr,100,age_10_99,67,32,0.0
8,17636,ssr,100,age_10_99,66,33,1.0
8,17636,ssr,100,age_10_99,65,34,1.0
8,17636,ssr,100,age_10_99,64,35,0.0
8,17636,ssr,100,age_10_99,63,36,1.0
8,17636,ssr,100,age_10_99,62,37,0.0
8,17636,ssr,100,age_10_99,61,38,1.0
8,17636,ssr,100,age_10_99,60,39,1.0
8,17636,ssr,100,age_10_99,59,40,1.0
8,17636,ssr,100,age_10_99,58,41,1.0
8,17636,ssr,100,age_10_99,57,42,1.0
8,17636,ssr,100,age_10_99,56,43,1.0
8,17636,ssr,100,age_10_99,55,44,1.0
8,17636,ssr,100,age_10_99,54,45,0.0
8,17636,ssr,100,age_10_99,53,46,1.0
8,17636,ssr,100,age_10_99,52,47,1.0
8,17636,ssr,100,age_10_99,51,48,1.0
8,17636,ssr,100,age_10_99,50,49,0.0
8,17636,ssr,100,age_10_99,49,50,1.0
8,17636,ssr,100,age_10_99,48,51,1.0
8,17636,ssr,100,age_10_99,47,52,1.0
8,17636,ssr,100,age_10_99,46,53,1.0
8,17636,ssr,100,age_10_99,45,54,1.0
8,17636,ssr,100,age_10_99,44,55,1.0
8,17636,ssr,100,age_10_99,43,56,1.0
8,17636,ssr,100,age_10_99,42,57,0.0
8,17636,ssr,100,age_10_99,41,58,1.0
8,17636,ssr,100,age_10_99,40,59,0.0
8,17636,ssr,100,age_10_99,39,60,1.0
8,17636,ssr,100,age_10_99,38,61,1.0
8,17636,ssr,100,age_10_99,37,62,0.0
8,17636,ssr,100,age_10_99,36,63,0.0
8,17636,ssr,100,age_10_99,35,64,1.0
8,17636,ssr,100,age_10_99,34,65,0.0
8,17636,ssr,100,age_10_99,33,66,1.0
8,17636,ssr,100,age_10_99,32,67,1.0
8,17636,ssr,100,age_10_99,31,68,1.0
8,17636,ssr,100,age_10_99,30,69,1.0
8,17636,ssr,100,age_10_99,29,70,1.0
8,17636,ssr,100,age_10_99,28,71,1.0
8,17636,ssr,100,age_10_99,27,72,0.0
8,17636,ssr,100,age_10_99,26,73,1.0
8,17636,ssr,100,age_10_99,25,74,0.0
8,17636,ssr,100,age_10_99,24,75,1.0
8,17636,ssr,100,age_10_99,23,76,1.0
8,17636,ssr,100,age_10_99,22,77,1.0
8,17636,ssr,100,age_10_99,21,78,0.0
8,17636,ssr,100,age_10_99,20,79,1.0
8,17636,ssr,100,age_10_99,19,80,1.0
8,17636,ssr,100,age_10_99,18,81,1.0
8,17636,ssr,100,age_10_99,17,82,1.0
8,17636,ssr,100,age_10_99,16,83,1.0
8,17636,ssr,100,age_10_99,15,84,1.0
8,17636,ssr,100,age_10_99,14,85,0.0
8,17636,ssr,100,age_10_99,13,86,1.0
8,17636,ssr,100,age_10_99,12,87,0.0
8,17636,ssr,100,age_10_99,11,88,1.0
8,17636,ssr,100,age_10_99,10,89,0.0
8,17636,ssr,100,age_1_9,9,90,1.0
8,17636,ssr,100,age_1_9,8,91,1.0
8,17636,ssr,100,age_1_9,7,92,0.0
8,17636,ssr,100,age_1_9,6,93,1.0
8,17636,ssr,100,age_1_9,5,94,1.0
8,17636,ssr,100,age_1_9,4,95,0.0
8,17636,ssr,100,age_1_9,3,96,0.0
8,17636,ssr,100,age_1_9,2,97,1.0
8,17636,ssr,100,age_1_9,1,98,1.0
8,17636,ssr,100,age_0,0,99,1.0
8,17637,plain,1,age_0,0,0,1.0
8,17637,plain,2,age_1_9,1,0,1.0
8,17637,plain,2,age_0,0,1,1.0
8,17637,plain,5,age_1_9,4,0,1.0
8,17637,plain,5,age_1_9,3,1,1.0
8,17637,plain,5,age_1_9,2,2,1.0
8,17637,plain,5,age_1_9,1,3,1.0
8,17637,plain,5,age_0,0,4,1.0
8,17637,plain,10,age_1_9,9,0,1.0
8,17637,plain,10,age_1_9,8,1,1.0
8,17637,plain,10,age_1_9,7,2,1.0
8,17637,plain,10,age_1_9,6,3,1.0
8,17637,plain,10,age_1_9,5,4,1.0
8,17637,plain,10,age_1_9,4,5,1.0
8,17637,plain,10,age_1_9,3,6,1.0
8,17637,plain,10,age_1_9,2,7,1.0
8,17637,plain,10,age_1_9,1,8,1.0
8,17637,plain,10,age_0,0,9,1.0
8,17637,plain,25,age_10_99,24,0,1.0
8,17637,plain,25,age_10_99,23,1,0.0
8,17637,plain,25,age_10_99,22,2,0.0
8,17637,plain,25,age_10_99,21,3,1.0
8,17637,plain,25,age_10_99,20,4,1.0
8,17637,plain,25,age_10_99,19,5,0.0
8,17637,plain,25,age_10_99,18,6,1.0
8,17637,plain,25,age_10_99,17,7,1.0
8,17637,plain,25,age_10_99,16,8,0.0
8,17637,plain,25,age_10_99,15,9,1.0
8,17637,plain,25,age_10_99,14,10,1.0
8,17637,plain,25,age_10_99,13,11,1.0
8,17637,plain,25,age_10_99,12,12,0.0
8,17637,plain,25,age_10_99,11,13,1.0
8,17637,plain,25,age_10_99,10,14,0.0
8,17637,plain,25,age_1_9,9,15,1.0
8,17637,plain,25,age_1_9,8,16,1.0
8,17637,plain,25,age_1_9,7,17,1.0
8,17637,plain,25,age_1_9,6,18,0.0
8,17637,plain,25,age_1_9,5,19,0.0
8,17637,plain,25,age_1_9,4,20,1.0
8,17637,plain,25,age_1_9,3,21,1.0
8,17637,plain,25,age_1_9,2,22,1.0
8,17637,plain,25,age_1_9,1,23,1.0
8,17637,plain,25,age_0,0,24,1.0
8,17637,plain,50,age_10_99,49,0,1.0
8,17637,plain,50,age_10_99,48,1,0.0
8,17637,plain,50,age_10_99,47,2,0.0
8,17637,plain,50,age_10_99,46,3,0.0
8,17637,plain,50,age_10_99,45,4,1.0
8,17637,plain,50,age_10_99,44,5,0.0
8,17637,plain,50,age_10_99,43,6,1.0
8,17637,plain,50,age_10_99,42,7,1.0
8,17637,plain,50,age_10_99,41,8,0.0
8,17637,plain,50,age_10_99,40,9,1.0
8,17637,plain,50,age_10_99,39,10,1.0
8,17637,plain,50,age_10_99,38,11,1.0
8,17637,plain,50,age_10_99,37,12,1.0
8,17637,plain,50,age_10_99,36,13,0.0
8,17637,plain,50,age_10_99,35,14,1.0
8,17637,plain,50,age_10_99,34,15,1.0
8,17637,plain,50,age_10_99,33,16,1.0
8,17637,plain,50,age_10_99,32,17,1.0
8,17637,plain,50,age_10_99,31,18,1.0
8,17637,plain,50,age_10_99,30,19,1.0
8,17637,plain,50,age_10_99,29,20,1.0
8,17637,plain,50,age_10_99,28,21,1.0
8,17637,plain,50,age_10_99,27,22,1.0
8,17637,plain,50,age_10_99,26,23,0.0
8,17637,plain,50,age_10_99,25,24,1.0
8,17637,plain,50,age_10_99,24,25,0.0
8,17637,plain,50,age_10_99,23,26,1.0
8,17637,plain,50,age_10_99,22,27,1.0
8,17637,plain,50,age_10_99,21,28,0.0
8,17637,plain,50,age_10_99,20,29,0.0
8,17637,plain,50,age_10_99,19,30,0.0
8,17637,plain,50,age_10_99,18,31,1.0
8,17637,plain,50,age_10_99,17,32,0.0
8,17637,plain,50,age_10_99,16,33,1.0
8,17637,plain,50,age_10_99,15,34,1.0
8,17637,plain,50,age_10_99,14,35,1.0
8,17637,plain,50,age_10_99,13,36,1.0
8,17637,plain,50,age_10_99,12,37,1.0
8,17637,plain,50,age_10_99,11,38,0.0
8,17637,plain,50,age_10_99,10,39,0.0
8,17637,plain,50,age_1_9,9,40,1.0
8,17637,plain,50,age_1_9,8,41,1.0
8,17637,plain,50,age_1_9,7,42,1.0
8,17637,plain,50,age_1_9,6,43,1.0
8,17637,plain,50,age_1_9,5,44,1.0
8,17637,plain,50,age_1_9,4,45,0.0
8,17637,plain,50,age_1_9,3,46,0.0
8,17637,plain,50,age_1_9,2,47,1.0
8,17637,plain,50,age_1_9,1,48,1.0
8,17637,plain,50,age_0,0,49,1.0
8,17637,plain,100,age_10_99,99,0,1.0
8,17637,plain,100,age_10_99,98,1,0.0
8,17637,plain,100,age_10_99,97,2,0.0
8,17637,plain,100,age_10_99,96,3,0.0
8,17637,plain,100,age_10_99,95,4,0.0
8,17637,plain,100,age_10_99,94,5,0.0
8,17637,plain,100,age_10_99,93,6,0.0
8,17637,plain,100,age_10_99,92,7,0.0
8,17637,plain,100,age_10_99,91,8,0.0
8,17637,plain,100,age_10_99,90,9,0.0
8,17637,plain,100,age_10_99,89,10,1.0
8,17637,plain,100,age_10_99,88,11,0.0
8,17637,plain,100,age_10_99,87,12,0.0
8,17637,plain,100,age_10_99,86,13,0.0
8,17637,plain,100,age_10_99,85,14,1.0
8,17637,plain,100,age_10_99,84,15,0.0
8,17637,plain,100,age_10_99,83,16,0.0
8,17637,plain,100,age_10_99,82,17,0.0
8,17637,plain,100,age_10_99,81,18,0.0
8,17637,plain,100,age_10_99,80,19,0.0
8,17637,plain,100,age_10_99,79,20,0.0
8,17637,plain,100,age_10_99,78,21,0.0
8,17637,plain,100,age_10_99,77,22,0.0
8,17637,plain,100,age_10_99,76,23,0.0
8,17637,plain,100,age_10_99,75,24,1.0
8,17637,plain,100,age_10_99,74,25,0.0
8,17637,plain,100,age_10_99,73,26,0.0
8,17637,plain,100,age_10_99,72,27,0.0
8,17637,plain,100,age_10_99,71,28,1.0
8,17637,plain,100,age_10_99,70,29,0.0
8,17637,plain,100,age_10_99,69,30,0.0
8,17637,plain,100,age_10_99,68,31,0.0
8,17637,plain,100,age_10_99,67,32,0.0
8,17637,plain,100,age_10_99,66,33,0.0
8,17637,plain,100,age_10_99,65,34,0.0
8,17637,plain,100,age_10_99,64,35,0.0
8,17637,plain,100,age_10_99,63,36,1.0
8,17637,plain,100,age_10_99,62,37,1.0
8,17637,plain,100,age_10_99,61,38,1.0
8,17637,plain,100,age_10_99,60,39,1.0
8,17637,plain,100,age_10_99,59,40,0.0
8,17637,plain,100,age_10_99,58,41,0.0
8,17637,plain,100,age_10_99,57,42,1.0
8,17637,plain,100,age_10_99,56,43,0.0
8,17637,plain,100,age_10_99,55,44,0.0
8,17637,plain,100,age_10_99,54,45,0.0
8,17637,plain,100,age_10_99,53,46,0.0
8,17637,plain,100,age_10_99,52,47,0.0
8,17637,plain,100,age_10_99,51,48,0.0
8,17637,plain,100,age_10_99,50,49,0.0
8,17637,plain,100,age_10_99,49,50,1.0
8,17637,plain,100,age_10_99,48,51,0.0
8,17637,plain,100,age_10_99,47,52,0.0
8,17637,plain,100,age_10_99,46,53,1.0
8,17637,plain,100,age_10_99,45,54,0.0
8,17637,plain,100,age_10_99,44,55,0.0
8,17637,plain,100,age_10_99,43,56,1.0
8,17637,plain,100,age_10_99,42,57,0.0
8,17637,plain,100,age_10_99,41,58,0.0
8,17637,plain,100,age_10_99,40,59,0.0
8,17637,plain,100,age_10_99,39,60,0.0
8,17637,plain,100,age_10_99,38,61,0.0
8,17637,plain,100,age_10_99,37,62,0.0
8,17637,plain,100,age_10_99,36,63,0.0
8,17637,plain,100,age_10_99,35,64,0.0
8,17637,plain,100,age_10_99,34,65,1.0
8,17637,plain,100,age_10_99,33,66,0.0
8,17637,plain,100,age_10_99,32,67,0.0
8,17637,plain,100,age_10_99,31,68,0.0
8,17637,plain,100,age_10_99,30,69,1.0
8,17637,plain,100,age_10_99,29,70,1.0
8,17637,plain,100,age_10_99,28,71,0.0
8,17637,plain,100,age_10_99,27,72,0.0
8,17637,plain,100,age_10_99,26,73,0.0
8,17637,plain,100,age_10_99,25,74,0.0
8,17637,plain,100,age_10_99,24,75,0.0
8,17637,plain,100,age_10_99,23,76,0.0
8,17637,plain,100,age_10_99,22,77,1.0
8,17637,plain,100,age_10_99,21,78,1.0
8,17637,plain,100,age_10_99,20,79,0.0
8,17637,plain,100,age_10_99,19,80,0.0
8,17637,plain,100,age_10_99,18,81,0.0
8,17637,plain,100,age_10_99,17,82,0.0
8,17637,plain,100,age_10_99,16,83,1.0
8,17637,plain,100,age_10_99,15,84,1.0
8,17637,plain,100,age_10_99,14,85,0.0
8,17637,plain,100,age_10_99,13,86,0.0
8,17637,plain,100,age_10_99,12,87,0.0
8,17637,plain,100,age_10_99,11,88,0.0
8,17637,plain,100,age_10_99,10,89,0.0
8,17637,plain,100,age_1_9,9,90,0.0
8,17637,plain,100,age_1_9,8,91,0.0
8,17637,plain,100,age_1_9,7,92,0.0
8,17637,plain,100,age_1_9,6,93,0.0
8,17637,plain,100,age_1_9,5,94,1.0
8,17637,plain,100,age_1_9,4,95,0.0
8,17637,plain,100,age_1_9,3,96,1.0
8,17637,plain,100,age_1_9,2,97,1.0
8,17637,plain,100,age_1_9,1,98,1.0
8,17637,plain,100,age_0,0,99,1.0
8,17637,ssr,1,age_0,0,0,1.0
8,17637,ssr,2,age_1_9,1,0,1.0
8,17637,ssr,2,age_0,0,1,1.0
8,17637,ssr,5,age_1_9,4,0,1.0
8,17637,ssr,5,age_1_9,3,1,1.0
8,17637,ssr,5,age_1_9,2,2,1.0
8,17637,ssr,5,age_1_9,1,3,1.0
8,17637,ssr,5,age_0,0,4,1.0
8,17637,ssr,10,age_1_9,9,0,1.0
8,17637,ssr,10,age_1_9,8,1,1.0
8,17637,ssr,10,age_1_9,7,2,1.0
8,17637,ssr,10,age_1_9,6,3,1.0
8,17637,ssr,10,age_1_9,5,4,1.0
8,17637,ssr,10,age_1_9,4,5,1.0
8,17637,ssr,10,age_1_9,3,6,1.0
8,17637,ssr,10,age_1_9,2,7,1.0
8,17637,ssr,10,age_1_9,1,8,1.0
8,17637,ssr,10,age_0,0,9,1.0
8,17637,ssr,25,age_10_99,24,0,1.0
8,17637,ssr,25,age_10_99,23,1,0.0
8,17637,ssr,25,age_10_99,22,2,0.0
8,17637,ssr,25,age_10_99,21,3,1.0
8,17637,ssr,25,age_10_99,20,4,1.0
8,17637,ssr,25,age_10_99,19,5,0.0
8,17637,ssr,25,age_10_99,18,6,0.0
8,17637,ssr,25,age_10_99,17,7,1.0
8,17637,ssr,25,age_10_99,16,8,0.0
8,17637,ssr,25,age_10_99,15,9,1.0
8,17637,ssr,25,age_10_99,14,10,1.0
8,17637,ssr,25,age_10_99,13,11,1.0
8,17637,ssr,25,age_10_99,12,12,0.0
8,17637,ssr,25,age_10_99,11,13,1.0
8,17637,ssr,25,age_10_99,10,14,0.0
8,17637,ssr,25,age_1_9,9,15,1.0
8,17637,ssr,25,age_1_9,8,16,1.0
8,17637,ssr,25,age_1_9,7,17,1.0
8,17637,ssr,25,age_1_9,6,18,0.0
8,17637,ssr,25,age_1_9,5,19,1.0
8,17637,ssr,25,age_1_9,4,20,1.0
8,17637,ssr,25,age_1_9,3,21,1.0
8,17637,ssr,25,age_1_9,2,22,1.0
8,17637,ssr,25,age_1_9,1,23,1.0
8,17637,ssr,25,age_0,0,24,1.0
8,17637,ssr,50,age_10_99,49,0,1.0
8,17637,ssr,50,age_10_99,48,1,0.0
8,17637,ssr,50,age_10_99,47,2,0.0
8,17637,ssr,50,age_10_99,46,3,0.0
8,17637,ssr,50,age_10_99,45,4,1.0
8,17637,ssr,50,age_10_99,44,5,0.0
8,17637,ssr,50,age_10_99,43,6,0.0
8,17637,ssr,50,age_10_99,42,7,1.0
8,17637,ssr,50,age_10_99,41,8,0.0
8,17637,ssr,50,age_10_99,40,9,1.0
8,17637,ssr,50,age_10_99,39,10,1.0
8,17637,ssr,50,age_10_99,38,11,0.0
8,17637,ssr,50,age_10_99,37,12,0.0
8,17637,ssr,50,age_10_99,36,13,0.0
8,17637,ssr,50,age_10_99,35,14,1.0
8,17637,ssr,50,age_10_99,34,15,1.0
8,17637,ssr,50,age_10_99,33,16,1.0
8,17637,ssr,50,age_10_99,32,17,0.0
8,17637,ssr,50,age_10_99,31,18,1.0
8,17637,ssr,50,age_10_99,30,19,1.0
8,17637,ssr,50,age_10_99,29,20,1.0
8,17637,ssr,50,age_10_99,28,21,1.0
8,17637,ssr,50,age_10_99,27,22,1.0
8,17637,ssr,50,age_10_99,26,23,0.0
8,17637,ssr,50,age_10_99,25,24,0.0
8,17637,ssr,50,age_10_99,24,25,1.0
8,17637,ssr,50,age_10_99,23,26,1.0
8,17637,ssr,50,age_10_99,22,27,1.0
8,17637,ssr,50,age_10_99,21,28,0.0
8,17637,ssr,50,age_10_99,20,29,0.0
8,17637,ssr,50,age_10_99,19,30,0.0
8,17637,ssr,50,age_10_99,18,31,1.0
8,17637,ssr,50,age_10_99,17,32,0.0
8,17637,ssr,50,age_10_99,16,33,1.0
8,17637,ssr,50,age_10_99,15,34,1.0
8,17637,ssr,50,age_10_99,14,35,1.0
8,17637,ssr,50,age_10_99,13,36,1.0
8,17637,ssr,50,age_10_99,12,37,1.0
8,17637,ssr,50,age_10_99,11,38,0.0
8,17637,ssr,50,age_10_99,10,39,0.0
8,17637,ssr,50,age_1_9,9,40,1.0
8,17637,ssr,50,age_1_9,8,41,1.0
8,17637,ssr,50,age_1_9,7,42,1.0
8,17637,ssr,50,age_1_9,6,43,1.0
8,17637,ssr,50,age_1_9,5,44,0.0
8,17637,ssr,50,age_1_9,4,45,1.0
8,17637,ssr,50,age_1_9,3,46,0.0
8,17637,ssr,50,age_1_9,2,47,1.0
8,17637,ssr,50,age_1_9,1,48,1.0
8,17637,ssr,50,age_0,0,49,1.0
8,17637,ssr,100,age_10_99,99,0,1.0
8,17637,ssr,100,age_10_99,98,1,0.0
8,17637,ssr,100,age_10_99,97,2,0.0
8,17637,ssr,100,age_10_99,96,3,0.0
8,17637,ssr,100,age_10_99,95,4,0.0
8,17637,ssr,100,age_10_99,94,5,0.0
8,17637,ssr,100,age_10_99,93,6,0.0
8,17637,ssr,100,age_10_99,92,7,1.0
8,17637,ssr,100,age_10_99,91,8,0.0
8,17637,ssr,100,age_10_99,90,9,0.0
8,17637,ssr,100,age_10_99,89,10,1.0
8,17637,ssr,100,age_10_99,88,11,1.0
8,17637,ssr,100,age_10_99,87,12,1.0
8,17637,ssr,100,age_10_99,86,13,1.0
8,17637,ssr,100,age_10_99,85,14,1.0
8,17637,ssr,100,age_10_99,84,15,0.0
8,17637,ssr,100,age_10_99,83,16,0.0
8,17637,ssr,100,age_10_99,82,17,0.0
8,17637,ssr,100,age_10_99,81,18,0.0
8,17637,ssr,100,age_10_99,80,19,0.0
8,17637,ssr,100,age_10_99,79,20,1.0
8,17637,ssr,100,age_10_99,78,21,1.0
8,17637,ssr,100,age_10_99,77,22,1.0
8,17637,ssr,100,age_10_99,76,23,0.0
8,17637,ssr,100,age_10_99,75,24,1.0
8,17637,ssr,100,age_10_99,74,25,0.0
8,17637,ssr,100,age_10_99,73,26,1.0
8,17637,ssr,100,age_10_99,72,27,1.0
8,17637,ssr,100,age_10_99,71,28,1.0
8,17637,ssr,100,age_10_99,70,29,0.0
8,17637,ssr,100,age_10_99,69,30,0.0
8,17637,ssr,100,age_10_99,68,31,0.0
8,17637,ssr,100,age_10_99,67,32,1.0
8,17637,ssr,100,age_10_99,66,33,1.0
8,17637,ssr,100,age_10_99,65,34,0.0
8,17637,ssr,100,age_10_99,64,35,1.0
8,17637,ssr,100,age_10_99,63,36,0.0
8,17637,ssr,100,age_10_99,62,37,1.0
8,17637,ssr,100,age_10_99,61,38,1.0
8,17637,ssr,100,age_10_99,60,39,0.0
8,17637,ssr,100,age_10_99,59,40,1.0
8,17637,ssr,100,age_10_99,58,41,0.0
8,17637,ssr,100,age_10_99,57,42,1.0
8,17637,ssr,100,age_10_99,56,43,0.0
8,17637,ssr,100,age_10_99,55,44,0.0
8,17637,ssr,100,age_10_99,54,45,0.0
8,17637,ssr,100,age_10_99,53,46,0.0
8,17637,ssr,100,age_10_99,52,47,1.0
8,17637,ssr,100,age_10_99,51,48,1.0
8,17637,ssr,100,age_10_99,50,49,0.0
8,17637,ssr,100,age_10_99,49,50,0.0
8,17637,ssr,100,age_10_99,48,51,1.0
8,17637,ssr,100,age_10_99,47,52,0.0
8,17637,ssr,100,age_10_99,46,53,0.0
8,17637,ssr,100,age_10_99,45,54,0.0
8,17637,ssr,100,age_10_99,44,55,0.0
8,17637,ssr,100,age_10_99,43,56,1.0
8,17637,ssr,100,age_10_99,42,57,0.0
8,17637,ssr,100,age_10_99,41,58,1.0
8,17637,ssr,100,age_10_99,40,59,1.0
8,17637,ssr,100,age_10_99,39,60,0.0
8,17637,ssr,100,age_10_99,38,61,0.0
8,17637,ssr,100,age_10_99,37,62,0.0
8,17637,ssr,100,age_10_99,36,63,0.0
8,17637,ssr,100,age_10_99,35,64,0.0
8,17637,ssr,100,age_10_99,34,65,0.0
8,17637,ssr,100,age_10_99,33,66,1.0
8,17637,ssr,100,age_10_99,32,67,1.0
8,17637,ssr,100,age_10_99,31,68,0.0
8,17637,ssr,100,age_10_99,30,69,1.0
8,17637,ssr,100,age_10_99,29,70,1.0
8,17637,ssr,100,age_10_99,28,71,0.0
8,17637,ssr,100,age_10_99,27,72,0.0
8,17637,ssr,100,age_10_99,26,73,0.0
8,17637,ssr,100,age_10_99,25,74,1.0
8,17637,ssr,100,age_10_99,24,75,1.0
8,17637,ssr,100,age_10_99,23,76,0.0
8,17637,ssr,100,age_10_99,22,77,1.0
8,17637,ssr,100,age_10_99,21,78,1.0
8,17637,ssr,100,age_10_99,20,79,0.0
8,17637,ssr,100,age_10_99,19,80,0.0
8,17637,ssr,100,age_10_99,18,81,1.0
8,17637,ssr,100,age_10_99,17,82,0.0
8,17637,ssr,100,age_10_99,16,83,1.0
8,17637,ssr,100,age_10_99,15,84,1.0
8,17637,ssr,100,age_10_99,14,85,0.0
8,17637,ssr,100,age_10_99,13,86,0.0
8,17637,ssr,100,age_10_99,12,87,1.0
8,17637,ssr,100,age_10_99,11,88,0.0
8,17637,ssr,100,age_10_99,10,89,0.0
8,17637,ssr,100,age_1_9,9,90,0.0
8,17637,ssr,100,age_1_9,8,91,0.0
8,17637,ssr,100,age_1_9,7,92,1.0
8,17637,ssr,100,age_1_9,6,93,1.0
8,17637,ssr,100,age_1_9,5,94,1.0
8,17637,ssr,100,age_1_9,4,95,0.0
8,17637,ssr,100,age_1_9,3,96,0.0
8,17637,ssr,100,age_1_9,2,97,1.0
8,17637,ssr,100,age_1_9,1,98,1.0
8,17637,ssr,100,age_0,0,99,1.0
8,17638,plain,1,age_0,0,0,1.0
8,17638,plain,2,age_1_9,1,0,1.0
8,17638,plain,2,age_0,0,1,1.0
8,17638,plain,5,age_1_9,4,0,1.0
8,17638,plain,5,age_1_9,3,1,1.0
8,17638,plain,5,age_1_9,2,2,1.0
8,17638,plain,5,age_1_9,1,3,1.0
8,17638,plain,5,age_0,0,4,1.0
8,17638,plain,10,age_1_9,9,0,1.0
8,17638,plain,10,age_1_9,8,1,1.0
8,17638,plain,10,age_1_9,7,2,1.0
8,17638,plain,10,age_1_9,6,3,1.0
8,17638,plain,10,age_1_9,5,4,1.0
8,17638,plain,10,age_1_9,4,5,1.0
8,17638,plain,10,age_1_9,3,6,1.0
8,17638,plain,10,age_1_9,2,7,1.0
8,17638,plain,10,age_1_9,1,8,1.0
8,17638,plain,10,age_0,0,9,1.0
8,17638,plain,25,age_10_99,24,0,1.0
8,17638,plain,25,age_10_99,23,1,0.0
8,17638,plain,25,age_10_99,22,2,1.0
8,17638,plain,25,age_10_99,21,3,1.0
8,17638,plain,25,age_10_99,20,4,0.0
8,17638,plain,25,age_10_99,19,5,1.0
8,17638,plain,25,age_10_99,18,6,1.0
8,17638,plain,25,age_10_99,17,7,1.0
8,17638,plain,25,age_10_99,16,8,1.0
8,17638,plain,25,age_10_99,15,9,1.0
8,17638,plain,25,age_10_99,14,10,1.0
8,17638,plain,25,age_10_99,13,11,0.0
8,17638,plain,25,age_10_99,12,12,0.0
8,17638,plain,25,age_10_99,11,13,1.0
8,17638,plain,25,age_10_99,10,14,0.0
8,17638,plain,25,age_1_9,9,15,0.0
8,17638,plain,25,age_1_9,8,16,1.0
8,17638,plain,25,age_1_9,7,17,1.0
8,17638,plain,25,age_1_9,6,18,1.0
8,17638,plain,25,age_1_9,5,19,1.0
8,17638,plain,25,age_1_9,4,20,1.0
8,17638,plain,25,age_1_9,3,21,0.0
8,17638,plain,25,age_1_9,2,22,1.0
8,17638,plain,25,age_1_9,1,23,1.0
8,17638,plain,25,age_0,0,24,1.0
8,17638,plain,50,age_10_99,49,0,1.0
8,17638,plain,50,age_10_99,48,1,0.0
8,17638,plain,50,age_10_99,47,2,0.0
8,17638,plain,50,age_10_99,46,3,1.0
8,17638,plain,50,age_10_99,45,4,0.0
8,17638,plain,50,age_10_99,44,5,1.0
8,17638,plain,50,age_10_99,43,6,1.0
8,17638,plain,50,age_10_99,42,7,1.0
8,17638,plain,50,age_10_99,41,8,0.0
8,17638,plain,50,age_10_99,40,9,0.0
8,17638,plain,50,age_10_99,39,10,0.0
8,17638,plain,50,age_10_99,38,11,0.0
8,17638,plain,50,age_10_99,37,12,0.0
8,17638,plain,50,age_10_99,36,13,1.0
8,17638,plain,50,age_10_99,35,14,1.0
8,17638,plain,50,age_10_99,34,15,1.0
8,17638,plain,50,age_10_99,33,16,1.0
8,17638,plain,50,age_10_99,32,17,1.0
8,17638,plain,50,age_10_99,31,18,1.0
8,17638,plain,50,age_10_99,30,19,1.0
8,17638,plain,50,age_10_99,29,20,0.0
8,17638,plain,50,age_10_99,28,21,1.0
8,17638,plain,50,age_10_99,27,22,1.0
8,17638,plain,50,age_10_99,26,23,0.0
8,17638,plain,50,age_10_99,25,24,0.0
8,17638,plain,50,age_10_99,24,25,0.0
8,17638,plain,50,age_10_99,23,26,1.0
8,17638,plain,50,age_10_99,22,27,1.0
8,17638,plain,50,age_10_99,21,28,0.0
8,17638,plain,50,age_10_99,20,29,0.0
8,17638,plain,50,age_10_99,19,30,1.0
8,17638,plain,50,age_10_99,18,31,0.0
8,17638,plain,50,age_10_99,17,32,1.0
8,17638,plain,50,age_10_99,16,33,0.0
8,17638,plain,50,age_10_99,15,34,1.0
8,17638,plain,50,age_10_99,14,35,1.0
8,17638,plain,50,age_10_99,13,36,0.0
8,17638,plain,50,age_10_99,12,37,1.0
8,17638,plain,50,age_10_99,11,38,1.0
8,17638,plain,50,age_10_99,10,39,0.0
8,17638,plain,50,age_1_9,9,40,0.0
8,17638,plain,50,age_1_9,8,41,1.0
8,17638,plain,50,age_1_9,7,42,0.0
8,17638,plain,50,age_1_9,6,43,0.0
8,17638,plain,50,age_1_9,5,44,1.0
8,17638,plain,50,age_1_9,4,45,0.0
8,17638,plain,50,age_1_9,3,46,1.0
8,17638,plain,50,age_1_9,2,47,0.0
8,17638,plain,50,age_1_9,1,48,1.0
8,17638,plain,50,age_0,0,49,1.0
8,17638,plain,100,age_10_99,99,0,1.0
8,17638,plain,100,age_10_99,98,1,0.0
8,17638,plain,100,age_10_99,97,2,0.0
8,17638,plain,100,age_10_99,96,3,0.0
8,17638,plain,100,age_10_99,95,4,0.0
8,17638,plain,100,age_10_99,94,5,1.0
8,17638,plain,100,age_10_99,93,6,0.0
8,17638,plain,100,age_10_99,92,7,1.0
8,17638,plain,100,age_10_99,91,8,0.0
8,17638,plain,100,age_10_99,90,9,0.0
8,17638,plain,100,age_10_99,89,10,0.0
8,17638,plain,100,age_10_99,88,11,0.0
8,17638,plain,100,age_10_99,87,12,0.0
8,17638,plain,100,age_10_99,86,13,1.0
8,17638,plain,100,age_10_99,85,14,1.0
8,17638,plain,100,age_10_99,84,15,0.0
8,17638,plain,100,age_10_99,83,16,1.0
8,17638,plain,100,age_10_99,82,17,0.0
8,17638,plain,100,age_10_99,81,18,1.0
8,17638,plain,100,age_10_99,80,19,0.0
8,17638,plain,100,age_10_99,79,20,1.0
8,17638,plain,100,age_10_99,78,21,0.0
8,17638,plain,100,age_10_99,77,22,1.0
8,17638,plain,100,age_10_99,76,23,0.0
8,17638,plain,100,age_10_99,75,24,1.0
8,17638,plain,100,age_10_99,74,25,1.0
8,17638,plain,100,age_10_99,73,26,0.0
8,17638,plain,100,age_10_99,72,27,1.0
8,17638,plain,100,age_10_99,71,28,1.0
8,17638,plain,100,age_10_99,70,29,0.0
8,17638,plain,100,age_10_99,69,30,0.0
8,17638,plain,100,age_10_99,68,31,1.0
8,17638,plain,100,age_10_99,67,32,0.0
8,17638,plain,100,age_10_99,66,33,0.0
8,17638,plain,100,age_10_99,65,34,0.0
8,17638,plain,100,age_10_99,64,35,0.0
8,17638,plain,100,age_10_99,63,36,1.0
8,17638,plain,100,age_10_99,62,37,0.0
8,17638,plain,100,age_10_99,61,38,1.0
8,17638,plain,100,age_10_99,60,39,1.0
8,17638,plain,100,age_10_99,59,40,1.0
8,17638,plain,100,age_10_99,58,41,1.0
8,17638,plain,100,age_10_99,57,42,1.0
8,17638,plain,100,age_10_99,56,43,1.0
8,17638,plain,100,age_10_99,55,44,1.0
8,17638,plain,100,age_10_99,54,45,0.0
8,17638,plain,100,age_10_99,53,46,0.0
8,17638,plain,100,age_10_99,52,47,1.0
8,17638,plain,100,age_10_99,51,48,1.0
8,17638,plain,100,age_10_99,50,49,0.0
8,17638,plain,100,age_10_99,49,50,1.0
8,17638,plain,100,age_10_99,48,51,1.0
8,17638,plain,100,age_10_99,47,52,1.0
8,17638,plain,100,age_10_99,46,53,1.0
8,17638,plain,100,age_10_99,45,54,1.0
8,17638,plain,100,age_10_99,44,55,1.0
8,17638,plain,100,age_10_99,43,56,1.0
8,17638,plain,100,age_10_99,42,57,1.0
8,17638,plain,100,age_10_99,41,58,0.0
8,17638,plain,100,age_10_99,40,59,0.0
8,17638,plain,100,age_10_99,39,60,1.0
8,17638,plain,100,age_10_99,38,61,1.0
8,17638,plain,100,age_10_99,37,62,0.0
8,17638,plain,100,age_10_99,36,63,1.0
8,17638,plain,100,age_10_99,35,64,1.0
8,17638,plain,100,age_10_99,34,65,1.0
8,17638,plain,100,age_10_99,33,66,1.0
8,17638,plain,100,age_10_99,32,67,1.0
8,17638,plain,100,age_10_99,31,68,1.0
8,17638,plain,100,age_10_99,30,69,1.0
8,17638,plain,100,age_10_99,29,70,1.0
8,17638,plain,100,age_10_99,28,71,1.0
8,17638,plain,100,age_10_99,27,72,0.0
8,17638,plain,100,age_10_99,26,73,1.0
8,17638,plain,100,age_10_99,25,74,0.0
8,17638,plain,100,age_10_99,24,75,1.0
8,17638,plain,100,age_10_99,23,76,0.0
8,17638,plain,100,age_10_99,22,77,0.0
8,17638,plain,100,age_10_99,21,78,0.0
8,17638,plain,100,age_10_99,20,79,1.0
8,17638,plain,100,age_10_99,19,80,1.0
8,17638,plain,100,age_10_99,18,81,1.0
8,17638,plain,100,age_10_99,17,82,1.0
8,17638,plain,100,age_10_99,16,83,0.0
8,17638,plain,100,age_10_99,15,84,1.0
8,17638,plain,100,age_10_99,14,85,0.0
8,17638,plain,100,age_10_99,13,86,1.0
8,17638,plain,100,age_10_99,12,87,0.0
8,17638,plain,100,age_10_99,11,88,0.0
8,17638,plain,100,age_10_99,10,89,0.0
8,17638,plain,100,age_1_9,9,90,1.0
8,17638,plain,100,age_1_9,8,91,0.0
8,17638,plain,100,age_1_9,7,92,0.0
8,17638,plain,100,age_1_9,6,93,1.0
8,17638,plain,100,age_1_9,5,94,0.0
8,17638,plain,100,age_1_9,4,95,1.0
8,17638,plain,100,age_1_9,3,96,1.0
8,17638,plain,100,age_1_9,2,97,1.0
8,17638,plain,100,age_1_9,1,98,1.0
8,17638,plain,100,age_0,0,99,1.0
8,17638,ssr,1,age_0,0,0,1.0
8,17638,ssr,2,age_1_9,1,0,1.0
8,17638,ssr,2,age_0,0,1,1.0
8,17638,ssr,5,age_1_9,4,0,1.0
8,17638,ssr,5,age_1_9,3,1,1.0
8,17638,ssr,5,age_1_9,2,2,1.0
8,17638,ssr,5,age_1_9,1,3,1.0
8,17638,ssr,5,age_0,0,4,1.0
8,17638,ssr,10,age_1_9,9,0,1.0
8,17638,ssr,10,age_1_9,8,1,1.0
8,17638,ssr,10,age_1_9,7,2,1.0
8,17638,ssr,10,age_1_9,6,3,1.0
8,17638,ssr,10,age_1_9,5,4,0.0
8,17638,ssr,10,age_1_9,4,5,1.0
8,17638,ssr,10,age_1_9,3,6,1.0
8,17638,ssr,10,age_1_9,2,7,1.0
8,17638,ssr,10,age_1_9,1,8,1.0
8,17638,ssr,10,age_0,0,9,1.0
8,17638,ssr,25,age_10_99,24,0,1.0
8,17638,ssr,25,age_10_99,23,1,0.0
8,17638,ssr,25,age_10_99,22,2,1.0
8,17638,ssr,25,age_10_99,21,3,1.0
8,17638,ssr,25,age_10_99,20,4,0.0
8,17638,ssr,25,age_10_99,19,5,1.0
8,17638,ssr,25,age_10_99,18,6,1.0
8,17638,ssr,25,age_10_99,17,7,1.0
8,17638,ssr,25,age_10_99,16,8,0.0
8,17638,ssr,25,age_10_99,15,9,1.0
8,17638,ssr,25,age_10_99,14,10,1.0
8,17638,ssr,25,age_10_99,13,11,1.0
8,17638,ssr,25,age_10_99,12,12,1.0
8,17638,ssr,25,age_10_99,11,13,1.0
8,17638,ssr,25,age_10_99,10,14,1.0
8,17638,ssr,25,age_1_9,9,15,1.0
8,17638,ssr,25,age_1_9,8,16,1.0
8,17638,ssr,25,age_1_9,7,17,1.0
8,17638,ssr,25,age_1_9,6,18,1.0
8,17638,ssr,25,age_1_9,5,19,1.0
8,17638,ssr,25,age_1_9,4,20,1.0
8,17638,ssr,25,age_1_9,3,21,0.0
8,17638,ssr,25,age_1_9,2,22,1.0
8,17638,ssr,25,age_1_9,1,23,1.0
8,17638,ssr,25,age_0,0,24,1.0
8,17638,ssr,50,age_10_99,49,0,1.0
8,17638,ssr,50,age_10_99,48,1,0.0
8,17638,ssr,50,age_10_99,47,2,0.0
8,17638,ssr,50,age_10_99,46,3,1.0
8,17638,ssr,50,age_10_99,45,4,0.0
8,17638,ssr,50,age_10_99,44,5,1.0
8,17638,ssr,50,age_10_99,43,6,1.0
8,17638,ssr,50,age_10_99,42,7,1.0
8,17638,ssr,50,age_10_99,41,8,0.0
8,17638,ssr,50,age_10_99,40,9,0.0
8,17638,ssr,50,age_10_99,39,10,1.0
8,17638,ssr,50,age_10_99,38,11,1.0
8,17638,ssr,50,age_10_99,37,12,0.0
8,17638,ssr,50,age_10_99,36,13,1.0
8,17638,ssr,50,age_10_99,35,14,1.0
8,17638,ssr,50,age_10_99,34,15,1.0
8,17638,ssr,50,age_10_99,33,16,0.0
8,17638,ssr,50,age_10_99,32,17,1.0
8,17638,ssr,50,age_10_99,31,18,1.0
8,17638,ssr,50,age_10_99,30,19,1.0
8,17638,ssr,50,age_10_99,29,20,1.0
8,17638,ssr,50,age_10_99,28,21,1.0
8,17638,ssr,50,age_10_99,27,22,0.0
8,17638,ssr,50,age_10_99,26,23,0.0
8,17638,ssr,50,age_10_99,25,24,0.0
8,17638,ssr,50,age_10_99,24,25,0.0
8,17638,ssr,50,age_10_99,23,26,1.0
8,17638,ssr,50,age_10_99,22,27,1.0
8,17638,ssr,50,age_10_99,21,28,0.0
8,17638,ssr,50,age_10_99,20,29,0.0
8,17638,ssr,50,age_10_99,19,30,1.0
8,17638,ssr,50,age_10_99,18,31,0.0
8,17638,ssr,50,age_10_99,17,32,1.0
8,17638,ssr,50,age_10_99,16,33,0.0
8,17638,ssr,50,age_10_99,15,34,1.0
8,17638,ssr,50,age_10_99,14,35,1.0
8,17638,ssr,50,age_10_99,13,36,1.0
8,17638,ssr,50,age_10_99,12,37,0.0
8,17638,ssr,50,age_10_99,11,38,1.0
8,17638,ssr,50,age_10_99,10,39,1.0
8,17638,ssr,50,age_1_9,9,40,1.0
8,17638,ssr,50,age_1_9,8,41,1.0
8,17638,ssr,50,age_1_9,7,42,0.0
8,17638,ssr,50,age_1_9,6,43,1.0
8,17638,ssr,50,age_1_9,5,44,1.0
8,17638,ssr,50,age_1_9,4,45,1.0
8,17638,ssr,50,age_1_9,3,46,1.0
8,17638,ssr,50,age_1_9,2,47,1.0
8,17638,ssr,50,age_1_9,1,48,1.0
8,17638,ssr,50,age_0,0,49,1.0
8,17638,ssr,100,age_10_99,99,0,1.0
8,17638,ssr,100,age_10_99,98,1,0.0
8,17638,ssr,100,age_10_99,97,2,0.0
8,17638,ssr,100,age_10_99,96,3,0.0
8,17638,ssr,100,age_10_99,95,4,0.0
8,17638,ssr,100,age_10_99,94,5,1.0
8,17638,ssr,100,age_10_99,93,6,0.0
8,17638,ssr,100,age_10_99,92,7,0.0
8,17638,ssr,100,age_10_99,91,8,0.0
8,17638,ssr,100,age_10_99,90,9,0.0
8,17638,ssr,100,age_10_99,89,10,0.0
8,17638,ssr,100,age_10_99,88,11,0.0
8,17638,ssr,100,age_10_99,87,12,1.0
8,17638,ssr,100,age_10_99,86,13,1.0
8,17638,ssr,100,age_10_99,85,14,1.0
8,17638,ssr,100,age_10_99,84,15,0.0
8,17638,ssr,100,age_10_99,83,16,1.0
8,17638,ssr,100,age_10_99,82,17,0.0
8,17638,ssr,100,age_10_99,81,18,1.0
8,17638,ssr,100,age_10_99,80,19,0.0
8,17638,ssr,100,age_10_99,79,20,0.0
8,17638,ssr,100,age_10_99,78,21,0.0
8,17638,ssr,100,age_10_99,77,22,1.0
8,17638,ssr,100,age_10_99,76,23,0.0
8,17638,ssr,100,age_10_99,75,24,1.0
8,17638,ssr,100,age_10_99,74,25,0.0
8,17638,ssr,100,age_10_99,73,26,1.0
8,17638,ssr,100,age_10_99,72,27,1.0
8,17638,ssr,100,age_10_99,71,28,1.0
8,17638,ssr,100,age_10_99,70,29,0.0
8,17638,ssr,100,age_10_99,69,30,1.0
8,17638,ssr,100,age_10_99,68,31,0.0
8,17638,ssr,100,age_10_99,67,32,0.0
8,17638,ssr,100,age_10_99,66,33,0.0
8,17638,ssr,100,age_10_99,65,34,0.0
8,17638,ssr,100,age_10_99,64,35,0.0
8,17638,ssr,100,age_10_99,63,36,1.0
8,17638,ssr,100,age_10_99,62,37,1.0
8,17638,ssr,100,age_10_99,61,38,1.0
8,17638,ssr,100,age_10_99,60,39,1.0
8,17638,ssr,100,age_10_99,59,40,0.0
8,17638,ssr,100,age_10_99,58,41,1.0
8,17638,ssr,100,age_10_99,57,42,1.0
8,17638,ssr,100,age_10_99,56,43,1.0
8,17638,ssr,100,age_10_99,55,44,1.0
8,17638,ssr,100,age_10_99,54,45,1.0
8,17638,ssr,100,age_10_99,53,46,1.0
8,17638,ssr,100,age_10_99,52,47,0.0
8,17638,ssr,100,age_10_99,51,48,0.0
8,17638,ssr,100,age_10_99,50,49,0.0
8,17638,ssr,100,age_10_99,49,50,0.0
8,17638,ssr,100,age_10_99,48,51,1.0
8,17638,ssr,100,age_10_99,47,52,1.0
8,17638,ssr,100,age_10_99,46,53,1.0
8,17638,ssr,100,age_10_99,45,54,1.0
8,17638,ssr,100,age_10_99,44,55,1.0
8,17638,ssr,100,age_10_99,43,56,1.0
8,17638,ssr,100,age_10_99,42,57,0.0
8,17638,ssr,100,age_10_99,41,58,0.0
8,17638,ssr,100,age_10_99,40,59,1.0
8,17638,ssr,100,age_10_99,39,60,0.0
8,17638,ssr,100,age_10_99,38,61,1.0
8,17638,ssr,100,age_10_99,37,62,0.0
8,17638,ssr,100,age_10_99,36,63,0.0
8,17638,ssr,100,age_10_99,35,64,1.0
8,17638,ssr,100,age_10_99,34,65,1.0
8,17638,ssr,100,age_10_99,33,66,1.0
8,17638,ssr,100,age_10_99,32,67,1.0
8,17638,ssr,100,age_10_99,31,68,1.0
8,17638,ssr,100,age_10_99,30,69,1.0
8,17638,ssr,100,age_10_99,29,70,1.0
8,17638,ssr,100,age_10_99,28,71,1.0
8,17638,ssr,100,age_10_99,27,72,0.0
8,17638,ssr,100,age_10_99,26,73,1.0
8,17638,ssr,100,age_10_99,25,74,0.0
8,17638,ssr,100,age_10_99,24,75,0.0
8,17638,ssr,100,age_10_99,23,76,0.0
8,17638,ssr,100,age_10_99,22,77,1.0
8,17638,ssr,100,age_10_99,21,78,1.0
8,17638,ssr,100,age_10_99,20,79,1.0
8,17638,ssr,100,age_10_99,19,80,1.0
8,17638,ssr,100,age_10_99,18,81,0.0
8,17638,ssr,100,age_10_99,17,82,1.0
8,17638,ssr,100,age_10_99,16,83,0.0
8,17638,ssr,100,age_10_99,15,84,1.0
8,17638,ssr,100,age_10_99,14,85,0.0
8,17638,ssr,100,age_10_99,13,86,0.0
8,17638,ssr,100,age_10_99,12,87,1.0
8,17638,ssr,100,age_10_99,11,88,0.0
8,17638,ssr,100,age_10_99,10,89,0.0
8,17638,ssr,100,age_1_9,9,90,1.0
8,17638,ssr,100,age_1_9,8,91,0.0
8,17638,ssr,100,age_1_9,7,92,0.0
8,17638,ssr,100,age_1_9,6,93,1.0
8,17638,ssr,100,age_1_9,5,94,1.0
8,17638,ssr,100,age_1_9,4,95,1.0
8,17638,ssr,100,age_1_9,3,96,1.0
8,17638,ssr,100,age_1_9,2,97,1.0
8,17638,ssr,100,age_1_9,1,98,1.0
8,17638,ssr,100,age_0,0,99,1.0
8,17639,plain,1,age_0,0,0,1.0
8,17639,plain,2,age_1_9,1,0,1.0
8,17639,plain,2,age_0,0,1,1.0
8,17639,plain,5,age_1_9,4,0,1.0
8,17639,plain,5,age_1_9,3,1,1.0
8,17639,plain,5,age_1_9,2,2,1.0
8,17639,plain,5,age_1_9,1,3,1.0
8,17639,plain,5,age_0,0,4,1.0
8,17639,plain,10,age_1_9,9,0,1.0
8,17639,plain,10,age_1_9,8,1,1.0
8,17639,plain,10,age_1_9,7,2,1.0
8,17639,plain,10,age_1_9,6,3,1.0
8,17639,plain,10,age_1_9,5,4,1.0
8,17639,plain,10,age_1_9,4,5,1.0
8,17639,plain,10,age_1_9,3,6,1.0
8,17639,plain,10,age_1_9,2,7,1.0
8,17639,plain,10,age_1_9,1,8,1.0
8,17639,plain,10,age_0,0,9,1.0
8,17639,plain,25,age_10_99,24,0,1.0
8,17639,plain,25,age_10_99,23,1,0.0
8,17639,plain,25,age_10_99,22,2,0.0
8,17639,plain,25,age_10_99,21,3,1.0
8,17639,plain,25,age_10_99,20,4,0.0
8,17639,plain,25,age_10_99,19,5,1.0
8,17639,plain,25,age_10_99,18,6,1.0
8,17639,plain,25,age_10_99,17,7,1.0
8,17639,plain,25,age_10_99,16,8,1.0
8,17639,plain,25,age_10_99,15,9,1.0
8,17639,plain,25,age_10_99,14,10,1.0
8,17639,plain,25,age_10_99,13,11,1.0
8,17639,plain,25,age_10_99,12,12,1.0
8,17639,plain,25,age_10_99,11,13,1.0
8,17639,plain,25,age_10_99,10,14,0.0
8,17639,plain,25,age_1_9,9,15,1.0
8,17639,plain,25,age_1_9,8,16,1.0
8,17639,plain,25,age_1_9,7,17,1.0
8,17639,plain,25,age_1_9,6,18,1.0
8,17639,plain,25,age_1_9,5,19,1.0
8,17639,plain,25,age_1_9,4,20,1.0
8,17639,plain,25,age_1_9,3,21,0.0
8,17639,plain,25,age_1_9,2,22,1.0
8,17639,plain,25,age_1_9,1,23,1.0
8,17639,plain,25,age_0,0,24,1.0
8,17639,plain,50,age_10_99,49,0,1.0
8,17639,plain,50,age_10_99,48,1,0.0
8,17639,plain,50,age_10_99,47,2,0.0
8,17639,plain,50,age_10_99,46,3,1.0
8,17639,plain,50,age_10_99,45,4,1.0
8,17639,plain,50,age_10_99,44,5,1.0
8,17639,plain,50,age_10_99,43,6,1.0
8,17639,plain,50,age_10_99,42,7,1.0
8,17639,plain,50,age_10_99,41,8,0.0
8,17639,plain,50,age_10_99,40,9,0.0
8,17639,plain,50,age_10_99,39,10,0.0
8,17639,plain,50,age_10_99,38,11,1.0
8,17639,plain,50,age_10_99,37,12,1.0
8,17639,plain,50,age_10_99,36,13,1.0
8,17639,plain,50,age_10_99,35,14,1.0
8,17639,plain,50,age_10_99,34,15,0.0
8,17639,plain,50,age_10_99,33,16,0.0
8,17639,plain,50,age_10_99,32,17,0.0
8,17639,plain,50,age_10_99,31,18,1.0
8,17639,plain,50,age_10_99,30,19,1.0
8,17639,plain,50,age_10_99,29,20,1.0
8,17639,plain,50,age_10_99,28,21,1.0
8,17639,plain,50,age_10_99,27,22,0.0
8,17639,plain,50,age_10_99,26,23,1.0
8,17639,plain,50,age_10_99,25,24,0.0
8,17639,plain,50,age_10_99,24,25,1.0
8,17639,plain,50,age_10_99,23,26,1.0
8,17639,plain,50,age_10_99,22,27,1.0
8,17639,plain,50,age_10_99,21,28,1.0
8,17639,plain,50,age_10_99,20,29,0.0
8,17639,plain,50,age_10_99,19,30,1.0
8,17639,plain,50,age_10_99,18,31,0.0
8,17639,plain,50,age_10_99,17,32,1.0
8,17639,plain,50,age_10_99,16,33,1.0
8,17639,plain,50,age_10_99,15,34,1.0
8,17639,plain,50,age_10_99,14,35,0.0
8,17639,plain,50,age_10_99,13,36,0.0
8,17639,plain,50,age_10_99,12,37,0.0
8,17639,plain,50,age_10_99,11,38,1.0
8,17639,plain,50,age_10_99,10,39,1.0
8,17639,plain,50,age_1_9,9,40,1.0
8,17639,plain,50,age_1_9,8,41,1.0
8,17639,plain,50,age_1_9,7,42,1.0
8,17639,plain,50,age_1_9,6,43,0.0
8,17639,plain,50,age_1_9,5,44,0.0
8,17639,plain,50,age_1_9,4,45,1.0
8,17639,plain,50,age_1_9,3,46,1.0
8,17639,plain,50,age_1_9,2,47,1.0
8,17639,plain,50,age_1_9,1,48,1.0
8,17639,plain,50,age_0,0,49,1.0
8,17639,plain,100,age_10_99,99,0,1.0
8,17639,plain,100,age_10_99,98,1,0.0
8,17639,plain,100,age_10_99,97,2,0.0
8,17639,plain,100,age_10_99,96,3,0.0
8,17639,plain,100,age_10_99,95,4,0.0
8,17639,plain,100,age_10_99,94,5,0.0
8,17639,plain,100,age_10_99,93,6,0.0
8,17639,plain,100,age_10_99,92,7,0.0
8,17639,plain,100,age_10_99,91,8,0.0
8,17639,plain,100,age_10_99,90,9,0.0
8,17639,plain,100,age_10_99,89,10,0.0
8,17639,plain,100,age_10_99,88,11,0.0
8,17639,plain,100,age_10_99,87,12,0.0
8,17639,plain,100,age_10_99,86,13,1.0
8,17639,plain,100,age_10_99,85,14,1.0
8,17639,plain,100,age_10_99,84,15,0.0
8,17639,plain,100,age_10_99,83,16,0.0
8,17639,plain,100,age_10_99,82,17,0.0
8,17639,plain,100,age_10_99,81,18,0.0
8,17639,plain,100,age_10_99,80,19,0.0
8,17639,plain,100,age_10_99,79,20,0.0
8,17639,plain,100,age_10_99,78,21,0.0
8,17639,plain,100,age_10_99,77,22,0.0
8,17639,plain,100,age_10_99,76,23,0.0
8,17639,plain,100,age_10_99,75,24,0.0
8,17639,plain,100,age_10_99,74,25,0.0
8,17639,plain,100,age_10_99,73,26,1.0
8,17639,plain,100,age_10_99,72,27,0.0
8,17639,plain,100,age_10_99,71,28,1.0
8,17639,plain,100,age_10_99,70,29,0.0
8,17639,plain,100,age_10_99,69,30,0.0
8,17639,plain,100,age_10_99,68,31,0.0
8,17639,plain,100,age_10_99,67,32,0.0
8,17639,plain,100,age_10_99,66,33,0.0
8,17639,plain,100,age_10_99,65,34,0.0
8,17639,plain,100,age_10_99,64,35,0.0
8,17639,plain,100,age_10_99,63,36,1.0
8,17639,plain,100,age_10_99,62,37,0.0
8,17639,plain,100,age_10_99,61,38,0.0
8,17639,plain,100,age_10_99,60,39,0.0
8,17639,plain,100,age_10_99,59,40,1.0
8,17639,plain,100,age_10_99,58,41,1.0
8,17639,plain,100,age_10_99,57,42,1.0
8,17639,plain,100,age_10_99,56,43,0.0
8,17639,plain,100,age_10_99,55,44,0.0
8,17639,plain,100,age_10_99,54,45,0.0
8,17639,plain,100,age_10_99,53,46,0.0
8,17639,plain,100,age_10_99,52,47,0.0
8,17639,plain,100,age_10_99,51,48,0.0
8,17639,plain,100,age_10_99,50,49,0.0
8,17639,plain,100,age_10_99,49,50,0.0
8,17639,plain,100,age_10_99,48,51,0.0
8,17639,plain,100,age_10_99,47,52,0.0
8,17639,plain,100,age_10_99,46,53,0.0
8,17639,plain,100,age_10_99,45,54,1.0
8,17639,plain,100,age_10_99,44,55,0.0
8,17639,plain,100,age_10_99,43,56,1.0
8,17639,plain,100,age_10_99,42,57,1.0
8,17639,plain,100,age_10_99,41,58,0.0
8,17639,plain,100,age_10_99,40,59,0.0
8,17639,plain,100,age_10_99,39,60,0.0
8,17639,plain,100,age_10_99,38,61,0.0
8,17639,plain,100,age_10_99,37,62,0.0
8,17639,plain,100,age_10_99,36,63,1.0
8,17639,plain,100,age_10_99,35,64,0.0
8,17639,plain,100,age_10_99,34,65,0.0
8,17639,plain,100,age_10_99,33,66,1.0
8,17639,plain,100,age_10_99,32,67,0.0
8,17639,plain,100,age_10_99,31,68,0.0
8,17639,plain,100,age_10_99,30,69,0.0
8,17639,plain,100,age_10_99,29,70,1.0
8,17639,plain,100,age_10_99,28,71,0.0
8,17639,plain,100,age_10_99,27,72,0.0
8,17639,plain,100,age_10_99,26,73,0.0
8,17639,plain,100,age_10_99,25,74,0.0
8,17639,plain,100,age_10_99,24,75,0.0
8,17639,plain,100,age_10_99,23,76,1.0
8,17639,plain,100,age_10_99,22,77,0.0
8,17639,plain,100,age_10_99,21,78,0.0
8,17639,plain,100,age_10_99,20,79,0.0
8,17639,plain,100,age_10_99,19,80,0.0
8,17639,plain,100,age_10_99,18,81,1.0
8,17639,plain,100,age_10_99,17,82,0.0
8,17639,plain,100,age_10_99,16,83,1.0
8,17639,plain,100,age_10_99,15,84,1.0
8,17639,plain,100,age_10_99,14,85,0.0
8,17639,plain,100,age_10_99,13,86,0.0
8,17639,plain,100,age_10_99,12,87,0.0
8,17639,plain,100,age_10_99,11,88,0.0
8,17639,plain,100,age_10_99,10,89,0.0
8,17639,plain,100,age_1_9,9,90,0.0
8,17639,plain,100,age_1_9,8,91,0.0
8,17639,plain,100,age_1_9,7,92,1.0
8,17639,plain,100,age_1_9,6,93,0.0
8,17639,plain,100,age_1_9,5,94,0.0
8,17639,plain,100,age_1_9,4,95,0.0
8,17639,plain,100,age_1_9,3,96,1.0
8,17639,plain,100,age_1_9,2,97,0.0
8,17639,plain,100,age_1_9,1,98,1.0
8,17639,plain,100,age_0,0,99,1.0
8,17639,ssr,1,age_0,0,0,1.0
8,17639,ssr,2,age_1_9,1,0,1.0
8,17639,ssr,2,age_0,0,1,1.0
8,17639,ssr,5,age_1_9,4,0,1.0
8,17639,ssr,5,age_1_9,3,1,1.0
8,17639,ssr,5,age_1_9,2,2,1.0
8,17639,ssr,5,age_1_9,1,3,1.0
8,17639,ssr,5,age_0,0,4,1.0
8,17639,ssr,10,age_1_9,9,0,1.0
8,17639,ssr,10,age_1_9,8,1,1.0
8,17639,ssr,10,age_1_9,7,2,1.0
8,17639,ssr,10,age_1_9,6,3,1.0
8,17639,ssr,10,age_1_9,5,4,0.0
8,17639,ssr,10,age_1_9,4,5,1.0
8,17639,ssr,10,age_1_9,3,6,1.0
8,17639,ssr,10,age_1_9,2,7,1.0
8,17639,ssr,10,age_1_9,1,8,1.0
8,17639,ssr,10,age_0,0,9,1.0
8,17639,ssr,25,age_10_99,24,0,1.0
8,17639,ssr,25,age_10_99,23,1,1.0
8,17639,ssr,25,age_10_99,22,2,0.0
8,17639,ssr,25,age_10_99,21,3,1.0
8,17639,ssr,25,age_10_99,20,4,1.0
8,17639,ssr,25,age_10_99,19,5,1.0
8,17639,ssr,25,age_10_99,18,6,1.0
8,17639,ssr,25,age_10_99,17,7,1.0
8,17639,ssr,25,age_10_99,16,8,1.0
8,17639,ssr,25,age_10_99,15,9,1.0
8,17639,ssr,25,age_10_99,14,10,1.0
8,17639,ssr,25,age_10_99,13,11,1.0
8,17639,ssr,25,age_10_99,12,12,1.0
8,17639,ssr,25,age_10_99,11,13,1.0
8,17639,ssr,25,age_10_99,10,14,1.0
8,17639,ssr,25,age_1_9,9,15,1.0
8,17639,ssr,25,age_1_9,8,16,1.0
8,17639,ssr,25,age_1_9,7,17,1.0
8,17639,ssr,25,age_1_9,6,18,1.0
8,17639,ssr,25,age_1_9,5,19,1.0
8,17639,ssr,25,age_1_9,4,20,1.0
8,17639,ssr,25,age_1_9,3,21,1.0
8,17639,ssr,25,age_1_9,2,22,1.0
8,17639,ssr,25,age_1_9,1,23,1.0
8,17639,ssr,25,age_0,0,24,1.0
8,17639,ssr,50,age_10_99,49,0,1.0
8,17639,ssr,50,age_10_99,48,1,0.0
8,17639,ssr,50,age_10_99,47,2,0.0
8,17639,ssr,50,age_10_99,46,3,1.0
8,17639,ssr,50,age_10_99,45,4,1.0
8,17639,ssr,50,age_10_99,44,5,0.0
8,17639,ssr,50,age_10_99,43,6,1.0
8,17639,ssr,50,age_10_99,42,7,1.0
8,17639,ssr,50,age_10_99,41,8,0.0
8,17639,ssr,50,age_10_99,40,9,1.0
8,17639,ssr,50,age_10_99,39,10,0.0
8,17639,ssr,50,age_10_99,38,11,0.0
8,17639,ssr,50,age_10_99,37,12,1.0
8,17639,ssr,50,age_10_99,36,13,1.0
8,17639,ssr,50,age_10_99,35,14,1.0
8,17639,ssr,50,age_10_99,34,15,0.0
8,17639,ssr,50,age_10_99,33,16,0.0
8,17639,ssr,50,age_10_99,32,17,1.0
8,17639,ssr,50,age_10_99,31,18,1.0
8,17639,ssr,50,age_10_99,30,19,0.0
8,17639,ssr,50,age_10_99,29,20,1.0
8,17639,ssr,50,age_10_99,28,21,1.0
8,17639,ssr,50,age_10_99,27,22,0.0
8,17639,ssr,50,age_10_99,26,23,0.0
8,17639,ssr,50,age_10_99,25,24,0.0
8,17639,ssr,50,age_10_99,24,25,0.0
8,17639,ssr,50,age_10_99,23,26,1.0
8,17639,ssr,50,age_10_99,22,27,1.0
8,17639,ssr,50,age_10_99,21,28,1.0
8,17639,ssr,50,age_10_99,20,29,1.0
8,17639,ssr,50,age_10_99,19,30,1.0
8,17639,ssr,50,age_10_99,18,31,1.0
8,17639,ssr,50,age_10_99,17,32,1.0
8,17639,ssr,50,age_10_99,16,33,1.0
8,17639,ssr,50,age_10_99,15,34,1.0
8,17639,ssr,50,age_10_99,14,35,0.0
8,17639,ssr,50,age_10_99,13,36,0.0
8,17639,ssr,50,age_10_99,12,37,0.0
8,17639,ssr,50,age_10_99,11,38,0.0
8,17639,ssr,50,age_10_99,10,39,1.0
8,17639,ssr,50,age_1_9,9,40,1.0
8,17639,ssr,50,age_1_9,8,41,1.0
8,17639,ssr,50,age_1_9,7,42,0.0
8,17639,ssr,50,age_1_9,6,43,0.0
8,17639,ssr,50,age_1_9,5,44,0.0
8,17639,ssr,50,age_1_9,4,45,0.0
8,17639,ssr,50,age_1_9,3,46,1.0
8,17639,ssr,50,age_1_9,2,47,0.0
8,17639,ssr,50,age_1_9,1,48,1.0
8,17639,ssr,50,age_0,0,49,1.0
8,17639,ssr,100,age_10_99,99,0,1.0
8,17639,ssr,100,age_10_99,98,1,0.0
8,17639,ssr,100,age_10_99,97,2,0.0
8,17639,ssr,100,age_10_99,96,3,0.0
8,17639,ssr,100,age_10_99,95,4,1.0
8,17639,ssr,100,age_10_99,94,5,0.0
8,17639,ssr,100,age_10_99,93,6,0.0
8,17639,ssr,100,age_10_99,92,7,0.0
8,17639,ssr,100,age_10_99,91,8,1.0
8,17639,ssr,100,age_10_99,90,9,1.0
8,17639,ssr,100,age_10_99,89,10,0.0
8,17639,ssr,100,age_10_99,88,11,0.0
8,17639,ssr,100,age_10_99,87,12,0.0
8,17639,ssr,100,age_10_99,86,13,1.0
8,17639,ssr,100,age_10_99,85,14,1.0
8,17639,ssr,100,age_10_99,84,15,0.0
8,17639,ssr,100,age_10_99,83,16,0.0
8,17639,ssr,100,age_10_99,82,17,0.0
8,17639,ssr,100,age_10_99,81,18,0.0
8,17639,ssr,100,age_10_99,80,19,0.0
8,17639,ssr,100,age_10_99,79,20,0.0
8,17639,ssr,100,age_10_99,78,21,0.0
8,17639,ssr,100,age_10_99,77,22,0.0
8,17639,ssr,100,age_10_99,76,23,0.0
8,17639,ssr,100,age_10_99,75,24,0.0
8,17639,ssr,100,age_10_99,74,25,0.0
8,17639,ssr,100,age_10_99,73,26,1.0
8,17639,ssr,100,age_10_99,72,27,1.0
8,17639,ssr,100,age_10_99,71,28,1.0
8,17639,ssr,100,age_10_99,70,29,0.0
8,17639,ssr,100,age_10_99,69,30,0.0
8,17639,ssr,100,age_10_99,68,31,0.0
8,17639,ssr,100,age_10_99,67,32,0.0
8,17639,ssr,100,age_10_99,66,33,0.0
8,17639,ssr,100,age_10_99,65,34,0.0
8,17639,ssr,100,age_10_99,64,35,0.0
8,17639,ssr,100,age_10_99,63,36,0.0
8,17639,ssr,100,age_10_99,62,37,0.0
8,17639,ssr,100,age_10_99,61,38,1.0
8,17639,ssr,100,age_10_99,60,39,1.0
8,17639,ssr,100,age_10_99,59,40,1.0
8,17639,ssr,100,age_10_99,58,41,1.0
8,17639,ssr,100,age_10_99,57,42,1.0
8,17639,ssr,100,age_10_99,56,43,0.0
8,17639,ssr,100,age_10_99,55,44,0.0
8,17639,ssr,100,age_10_99,54,45,1.0
8,17639,ssr,100,age_10_99,53,46,0.0
8,17639,ssr,100,age_10_99,52,47,0.0
8,17639,ssr,100,age_10_99,51,48,1.0
8,17639,ssr,100,age_10_99,50,49,1.0
8,17639,ssr,100,age_10_99,49,50,1.0
8,17639,ssr,100,age_10_99,48,51,1.0
8,17639,ssr,100,age_10_99,47,52,0.0
8,17639,ssr,100,age_10_99,46,53,1.0
8,17639,ssr,100,age_10_99,45,54,1.0
8,17639,ssr,100,age_10_99,44,55,1.0
8,17639,ssr,100,age_10_99,43,56,1.0
8,17639,ssr,100,age_10_99,42,57,1.0
8,17639,ssr,100,age_10_99,41,58,0.0
8,17639,ssr,100,age_10_99,40,59,0.0
8,17639,ssr,100,age_10_99,39,60,0.0
8,17639,ssr,100,age_10_99,38,61,0.0
8,17639,ssr,100,age_10_99,37,62,1.0
8,17639,ssr,100,age_10_99,36,63,0.0
8,17639,ssr,100,age_10_99,35,64,0.0
8,17639,ssr,100,age_10_99,34,65,0.0
8,17639,ssr,100,age_10_99,33,66,0.0
8,17639,ssr,100,age_10_99,32,67,1.0
8,17639,ssr,100,age_10_99,31,68,1.0
8,17639,ssr,100,age_10_99,30,69,0.0
8,17639,ssr,100,age_10_99,29,70,1.0
8,17639,ssr,100,age_10_99,28,71,0.0
8,17639,ssr,100,age_10_99,27,72,1.0
8,17639,ssr,100,age_10_99,26,73,0.0
8,17639,ssr,100,age_10_99,25,74,0.0
8,17639,ssr,100,age_10_99,24,75,0.0
8,17639,ssr,100,age_10_99,23,76,1.0
8,17639,ssr,100,age_10_99,22,77,0.0
8,17639,ssr,100,age_10_99,21,78,0.0
8,17639,ssr,100,age_10_99,20,79,1.0
8,17639,ssr,100,age_10_99,19,80,0.0
8,17639,ssr,100,age_10_99,18,81,1.0
8,17639,ssr,100,age_10_99,17,82,0.0
8,17639,ssr,100,age_10_99,16,83,1.0
8,17639,ssr,100,age_10_99,15,84,1.0
8,17639,ssr,100,age_10_99,14,85,0.0
8,17639,ssr,100,age_10_99,13,86,1.0
8,17639,ssr,100,age_10_99,12,87,0.0
8,17639,ssr,100,age_10_99,11,88,0.0
8,17639,ssr,100,age_10_99,10,89,0.0
8,17639,ssr,100,age_1_9,9,90,1.0
8,17639,ssr,100,age_1_9,8,91,1.0
8,17639,ssr,100,age_1_9,7,92,1.0
8,17639,ssr,100,age_1_9,6,93,1.0
8,17639,ssr,100,age_1_9,5,94,1.0
8,17639,ssr,100,age_1_9,4,95,0.0
8,17639,ssr,100,age_1_9,3,96,1.0
8,17639,ssr,100,age_1_9,2,97,1.0
8,17639,ssr,100,age_1_9,1,98,1.0
8,17639,ssr,100,age_0,0,99,1.0
8,17640,plain,1,age_0,0,0,1.0
8,17640,plain,2,age_1_9,1,0,1.0
8,17640,plain,2,age_0,0,1,1.0
8,17640,plain,5,age_1_9,4,0,1.0
8,17640,plain,5,age_1_9,3,1,1.0
8,17640,plain,5,age_1_9,2,2,1.0
8,17640,plain,5,age_1_9,1,3,1.0
8,17640,plain,5,age_0,0,4,1.0
8,17640,plain,10,age_1_9,9,0,1.0
8,17640,plain,10,age_1_9,8,1,1.0
8,17640,plain,10,age_1_9,7,2,1.0
8,17640,plain,10,age_1_9,6,3,1.0
8,17640,plain,10,age_1_9,5,4,1.0
8,17640,plain,10,age_1_9,4,5,1.0
8,17640,plain,10,age_1_9,3,6,1.0
8,17640,plain,10,age_1_9,2,7,1.0
8,17640,plain,10,age_1_9,1,8,1.0
8,17640,plain,10,age_0,0,9,1.0
8,17640,plain,25,age_10_99,24,0,1.0
8,17640,plain,25,age_10_99,23,1,1.0
8,17640,plain,25,age_10_99,22,2,1.0
8,17640,plain,25,age_10_99,21,3,1.0
8,17640,plain,25,age_10_99,20,4,1.0
8,17640,plain,25,age_10_99,19,5,1.0
8,17640,plain,25,age_10_99,18,6,1.0
8,17640,plain,25,age_10_99,17,7,1.0
8,17640,plain,25,age_10_99,16,8,1.0
8,17640,plain,25,age_10_99,15,9,1.0
8,17640,plain,25,age_10_99,14,10,1.0
8,17640,plain,25,age_10_99,13,11,0.0
8,17640,plain,25,age_10_99,12,12,1.0
8,17640,plain,25,age_10_99,11,13,1.0
8,17640,plain,25,age_10_99,10,14,1.0
8,17640,plain,25,age_1_9,9,15,1.0
8,17640,plain,25,age_1_9,8,16,1.0
8,17640,plain,25,age_1_9,7,17,1.0
8,17640,plain,25,age_1_9,6,18,1.0
8,17640,plain,25,age_1_9,5,19,1.0
8,17640,plain,25,age_1_9,4,20,1.0
8,17640,plain,25,age_1_9,3,21,1.0
8,17640,plain,25,age_1_9,2,22,1.0
8,17640,plain,25,age_1_9,1,23,1.0
8,17640,plain,25,age_0,0,24,1.0
8,17640,plain,50,age_10_99,49,0,1.0
8,17640,plain,50,age_10_99,48,1,0.0
8,17640,plain,50,age_10_99,47,2,1.0
8,17640,plain,50,age_10_99,46,3,0.0
8,17640,plain,50,age_10_99,45,4,0.0
8,17640,plain,50,age_10_99,44,5,0.0
8,17640,plain,50,age_10_99,43,6,1.0
8,17640,plain,50,age_10_99,42,7,1.0
8,17640,plain,50,age_10_99,41,8,1.0
8,17640,plain,50,age_10_99,40,9,0.0
8,17640,plain,50,age_10_99,39,10,0.0
8,17640,plain,50,age_10_99,38,11,0.0
8,17640,plain,50,age_10_99,37,12,1.0
8,17640,plain,50,age_10_99,36,13,1.0
8,17640,plain,50,age_10_99,35,14,1.0
8,17640,plain,50,age_10_99,34,15,0.0
8,17640,plain,50,age_10_99,33,16,0.0
8,17640,plain,50,age_10_99,32,17,0.0
8,17640,plain,50,age_10_99,31,18,1.0
8,17640,plain,50,age_10_99,30,19,1.0
8,17640,plain,50,age_10_99,29,20,1.0
8,17640,plain,50,age_10_99,28,21,1.0
8,17640,plain,50,age_10_99,27,22,1.0
8,17640,plain,50,age_10_99,26,23,1.0
8,17640,plain,50,age_10_99,25,24,1.0
8,17640,plain,50,age_10_99,24,25,1.0
8,17640,plain,50,age_10_99,23,26,1.0
8,17640,plain,50,age_10_99,22,27,1.0
8,17640,plain,50,age_10_99,21,28,1.0
8,17640,plain,50,age_10_99,20,29,1.0
8,17640,plain,50,age_10_99,19,30,1.0
8,17640,plain,50,age_10_99,18,31,0.0
8,17640,plain,50,age_10_99,17,32,1.0
8,17640,plain,50,age_10_99,16,33,1.0
8,17640,plain,50,age_10_99,15,34,1.0
8,17640,plain,50,age_10_99,14,35,1.0
8,17640,plain,50,age_10_99,13,36,0.0
8,17640,plain,50,age_10_99,12,37,0.0
8,17640,plain,50,age_10_99,11,38,1.0
8,17640,plain,50,age_10_99,10,39,0.0
8,17640,plain,50,age_1_9,9,40,0.0
8,17640,plain,50,age_1_9,8,41,1.0
8,17640,plain,50,age_1_9,7,42,1.0
8,17640,plain,50,age_1_9,6,43,0.0
8,17640,plain,50,age_1_9,5,44,1.0
8,17640,plain,50,age_1_9,4,45,0.0
8,17640,plain,50,age_1_9,3,46,1.0
8,17640,plain,50,age_1_9,2,47,1.0
8,17640,plain,50,age_1_9,1,48,1.0
8,17640,plain,50,age_0,0,49,1.0
8,17640,plain,100,age_10_99,99,0,1.0
8,17640,plain,100,age_10_99,98,1,0.0
8,17640,plain,100,age_10_99,97,2,0.0
8,17640,plain,100,age_10_99,96,3,0.0
8,17640,plain,100,age_10_99,95,4,0.0
8,17640,plain,100,age_10_99,94,5,0.0
8,17640,plain,100,age_10_99,93,6,0.0
8,17640,plain,100,age_10_99,92,7,1.0
8,17640,plain,100,age_10_99,91,8,0.0
8,17640,plain,100,age_10_99,90,9,1.0
8,17640,plain,100,age_10_99,89,10,0.0
8,17640,plain,100,age_10_99,88,11,0.0
8,17640,plain,100,age_10_99,87,12,0.0
8,17640,plain,100,age_10_99,86,13,0.0
8,17640,plain,100,age_10_99,85,14,1.0
8,17640,plain,100,age_10_99,84,15,0.0
8,17640,plain,100,age_10_99,83,16,0.0
8,17640,plain,100,age_10_99,82,17,0.0
8,17640,plain,100,age_10_99,81,18,0.0
8,17640,plain,100,age_10_99,80,19,1.0
8,17640,plain,100,age_10_99,79,20,0.0
8,17640,plain,100,age_10_99,78,21,1.0
8,17640,plain,100,age_10_99,77,22,1.0
8,17640,plain,100,age_10_99,76,23,1.0
8,17640,plain,100,age_10_99,75,24,0.0
8,17640,plain,100,age_10_99,74,25,0.0
8,17640,plain,100,age_10_99,73,26,0.0
8,17640,plain,100,age_10_99,72,27,0.0
8,17640,plain,100,age_10_99,71,28,1.0
8,17640,plain,100,age_10_99,70,29,1.0
8,17640,plain,100,age_10_99,69,30,1.0
8,17640,plain,100,age_10_99,68,31,0.0
8,17640,plain,100,age_10_99,67,32,0.0
8,17640,plain,100,age_10_99,66,33,1.0
8,17640,plain,100,age_10_99,65,34,0.0
8,17640,plain,100,age_10_99,64,35,0.0
8,17640,plain,100,age_10_99,63,36,1.0
8,17640,plain,100,age_10_99,62,37,0.0
8,17640,plain,100,age_10_99,61,38,1.0
8,17640,plain,100,age_10_99,60,39,0.0
8,17640,plain,100,age_10_99,59,40,0.0
8,17640,plain,100,age_10_99,58,41,0.0
8,17640,plain,100,age_10_99,57,42,1.0
8,17640,plain,100,age_10_99,56,43,0.0
8,17640,plain,100,age_10_99,55,44,0.0
8,17640,plain,100,age_10_99,54,45,1.0
8,17640,plain,100,age_10_99,53,46,0.0
8,17640,plain,100,age_10_99,52,47,1.0
8,17640,plain,100,age_10_99,51,48,0.0
8,17640,plain,100,age_10_99,50,49,0.0
8,17640,plain,100,age_10_99,49,50,0.0
8,17640,plain,100,age_10_99,48,51,0.0
8,17640,plain,100,age_10_99,47,52,0.0
8,17640,plain,100,age_10_99,46,53,1.0
8,17640,plain,100,age_10_99,45,54,1.0
8,17640,plain,100,age_10_99,44,55,1.0
8,17640,plain,100,age_10_99,43,56,1.0
8,17640,plain,100,age_10_99,42,57,0.0
8,17640,plain,100,age_10_99,41,58,0.0
8,17640,plain,100,age_10_99,40,59,0.0
8,17640,plain,100,age_10_99,39,60,0.0
8,17640,plain,100,age_10_99,38,61,0.0
8,17640,plain,100,age_10_99,37,62,0.0
8,17640,plain,100,age_10_99,36,63,1.0
8,17640,plain,100,age_10_99,35,64,0.0
8,17640,plain,100,age_10_99,34,65,0.0
8,17640,plain,100,age_10_99,33,66,1.0
8,17640,plain,100,age_10_99,32,67,0.0
8,17640,plain,100,age_10_99,31,68,0.0
8,17640,plain,100,age_10_99,30,69,1.0
8,17640,plain,100,age_10_99,29,70,1.0
8,17640,plain,100,age_10_99,28,71,0.0
8,17640,plain,100,age_10_99,27,72,0.0
8,17640,plain,100,age_10_99,26,73,1.0
8,17640,plain,100,age_10_99,25,74,1.0
8,17640,plain,100,age_10_99,24,75,0.0
8,17640,plain,100,age_10_99,23,76,1.0
8,17640,plain,100,age_10_99,22,77,1.0
8,17640,plain,100,age_10_99,21,78,0.0
8,17640,plain,100,age_10_99,20,79,1.0
8,17640,plain,100,age_10_99,19,80,0.0
8,17640,plain,100,age_10_99,18,81,0.0
8,17640,plain,100,age_10_99,17,82,0.0
8,17640,plain,100,age_10_99,16,83,0.0
8,17640,plain,100,age_10_99,15,84,1.0
8,17640,plain,100,age_10_99,14,85,1.0
8,17640,plain,100,age_10_99,13,86,0.0
8,17640,plain,100,age_10_99,12,87,0.0
8,17640,plain,100,age_10_99,11,88,0.0
8,17640,plain,100,age_10_99,10,89,0.0
8,17640,plain,100,age_1_9,9,90,0.0
8,17640,plain,100,age_1_9,8,91,0.0
8,17640,plain,100,age_1_9,7,92,1.0
8,17640,plain,100,age_1_9,6,93,0.0
8,17640,plain,100,age_1_9,5,94,0.0
8,17640,plain,100,age_1_9,4,95,0.0
8,17640,plain,100,age_1_9,3,96,1.0
8,17640,plain,100,age_1_9,2,97,1.0
8,17640,plain,100,age_1_9,1,98,1.0
8,17640,plain,100,age_0,0,99,1.0
8,17640,ssr,1,age_0,0,0,1.0
8,17640,ssr,2,age_1_9,1,0,1.0
8,17640,ssr,2,age_0,0,1,1.0
8,17640,ssr,5,age_1_9,4,0,1.0
8,17640,ssr,5,age_1_9,3,1,1.0
8,17640,ssr,5,age_1_9,2,2,1.0
8,17640,ssr,5,age_1_9,1,3,1.0
8,17640,ssr,5,age_0,0,4,1.0
8,17640,ssr,10,age_1_9,9,0,1.0
8,17640,ssr,10,age_1_9,8,1,1.0
8,17640,ssr,10,age_1_9,7,2,1.0
8,17640,ssr,10,age_1_9,6,3,1.0
8,17640,ssr,10,age_1_9,5,4,1.0
8,17640,ssr,10,age_1_9,4,5,1.0
8,17640,ssr,10,age_1_9,3,6,1.0
8,17640,ssr,10,age_1_9,2,7,1.0
8,17640,ssr,10,age_1_9,1,8,1.0
8,17640,ssr,10,age_0,0,9,1.0
8,17640,ssr,25,age_10_99,24,0,1.0
8,17640,ssr,25,age_10_99,23,1,1.0
8,17640,ssr,25,age_10_99,22,2,0.0
8,17640,ssr,25,age_10_99,21,3,1.0
8,17640,ssr,25,age_10_99,20,4,1.0
8,17640,ssr,25,age_10_99,19,5,1.0
8,17640,ssr,25,age_10_99,18,6,1.0
8,17640,ssr,25,age_10_99,17,7,1.0
8,17640,ssr,25,age_10_99,16,8,1.0
8,17640,ssr,25,age_10_99,15,9,1.0
8,17640,ssr,25,age_10_99,14,10,1.0
8,17640,ssr,25,age_10_99,13,11,1.0
8,17640,ssr,25,age_10_99,12,12,1.0
8,17640,ssr,25,age_10_99,11,13,1.0
8,17640,ssr,25,age_10_99,10,14,1.0
8,17640,ssr,25,age_1_9,9,15,1.0
8,17640,ssr,25,age_1_9,8,16,1.0
8,17640,ssr,25,age_1_9,7,17,1.0
8,17640,ssr,25,age_1_9,6,18,0.0
8,17640,ssr,25,age_1_9,5,19,1.0
8,17640,ssr,25,age_1_9,4,20,1.0
8,17640,ssr,25,age_1_9,3,21,1.0
8,17640,ssr,25,age_1_9,2,22,1.0
8,17640,ssr,25,age_1_9,1,23,1.0
8,17640,ssr,25,age_0,0,24,1.0
8,17640,ssr,50,age_10_99,49,0,1.0
8,17640,ssr,50,age_10_99,48,1,0.0
8,17640,ssr,50,age_10_99,47,2,1.0
8,17640,ssr,50,age_10_99,46,3,0.0
8,17640,ssr,50,age_10_99,45,4,1.0
8,17640,ssr,50,age_10_99,44,5,1.0
8,17640,ssr,50,age_10_99,43,6,1.0
8,17640,ssr,50,age_10_99,42,7,1.0
8,17640,ssr,50,age_10_99,41,8,0.0
8,17640,ssr,50,age_10_99,40,9,0.0
8,17640,ssr,50,age_10_99,39,10,0.0
8,17640,ssr,50,age_10_99,38,11,1.0
8,17640,ssr,50,age_10_99,37,12,1.0
8,17640,ssr,50,age_10_99,36,13,1.0
8,17640,ssr,50,age_10_99,35,14,1.0
8,17640,ssr,50,age_10_99,34,15,0.0
8,17640,ssr,50,age_10_99,33,16,0.0
8,17640,ssr,50,age_10_99,32,17,1.0
8,17640,ssr,50,age_10_99,31,18,1.0
8,17640,ssr,50,age_10_99,30,19,1.0
8,17640,ssr,50,age_10_99,29,20,1.0
8,17640,ssr,50,age_10_99,28,21,1.0
8,17640,ssr,50,age_10_99,27,22,1.0
8,17640,ssr,50,age_10_99,26,23,1.0
8,17640,ssr,50,age_10_99,25,24,1.0
8,17640,ssr,50,age_10_99,24,25,0.0
8,17640,ssr,50,age_10_99,23,26,1.0
8,17640,ssr,50,age_10_99,22,27,1.0
8,17640,ssr,50,age_10_99,21,28,1.0
8,17640,ssr,50,age_10_99,20,29,1.0
8,17640,ssr,50,age_10_99,19,30,1.0
8,17640,ssr,50,age_10_99,18,31,0.0
8,17640,ssr,50,age_10_99,17,32,1.0
8,17640,ssr,50,age_10_99,16,33,1.0
8,17640,ssr,50,age_10_99,15,34,1.0
8,17640,ssr,50,age_10_99,14,35,0.0
8,17640,ssr,50,age_10_99,13,36,0.0
8,17640,ssr,50,age_10_99,12,37,0.0
8,17640,ssr,50,age_10_99,11,38,1.0
8,17640,ssr,50,age_10_99,10,39,1.0
8,17640,ssr,50,age_1_9,9,40,0.0
8,17640,ssr,50,age_1_9,8,41,1.0
8,17640,ssr,50,age_1_9,7,42,0.0
8,17640,ssr,50,age_1_9,6,43,1.0
8,17640,ssr,50,age_1_9,5,44,1.0
8,17640,ssr,50,age_1_9,4,45,0.0
8,17640,ssr,50,age_1_9,3,46,1.0
8,17640,ssr,50,age_1_9,2,47,1.0
8,17640,ssr,50,age_1_9,1,48,1.0
8,17640,ssr,50,age_0,0,49,1.0
8,17640,ssr,100,age_10_99,99,0,1.0
8,17640,ssr,100,age_10_99,98,1,0.0
8,17640,ssr,100,age_10_99,97,2,1.0
8,17640,ssr,100,age_10_99,96,3,0.0
8,17640,ssr,100,age_10_99,95,4,0.0
8,17640,ssr,100,age_10_99,94,5,0.0
8,17640,ssr,100,age_10_99,93,6,0.0
8,17640,ssr,100,age_10_99,92,7,0.0
8,17640,ssr,100,age_10_99,91,8,0.0
8,17640,ssr,100,age_10_99,90,9,0.0
8,17640,ssr,100,age_10_99,89,10,0.0
8,17640,ssr,100,age_10_99,88,11,0.0
8,17640,ssr,100,age_10_99,87,12,0.0
8,17640,ssr,100,age_10_99,86,13,1.0
8,17640,ssr,100,age_10_99,85,14,1.0
8,17640,ssr,100,age_10_99,84,15,0.0
8,17640,ssr,100,age_10_99,83,16,0.0
8,17640,ssr,100,age_10_99,82,17,0.0
8,17640,ssr,100,age_10_99,81,18,0.0
8,17640,ssr,100,age_10_99,80,19,0.0
8,17640,ssr,100,age_10_99,79,20,0.0
8,17640,ssr,100,age_10_99,78,21,1.0
8,17640,ssr,100,age_10_99,77,22,1.0
8,17640,ssr,100,age_10_99,76,23,0.0
8,17640,ssr,100,age_10_99,75,24,1.0
8,17640,ssr,100,age_10_99,74,25,1.0
8,17640,ssr,100,age_10_99,73,26,1.0
8,17640,ssr,100,age_10_99,72,27,1.0
8,17640,ssr,100,age_10_99,71,28,1.0
8,17640,ssr,100,age_10_99,70,29,1.0
8,17640,ssr,100,age_10_99,69,30,0.0
8,17640,ssr,100,age_10_99,68,31,0.0
8,17640,ssr,100,age_10_99,67,32,0.0
8,17640,ssr,100,age_10_99,66,33,0.0
8,17640,ssr,100,age_10_99,65,34,1.0
8,17640,ssr,100,age_10_99,64,35,0.0
8,17640,ssr,100,age_10_99,63,36,1.0
8,17640,ssr,100,age_10_99,62,37,0.0
8,17640,ssr,100,age_10_99,61,38,1.0
8,17640,ssr,100,age_10_99,60,39,1.0
8,17640,ssr,100,age_10_99,59,40,1.0
8,17640,ssr,100,age_10_99,58,41,1.0
8,17640,ssr,100,age_10_99,57,42,1.0
8,17640,ssr,100,age_10_99,56,43,1.0
8,17640,ssr,100,age_10_99,55,44,0.0
8,17640,ssr,100,age_10_99,54,45,1.0
8,17640,ssr,100,age_10_99,53,46,0.0
8,17640,ssr,100,age_10_99,52,47,1.0
8,17640,ssr,100,age_10_99,51,48,1.0
8,17640,ssr,100,age_10_99,50,49,0.0
8,17640,ssr,100,age_10_99,49,50,0.0
8,17640,ssr,100,age_10_99,48,51,1.0
8,17640,ssr,100,age_10_99,47,52,1.0
8,17640,ssr,100,age_10_99,46,53,1.0
8,17640,ssr,100,age_10_99,45,54,1.0
8,17640,ssr,100,age_10_99,44,55,1.0
8,17640,ssr,100,age_10_99,43,56,1.0
8,17640,ssr,100,age_10_99,42,57,0.0
8,17640,ssr,100,age_10_99,41,58,0.0
8,17640,ssr,100,age_10_99,40,59,0.0
8,17640,ssr,100,age_10_99,39,60,1.0
8,17640,ssr,100,age_10_99,38,61,0.0
8,17640,ssr,100,age_10_99,37,62,1.0
8,17640,ssr,100,age_10_99,36,63,0.0
8,17640,ssr,100,age_10_99,35,64,1.0
8,17640,ssr,100,age_10_99,34,65,0.0
8,17640,ssr,100,age_10_99,33,66,0.0
8,17640,ssr,100,age_10_99,32,67,1.0
8,17640,ssr,100,age_10_99,31,68,1.0
8,17640,ssr,100,age_10_99,30,69,1.0
8,17640,ssr,100,age_10_99,29,70,1.0
8,17640,ssr,100,age_10_99,28,71,0.0
8,17640,ssr,100,age_10_99,27,72,1.0
8,17640,ssr,100,age_10_99,26,73,1.0
8,17640,ssr,100,age_10_99,25,74,1.0
8,17640,ssr,100,age_10_99,24,75,0.0
8,17640,ssr,100,age_10_99,23,76,0.0
8,17640,ssr,100,age_10_99,22,77,0.0
8,17640,ssr,100,age_10_99,21,78,1.0
8,17640,ssr,100,age_10_99,20,79,0.0
8,17640,ssr,100,age_10_99,19,80,1.0
8,17640,ssr,100,age_10_99,18,81,1.0
8,17640,ssr,100,age_10_99,17,82,0.0
8,17640,ssr,100,age_10_99,16,83,0.0
8,17640,ssr,100,age_10_99,15,84,1.0
8,17640,ssr,100,age_10_99,14,85,0.0
8,17640,ssr,100,age_10_99,13,86,0.0
8,17640,ssr,100,age_10_99,12,87,0.0
8,17640,ssr,100,age_10_99,11,88,0.0
8,17640,ssr,100,age_10_99,10,89,0.0
8,17640,ssr,100,age_1_9,9,90,1.0
8,17640,ssr,100,age_1_9,8,91,1.0
8,17640,ssr,100,age_1_9,7,92,1.0
8,17640,ssr,100,age_1_9,6,93,1.0
8,17640,ssr,100,age_1_9,5,94,1.0
8,17640,ssr,100,age_1_9,4,95,1.0
8,17640,ssr,100,age_1_9,3,96,1.0
8,17640,ssr,100,age_1_9,2,97,1.0
8,17640,ssr,100,age_1_9,1,98,1.0
8,17640,ssr,100,age_0,0,99,1.0
