rank,seed,arm,after_edits,history_position,efficacy,locality
8,26092711,plain,1,0,1.0,0.2
8,26092711,plain,2,0,1.0,0.0
8,26092711,plain,2,1,1.0,0.5
8,26092711,plain,5,0,1.0,0.0
8,26092711,plain,5,1,1.0,0.5
8,26092711,plain,5,2,1.0,0.3333333333333333
8,26092711,plain,5,3,1.0,0.14285714285714285
8,26092711,plain,5,4,1.0,0.2
8,26092711,plain,10,0,1.0,0.0
8,26092711,plain,10,1,1.0,0.5
8,26092711,plain,10,2,1.0,0.3333333333333333
8,26092711,plain,10,3,1.0,0.2857142857142857
8,26092711,plain,10,4,1.0,0.4
8,26092711,plain,10,5,1.0,0.0
8,26092711,plain,10,6,1.0,0.0
8,26092711,plain,10,7,1.0,0.14285714285714285
8,26092711,plain,10,8,1.0,0.0
8,26092711,plain,10,9,1.0,0.6666666666666666
8,26092711,plain,25,0,1.0,0.4
8,26092711,plain,25,1,1.0,0.5
8,26092711,plain,25,2,1.0,0.3333333333333333
8,26092711,plain,25,3,1.0,0.14285714285714285
8,26092711,plain,25,4,1.0,0.2
8,26092711,plain,25,5,1.0,0.2
8,26092711,plain,25,6,1.0,1.0
8,26092711,plain,25,7,1.0,0.14285714285714285
8,26092711,plain,25,8,1.0,0.0
8,26092711,plain,25,9,1.0,1.0
8,26092711,plain,25,10,1.0,0.25
8,26092711,plain,25,11,1.0,0.3333333333333333
8,26092711,plain,25,12,1.0,0.3333333333333333
8,26092711,plain,25,13,1.0,0.25
8,26092711,plain,25,14,1.0,1.0
8,26092711,plain,25,15,1.0,0.16666666666666666
8,26092711,plain,25,16,1.0,0.3333333333333333
8,26092711,plain,25,17,1.0,0.3333333333333333
8,26092711,plain,25,18,1.0,0.0
8,26092711,plain,25,19,1.0,0.16666666666666666
8,26092711,plain,25,20,1.0,0.42857142857142855
8,26092711,plain,25,21,1.0,1.0
8,26092711,plain,25,22,1.0,0.375
8,26092711,plain,25,23,1.0,0.3333333333333333
8,26092711,plain,25,24,1.0,0.14285714285714285
8,26092711,plain,50,0,1.0,0.2
8,26092711,plain,50,1,1.0,1.0
8,26092711,plain,50,2,1.0,0.3333333333333333
8,26092711,plain,50,3,1.0,0.14285714285714285
8,26092711,plain,50,4,1.0,0.2
8,26092711,plain,50,5,1.0,0.0
8,26092711,plain,50,6,1.0,0.0
8,26092711,plain,50,7,1.0,0.14285714285714285
8,26092711,plain,50,8,1.0,0.0
8,26092711,plain,50,9,1.0,0.6666666666666666
8,26092711,plain,50,10,1.0,0.5
8,26092711,plain,50,11,1.0,0.5
8,26092711,plain,50,12,1.0,0.3333333333333333
8,26092711,plain,50,13,1.0,0.25
8,26092711,plain,50,14,1.0,1.0
8,26092711,plain,50,15,1.0,0.3333333333333333
8,26092711,plain,50,16,1.0,0.3333333333333333
8,26092711,plain,50,17,1.0,0.3333333333333333
8,26092711,plain,50,18,1.0,0.5
8,26092711,plain,50,19,1.0,0.3333333333333333
8,26092711,plain,50,20,1.0,0.2857142857142857
8,26092711,plain,50,21,0.0,0.0
8,26092711,plain,50,22,1.0,0.375
8,26092711,plain,50,23,1.0,0.3333333333333333
8,26092711,plain,50,24,1.0,0.14285714285714285
8,26092711,plain,50,25,1.0,0.0
8,26092711,plain,50,26,1.0,0.2222222222222222
8,26092711,plain,50,27,1.0,0.375
8,26092711,plain,50,28,1.0,0.2
8,26092711,plain,50,29,1.0,0.16666666666666666
8,26092711,plain,50,30,1.0,1.0
8,26092711,plain,50,31,1.0,0.3333333333333333
8,26092711,plain,50,32,1.0,0.3333333333333333
8,26092711,plain,50,33,1.0,0.5
8,26092711,plain,50,34,1.0,0.4
8,26092711,plain,50,35,0.0,0.0
8,26092711,plain,50,36,1.0,0.42857142857142855
8,26092711,plain,50,37,1.0,0.5
8,26092711,plain,50,38,1.0,0.3333333333333333
8,26092711,plain,50,39,1.0,0.14285714285714285
8,26092711,plain,50,40,1.0,0.0
8,26092711,plain,50,41,1.0,0.25
8,26092711,plain,50,42,1.0,0.5
8,26092711,plain,50,43,1.0,0.0
8,26092711,plain,50,44,1.0,0.4
8,26092711,plain,50,45,1.0,0.25
8,26092711,plain,50,46,1.0,0.0
8,26092711,plain,50,47,1.0,0.5
8,26092711,plain,50,48,1.0,0.3333333333333333
8,26092711,plain,50,49,1.0,0.0
8,26092711,plain,100,0,1.0,0.2
8,26092711,plain,100,1,0.0,0.0
8,26092711,plain,100,2,1.0,0.0
8,26092711,plain,100,3,1.0,0.2857142857142857
8,26092711,plain,100,4,0.0,0.2
8,26092711,plain,100,5,0.0,0.0
8,26092711,plain,100,6,1.0,0.0
8,26092711,plain,100,7,0.0,0.14285714285714285
8,26092711,plain,100,8,1.0,0.0
8,26092711,plain,100,9,1.0,0.6666666666666666
8,26092711,plain,100,10,0.0,0.25
8,26092711,plain,100,11,1.0,0.16666666666666666
8,26092711,plain,100,12,1.0,0.3333333333333333
8,26092711,plain,100,13,1.0,0.0
8,26092711,plain,100,14,1.0,1.0
8,26092711,plain,100,15,1.0,0.0
8,26092711,plain,100,16,1.0,0.3333333333333333
8,26092711,plain,100,17,1.0,0.16666666666666666
8,26092711,plain,100,18,1.0,0.5
8,26092711,plain,100,19,1.0,0.16666666666666666
8,26092711,plain,100,20,0.0,0.14285714285714285
8,26092711,plain,100,21,1.0,1.0
8,26092711,plain,100,22,1.0,0.25
8,26092711,plain,100,23,1.0,0.3333333333333333
8,26092711,plain,100,24,1.0,0.14285714285714285
8,26092711,plain,100,25,1.0,0.0
8,26092711,plain,100,26,1.0,0.2222222222222222
8,26092711,plain,100,27,1.0,0.125
8,26092711,plain,100,28,1.0,0.2
8,26092711,plain,100,29,1.0,0.3333333333333333
8,26092711,plain,100,30,1.0,0.0
8,26092711,plain,100,31,1.0,0.1111111111111111
8,26092711,plain,100,32,1.0,0.3333333333333333
8,26092711,plain,100,33,1.0,0.0
8,26092711,plain,100,34,1.0,0.4
8,26092711,plain,100,35,1.0,0.0
8,26092711,plain,100,36,1.0,0.2857142857142857
8,26092711,plain,100,37,1.0,0.5
8,26092711,plain,100,38,1.0,0.3333333333333333
8,26092711,plain,100,39,1.0,0.14285714285714285
8,26092711,plain,100,40,0.0,0.2
8,26092711,plain,100,41,1.0,0.125
8,26092711,plain,100,42,1.0,0.0
8,26092711,plain,100,43,1.0,0.0
8,26092711,plain,100,44,1.0,0.2
8,26092711,plain,100,45,1.0,0.125
8,26092711,plain,100,46,1.0,0.125
8,26092711,plain,100,47,1.0,0.5
8,26092711,plain,100,48,1.0,0.0
8,26092711,plain,100,49,1.0,0.0
8,26092711,plain,100,50,1.0,0.25
8,26092711,plain,100,51,1.0,0.0
8,26092711,plain,100,52,1.0,0.25
8,26092711,plain,100,53,1.0,0.25
8,26092711,plain,100,54,1.0,0.75
8,26092711,plain,100,55,1.0,0.0
8,26092711,plain,100,56,1.0,1.0
8,26092711,plain,100,57,1.0,0.6
8,26092711,plain,100,58,1.0,0.0
8,26092711,plain,100,59,0.0,0.25
8,26092711,plain,100,60,1.0,0.16666666666666666
8,26092711,plain,100,61,1.0,0.14285714285714285
8,26092711,plain,100,62,1.0,0.0
8,26092711,plain,100,63,1.0,0.16666666666666666
8,26092711,plain,100,64,1.0,1.0
8,26092711,plain,100,65,1.0,0.09090909090909091
8,26092711,plain,100,66,1.0,0.3333333333333333
8,26092711,plain,100,67,1.0,0.5
8,26092711,plain,100,68,1.0,0.1111111111111111
8,26092711,plain,100,69,1.0,0.3333333333333333
8,26092711,plain,100,70,1.0,0.6666666666666666
8,26092711,plain,100,71,1.0,0.125
8,26092711,plain,100,72,1.0,0.6666666666666666
8,26092711,plain,100,73,1.0,0.0
8,26092711,plain,100,74,1.0,1.0
8,26092711,plain,100,75,1.0,0.5
8,26092711,plain,100,76,1.0,1.0
8,26092711,plain,100,77,1.0,0.5
8,26092711,plain,100,78,1.0,0.0
8,26092711,plain,100,79,1.0,0.2
8,26092711,plain,100,80,1.0,0.2857142857142857
8,26092711,plain,100,81,1.0,0.0
8,26092711,plain,100,82,1.0,0.5
8,26092711,plain,100,83,0.0,0.14285714285714285
8,26092711,plain,100,84,1.0,0.0
8,26092711,plain,100,85,1.0,0.5
8,26092711,plain,100,86,1.0,0.125
8,26092711,plain,100,87,1.0,0.18181818181818182
8,26092711,plain,100,88,1.0,0.5
8,26092711,plain,100,89,1.0,0.3333333333333333
8,26092711,plain,100,90,1.0,0.0
8,26092711,plain,100,91,1.0,0.0
8,26092711,plain,100,92,1.0,0.0
8,26092711,plain,100,93,1.0,0.2857142857142857
8,26092711,plain,100,94,1.0,1.0
8,26092711,plain,100,95,1.0,1.0
8,26092711,plain,100,96,1.0,0.2
8,26092711,plain,100,97,1.0,0.5
8,26092711,plain,100,98,1.0,0.2857142857142857
8,26092711,plain,100,99,1.0,0.5
8,26092711,ssr,1,0,1.0,0.2
8,26092711,ssr,2,0,1.0,0.0
8,26092711,ssr,2,1,1.0,0.5
8,26092711,ssr,5,0,1.0,0.0
8,26092711,ssr,5,1,1.0,0.5
8,26092711,ssr,5,2,1.0,0.3333333333333333
8,26092711,ssr,5,3,1.0,0.0
8,26092711,ssr,5,4,1.0,0.2
8,26092711,ssr,10,0,1.0,0.2
8,26092711,ssr,10,1,1.0,0.5
8,26092711,ssr,10,2,1.0,0.3333333333333333
8,26092711,ssr,10,3,1.0,0.14285714285714285
8,26092711,ssr,10,4,1.0,0.0
8,26092711,ssr,10,5,1.0,0.0
8,26092711,ssr,10,6,1.0,1.0
8,26092711,ssr,10,7,1.0,0.14285714285714285
8,26092711,ssr,10,8,1.0,0.0
8,26092711,ssr,10,9,1.0,0.6666666666666666
8,26092711,ssr,25,0,1.0,0.4
8,26092711,ssr,25,1,1.0,1.0
8,26092711,ssr,25,2,1.0,0.3333333333333333
8,26092711,ssr,25,3,1.0,0.14285714285714285
8,26092711,ssr,25,4,1.0,0.4
8,26092711,ssr,25,5,1.0,0.2
8,26092711,ssr,25,6,1.0,1.0
8,26092711,ssr,25,7,1.0,0.14285714285714285
8,26092711,ssr,25,8,1.0,0.0
8,26092711,ssr,25,9,1.0,0.6666666666666666
8,26092711,ssr,25,10,1.0,0.5
8,26092711,ssr,25,11,1.0,0.3333333333333333
8,26092711,ssr,25,12,1.0,0.6666666666666666
8,26092711,ssr,25,13,1.0,0.25
8,26092711,ssr,25,14,1.0,1.0
8,26092711,ssr,25,15,1.0,0.0
8,26092711,ssr,25,16,1.0,0.3333333333333333
8,26092711,ssr,25,17,1.0,0.16666666666666666
8,26092711,ssr,25,18,1.0,0.0
8,26092711,ssr,25,19,1.0,0.16666666666666666
8,26092711,ssr,25,20,1.0,0.2857142857142857
8,26092711,ssr,25,21,1.0,1.0
8,26092711,ssr,25,22,1.0,0.25
8,26092711,ssr,25,23,1.0,0.3333333333333333
8,26092711,ssr,25,24,1.0,0.0
8,26092711,ssr,50,0,1.0,0.2
8,26092711,ssr,50,1,1.0,1.0
8,26092711,ssr,50,2,1.0,0.3333333333333333
8,26092711,ssr,50,3,1.0,0.14285714285714285
8,26092711,ssr,50,4,1.0,0.2
8,26092711,ssr,50,5,1.0,0.2
8,26092711,ssr,50,6,1.0,1.0
8,26092711,ssr,50,7,1.0,0.14285714285714285
8,26092711,ssr,50,8,1.0,0.0
8,26092711,ssr,50,9,1.0,0.6666666666666666
8,26092711,ssr,50,10,1.0,0.25
8,26092711,ssr,50,11,1.0,0.3333333333333333
8,26092711,ssr,50,12,1.0,0.3333333333333333
8,26092711,ssr,50,13,1.0,0.25
8,26092711,ssr,50,14,1.0,1.0
8,26092711,ssr,50,15,1.0,0.0
8,26092711,ssr,50,16,1.0,0.0
8,26092711,ssr,50,17,1.0,0.16666666666666666
8,26092711,ssr,50,18,1.0,0.5
8,26092711,ssr,50,19,1.0,0.3333333333333333
8,26092711,ssr,50,20,1.0,0.2857142857142857
8,26092711,ssr,50,21,1.0,0.0
8,26092711,ssr,50,22,1.0,0.25
8,26092711,ssr,50,23,1.0,0.3333333333333333
8,26092711,ssr,50,24,1.0,0.14285714285714285
8,26092711,ssr,50,25,1.0,0.0
8,26092711,ssr,50,26,1.0,0.1111111111111111
8,26092711,ssr,50,27,1.0,0.25
8,26092711,ssr,50,28,1.0,0.2
8,26092711,ssr,50,29,1.0,0.3333333333333333
8,26092711,ssr,50,30,1.0,0.0
8,26092711,ssr,50,31,1.0,0.2222222222222222
8,26092711,ssr,50,32,1.0,0.0
8,26092711,ssr,50,33,1.0,0.0
8,26092711,ssr,50,34,1.0,0.4
8,26092711,ssr,50,35,1.0,0.0
8,26092711,ssr,50,36,1.0,0.14285714285714285
8,26092711,ssr,50,37,1.0,0.5
8,26092711,ssr,50,38,1.0,0.3333333333333333
8,26092711,ssr,50,39,1.0,0.2857142857142857
8,26092711,ssr,50,40,1.0,0.0
8,26092711,ssr,50,41,1.0,0.125
8,26092711,ssr,50,42,1.0,0.5
8,26092711,ssr,50,43,1.0,0.0
8,26092711,ssr,50,44,1.0,0.4
8,26092711,ssr,50,45,1.0,0.375
8,26092711,ssr,50,46,1.0,0.0
8,26092711,ssr,50,47,1.0,0.5
8,26092711,ssr,50,48,1.0,0.0
8,26092711,ssr,50,49,1.0,0.0
8,26092711,ssr,100,0,1.0,0.4
8,26092711,ssr,100,1,0.0,0.0
8,26092711,ssr,100,2,0.0,0.0
8,26092711,ssr,100,3,1.0,0.14285714285714285
8,26092711,ssr,100,4,0.0,0.2
8,26092711,ssr,100,5,0.0,0.0
8,26092711,ssr,100,6,1.0,1.0
8,26092711,ssr,100,7,0.0,0.14285714285714285
8,26092711,ssr,100,8,1.0,0.0
8,26092711,ssr,100,9,1.0,0.6666666666666666
8,26092711,ssr,100,10,0.0,0.0
8,26092711,ssr,100,11,0.0,0.16666666666666666
8,26092711,ssr,100,12,1.0,0.3333333333333333
8,26092711,ssr,100,13,1.0,0.25
8,26092711,ssr,100,14,1.0,1.0
8,26092711,ssr,100,15,1.0,0.16666666666666666
8,26092711,ssr,100,16,1.0,0.0
8,26092711,ssr,100,17,1.0,0.16666666666666666
8,26092711,ssr,100,18,0.0,0.0
8,26092711,ssr,100,19,1.0,0.16666666666666666
8,26092711,ssr,100,20,1.0,0.2857142857142857
8,26092711,ssr,100,21,1.0,0.0
8,26092711,ssr,100,22,1.0,0.25
8,26092711,ssr,100,23,0.0,0.0
8,26092711,ssr,100,24,1.0,0.0
8,26092711,ssr,100,25,1.0,0.0
8,26092711,ssr,100,26,1.0,0.2222222222222222
8,26092711,ssr,100,27,1.0,0.0
8,26092711,ssr,100,28,1.0,0.2
8,26092711,ssr,100,29,1.0,0.5
8,26092711,ssr,100,30,1.0,0.0
8,26092711,ssr,100,31,1.0,0.1111111111111111
8,26092711,ssr,100,32,1.0,0.3333333333333333
8,26092711,ssr,100,33,1.0,1.0
8,26092711,ssr,100,34,1.0,0.4
8,26092711,ssr,100,35,1.0,0.0
8,26092711,ssr,100,36,1.0,0.14285714285714285
8,26092711,ssr,100,37,1.0,0.5
8,26092711,ssr,100,38,1.0,0.3333333333333333
8,26092711,ssr,100,39,1.0,0.14285714285714285
8,26092711,ssr,100,40,1.0,0.0
8,26092711,ssr,100,41,1.0,0.125
8,26092711,ssr,100,42,1.0,0.5
8,26092711,ssr,100,43,1.0,0.0
8,26092711,ssr,100,44,1.0,0.4
8,26092711,ssr,100,45,1.0,0.25
8,26092711,ssr,100,46,1.0,0.125
8,26092711,ssr,100,47,1.0,0.5
8,26092711,ssr,100,48,0.0,0.0
8,26092711,ssr,100,49,1.0,1.0
8,26092711,ssr,100,50,1.0,0.25
8,26092711,ssr,100,51,1.0,0.0
8,26092711,ssr,100,52,1.0,0.25
8,26092711,ssr,100,53,1.0,0.25
8,26092711,ssr,100,54,1.0,0.5
8,26092711,ssr,100,55,1.0,0.0
8,26092711,ssr,100,56,1.0,1.0
8,26092711,ssr,100,57,1.0,0.4
8,26092711,ssr,100,58,1.0,0.0
8,26092711,ssr,100,59,1.0,0.5
8,26092711,ssr,100,60,1.0,0.16666666666666666
8,26092711,ssr,100,61,0.0,0.14285714285714285
8,26092711,ssr,100,62,1.0,0.5
8,26092711,ssr,100,63,1.0,0.16666666666666666
8,26092711,ssr,100,64,1.0,1.0
8,26092711,ssr,100,65,1.0,0.18181818181818182
8,26092711,ssr,100,66,1.0,0.16666666666666666
8,26092711,ssr,100,67,1.0,0.16666666666666666
8,26092711,ssr,100,68,1.0,0.1111111111111111
8,26092711,ssr,100,69,1.0,0.3333333333333333
8,26092711,ssr,100,70,1.0,0.6666666666666666
8,26092711,ssr,100,71,1.0,0.125
8,26092711,ssr,100,72,1.0,0.3333333333333333
8,26092711,ssr,100,73,1.0,0.3333333333333333
8,26092711,ssr,100,74,1.0,1.0
8,26092711,ssr,100,75,1.0,0.0
8,26092711,ssr,100,76,1.0,1.0
8,26092711,ssr,100,77,0.0,0.0
8,26092711,ssr,100,78,1.0,0.0
8,26092711,ssr,100,79,1.0,0.2
8,26092711,ssr,100,80,1.0,0.2857142857142857
8,26092711,ssr,100,81,1.0,0.2
8,26092711,ssr,100,82,1.0,0.5
8,26092711,ssr,100,83,0.0,0.14285714285714285
8,26092711,ssr,100,84,1.0,1.0
8,26092711,ssr,100,85,1.0,0.5
8,26092711,ssr,100,86,1.0,0.0
8,26092711,ssr,100,87,1.0,0.18181818181818182
8,26092711,ssr,100,88,1.0,0.5
8,26092711,ssr,100,89,1.0,0.3333333333333333
8,26092711,ssr,100,90,1.0,0.2
8,26092711,ssr,100,91,1.0,0.0
8,26092711,ssr,100,92,1.0,0.0
8,26092711,ssr,100,93,1.0,0.2857142857142857
8,26092711,ssr,100,94,1.0,1.0
8,26092711,ssr,100,95,1.0,1.0
8,26092711,ssr,100,96,0.0,0.4
8,26092711,ssr,100,97,1.0,0.0
8,26092711,ssr,100,98,1.0,0.14285714285714285
8,26092711,ssr,100,99,1.0,0.5
8,26092712,plain,1,0,1.0,0.375
8,26092712,plain,2,0,1.0,0.25
8,26092712,plain,2,1,1.0,0.125
8,26092712,plain,5,0,1.0,0.25
8,26092712,plain,5,1,1.0,0.375
8,26092712,plain,5,2,1.0,0.5
8,26092712,plain,5,3,1.0,0.3333333333333333
8,26092712,plain,5,4,1.0,0.4
8,26092712,plain,10,0,1.0,0.25
8,26092712,plain,10,1,1.0,0.125
8,26092712,plain,10,2,1.0,0.25
8,26092712,plain,10,3,1.0,0.16666666666666666
8,26092712,plain,10,4,1.0,0.2
8,26092712,plain,10,5,1.0,0.3333333333333333
8,26092712,plain,10,6,1.0,0.5
8,26092712,plain,10,7,1.0,0.0
8,26092712,plain,10,8,1.0,0.5
8,26092712,plain,10,9,1.0,0.0
8,26092712,plain,25,0,1.0,0.375
8,26092712,plain,25,1,1.0,0.125
8,26092712,plain,25,2,1.0,0.5
8,26092712,plain,25,3,1.0,0.16666666666666666
8,26092712,plain,25,4,1.0,0.2
8,26092712,plain,25,5,1.0,0.6666666666666666
8,26092712,plain,25,6,1.0,1.0
8,26092712,plain,25,7,1.0,0.0
8,26092712,plain,25,8,1.0,0.0
8,26092712,plain,25,9,1.0,0.0
8,26092712,plain,25,10,1.0,0.16666666666666666
8,26092712,plain,25,11,1.0,0.125
8,26092712,plain,25,12,1.0,0.2222222222222222
8,26092712,plain,25,13,1.0,0.0
8,26092712,plain,25,14,1.0,0.0
8,26092712,plain,25,15,1.0,0.3333333333333333
8,26092712,plain,25,16,1.0,0.4
8,26092712,plain,25,17,1.0,0.3333333333333333
8,26092712,plain,25,18,1.0,0.16666666666666666
8,26092712,plain,25,19,1.0,0.1111111111111111
8,26092712,plain,25,20,1.0,0.2857142857142857
8,26092712,plain,25,21,1.0,0.75
8,26092712,plain,25,22,1.0,0.5
8,26092712,plain,25,23,1.0,1.0
8,26092712,plain,25,24,1.0,0.3
8,26092712,plain,50,0,1.0,0.125
8,26092712,plain,50,1,1.0,0.375
8,26092712,plain,50,2,1.0,0.5
8,26092712,plain,50,3,1.0,0.5
8,26092712,plain,50,4,1.0,0.6
8,26092712,plain,50,5,1.0,0.3333333333333333
8,26092712,plain,50,6,1.0,1.0
8,26092712,plain,50,7,1.0,0.0
8,26092712,plain,50,8,1.0,0.5
8,26092712,plain,50,9,1.0,0.0
8,26092712,plain,50,10,1.0,0.3333333333333333
8,26092712,plain,50,11,1.0,0.25
8,26092712,plain,50,12,1.0,0.1111111111111111
8,26092712,plain,50,13,1.0,0.25
8,26092712,plain,50,14,1.0,0.0
8,26092712,plain,50,15,1.0,0.3333333333333333
8,26092712,plain,50,16,0.0,0.2
8,26092712,plain,50,17,1.0,0.6666666666666666
8,26092712,plain,50,18,1.0,0.5
8,26092712,plain,50,19,1.0,0.2222222222222222
8,26092712,plain,50,20,1.0,0.2857142857142857
8,26092712,plain,50,21,1.0,0.75
8,26092712,plain,50,22,1.0,0.5
8,26092712,plain,50,23,1.0,0.0
8,26092712,plain,50,24,1.0,0.2
8,26092712,plain,50,25,1.0,0.0
8,26092712,plain,50,26,1.0,1.0
8,26092712,plain,50,27,1.0,0.375
8,26092712,plain,50,28,1.0,1.0
8,26092712,plain,50,29,1.0,0.125
8,26092712,plain,50,30,0.0,0.0
8,26092712,plain,50,31,1.0,0.3333333333333333
8,26092712,plain,50,32,1.0,1.0
8,26092712,plain,50,33,1.0,0.375
8,26092712,plain,50,34,1.0,0.2857142857142857
8,26092712,plain,50,35,1.0,0.3333333333333333
8,26092712,plain,50,36,1.0,0.0
8,26092712,plain,50,37,1.0,1.0
8,26092712,plain,50,38,1.0,0.0
8,26092712,plain,50,39,1.0,0.0
8,26092712,plain,50,40,1.0,0.0
8,26092712,plain,50,41,1.0,0.25
8,26092712,plain,50,42,1.0,1.0
8,26092712,plain,50,43,1.0,0.4
8,26092712,plain,50,44,1.0,0.14285714285714285
8,26092712,plain,50,45,1.0,0.2
8,26092712,plain,50,46,1.0,0.3333333333333333
8,26092712,plain,50,47,0.0,0.42857142857142855
8,26092712,plain,50,48,1.0,0.5
8,26092712,plain,50,49,1.0,0.25
8,26092712,plain,100,0,1.0,0.25
8,26092712,plain,100,1,0.0,0.25
8,26092712,plain,100,2,1.0,0.0
8,26092712,plain,100,3,1.0,0.16666666666666666
8,26092712,plain,100,4,0.0,0.2
8,26092712,plain,100,5,1.0,0.3333333333333333
8,26092712,plain,100,6,1.0,1.0
8,26092712,plain,100,7,0.0,0.0
8,26092712,plain,100,8,1.0,0.0
8,26092712,plain,100,9,1.0,0.0
8,26092712,plain,100,10,1.0,0.3333333333333333
8,26092712,plain,100,11,1.0,0.0
8,26092712,plain,100,12,1.0,0.3333333333333333
8,26092712,plain,100,13,1.0,0.25
8,26092712,plain,100,14,1.0,0.0
8,26092712,plain,100,15,1.0,0.6666666666666666
8,26092712,plain,100,16,1.0,0.2
8,26092712,plain,100,17,0.0,0.0
8,26092712,plain,100,18,1.0,0.5
8,26092712,plain,100,19,1.0,0.2222222222222222
8,26092712,plain,100,20,1.0,0.14285714285714285
8,26092712,plain,100,21,1.0,0.75
8,26092712,plain,100,22,1.0,1.0
8,26092712,plain,100,23,1.0,0.5
8,26092712,plain,100,24,1.0,0.1
8,26092712,plain,100,25,1.0,0.0
8,26092712,plain,100,26,1.0,1.0
8,26092712,plain,100,27,1.0,0.125
8,26092712,plain,100,28,1.0,1.0
8,26092712,plain,100,29,0.0,0.0
8,26092712,plain,100,30,1.0,0.0
8,26092712,plain,100,31,1.0,0.3333333333333333
8,26092712,plain,100,32,1.0,1.0
8,26092712,plain,100,33,1.0,0.25
8,26092712,plain,100,34,1.0,0.42857142857142855
8,26092712,plain,100,35,1.0,0.3333333333333333
8,26092712,plain,100,36,1.0,0.0
8,26092712,plain,100,37,1.0,1.0
8,26092712,plain,100,38,1.0,0.0
8,26092712,plain,100,39,1.0,0.0
8,26092712,plain,100,40,1.0,0.0
8,26092712,plain,100,41,1.0,0.0
8,26092712,plain,100,42,1.0,1.0
8,26092712,plain,100,43,1.0,0.4
8,26092712,plain,100,44,1.0,0.0
8,26092712,plain,100,45,1.0,0.2
8,26092712,plain,100,46,1.0,0.16666666666666666
8,26092712,plain,100,47,1.0,0.2857142857142857
8,26092712,plain,100,48,0.0,0.0
8,26092712,plain,100,49,1.0,0.25
8,26092712,plain,100,50,1.0,0.0
8,26092712,plain,100,51,1.0,0.4
8,26092712,plain,100,52,1.0,0.3
8,26092712,plain,100,53,1.0,1.0
8,26092712,plain,100,54,1.0,0.2
8,26092712,plain,100,55,1.0,0.2
8,26092712,plain,100,56,1.0,0.2
8,26092712,plain,100,57,1.0,0.0
8,26092712,plain,100,58,1.0,1.0
8,26092712,plain,100,59,1.0,0.0
8,26092712,plain,100,60,1.0,0.0
8,26092712,plain,100,61,1.0,0.0
8,26092712,plain,100,62,1.0,0.5
8,26092712,plain,100,63,1.0,0.2857142857142857
8,26092712,plain,100,64,1.0,0.3333333333333333
8,26092712,plain,100,65,1.0,0.0
8,26092712,plain,100,66,1.0,0.4
8,26092712,plain,100,67,1.0,0.0
8,26092712,plain,100,68,1.0,0.3333333333333333
8,26092712,plain,100,69,1.0,0.0
8,26092712,plain,100,70,1.0,0.0
8,26092712,plain,100,71,1.0,0.5
8,26092712,plain,100,72,1.0,0.25
8,26092712,plain,100,73,1.0,0.0
8,26092712,plain,100,74,1.0,0.0
8,26092712,plain,100,75,1.0,0.25
8,26092712,plain,100,76,1.0,0.0
8,26092712,plain,100,77,1.0,0.5
8,26092712,plain,100,78,1.0,0.0
8,26092712,plain,100,79,1.0,0.0
8,26092712,plain,100,80,1.0,0.0
8,26092712,plain,100,81,1.0,0.1111111111111111
8,26092712,plain,100,82,1.0,0.2
8,26092712,plain,100,83,1.0,0.5
8,26092712,plain,100,84,1.0,0.25
8,26092712,plain,100,85,1.0,0.6666666666666666
8,26092712,plain,100,86,1.0,0.2
8,26092712,plain,100,87,1.0,0.2857142857142857
8,26092712,plain,100,88,1.0,0.0
8,26092712,plain,100,89,1.0,0.6666666666666666
8,26092712,plain,100,90,1.0,0.14285714285714285
8,26092712,plain,100,91,1.0,0.0
8,26092712,plain,100,92,1.0,0.5
8,26092712,plain,100,93,1.0,0.5
8,26092712,plain,100,94,1.0,0.3333333333333333
8,26092712,plain,100,95,1.0,0.0
8,26092712,plain,100,96,1.0,0.0
8,26092712,plain,100,97,1.0,0.0
8,26092712,plain,100,98,1.0,0.5
8,26092712,plain,100,99,1.0,0.0
8,26092712,ssr,1,0,1.0,0.375
8,26092712,ssr,2,0,1.0,0.25
8,26092712,ssr,2,1,1.0,0.125
8,26092712,ssr,5,0,1.0,0.25
8,26092712,ssr,5,1,1.0,0.25
8,26092712,ssr,5,2,1.0,0.5
8,26092712,ssr,5,3,1.0,0.3333333333333333
8,26092712,ssr,5,4,1.0,0.4
8,26092712,ssr,10,0,1.0,0.25
8,26092712,ssr,10,1,1.0,0.125
8,26092712,ssr,10,2,1.0,0.5
8,26092712,ssr,10,3,1.0,0.16666666666666666
8,26092712,ssr,10,4,1.0,0.4
8,26092712,ssr,10,5,1.0,0.6666666666666666
8,26092712,ssr,10,6,1.0,1.0
8,26092712,ssr,10,7,1.0,1.0
8,26092712,ssr,10,8,1.0,0.5
8,26092712,ssr,10,9,1.0,0.0
8,26092712,ssr,25,0,1.0,0.125
8,26092712,ssr,25,1,1.0,0.125
8,26092712,ssr,25,2,1.0,0.5
8,26092712,ssr,25,3,1.0,0.16666666666666666
8,26092712,ssr,25,4,1.0,0.2
8,26092712,ssr,25,5,1.0,0.6666666666666666
8,26092712,ssr,25,6,1.0,1.0
8,26092712,ssr,25,7,1.0,1.0
8,26092712,ssr,25,8,1.0,0.0
8,26092712,ssr,25,9,1.0,0.0
8,26092712,ssr,25,10,1.0,0.16666666666666666
8,26092712,ssr,25,11,1.0,0.0
8,26092712,ssr,25,12,1.0,0.3333333333333333
8,26092712,ssr,25,13,1.0,0.25
8,26092712,ssr,25,14,1.0,0.25
8,26092712,ssr,25,15,1.0,0.3333333333333333
8,26092712,ssr,25,16,1.0,0.2
8,26092712,ssr,25,17,1.0,0.3333333333333333
8,26092712,ssr,25,18,1.0,0.16666666666666666
8,26092712,ssr,25,19,1.0,0.0
8,26092712,ssr,25,20,1.0,0.2857142857142857
8,26092712,ssr,25,21,1.0,0.75
8,26092712,ssr,25,22,1.0,1.0
8,26092712,ssr,25,23,1.0,0.5
8,26092712,ssr,25,24,1.0,0.1
8,26092712,ssr,50,0,1.0,0.25
8,26092712,ssr,50,1,1.0,0.375
8,26092712,ssr,50,2,1.0,0.5
8,26092712,ssr,50,3,1.0,0.3333333333333333
8,26092712,ssr,50,4,1.0,0.4
8,26092712,ssr,50,5,1.0,0.6666666666666666
8,26092712,ssr,50,6,1.0,1.0
8,26092712,ssr,50,7,1.0,0.0
8,26092712,ssr,50,8,1.0,0.5
8,26092712,ssr,50,9,1.0,0.0
8,26092712,ssr,50,10,1.0,0.3333333333333333
8,26092712,ssr,50,11,1.0,0.125
8,26092712,ssr,50,12,1.0,0.3333333333333333
8,26092712,ssr,50,13,1.0,0.25
8,26092712,ssr,50,14,1.0,0.25
8,26092712,ssr,50,15,1.0,0.3333333333333333
8,26092712,ssr,50,16,1.0,0.4
8,26092712,ssr,50,17,1.0,0.6666666666666666
8,26092712,ssr,50,18,1.0,0.3333333333333333
8,26092712,ssr,50,19,1.0,0.2222222222222222
8,26092712,ssr,50,20,1.0,0.2857142857142857
8,26092712,ssr,50,21,1.0,0.5
8,26092712,ssr,50,22,1.0,0.5
8,26092712,ssr,50,23,1.0,0.5
8,26092712,ssr,50,24,1.0,0.2
8,26092712,ssr,50,25,1.0,0.0
8,26092712,ssr,50,26,1.0,1.0
8,26092712,ssr,50,27,1.0,0.125
8,26092712,ssr,50,28,1.0,0.0
8,26092712,ssr,50,29,1.0,0.125
8,26092712,ssr,50,30,1.0,0.0
8,26092712,ssr,50,31,1.0,0.3333333333333333
8,26092712,ssr,50,32,1.0,0.0
8,26092712,ssr,50,33,1.0,0.375
8,26092712,ssr,50,34,1.0,0.42857142857142855
8,26092712,ssr,50,35,1.0,0.3333333333333333
8,26092712,ssr,50,36,1.0,0.0
8,26092712,ssr,50,37,1.0,1.0
8,26092712,ssr,50,38,1.0,0.0
8,26092712,ssr,50,39,1.0,0.0
8,26092712,ssr,50,40,1.0,0.3333333333333333
8,26092712,ssr,50,41,1.0,0.25
8,26092712,ssr,50,42,1.0,1.0
8,26092712,ssr,50,43,1.0,0.2
8,26092712,ssr,50,44,1.0,0.14285714285714285
8,26092712,ssr,50,45,1.0,0.4
8,26092712,ssr,50,46,1.0,0.3333333333333333
8,26092712,ssr,50,47,1.0,0.5714285714285714
8,26092712,ssr,50,48,1.0,0.0
8,26092712,ssr,50,49,1.0,0.25
8,26092712,ssr,100,0,1.0,0.375
8,26092712,ssr,100,1,1.0,0.5
8,26092712,ssr,100,2,1.0,0.5
8,26092712,ssr,100,3,1.0,0.5
8,26092712,ssr,100,4,0.0,0.0
8,26092712,ssr,100,5,1.0,0.6666666666666666
8,26092712,ssr,100,6,1.0,1.0
8,26092712,ssr,100,7,0.0,0.0
8,26092712,ssr,100,8,0.0,0.5
8,26092712,ssr,100,9,1.0,0.0
8,26092712,ssr,100,10,1.0,0.0
8,26092712,ssr,100,11,1.0,0.0
8,26092712,ssr,100,12,1.0,0.3333333333333333
8,26092712,ssr,100,13,1.0,0.25
8,26092712,ssr,100,14,1.0,0.25
8,26092712,ssr,100,15,1.0,0.3333333333333333
8,26092712,ssr,100,16,1.0,0.2
8,26092712,ssr,100,17,1.0,0.6666666666666666
8,26092712,ssr,100,18,1.0,0.3333333333333333
8,26092712,ssr,100,19,1.0,0.2222222222222222
8,26092712,ssr,100,20,1.0,0.42857142857142855
8,26092712,ssr,100,21,1.0,0.75
8,26092712,ssr,100,22,1.0,0.5
8,26092712,ssr,100,23,1.0,0.5
8,26092712,ssr,100,24,1.0,0.2
8,26092712,ssr,100,25,1.0,0.0
8,26092712,ssr,100,26,1.0,1.0
8,26092712,ssr,100,27,1.0,0.125
8,26092712,ssr,100,28,1.0,0.0
8,26092712,ssr,100,29,1.0,0.125
8,26092712,ssr,100,30,1.0,0.0
8,26092712,ssr,100,31,1.0,0.0
8,26092712,ssr,100,32,1.0,1.0
8,26092712,ssr,100,33,1.0,0.375
8,26092712,ssr,100,34,1.0,0.5714285714285714
8,26092712,ssr,100,35,1.0,0.3333333333333333
8,26092712,ssr,100,36,1.0,0.0
8,26092712,ssr,100,37,1.0,1.0
8,26092712,ssr,100,38,1.0,0.5
8,26092712,ssr,100,39,1.0,0.25
8,26092712,ssr,100,40,1.0,0.3333333333333333
8,26092712,ssr,100,41,1.0,0.0
8,26092712,ssr,100,42,1.0,1.0
8,26092712,ssr,100,43,1.0,0.0
8,26092712,ssr,100,44,1.0,0.2857142857142857
8,26092712,ssr,100,45,1.0,0.2
8,26092712,ssr,100,46,1.0,0.16666666666666666
8,26092712,ssr,100,47,1.0,0.42857142857142855
8,26092712,ssr,100,48,1.0,0.0
8,26092712,ssr,100,49,1.0,0.0
8,26092712,ssr,100,50,1.0,0.2
8,26092712,ssr,100,51,1.0,0.4
8,26092712,ssr,100,52,1.0,0.3
8,26092712,ssr,100,53,1.0,1.0
8,26092712,ssr,100,54,1.0,0.2
8,26092712,ssr,100,55,1.0,0.4
8,26092712,ssr,100,56,1.0,0.4
8,26092712,ssr,100,57,1.0,0.14285714285714285
8,26092712,ssr,100,58,1.0,1.0
8,26092712,ssr,100,59,1.0,0.0
8,26092712,ssr,100,60,1.0,0.3333333333333333
8,26092712,ssr,100,61,1.0,0.375
8,26092712,ssr,100,62,1.0,1.0
8,26092712,ssr,100,63,1.0,0.2857142857142857
8,26092712,ssr,100,64,1.0,0.3333333333333333
8,26092712,ssr,100,65,1.0,0.0
8,26092712,ssr,100,66,1.0,0.2
8,26092712,ssr,100,67,1.0,1.0
8,26092712,ssr,100,68,1.0,0.3333333333333333
8,26092712,ssr,100,69,1.0,0.16666666666666666
8,26092712,ssr,100,70,1.0,1.0
8,26092712,ssr,100,71,1.0,0.5
8,26092712,ssr,100,72,1.0,0.25
8,26092712,ssr,100,73,1.0,0.14285714285714285
8,26092712,ssr,100,74,1.0,0.14285714285714285
8,26092712,ssr,100,75,1.0,0.125
8,26092712,ssr,100,76,1.0,0.0
8,26092712,ssr,100,77,1.0,0.5
8,26092712,ssr,100,78,1.0,0.0
8,26092712,ssr,100,79,1.0,0.0
8,26092712,ssr,100,80,1.0,1.0
8,26092712,ssr,100,81,1.0,0.1111111111111111
8,26092712,ssr,100,82,1.0,0.0
8,26092712,ssr,100,83,1.0,0.5
8,26092712,ssr,100,84,1.0,0.5
8,26092712,ssr,100,85,1.0,0.6666666666666666
8,26092712,ssr,100,86,1.0,0.4
8,26092712,ssr,100,87,0.0,0.2857142857142857
8,26092712,ssr,100,88,1.0,0.0
8,26092712,ssr,100,89,1.0,0.3333333333333333
8,26092712,ssr,100,90,1.0,0.14285714285714285
8,26092712,ssr,100,91,1.0,0.5
8,26092712,ssr,100,92,1.0,0.0
8,26092712,ssr,100,93,1.0,0.5
8,26092712,ssr,100,94,1.0,0.16666666666666666
8,26092712,ssr,100,95,1.0,0.2
8,26092712,ssr,100,96,1.0,0.25
8,26092712,ssr,100,97,1.0,0.2222222222222222
8,26092712,ssr,100,98,1.0,0.5
8,26092712,ssr,100,99,1.0,0.1
8,26092713,plain,1,0,1.0,0.5
8,26092713,plain,2,0,1.0,0.25
8,26092713,plain,2,1,1.0,1.0
8,26092713,plain,5,0,1.0,0.5
8,26092713,plain,5,1,1.0,1.0
8,26092713,plain,5,2,1.0,0.5
8,26092713,plain,5,3,1.0,0.0
8,26092713,plain,5,4,1.0,0.5
8,26092713,plain,10,0,1.0,0.25
8,26092713,plain,10,1,1.0,1.0
8,26092713,plain,10,2,1.0,0.16666666666666666
8,26092713,plain,10,3,1.0,0.0
8,26092713,plain,10,4,1.0,0.5
8,26092713,plain,10,5,1.0,0.0
8,26092713,plain,10,6,1.0,0.25
8,26092713,plain,10,7,1.0,0.2222222222222222
8,26092713,plain,10,8,1.0,0.125
8,26092713,plain,10,9,1.0,0.0
8,26092713,plain,25,0,1.0,0.25
8,26092713,plain,25,1,1.0,0.0
8,26092713,plain,25,2,1.0,0.16666666666666666
8,26092713,plain,25,3,1.0,0.0
8,26092713,plain,25,4,1.0,0.5
8,26092713,plain,25,5,1.0,0.0
8,26092713,plain,25,6,1.0,0.5
8,26092713,plain,25,7,1.0,0.2222222222222222
8,26092713,plain,25,8,1.0,0.25
8,26092713,plain,25,9,1.0,0.0
8,26092713,plain,25,10,1.0,0.5
8,26092713,plain,25,11,1.0,0.0
8,26092713,plain,25,12,1.0,1.0
8,26092713,plain,25,13,1.0,0.25
8,26092713,plain,25,14,1.0,1.0
8,26092713,plain,25,15,1.0,0.14285714285714285
8,26092713,plain,25,16,1.0,0.42857142857142855
8,26092713,plain,25,17,1.0,0.0
8,26092713,plain,25,18,1.0,0.0
8,26092713,plain,25,19,1.0,0.0
8,26092713,plain,25,20,1.0,0.5
8,26092713,plain,25,21,1.0,0.0
8,26092713,plain,25,22,1.0,0.5
8,26092713,plain,25,23,1.0,0.1111111111111111
8,26092713,plain,25,24,1.0,0.125
8,26092713,plain,50,0,1.0,0.25
8,26092713,plain,50,1,1.0,1.0
8,26092713,plain,50,2,1.0,0.16666666666666666
8,26092713,plain,50,3,1.0,0.0
8,26092713,plain,50,4,1.0,0.5
8,26092713,plain,50,5,1.0,0.0
8,26092713,plain,50,6,1.0,0.5
8,26092713,plain,50,7,1.0,0.2222222222222222
8,26092713,plain,50,8,1.0,0.125
8,26092713,plain,50,9,1.0,0.0
8,26092713,plain,50,10,1.0,1.0
8,26092713,plain,50,11,1.0,0.14285714285714285
8,26092713,plain,50,12,1.0,1.0
8,26092713,plain,50,13,1.0,0.25
8,26092713,plain,50,14,1.0,1.0
8,26092713,plain,50,15,1.0,0.14285714285714285
8,26092713,plain,50,16,1.0,0.2857142857142857
8,26092713,plain,50,17,1.0,0.0
8,26092713,plain,50,18,1.0,0.0
8,26092713,plain,50,19,1.0,0.0
8,26092713,plain,50,20,1.0,0.5
8,26092713,plain,50,21,1.0,0.0
8,26092713,plain,50,22,1.0,0.0
8,26092713,plain,50,23,1.0,0.1111111111111111
8,26092713,plain,50,24,1.0,0.125
8,26092713,plain,50,25,1.0,0.0
8,26092713,plain,50,26,1.0,0.0
8,26092713,plain,50,27,1.0,0.3333333333333333
8,26092713,plain,50,28,1.0,0.0
8,26092713,plain,50,29,1.0,1.0
8,26092713,plain,50,30,1.0,0.0
8,26092713,plain,50,31,1.0,0.0
8,26092713,plain,50,32,1.0,0.0
8,26092713,plain,50,33,1.0,0.0
8,26092713,plain,50,34,1.0,0.0
8,26092713,plain,50,35,1.0,0.25
8,26092713,plain,50,36,1.0,0.4444444444444444
8,26092713,plain,50,37,1.0,0.3333333333333333
8,26092713,plain,50,38,1.0,0.42857142857142855
8,26092713,plain,50,39,1.0,0.2
8,26092713,plain,50,40,1.0,0.0
8,26092713,plain,50,41,1.0,0.125
8,26092713,plain,50,42,1.0,0.25
8,26092713,plain,50,43,1.0,0.0
8,26092713,plain,50,44,1.0,0.0
8,26092713,plain,50,45,1.0,0.0
8,26092713,plain,50,46,1.0,1.0
8,26092713,plain,50,47,1.0,0.0
8,26092713,plain,50,48,1.0,0.16666666666666666
8,26092713,plain,50,49,1.0,0.14285714285714285
8,26092713,plain,100,0,1.0,0.5
8,26092713,plain,100,1,0.0,0.0
8,26092713,plain,100,2,0.0,0.16666666666666666
8,26092713,plain,100,3,1.0,0.25
8,26092713,plain,100,4,0.0,0.0
8,26092713,plain,100,5,1.0,0.0
8,26092713,plain,100,6,1.0,0.5
8,26092713,plain,100,7,1.0,0.3333333333333333
8,26092713,plain,100,8,1.0,0.25
8,26092713,plain,100,9,1.0,0.0
8,26092713,plain,100,10,1.0,1.0
8,26092713,plain,100,11,1.0,0.42857142857142855
8,26092713,plain,100,12,1.0,1.0
8,26092713,plain,100,13,1.0,0.0
8,26092713,plain,100,14,1.0,0.5
8,26092713,plain,100,15,1.0,0.2857142857142857
8,26092713,plain,100,16,1.0,0.14285714285714285
8,26092713,plain,100,17,1.0,0.3333333333333333
8,26092713,plain,100,18,1.0,0.25
8,26092713,plain,100,19,1.0,0.0
8,26092713,plain,100,20,1.0,0.0
8,26092713,plain,100,21,1.0,0.0
8,26092713,plain,100,22,1.0,0.5
8,26092713,plain,100,23,1.0,0.1111111111111111
8,26092713,plain,100,24,1.0,0.25
8,26092713,plain,100,25,1.0,0.0
8,26092713,plain,100,26,1.0,0.0
8,26092713,plain,100,27,0.0,0.3333333333333333
8,26092713,plain,100,28,1.0,0.0
8,26092713,plain,100,29,1.0,1.0
8,26092713,plain,100,30,1.0,0.0
8,26092713,plain,100,31,1.0,0.0
8,26092713,plain,100,32,1.0,0.0
8,26092713,plain,100,33,1.0,0.0
8,26092713,plain,100,34,1.0,0.16666666666666666
8,26092713,plain,100,35,1.0,0.25
8,26092713,plain,100,36,1.0,0.2222222222222222
8,26092713,plain,100,37,1.0,0.3333333333333333
8,26092713,plain,100,38,1.0,0.14285714285714285
8,26092713,plain,100,39,1.0,0.4
8,26092713,plain,100,40,1.0,0.0
8,26092713,plain,100,41,1.0,0.25
8,26092713,plain,100,42,1.0,0.25
8,26092713,plain,100,43,1.0,1.0
8,26092713,plain,100,44,1.0,0.0
8,26092713,plain,100,45,0.0,0.2
8,26092713,plain,100,46,1.0,0.0
8,26092713,plain,100,47,1.0,0.3333333333333333
8,26092713,plain,100,48,0.0,0.16666666666666666
8,26092713,plain,100,49,1.0,0.2857142857142857
8,26092713,plain,100,50,1.0,0.6666666666666666
8,26092713,plain,100,51,1.0,0.3333333333333333
8,26092713,plain,100,52,1.0,0.2
8,26092713,plain,100,53,1.0,0.2
8,26092713,plain,100,54,1.0,0.5
8,26092713,plain,100,55,0.0,0.16666666666666666
8,26092713,plain,100,56,1.0,0.2857142857142857
8,26092713,plain,100,57,1.0,0.3333333333333333
8,26092713,plain,100,58,1.0,0.3333333333333333
8,26092713,plain,100,59,1.0,0.2857142857142857
8,26092713,plain,100,60,1.0,0.1111111111111111
8,26092713,plain,100,61,1.0,0.5
8,26092713,plain,100,62,1.0,0.0
8,26092713,plain,100,63,1.0,0.25
8,26092713,plain,100,64,1.0,0.5
8,26092713,plain,100,65,1.0,0.5
8,26092713,plain,100,66,1.0,0.4
8,26092713,plain,100,67,1.0,0.3333333333333333
8,26092713,plain,100,68,1.0,0.2
8,26092713,plain,100,69,1.0,0.0
8,26092713,plain,100,70,1.0,0.25
8,26092713,plain,100,71,0.0,0.0
8,26092713,plain,100,72,1.0,0.2857142857142857
8,26092713,plain,100,73,1.0,0.4
8,26092713,plain,100,74,1.0,0.25
8,26092713,plain,100,75,1.0,0.5
8,26092713,plain,100,76,1.0,0.16666666666666666
8,26092713,plain,100,77,1.0,0.0
8,26092713,plain,100,78,1.0,0.6666666666666666
8,26092713,plain,100,79,1.0,0.0
8,26092713,plain,100,80,1.0,0.25
8,26092713,plain,100,81,1.0,0.4
8,26092713,plain,100,82,1.0,0.0
8,26092713,plain,100,83,1.0,0.16666666666666666
8,26092713,plain,100,84,1.0,0.6666666666666666
8,26092713,plain,100,85,1.0,0.0
8,26092713,plain,100,86,1.0,1.0
8,26092713,plain,100,87,1.0,0.2222222222222222
8,26092713,plain,100,88,1.0,0.0
8,26092713,plain,100,89,1.0,0.14285714285714285
8,26092713,plain,100,90,1.0,0.0
8,26092713,plain,100,91,1.0,0.4
8,26092713,plain,100,92,1.0,0.25
8,26092713,plain,100,93,1.0,0.2222222222222222
8,26092713,plain,100,94,1.0,0.2857142857142857
8,26092713,plain,100,95,1.0,0.0
8,26092713,plain,100,96,1.0,0.5
8,26092713,plain,100,97,1.0,0.0
8,26092713,plain,100,98,1.0,0.25
8,26092713,plain,100,99,1.0,0.2222222222222222
8,26092713,ssr,1,0,1.0,0.5
8,26092713,ssr,2,0,1.0,0.5
8,26092713,ssr,2,1,1.0,1.0
8,26092713,ssr,5,0,1.0,0.5
8,26092713,ssr,5,1,1.0,1.0
8,26092713,ssr,5,2,1.0,0.16666666666666666
8,26092713,ssr,5,3,1.0,0.0
8,26092713,ssr,5,4,1.0,0.5
8,26092713,ssr,10,0,1.0,0.25
8,26092713,ssr,10,1,1.0,1.0
8,26092713,ssr,10,2,1.0,0.5
8,26092713,ssr,10,3,1.0,0.0
8,26092713,ssr,10,4,1.0,1.0
8,26092713,ssr,10,5,1.0,0.0
8,26092713,ssr,10,6,1.0,0.5
8,26092713,ssr,10,7,1.0,0.4444444444444444
8,26092713,ssr,10,8,1.0,0.25
8,26092713,ssr,10,9,1.0,0.0
8,26092713,ssr,25,0,1.0,0.5
8,26092713,ssr,25,1,1.0,0.0
8,26092713,ssr,25,2,1.0,0.3333333333333333
8,26092713,ssr,25,3,1.0,0.25
8,26092713,ssr,25,4,1.0,0.5
8,26092713,ssr,25,5,1.0,0.3333333333333333
8,26092713,ssr,25,6,1.0,0.5
8,26092713,ssr,25,7,1.0,0.2222222222222222
8,26092713,ssr,25,8,1.0,0.25
8,26092713,ssr,25,9,1.0,0.125
8,26092713,ssr,25,10,1.0,1.0
8,26092713,ssr,25,11,1.0,0.2857142857142857
8,26092713,ssr,25,12,1.0,1.0
8,26092713,ssr,25,13,1.0,0.25
8,26092713,ssr,25,14,1.0,1.0
8,26092713,ssr,25,15,1.0,0.42857142857142855
8,26092713,ssr,25,16,1.0,0.42857142857142855
8,26092713,ssr,25,17,1.0,0.3333333333333333
8,26092713,ssr,25,18,1.0,0.0
8,26092713,ssr,25,19,1.0,0.2
8,26092713,ssr,25,20,1.0,0.5
8,26092713,ssr,25,21,1.0,0.0
8,26092713,ssr,25,22,1.0,0.5
8,26092713,ssr,25,23,1.0,0.2222222222222222
8,26092713,ssr,25,24,1.0,0.25
8,26092713,ssr,50,0,1.0,0.25
8,26092713,ssr,50,1,1.0,1.0
8,26092713,ssr,50,2,1.0,0.5
8,26092713,ssr,50,3,1.0,0.25
8,26092713,ssr,50,4,1.0,0.5
8,26092713,ssr,50,5,1.0,0.0
8,26092713,ssr,50,6,1.0,0.25
8,26092713,ssr,50,7,1.0,0.2222222222222222
8,26092713,ssr,50,8,1.0,0.125
8,26092713,ssr,50,9,1.0,0.0
8,26092713,ssr,50,10,1.0,0.5
8,26092713,ssr,50,11,1.0,0.14285714285714285
8,26092713,ssr,50,12,1.0,0.0
8,26092713,ssr,50,13,1.0,0.0
8,26092713,ssr,50,14,1.0,0.5
8,26092713,ssr,50,15,1.0,0.0
8,26092713,ssr,50,16,1.0,0.42857142857142855
8,26092713,ssr,50,17,1.0,0.0
8,26092713,ssr,50,18,1.0,0.0
8,26092713,ssr,50,19,1.0,0.0
8,26092713,ssr,50,20,1.0,0.5
8,26092713,ssr,50,21,1.0,0.0
8,26092713,ssr,50,22,1.0,0.5
8,26092713,ssr,50,23,1.0,0.0
8,26092713,ssr,50,24,1.0,0.125
8,26092713,ssr,50,25,1.0,0.0
8,26092713,ssr,50,26,1.0,0.0
8,26092713,ssr,50,27,0.0,0.0
8,26092713,ssr,50,28,1.0,0.5
8,26092713,ssr,50,29,1.0,1.0
8,26092713,ssr,50,30,1.0,0.0
8,26092713,ssr,50,31,1.0,0.0
8,26092713,ssr,50,32,1.0,0.0
8,26092713,ssr,50,33,1.0,0.3333333333333333
8,26092713,ssr,50,34,1.0,0.0
8,26092713,ssr,50,35,1.0,0.25
8,26092713,ssr,50,36,1.0,0.3333333333333333
8,26092713,ssr,50,37,1.0,0.3333333333333333
8,26092713,ssr,50,38,1.0,0.2857142857142857
8,26092713,ssr,50,39,1.0,0.2
8,26092713,ssr,50,40,1.0,0.0
8,26092713,ssr,50,41,1.0,0.125
8,26092713,ssr,50,42,1.0,0.25
8,26092713,ssr,50,43,1.0,0.0
8,26092713,ssr,50,44,1.0,0.0
8,26092713,ssr,50,45,1.0,0.2
8,26092713,ssr,50,46,1.0,0.0
8,26092713,ssr,50,47,1.0,0.16666666666666666
8,26092713,ssr,50,48,1.0,0.0
8,26092713,ssr,50,49,1.0,0.14285714285714285
8,26092713,ssr,100,0,1.0,0.25
8,26092713,ssr,100,1,0.0,0.0
8,26092713,ssr,100,2,0.0,0.16666666666666666
8,26092713,ssr,100,3,1.0,0.0
8,26092713,ssr,100,4,0.0,0.0
8,26092713,ssr,100,5,1.0,0.0
8,26092713,ssr,100,6,1.0,0.5
8,26092713,ssr,100,7,1.0,0.3333333333333333
8,26092713,ssr,100,8,0.0,0.125
8,26092713,ssr,100,9,1.0,0.0
8,26092713,ssr,100,10,0.0,0.0
8,26092713,ssr,100,11,1.0,0.0
8,26092713,ssr,100,12,1.0,1.0
8,26092713,ssr,100,13,1.0,0.0
8,26092713,ssr,100,14,1.0,0.0
8,26092713,ssr,100,15,1.0,0.2857142857142857
8,26092713,ssr,100,16,1.0,0.2857142857142857
8,26092713,ssr,100,17,1.0,0.0
8,26092713,ssr,100,18,1.0,0.0
8,26092713,ssr,100,19,1.0,0.2
8,26092713,ssr,100,20,1.0,0.5
8,26092713,ssr,100,21,1.0,0.0
8,26092713,ssr,100,22,1.0,0.0
8,26092713,ssr,100,23,0.0,0.0
8,26092713,ssr,100,24,1.0,0.25
8,26092713,ssr,100,25,1.0,0.0
8,26092713,ssr,100,26,1.0,0.0
8,26092713,ssr,100,27,1.0,0.0
8,26092713,ssr,100,28,1.0,0.0
8,26092713,ssr,100,29,1.0,1.0
8,26092713,ssr,100,30,1.0,0.0
8,26092713,ssr,100,31,1.0,0.5
8,26092713,ssr,100,32,1.0,0.14285714285714285
8,26092713,ssr,100,33,1.0,0.6666666666666666
8,26092713,ssr,100,34,1.0,0.16666666666666666
8,26092713,ssr,100,35,1.0,0.25
8,26092713,ssr,100,36,1.0,0.2222222222222222
8,26092713,ssr,100,37,1.0,0.0
8,26092713,ssr,100,38,1.0,0.2857142857142857
8,26092713,ssr,100,39,1.0,0.6
8,26092713,ssr,100,40,1.0,0.0
8,26092713,ssr,100,41,1.0,0.375
8,26092713,ssr,100,42,1.0,0.25
8,26092713,ssr,100,43,1.0,0.0
8,26092713,ssr,100,44,1.0,0.0
8,26092713,ssr,100,45,1.0,0.0
8,26092713,ssr,100,46,1.0,0.0
8,26092713,ssr,100,47,1.0,0.0
8,26092713,ssr,100,48,1.0,0.0
8,26092713,ssr,100,49,1.0,0.0
8,26092713,ssr,100,50,1.0,0.6666666666666666
8,26092713,ssr,100,51,1.0,0.3333333333333333
8,26092713,ssr,100,52,1.0,0.2
8,26092713,ssr,100,53,1.0,0.1
8,26092713,ssr,100,54,1.0,0.5
8,26092713,ssr,100,55,1.0,0.0
8,26092713,ssr,100,56,1.0,0.2857142857142857
8,26092713,ssr,100,57,1.0,0.3333333333333333
8,26092713,ssr,100,58,1.0,0.3333333333333333
8,26092713,ssr,100,59,1.0,0.2857142857142857
8,26092713,ssr,100,60,1.0,0.2222222222222222
8,26092713,ssr,100,61,1.0,0.25
8,26092713,ssr,100,62,1.0,0.2
8,26092713,ssr,100,63,1.0,0.0
8,26092713,ssr,100,64,1.0,0.5
8,26092713,ssr,100,65,1.0,0.0
8,26092713,ssr,100,66,1.0,0.2
8,26092713,ssr,100,67,1.0,0.3333333333333333
8,26092713,ssr,100,68,1.0,0.4
8,26092713,ssr,100,69,1.0,0.3333333333333333
8,26092713,ssr,100,70,1.0,0.375
8,26092713,ssr,100,71,1.0,0.0
8,26092713,ssr,100,72,1.0,0.42857142857142855
8,26092713,ssr,100,73,1.0,0.0
8,26092713,ssr,100,74,1.0,0.25
8,26092713,ssr,100,75,1.0,0.0
8,26092713,ssr,100,76,1.0,0.16666666666666666
8,26092713,ssr,100,77,1.0,1.0
8,26092713,ssr,100,78,1.0,0.0
8,26092713,ssr,100,79,1.0,0.0
8,26092713,ssr,100,80,1.0,0.5
8,26092713,ssr,100,81,1.0,0.2
8,26092713,ssr,100,82,1.0,0.0
8,26092713,ssr,100,83,1.0,0.16666666666666666
8,26092713,ssr,100,84,1.0,0.3333333333333333
8,26092713,ssr,100,85,1.0,0.0
8,26092713,ssr,100,86,1.0,1.0
8,26092713,ssr,100,87,1.0,0.2222222222222222
8,26092713,ssr,100,88,1.0,0.0
8,26092713,ssr,100,89,1.0,0.14285714285714285
8,26092713,ssr,100,90,1.0,0.0
8,26092713,ssr,100,91,1.0,0.2
8,26092713,ssr,100,92,1.0,0.25
8,26092713,ssr,100,93,1.0,0.1111111111111111
8,26092713,ssr,100,94,1.0,0.14285714285714285
8,26092713,ssr,100,95,1.0,0.0
8,26092713,ssr,100,96,1.0,0.5
8,26092713,ssr,100,97,1.0,0.0
8,26092713,ssr,100,98,1.0,0.25
8,26092713,ssr,100,99,1.0,0.1111111111111111
8,26092714,plain,1,0,1.0,0.3333333333333333
8,26092714,plain,2,0,1.0,0.2222222222222222
8,26092714,plain,2,1,1.0,0.0
8,26092714,plain,5,0,1.0,0.1111111111111111
8,26092714,plain,5,1,1.0,0.0
8,26092714,plain,5,2,1.0,0.0
8,26092714,plain,5,3,1.0,0.3333333333333333
8,26092714,plain,5,4,1.0,0.3333333333333333
8,26092714,plain,10,0,1.0,0.3333333333333333
8,26092714,plain,10,1,1.0,0.0
8,26092714,plain,10,2,1.0,0.25
8,26092714,plain,10,3,1.0,0.0
8,26092714,plain,10,4,1.0,0.3333333333333333
8,26092714,plain,10,5,1.0,0.14285714285714285
8,26092714,plain,10,6,1.0,0.3333333333333333
8,26092714,plain,10,7,1.0,0.25
8,26092714,plain,10,8,1.0,0.15384615384615385
8,26092714,plain,10,9,1.0,0.0
8,26092714,plain,25,0,1.0,0.2222222222222222
8,26092714,plain,25,1,1.0,0.0
8,26092714,plain,25,2,1.0,0.0
8,26092714,plain,25,3,1.0,0.3333333333333333
8,26092714,plain,25,4,1.0,0.0
8,26092714,plain,25,5,1.0,0.0
8,26092714,plain,25,6,1.0,0.0
8,26092714,plain,25,7,1.0,0.125
8,26092714,plain,25,8,1.0,0.15384615384615385
8,26092714,plain,25,9,1.0,0.0
8,26092714,plain,25,10,1.0,0.2
8,26092714,plain,25,11,1.0,0.25
8,26092714,plain,25,12,1.0,0.3333333333333333
8,26092714,plain,25,13,1.0,0.3333333333333333
8,26092714,plain,25,14,1.0,0.0
8,26092714,plain,25,15,1.0,0.25
8,26092714,plain,25,16,1.0,0.125
8,26092714,plain,25,17,1.0,0.3333333333333333
8,26092714,plain,25,18,1.0,0.0
8,26092714,plain,25,19,1.0,0.125
8,26092714,plain,25,20,1.0,0.0
8,26092714,plain,25,21,1.0,0.2
8,26092714,plain,25,22,1.0,0.5
8,26092714,plain,25,23,1.0,0.0
8,26092714,plain,25,24,1.0,0.0
8,26092714,plain,50,0,1.0,0.1111111111111111
8,26092714,plain,50,1,1.0,0.0
8,26092714,plain,50,2,1.0,0.0
8,26092714,plain,50,3,1.0,0.0
8,26092714,plain,50,4,0.0,0.0
8,26092714,plain,50,5,1.0,0.14285714285714285
8,26092714,plain,50,6,1.0,0.16666666666666666
8,26092714,plain,50,7,1.0,0.25
8,26092714,plain,50,8,1.0,0.15384615384615385
8,26092714,plain,50,9,1.0,0.0
8,26092714,plain,50,10,1.0,0.2
8,26092714,plain,50,11,1.0,0.25
8,26092714,plain,50,12,1.0,0.0
8,26092714,plain,50,13,1.0,0.3333333333333333
8,26092714,plain,50,14,1.0,0.1111111111111111
8,26092714,plain,50,15,1.0,0.25
8,26092714,plain,50,16,1.0,0.0
8,26092714,plain,50,17,1.0,0.3333333333333333
8,26092714,plain,50,18,1.0,0.0
8,26092714,plain,50,19,1.0,0.25
8,26092714,plain,50,20,1.0,0.16666666666666666
8,26092714,plain,50,21,0.0,0.2
8,26092714,plain,50,22,1.0,0.0
8,26092714,plain,50,23,1.0,0.25
8,26092714,plain,50,24,1.0,0.1111111111111111
8,26092714,plain,50,25,1.0,0.4
8,26092714,plain,50,26,1.0,0.16666666666666666
8,26092714,plain,50,27,1.0,0.1111111111111111
8,26092714,plain,50,28,1.0,0.125
8,26092714,plain,50,29,1.0,0.0
8,26092714,plain,50,30,1.0,0.25
8,26092714,plain,50,31,1.0,0.0
8,26092714,plain,50,32,1.0,0.2727272727272727
8,26092714,plain,50,33,1.0,0.25
8,26092714,plain,50,34,1.0,0.25
8,26092714,plain,50,35,1.0,0.0
8,26092714,plain,50,36,1.0,1.0
8,26092714,plain,50,37,1.0,0.0
8,26092714,plain,50,38,1.0,0.2857142857142857
8,26092714,plain,50,39,1.0,0.125
8,26092714,plain,50,40,1.0,0.16666666666666666
8,26092714,plain,50,41,1.0,0.16666666666666666
8,26092714,plain,50,42,1.0,0.0
8,26092714,plain,50,43,1.0,0.3333333333333333
8,26092714,plain,50,44,1.0,0.25
8,26092714,plain,50,45,1.0,0.0
8,26092714,plain,50,46,1.0,1.0
8,26092714,plain,50,47,1.0,0.125
8,26092714,plain,50,48,1.0,0.375
8,26092714,plain,50,49,1.0,0.16666666666666666
8,26092714,plain,100,0,1.0,0.2222222222222222
8,26092714,plain,100,1,0.0,0.0
8,26092714,plain,100,2,1.0,0.0
8,26092714,plain,100,3,1.0,0.0
8,26092714,plain,100,4,0.0,0.0
8,26092714,plain,100,5,0.0,0.2857142857142857
8,26092714,plain,100,6,1.0,0.16666666666666666
8,26092714,plain,100,7,1.0,0.125
8,26092714,plain,100,8,1.0,0.23076923076923078
8,26092714,plain,100,9,1.0,0.0
8,26092714,plain,100,10,1.0,0.0
8,26092714,plain,100,11,1.0,0.25
8,26092714,plain,100,12,1.0,0.3333333333333333
8,26092714,plain,100,13,1.0,0.3333333333333333
8,26092714,plain,100,14,1.0,0.0
8,26092714,plain,100,15,1.0,0.25
8,26092714,plain,100,16,1.0,0.25
8,26092714,plain,100,17,1.0,0.3333333333333333
8,26092714,plain,100,18,1.0,0.0
8,26092714,plain,100,19,1.0,0.25
8,26092714,plain,100,20,1.0,0.16666666666666666
8,26092714,plain,100,21,1.0,0.0
8,26092714,plain,100,22,1.0,0.5
8,26092714,plain,100,23,1.0,0.0
8,26092714,plain,100,24,1.0,0.0
8,26092714,plain,100,25,1.0,0.2
8,26092714,plain,100,26,1.0,0.3333333333333333
8,26092714,plain,100,27,1.0,0.3333333333333333
8,26092714,plain,100,28,1.0,0.125
8,26092714,plain,100,29,1.0,1.0
8,26092714,plain,100,30,1.0,0.25
8,26092714,plain,100,31,1.0,0.25
8,26092714,plain,100,32,1.0,0.18181818181818182
8,26092714,plain,100,33,1.0,0.25
8,26092714,plain,100,34,1.0,0.25
8,26092714,plain,100,35,1.0,0.3333333333333333
8,26092714,plain,100,36,1.0,1.0
8,26092714,plain,100,37,1.0,0.4
8,26092714,plain,100,38,1.0,0.2857142857142857
8,26092714,plain,100,39,1.0,0.125
8,26092714,plain,100,40,1.0,0.16666666666666666
8,26092714,plain,100,41,1.0,0.16666666666666666
8,26092714,plain,100,42,1.0,0.0
8,26092714,plain,100,43,1.0,0.0
8,26092714,plain,100,44,1.0,0.25
8,26092714,plain,100,45,1.0,0.0
8,26092714,plain,100,46,1.0,1.0
8,26092714,plain,100,47,1.0,0.0
8,26092714,plain,100,48,0.0,0.25
8,26092714,plain,100,49,1.0,0.16666666666666666
8,26092714,plain,100,50,1.0,0.0
8,26092714,plain,100,51,1.0,0.5
8,26092714,plain,100,52,1.0,0.2
8,26092714,plain,100,53,1.0,0.2857142857142857
8,26092714,plain,100,54,1.0,0.2857142857142857
8,26092714,plain,100,55,1.0,0.1
8,26092714,plain,100,56,1.0,0.0
8,26092714,plain,100,57,1.0,1.0
8,26092714,plain,100,58,1.0,0.2
8,26092714,plain,100,59,1.0,0.1111111111111111
8,26092714,plain,100,60,1.0,0.0
8,26092714,plain,100,61,1.0,0.3333333333333333
8,26092714,plain,100,62,1.0,0.0
8,26092714,plain,100,63,1.0,0.3333333333333333
8,26092714,plain,100,64,1.0,0.0
8,26092714,plain,100,65,1.0,0.0
8,26092714,plain,100,66,1.0,0.0
8,26092714,plain,100,67,1.0,0.16666666666666666
8,26092714,plain,100,68,1.0,1.0
8,26092714,plain,100,69,1.0,0.3333333333333333
8,26092714,plain,100,70,1.0,0.0
8,26092714,plain,100,71,1.0,0.3333333333333333
8,26092714,plain,100,72,1.0,0.3333333333333333
8,26092714,plain,100,73,1.0,0.2
8,26092714,plain,100,74,1.0,1.0
8,26092714,plain,100,75,1.0,0.25
8,26092714,plain,100,76,1.0,0.1
8,26092714,plain,100,77,1.0,0.0
8,26092714,plain,100,78,1.0,1.0
8,26092714,plain,100,79,1.0,0.1111111111111111
8,26092714,plain,100,80,1.0,0.14285714285714285
8,26092714,plain,100,81,1.0,0.0
8,26092714,plain,100,82,1.0,0.0
8,26092714,plain,100,83,1.0,0.5
8,26092714,plain,100,84,1.0,0.0
8,26092714,plain,100,85,1.0,0.0
8,26092714,plain,100,86,1.0,0.125
8,26092714,plain,100,87,1.0,0.14285714285714285
8,26092714,plain,100,88,1.0,0.25
8,26092714,plain,100,89,1.0,0.25
8,26092714,plain,100,90,1.0,0.2
8,26092714,plain,100,91,1.0,0.2857142857142857
8,26092714,plain,100,92,1.0,0.3333333333333333
8,26092714,plain,100,93,1.0,0.25
8,26092714,plain,100,94,1.0,0.0
8,26092714,plain,100,95,1.0,0.0
8,26092714,plain,100,96,1.0,0.0
8,26092714,plain,100,97,1.0,0.14285714285714285
8,26092714,plain,100,98,1.0,0.5
8,26092714,plain,100,99,1.0,0.0
8,26092714,ssr,1,0,1.0,0.3333333333333333
8,26092714,ssr,2,0,1.0,0.2222222222222222
8,26092714,ssr,2,1,1.0,0.0
8,26092714,ssr,5,0,1.0,0.1111111111111111
8,26092714,ssr,5,1,1.0,0.0
8,26092714,ssr,5,2,1.0,0.0
8,26092714,ssr,5,3,1.0,0.0
8,26092714,ssr,5,4,1.0,0.3333333333333333
8,26092714,ssr,10,0,1.0,0.3333333333333333
8,26092714,ssr,10,1,1.0,0.0
8,26092714,ssr,10,2,1.0,0.0
8,26092714,ssr,10,3,1.0,0.0
8,26092714,ssr,10,4,1.0,0.3333333333333333
8,26092714,ssr,10,5,1.0,0.42857142857142855
8,26092714,ssr,10,6,1.0,0.5
8,26092714,ssr,10,7,1.0,0.375
8,26092714,ssr,10,8,1.0,0.23076923076923078
8,26092714,ssr,10,9,1.0,0.3333333333333333
8,26092714,ssr,25,0,1.0,0.2222222222222222
8,26092714,ssr,25,1,1.0,0.0
8,26092714,ssr,25,2,1.0,0.0
8,26092714,ssr,25,3,1.0,0.3333333333333333
8,26092714,ssr,25,4,1.0,0.0
8,26092714,ssr,25,5,1.0,0.0
8,26092714,ssr,25,6,1.0,0.0
8,26092714,ssr,25,7,1.0,0.125
8,26092714,ssr,25,8,1.0,0.07692307692307693
8,26092714,ssr,25,9,1.0,0.0
8,26092714,ssr,25,10,1.0,0.2
8,26092714,ssr,25,11,1.0,0.0
8,26092714,ssr,25,12,1.0,0.3333333333333333
8,26092714,ssr,25,13,1.0,0.3333333333333333
8,26092714,ssr,25,14,1.0,0.1111111111111111
8,26092714,ssr,25,15,1.0,0.0
8,26092714,ssr,25,16,1.0,0.25
8,26092714,ssr,25,17,1.0,0.3333333333333333
8,26092714,ssr,25,18,1.0,0.0
8,26092714,ssr,25,19,1.0,0.125
8,26092714,ssr,25,20,1.0,0.0
8,26092714,ssr,25,21,1.0,0.2
8,26092714,ssr,25,22,1.0,0.5
8,26092714,ssr,25,23,1.0,0.0
8,26092714,ssr,25,24,1.0,0.0
8,26092714,ssr,50,0,1.0,0.1111111111111111
8,26092714,ssr,50,1,1.0,0.0
8,26092714,ssr,50,2,1.0,0.0
8,26092714,ssr,50,3,1.0,0.0
8,26092714,ssr,50,4,1.0,0.0
8,26092714,ssr,50,5,1.0,0.14285714285714285
8,26092714,ssr,50,6,1.0,0.3333333333333333
8,26092714,ssr,50,7,1.0,0.0
8,26092714,ssr,50,8,1.0,0.15384615384615385
8,26092714,ssr,50,9,1.0,0.0
8,26092714,ssr,50,10,1.0,0.2
8,26092714,ssr,50,11,1.0,0.25
8,26092714,ssr,50,12,1.0,0.0
8,26092714,ssr,50,13,1.0,0.3333333333333333
8,26092714,ssr,50,14,1.0,0.0
8,26092714,ssr,50,15,1.0,0.25
8,26092714,ssr,50,16,1.0,0.375
8,26092714,ssr,50,17,1.0,0.3333333333333333
8,26092714,ssr,50,18,1.0,0.0
8,26092714,ssr,50,19,1.0,0.125
8,26092714,ssr,50,20,1.0,0.0
8,26092714,ssr,50,21,1.0,0.2
8,26092714,ssr,50,22,1.0,0.5
8,26092714,ssr,50,23,1.0,0.0
8,26092714,ssr,50,24,1.0,0.1111111111111111
8,26092714,ssr,50,25,1.0,0.2
8,26092714,ssr,50,26,1.0,0.16666666666666666
8,26092714,ssr,50,27,1.0,0.1111111111111111
8,26092714,ssr,50,28,1.0,0.125
8,26092714,ssr,50,29,1.0,0.0
8,26092714,ssr,50,30,1.0,0.25
8,26092714,ssr,50,31,1.0,0.25
8,26092714,ssr,50,32,1.0,0.18181818181818182
8,26092714,ssr,50,33,1.0,0.25
8,26092714,ssr,50,34,1.0,0.5
8,26092714,ssr,50,35,1.0,0.3333333333333333
8,26092714,ssr,50,36,1.0,1.0
8,26092714,ssr,50,37,1.0,0.0
8,26092714,ssr,50,38,1.0,0.42857142857142855
8,26092714,ssr,50,39,1.0,0.375
8,26092714,ssr,50,40,1.0,0.0
8,26092714,ssr,50,41,1.0,0.16666666666666666
8,26092714,ssr,50,42,1.0,0.0
8,26092714,ssr,50,43,1.0,0.3333333333333333
8,26092714,ssr,50,44,1.0,0.25
8,26092714,ssr,50,45,1.0,0.0
8,26092714,ssr,50,46,1.0,1.0
8,26092714,ssr,50,47,1.0,0.0
8,26092714,ssr,50,48,1.0,0.125
8,26092714,ssr,50,49,1.0,0.0
8,26092714,ssr,100,0,1.0,0.2222222222222222
8,26092714,ssr,100,1,0.0,1.0
8,26092714,ssr,100,2,1.0,0.0
8,26092714,ssr,100,3,1.0,0.3333333333333333
8,26092714,ssr,100,4,1.0,0.0
8,26092714,ssr,100,5,1.0,0.14285714285714285
8,26092714,ssr,100,6,1.0,0.16666666666666666
8,26092714,ssr,100,7,0.0,0.125
8,26092714,ssr,100,8,1.0,0.23076923076923078
8,26092714,ssr,100,9,1.0,0.0
8,26092714,ssr,100,10,0.0,0.0
8,26092714,ssr,100,11,1.0,0.25
8,26092714,ssr,100,12,1.0,0.0
8,26092714,ssr,100,13,1.0,0.3333333333333333
8,26092714,ssr,100,14,1.0,0.0
8,26092714,ssr,100,15,1.0,0.0
8,26092714,ssr,100,16,1.0,0.125
8,26092714,ssr,100,17,1.0,0.3333333333333333
8,26092714,ssr,100,18,0.0,0.0
8,26092714,ssr,100,19,1.0,0.125
8,26092714,ssr,100,20,1.0,0.3333333333333333
8,26092714,ssr,100,21,1.0,0.2
8,26092714,ssr,100,22,1.0,0.5
8,26092714,ssr,100,23,1.0,0.0
8,26092714,ssr,100,24,1.0,0.0
8,26092714,ssr,100,25,1.0,0.2
8,26092714,ssr,100,26,1.0,0.5
8,26092714,ssr,100,27,1.0,0.2222222222222222
8,26092714,ssr,100,28,1.0,0.125
8,26092714,ssr,100,29,1.0,1.0
8,26092714,ssr,100,30,1.0,0.25
8,26092714,ssr,100,31,1.0,0.25
8,26092714,ssr,100,32,1.0,0.18181818181818182
8,26092714,ssr,100,33,1.0,0.25
8,26092714,ssr,100,34,1.0,0.5
8,26092714,ssr,100,35,1.0,0.3333333333333333
8,26092714,ssr,100,36,1.0,1.0
8,26092714,ssr,100,37,1.0,0.0
8,26092714,ssr,100,38,1.0,0.42857142857142855
8,26092714,ssr,100,39,1.0,0.25
8,26092714,ssr,100,40,1.0,0.16666666666666666
8,26092714,ssr,100,41,1.0,0.25
8,26092714,ssr,100,42,1.0,0.0
8,26092714,ssr,100,43,1.0,0.0
8,26092714,ssr,100,44,1.0,0.5
8,26092714,ssr,100,45,0.0,0.0
8,26092714,ssr,100,46,1.0,0.0
8,26092714,ssr,100,47,1.0,0.125
8,26092714,ssr,100,48,0.0,0.25
8,26092714,ssr,100,49,1.0,0.3333333333333333
8,26092714,ssr,100,50,1.0,0.0
8,26092714,ssr,100,51,1.0,1.0
8,26092714,ssr,100,52,1.0,0.4
8,26092714,ssr,100,53,1.0,0.14285714285714285
8,26092714,ssr,100,54,1.0,0.2857142857142857
8,26092714,ssr,100,55,1.0,0.0
8,26092714,ssr,100,56,1.0,0.3333333333333333
8,26092714,ssr,100,57,1.0,1.0
8,26092714,ssr,100,58,1.0,0.0
8,26092714,ssr,100,59,1.0,0.2222222222222222
8,26092714,ssr,100,60,1.0,0.1
8,26092714,ssr,100,61,1.0,0.5
8,26092714,ssr,100,62,1.0,1.0
8,26092714,ssr,100,63,1.0,0.3333333333333333
8,26092714,ssr,100,64,0.0,0.0
8,26092714,ssr,100,65,1.0,0.0
8,26092714,ssr,100,66,1.0,0.0
8,26092714,ssr,100,67,1.0,0.16666666666666666
8,26092714,ssr,100,68,1.0,1.0
8,26092714,ssr,100,69,1.0,0.3333333333333333
8,26092714,ssr,100,70,1.0,0.0
8,26092714,ssr,100,71,1.0,0.6666666666666666
8,26092714,ssr,100,72,1.0,0.3333333333333333
8,26092714,ssr,100,73,1.0,0.2
8,26092714,ssr,100,74,1.0,0.0
8,26092714,ssr,100,75,1.0,0.25
8,26092714,ssr,100,76,1.0,0.0
8,26092714,ssr,100,77,1.0,0.0
8,26092714,ssr,100,78,1.0,0.5
8,26092714,ssr,100,79,1.0,0.2222222222222222
8,26092714,ssr,100,80,1.0,0.0
8,26092714,ssr,100,81,1.0,0.3333333333333333
8,26092714,ssr,100,82,1.0,0.14285714285714285
8,26092714,ssr,100,83,1.0,0.0
8,26092714,ssr,100,84,1.0,0.3333333333333333
8,26092714,ssr,100,85,1.0,0.16666666666666666
8,26092714,ssr,100,86,1.0,0.25
8,26092714,ssr,100,87,1.0,0.2857142857142857
8,26092714,ssr,100,88,1.0,0.0
8,26092714,ssr,100,89,1.0,0.25
8,26092714,ssr,100,90,1.0,0.4
8,26092714,ssr,100,91,1.0,0.2857142857142857
8,26092714,ssr,100,92,1.0,0.3333333333333333
8,26092714,ssr,100,93,1.0,0.5
8,26092714,ssr,100,94,1.0,0.2
8,26092714,ssr,100,95,1.0,0.0
8,26092714,ssr,100,96,1.0,0.0
8,26092714,ssr,100,97,1.0,0.42857142857142855
8,26092714,ssr,100,98,1.0,0.5
8,26092714,ssr,100,99,1.0,0.0
8,26092715,plain,1,0,1.0,0.0
8,26092715,plain,2,0,1.0,0.0
8,26092715,plain,2,1,1.0,0.4
8,26092715,plain,5,0,1.0,0.0
8,26092715,plain,5,1,1.0,0.0
8,26092715,plain,5,2,1.0,0.25
8,26092715,plain,5,3,1.0,0.0
8,26092715,plain,5,4,1.0,1.0
8,26092715,plain,10,0,1.0,1.0
8,26092715,plain,10,1,1.0,0.0
8,26092715,plain,10,2,1.0,0.25
8,26092715,plain,10,3,1.0,1.0
8,26092715,plain,10,4,1.0,1.0
8,26092715,plain,10,5,1.0,0.14285714285714285
8,26092715,plain,10,6,1.0,0.5
8,26092715,plain,10,7,1.0,0.375
8,26092715,plain,10,8,1.0,0.3333333333333333
8,26092715,plain,10,9,1.0,0.16666666666666666
8,26092715,plain,25,0,1.0,1.0
8,26092715,plain,25,1,1.0,0.2
8,26092715,plain,25,2,1.0,0.75
8,26092715,plain,25,3,1.0,0.0
8,26092715,plain,25,4,1.0,1.0
8,26092715,plain,25,5,1.0,0.2857142857142857
8,26092715,plain,25,6,1.0,0.5
8,26092715,plain,25,7,1.0,0.125
8,26092715,plain,25,8,1.0,0.3333333333333333
8,26092715,plain,25,9,1.0,0.6666666666666666
8,26092715,plain,25,10,1.0,0.0
8,26092715,plain,25,11,1.0,0.375
8,26092715,plain,25,12,1.0,0.5
8,26092715,plain,25,13,1.0,0.25
8,26092715,plain,25,14,1.0,0.4444444444444444
8,26092715,plain,25,15,1.0,0.25
8,26092715,plain,25,16,1.0,0.2
8,26092715,plain,25,17,1.0,0.0
8,26092715,plain,25,18,1.0,0.6666666666666666
8,26092715,plain,25,19,1.0,1.0
8,26092715,plain,25,20,1.0,0.3333333333333333
8,26092715,plain,25,21,1.0,0.1
8,26092715,plain,25,22,1.0,0.2857142857142857
8,26092715,plain,25,23,1.0,0.4
8,26092715,plain,25,24,1.0,0.16666666666666666
8,26092715,plain,50,0,1.0,0.0
8,26092715,plain,50,1,1.0,0.0
8,26092715,plain,50,2,1.0,0.25
8,26092715,plain,50,3,1.0,1.0
8,26092715,plain,50,4,1.0,0.0
8,26092715,plain,50,5,1.0,0.14285714285714285
8,26092715,plain,50,6,1.0,0.0
8,26092715,plain,50,7,0.0,0.25
8,26092715,plain,50,8,1.0,0.6666666666666666
8,26092715,plain,50,9,1.0,0.16666666666666666
8,26092715,plain,50,10,0.0,0.0
8,26092715,plain,50,11,1.0,0.25
8,26092715,plain,50,12,1.0,0.5
8,26092715,plain,50,13,1.0,0.0
8,26092715,plain,50,14,1.0,0.1111111111111111
8,26092715,plain,50,15,1.0,0.0
8,26092715,plain,50,16,0.0,0.2
8,26092715,plain,50,17,1.0,0.0
8,26092715,plain,50,18,1.0,0.6666666666666666
8,26092715,plain,50,19,1.0,0.0
8,26092715,plain,50,20,1.0,0.1111111111111111
8,26092715,plain,50,21,1.0,0.0
8,26092715,plain,50,22,1.0,0.14285714285714285
8,26092715,plain,50,23,1.0,0.2
8,26092715,plain,50,24,1.0,0.0
8,26092715,plain,50,25,1.0,0.0
8,26092715,plain,50,26,1.0,0.5
8,26092715,plain,50,27,1.0,0.0
8,26092715,plain,50,28,1.0,0.2
8,26092715,plain,50,29,1.0,0.0
8,26092715,plain,50,30,1.0,0.5
8,26092715,plain,50,31,1.0,0.0
8,26092715,plain,50,32,1.0,0.4
8,26092715,plain,50,33,1.0,0.3333333333333333
8,26092715,plain,50,34,1.0,0.4
8,26092715,plain,50,35,0.0,0.0
8,26092715,plain,50,36,1.0,0.0
8,26092715,plain,50,37,1.0,0.0
8,26092715,plain,50,38,1.0,0.16666666666666666
8,26092715,plain,50,39,1.0,0.0
8,26092715,plain,50,40,1.0,0.14285714285714285
8,26092715,plain,50,41,1.0,0.0
8,26092715,plain,50,42,1.0,0.0
8,26092715,plain,50,43,1.0,0.3333333333333333
8,26092715,plain,50,44,1.0,0.0
8,26092715,plain,50,45,1.0,0.0
8,26092715,plain,50,46,1.0,0.0
8,26092715,plain,50,47,1.0,0.0
8,26092715,plain,50,48,1.0,0.4
8,26092715,plain,50,49,1.0,0.0
8,26092715,plain,100,0,1.0,1.0
8,26092715,plain,100,1,0.0,0.6
8,26092715,plain,100,2,0.0,0.5
8,26092715,plain,100,3,1.0,0.0
8,26092715,plain,100,4,0.0,0.0
8,26092715,plain,100,5,1.0,0.2857142857142857
8,26092715,plain,100,6,1.0,0.0
8,26092715,plain,100,7,1.0,0.375
8,26092715,plain,100,8,1.0,0.0
8,26092715,plain,100,9,1.0,0.16666666666666666
8,26092715,plain,100,10,0.0,0.0
8,26092715,plain,100,11,1.0,0.25
8,26092715,plain,100,12,1.0,0.5
8,26092715,plain,100,13,1.0,0.0
8,26092715,plain,100,14,1.0,0.3333333333333333
8,26092715,plain,100,15,1.0,0.0
8,26092715,plain,100,16,1.0,0.0
8,26092715,plain,100,17,1.0,0.0
8,26092715,plain,100,18,1.0,0.6666666666666666
8,26092715,plain,100,19,1.0,0.0
8,26092715,plain,100,20,1.0,0.2222222222222222
8,26092715,plain,100,21,1.0,0.0
8,26092715,plain,100,22,1.0,0.2857142857142857
8,26092715,plain,100,23,0.0,0.0
8,26092715,plain,100,24,1.0,0.16666666666666666
8,26092715,plain,100,25,1.0,0.5
8,26092715,plain,100,26,1.0,0.5
8,26092715,plain,100,27,1.0,0.1111111111111111
8,26092715,plain,100,28,1.0,0.0
8,26092715,plain,100,29,1.0,1.0
8,26092715,plain,100,30,1.0,0.5
8,26092715,plain,100,31,1.0,0.0
8,26092715,plain,100,32,1.0,0.2
8,26092715,plain,100,33,1.0,0.3333333333333333
8,26092715,plain,100,34,1.0,0.2
8,26092715,plain,100,35,1.0,0.4
8,26092715,plain,100,36,0.0,0.3333333333333333
8,26092715,plain,100,37,1.0,0.0
8,26092715,plain,100,38,1.0,0.16666666666666666
8,26092715,plain,100,39,1.0,0.16666666666666666
8,26092715,plain,100,40,1.0,0.2857142857142857
8,26092715,plain,100,41,1.0,0.5
8,26092715,plain,100,42,1.0,0.0
8,26092715,plain,100,43,1.0,0.3333333333333333
8,26092715,plain,100,44,1.0,0.0
8,26092715,plain,100,45,1.0,0.16666666666666666
8,26092715,plain,100,46,1.0,0.0
8,26092715,plain,100,47,1.0,0.125
8,26092715,plain,100,48,1.0,0.0
8,26092715,plain,100,49,1.0,0.2
8,26092715,plain,100,50,1.0,0.0
8,26092715,plain,100,51,1.0,0.5
8,26092715,plain,100,52,1.0,0.0
8,26092715,plain,100,53,1.0,0.5
8,26092715,plain,100,54,1.0,1.0
8,26092715,plain,100,55,1.0,0.1875
8,26092715,plain,100,56,1.0,0.25
8,26092715,plain,100,57,1.0,0.1111111111111111
8,26092715,plain,100,58,1.0,0.16666666666666666
8,26092715,plain,100,59,1.0,0.5
8,26092715,plain,100,60,1.0,0.25
8,26092715,plain,100,61,1.0,0.3333333333333333
8,26092715,plain,100,62,1.0,0.16666666666666666
8,26092715,plain,100,63,1.0,0.0
8,26092715,plain,100,64,1.0,1.0
8,26092715,plain,100,65,1.0,0.2857142857142857
8,26092715,plain,100,66,1.0,0.0
8,26092715,plain,100,67,1.0,0.2222222222222222
8,26092715,plain,100,68,1.0,0.6666666666666666
8,26092715,plain,100,69,1.0,0.0
8,26092715,plain,100,70,1.0,0.0
8,26092715,plain,100,71,1.0,0.25
8,26092715,plain,100,72,1.0,0.0
8,26092715,plain,100,73,1.0,0.0
8,26092715,plain,100,74,1.0,0.25
8,26092715,plain,100,75,1.0,0.3333333333333333
8,26092715,plain,100,76,1.0,0.0
8,26092715,plain,100,77,0.0,0.3333333333333333
8,26092715,plain,100,78,1.0,0.2222222222222222
8,26092715,plain,100,79,1.0,0.2857142857142857
8,26092715,plain,100,80,1.0,0.0
8,26092715,plain,100,81,1.0,0.14285714285714285
8,26092715,plain,100,82,1.0,0.0
8,26092715,plain,100,83,1.0,0.16666666666666666
8,26092715,plain,100,84,1.0,0.0
8,26092715,plain,100,85,1.0,0.3333333333333333
8,26092715,plain,100,86,1.0,0.3333333333333333
8,26092715,plain,100,87,1.0,0.14285714285714285
8,26092715,plain,100,88,1.0,1.0
8,26092715,plain,100,89,1.0,0.5
8,26092715,plain,100,90,1.0,0.2
8,26092715,plain,100,91,1.0,0.0
8,26092715,plain,100,92,1.0,0.25
8,26092715,plain,100,93,1.0,0.0
8,26092715,plain,100,94,1.0,0.25
8,26092715,plain,100,95,1.0,0.0
8,26092715,plain,100,96,1.0,0.0
8,26092715,plain,100,97,1.0,0.0
8,26092715,plain,100,98,1.0,0.2
8,26092715,plain,100,99,1.0,0.2857142857142857
8,26092715,ssr,1,0,1.0,1.0
8,26092715,ssr,2,0,1.0,0.0
8,26092715,ssr,2,1,1.0,0.4
8,26092715,ssr,5,0,1.0,0.0
8,26092715,ssr,5,1,1.0,0.2
8,26092715,ssr,5,2,1.0,0.0
8,26092715,ssr,5,3,1.0,0.0
8,26092715,ssr,5,4,1.0,1.0
8,26092715,ssr,10,0,1.0,1.0
8,26092715,ssr,10,1,1.0,0.4
8,26092715,ssr,10,2,1.0,0.25
8,26092715,ssr,10,3,1.0,0.0
8,26092715,ssr,10,4,1.0,0.0
8,26092715,ssr,10,5,1.0,0.14285714285714285
8,26092715,ssr,10,6,1.0,0.5
8,26092715,ssr,10,7,1.0,0.25
8,26092715,ssr,10,8,1.0,0.6666666666666666
8,26092715,ssr,10,9,1.0,0.0
8,26092715,ssr,25,0,1.0,1.0
8,26092715,ssr,25,1,1.0,0.2
8,26092715,ssr,25,2,1.0,0.5
8,26092715,ssr,25,3,1.0,1.0
8,26092715,ssr,25,4,1.0,0.0
8,26092715,ssr,25,5,1.0,0.14285714285714285
8,26092715,ssr,25,6,1.0,0.5
8,26092715,ssr,25,7,1.0,0.375
8,26092715,ssr,25,8,1.0,0.6666666666666666
8,26092715,ssr,25,9,1.0,0.3333333333333333
8,26092715,ssr,25,10,1.0,0.3333333333333333
8,26092715,ssr,25,11,1.0,0.375
8,26092715,ssr,25,12,1.0,0.5
8,26092715,ssr,25,13,1.0,0.25
8,26092715,ssr,25,14,1.0,0.4444444444444444
8,26092715,ssr,25,15,1.0,0.25
8,26092715,ssr,25,16,1.0,0.2
8,26092715,ssr,25,17,1.0,0.3333333333333333
8,26092715,ssr,25,18,1.0,0.6666666666666666
8,26092715,ssr,25,19,1.0,1.0
8,26092715,ssr,25,20,1.0,0.4444444444444444
8,26092715,ssr,25,21,1.0,0.3
8,26092715,ssr,25,22,1.0,0.2857142857142857
8,26092715,ssr,25,23,1.0,0.4
8,26092715,ssr,25,24,1.0,0.16666666666666666
8,26092715,ssr,50,0,1.0,1.0
8,26092715,ssr,50,1,1.0,0.0
8,26092715,ssr,50,2,1.0,0.5
8,26092715,ssr,50,3,1.0,1.0
8,26092715,ssr,50,4,1.0,0.0
8,26092715,ssr,50,5,1.0,0.14285714285714285
8,26092715,ssr,50,6,1.0,0.5
8,26092715,ssr,50,7,1.0,0.375
8,26092715,ssr,50,8,1.0,0.6666666666666666
8,26092715,ssr,50,9,1.0,0.16666666666666666
8,26092715,ssr,50,10,0.0,0.3333333333333333
8,26092715,ssr,50,11,1.0,0.125
8,26092715,ssr,50,12,1.0,0.25
8,26092715,ssr,50,13,1.0,0.0
8,26092715,ssr,50,14,1.0,0.3333333333333333
8,26092715,ssr,50,15,1.0,0.25
8,26092715,ssr,50,16,0.0,0.2
8,26092715,ssr,50,17,1.0,0.0
8,26092715,ssr,50,18,1.0,0.3333333333333333
8,26092715,ssr,50,19,1.0,0.0
8,26092715,ssr,50,20,1.0,0.3333333333333333
8,26092715,ssr,50,21,1.0,0.0
8,26092715,ssr,50,22,1.0,0.0
8,26092715,ssr,50,23,1.0,0.2
8,26092715,ssr,50,24,1.0,0.0
8,26092715,ssr,50,25,1.0,0.5
8,26092715,ssr,50,26,1.0,1.0
8,26092715,ssr,50,27,1.0,0.1111111111111111
8,26092715,ssr,50,28,1.0,0.2
8,26092715,ssr,50,29,1.0,0.0
8,26092715,ssr,50,30,1.0,0.25
8,26092715,ssr,50,31,1.0,0.0
8,26092715,ssr,50,32,1.0,0.2
8,26092715,ssr,50,33,1.0,0.3333333333333333
8,26092715,ssr,50,34,1.0,0.4
8,26092715,ssr,50,35,0.0,0.4
8,26092715,ssr,50,36,1.0,0.0
8,26092715,ssr,50,37,1.0,0.0
8,26092715,ssr,50,38,1.0,0.16666666666666666
8,26092715,ssr,50,39,1.0,0.16666666666666666
8,26092715,ssr,50,40,1.0,0.2857142857142857
8,26092715,ssr,50,41,1.0,0.5
8,26092715,ssr,50,42,1.0,0.0
8,26092715,ssr,50,43,1.0,0.6666666666666666
8,26092715,ssr,50,44,1.0,0.3333333333333333
8,26092715,ssr,50,45,1.0,0.3333333333333333
8,26092715,ssr,50,46,1.0,0.0
8,26092715,ssr,50,47,1.0,0.125
8,26092715,ssr,50,48,1.0,0.2
8,26092715,ssr,50,49,1.0,0.4
8,26092715,ssr,100,0,1.0,1.0
8,26092715,ssr,100,1,0.0,0.4
8,26092715,ssr,100,2,1.0,0.5
8,26092715,ssr,100,3,1.0,1.0
8,26092715,ssr,100,4,1.0,1.0
8,26092715,ssr,100,5,1.0,0.2857142857142857
8,26092715,ssr,100,6,1.0,0.5
8,26092715,ssr,100,7,1.0,0.125
8,26092715,ssr,100,8,1.0,0.6666666666666666
8,26092715,ssr,100,9,1.0,0.16666666666666666
8,26092715,ssr,100,10,0.0,0.3333333333333333
8,26092715,ssr,100,11,1.0,0.375
8,26092715,ssr,100,12,1.0,0.5
8,26092715,ssr,100,13,1.0,0.25
8,26092715,ssr,100,14,1.0,0.4444444444444444
8,26092715,ssr,100,15,1.0,0.0
8,26092715,ssr,100,16,1.0,0.2
8,26092715,ssr,100,17,0.0,0.0
8,26092715,ssr,100,18,1.0,0.6666666666666666
8,26092715,ssr,100,19,1.0,0.0
8,26092715,ssr,100,20,1.0,0.3333333333333333
8,26092715,ssr,100,21,1.0,0.2
8,26092715,ssr,100,22,1.0,0.14285714285714285
8,26092715,ssr,100,23,1.0,0.4
8,26092715,ssr,100,24,1.0,0.16666666666666666
8,26092715,ssr,100,25,1.0,0.5
8,26092715,ssr,100,26,1.0,0.5
8,26092715,ssr,100,27,1.0,0.1111111111111111
8,26092715,ssr,100,28,1.0,0.2
8,26092715,ssr,100,29,0.0,0.0
8,26092715,ssr,100,30,1.0,0.25
8,26092715,ssr,100,31,1.0,0.0
8,26092715,ssr,100,32,1.0,0.6
8,26092715,ssr,100,33,1.0,0.6666666666666666
8,26092715,ssr,100,34,1.0,0.4
8,26092715,ssr,100,35,1.0,0.6
8,26092715,ssr,100,36,1.0,0.6666666666666666
8,26092715,ssr,100,37,0.0,0.0
8,26092715,ssr,100,38,1.0,0.16666666666666666
8,26092715,ssr,100,39,0.0,0.16666666666666666
8,26092715,ssr,100,40,0.0,0.2857142857142857
8,26092715,ssr,100,41,1.0,1.0
8,26092715,ssr,100,42,1.0,1.0
8,26092715,ssr,100,43,1.0,0.3333333333333333
8,26092715,ssr,100,44,1.0,0.0
8,26092715,ssr,100,45,0.0,0.3333333333333333
8,26092715,ssr,100,46,1.0,0.0
8,26092715,ssr,100,47,1.0,0.125
8,26092715,ssr,100,48,1.0,0.4
8,26092715,ssr,100,49,1.0,0.2
8,26092715,ssr,100,50,0.0,0.0
8,26092715,ssr,100,51,1.0,1.0
8,26092715,ssr,100,52,1.0,0.125
8,26092715,ssr,100,53,1.0,0.5
8,26092715,ssr,100,54,1.0,1.0
8,26092715,ssr,100,55,1.0,0.375
8,26092715,ssr,100,56,1.0,0.25
8,26092715,ssr,100,57,1.0,0.1111111111111111
8,26092715,ssr,100,58,1.0,0.5
8,26092715,ssr,100,59,0.0,0.5
8,26092715,ssr,100,60,1.0,0.25
8,26092715,ssr,100,61,1.0,0.3333333333333333
8,26092715,ssr,100,62,1.0,0.16666666666666666
8,26092715,ssr,100,63,1.0,0.0
8,26092715,ssr,100,64,1.0,1.0
8,26092715,ssr,100,65,1.0,0.2857142857142857
8,26092715,ssr,100,66,1.0,0.0
8,26092715,ssr,100,67,0.0,0.2222222222222222
8,26092715,ssr,100,68,1.0,0.6666666666666666
8,26092715,ssr,100,69,1.0,0.0
8,26092715,ssr,100,70,1.0,1.0
8,26092715,ssr,100,71,0.0,0.125
8,26092715,ssr,100,72,1.0,0.3333333333333333
8,26092715,ssr,100,73,1.0,0.16666666666666666
8,26092715,ssr,100,74,1.0,0.25
8,26092715,ssr,100,75,1.0,0.3333333333333333
8,26092715,ssr,100,76,1.0,0.0
8,26092715,ssr,100,77,1.0,0.3333333333333333
8,26092715,ssr,100,78,1.0,0.1111111111111111
8,26092715,ssr,100,79,1.0,0.2857142857142857
8,26092715,ssr,100,80,1.0,0.0
8,26092715,ssr,100,81,0.0,0.14285714285714285
8,26092715,ssr,100,82,1.0,0.3333333333333333
8,26092715,ssr,100,83,1.0,0.16666666666666666
8,26092715,ssr,100,84,1.0,0.0
8,26092715,ssr,100,85,1.0,0.6666666666666666
8,26092715,ssr,100,86,0.0,0.4444444444444444
8,26092715,ssr,100,87,1.0,0.2857142857142857
8,26092715,ssr,100,88,1.0,1.0
8,26092715,ssr,100,89,1.0,1.0
8,26092715,ssr,100,90,1.0,0.6
8,26092715,ssr,100,91,1.0,0.5
8,26092715,ssr,100,92,1.0,0.25
8,26092715,ssr,100,93,1.0,1.0
8,26092715,ssr,100,94,1.0,0.375
8,26092715,ssr,100,95,1.0,0.0
8,26092715,ssr,100,96,1.0,0.3333333333333333
8,26092715,ssr,100,97,1.0,0.3333333333333333
8,26092715,ssr,100,98,1.0,0.2
8,26092715,ssr,100,99,1.0,0.2857142857142857
8,26092716,plain,1,0,1.0,1.0
8,26092716,plain,2,0,1.0,0.0
8,26092716,plain,2,1,1.0,0.3333333333333333
8,26092716,plain,5,0,1.0,0.0
8,26092716,plain,5,1,1.0,0.3333333333333333
8,26092716,plain,5,2,1.0,0.16666666666666666
8,26092716,plain,5,3,1.0,1.0
8,26092716,plain,5,4,1.0,1.0
8,26092716,plain,10,0,1.0,1.0
8,26092716,plain,10,1,1.0,0.3333333333333333
8,26092716,plain,10,2,1.0,0.16666666666666666
8,26092716,plain,10,3,1.0,1.0
8,26092716,plain,10,4,1.0,0.0
8,26092716,plain,10,5,1.0,0.2857142857142857
8,26092716,plain,10,6,1.0,1.0
8,26092716,plain,10,7,1.0,0.2222222222222222
8,26092716,plain,10,8,1.0,0.6666666666666666
8,26092716,plain,10,9,1.0,0.3333333333333333
8,26092716,plain,25,0,1.0,1.0
8,26092716,plain,25,1,1.0,0.3333333333333333
8,26092716,plain,25,2,1.0,0.16666666666666666
8,26092716,plain,25,3,1.0,0.0
8,26092716,plain,25,4,1.0,0.5
8,26092716,plain,25,5,1.0,0.0
8,26092716,plain,25,6,1.0,1.0
8,26092716,plain,25,7,1.0,0.1111111111111111
8,26092716,plain,25,8,1.0,0.3333333333333333
8,26092716,plain,25,9,1.0,0.3333333333333333
8,26092716,plain,25,10,1.0,0.0
8,26092716,plain,25,11,1.0,0.14285714285714285
8,26092716,plain,25,12,1.0,1.0
8,26092716,plain,25,13,1.0,0.0
8,26092716,plain,25,14,1.0,0.5
8,26092716,plain,25,15,1.0,0.1111111111111111
8,26092716,plain,25,16,1.0,0.5
8,26092716,plain,25,17,1.0,0.125
8,26092716,plain,25,18,1.0,0.5
8,26092716,plain,25,19,1.0,0.5
8,26092716,plain,25,20,1.0,0.08333333333333333
8,26092716,plain,25,21,1.0,0.2222222222222222
8,26092716,plain,25,22,1.0,0.0
8,26092716,plain,25,23,1.0,0.0
8,26092716,plain,25,24,1.0,1.0
8,26092716,plain,50,0,1.0,1.0
8,26092716,plain,50,1,1.0,0.0
8,26092716,plain,50,2,1.0,0.16666666666666666
8,26092716,plain,50,3,1.0,0.0
8,26092716,plain,50,4,1.0,0.5
8,26092716,plain,50,5,1.0,0.0
8,26092716,plain,50,6,1.0,1.0
8,26092716,plain,50,7,1.0,0.1111111111111111
8,26092716,plain,50,8,1.0,0.3333333333333333
8,26092716,plain,50,9,1.0,0.3333333333333333
8,26092716,plain,50,10,1.0,0.0
8,26092716,plain,50,11,1.0,0.14285714285714285
8,26092716,plain,50,12,1.0,0.0
8,26092716,plain,50,13,1.0,0.0
8,26092716,plain,50,14,1.0,0.5
8,26092716,plain,50,15,1.0,0.1111111111111111
8,26092716,plain,50,16,0.0,0.5
8,26092716,plain,50,17,1.0,0.0
8,26092716,plain,50,18,1.0,0.0
8,26092716,plain,50,19,1.0,0.5
8,26092716,plain,50,20,1.0,0.16666666666666666
8,26092716,plain,50,21,1.0,0.2222222222222222
8,26092716,plain,50,22,1.0,0.0
8,26092716,plain,50,23,1.0,0.14285714285714285
8,26092716,plain,50,24,1.0,1.0
8,26092716,plain,50,25,1.0,0.0
8,26092716,plain,50,26,1.0,0.0
8,26092716,plain,50,27,1.0,0.0
8,26092716,plain,50,28,1.0,0.0
8,26092716,plain,50,29,1.0,0.16666666666666666
8,26092716,plain,50,30,1.0,0.14285714285714285
8,26092716,plain,50,31,1.0,0.0
8,26092716,plain,50,32,1.0,0.0
8,26092716,plain,50,33,1.0,0.125
8,26092716,plain,50,34,1.0,0.0
8,26092716,plain,50,35,1.0,0.2
8,26092716,plain,50,36,1.0,0.2857142857142857
8,26092716,plain,50,37,1.0,0.0
8,26092716,plain,50,38,1.0,0.16666666666666666
8,26092716,plain,50,39,1.0,0.0
8,26092716,plain,50,40,1.0,0.0
8,26092716,plain,50,41,1.0,0.16666666666666666
8,26092716,plain,50,42,1.0,0.5
8,26092716,plain,50,43,1.0,0.5
8,26092716,plain,50,44,1.0,0.125
8,26092716,plain,50,45,1.0,0.0
8,26092716,plain,50,46,1.0,1.0
8,26092716,plain,50,47,0.0,0.14285714285714285
8,26092716,plain,50,48,1.0,1.0
8,26092716,plain,50,49,1.0,0.5
8,26092716,plain,100,0,1.0,1.0
8,26092716,plain,100,1,0.0,0.3333333333333333
8,26092716,plain,100,2,1.0,0.0
8,26092716,plain,100,3,1.0,1.0
8,26092716,plain,100,4,1.0,1.0
8,26092716,plain,100,5,0.0,0.14285714285714285
8,26092716,plain,100,6,1.0,1.0
8,26092716,plain,100,7,1.0,0.3333333333333333
8,26092716,plain,100,8,0.0,0.6666666666666666
8,26092716,plain,100,9,1.0,0.6666666666666666
8,26092716,plain,100,10,0.0,0.2
8,26092716,plain,100,11,1.0,0.2857142857142857
8,26092716,plain,100,12,1.0,0.0
8,26092716,plain,100,13,1.0,0.5
8,26092716,plain,100,14,1.0,0.0
8,26092716,plain,100,15,1.0,0.2222222222222222
8,26092716,plain,100,16,1.0,1.0
8,26092716,plain,100,17,1.0,0.25
8,26092716,plain,100,18,1.0,0.0
8,26092716,plain,100,19,1.0,0.5
8,26092716,plain,100,20,1.0,0.25
8,26092716,plain,100,21,1.0,0.3333333333333333
8,26092716,plain,100,22,1.0,0.3333333333333333
8,26092716,plain,100,23,1.0,0.0
8,26092716,plain,100,24,1.0,1.0
8,26092716,plain,100,25,1.0,0.3333333333333333
8,26092716,plain,100,26,1.0,0.08333333333333333
8,26092716,plain,100,27,1.0,0.0
8,26092716,plain,100,28,1.0,0.3333333333333333
8,26092716,plain,100,29,1.0,0.16666666666666666
8,26092716,plain,100,30,1.0,0.2857142857142857
8,26092716,plain,100,31,1.0,0.125
8,26092716,plain,100,32,1.0,1.0
8,26092716,plain,100,33,1.0,0.25
8,26092716,plain,100,34,1.0,0.0
8,26092716,plain,100,35,1.0,0.4
8,26092716,plain,100,36,1.0,0.2857142857142857
8,26092716,plain,100,37,1.0,0.1
8,26092716,plain,100,38,1.0,0.16666666666666666
8,26092716,plain,100,39,0.0,0.3333333333333333
8,26092716,plain,100,40,1.0,1.0
8,26092716,plain,100,41,1.0,0.3333333333333333
8,26092716,plain,100,42,1.0,0.5
8,26092716,plain,100,43,1.0,1.0
8,26092716,plain,100,44,1.0,0.25
8,26092716,plain,100,45,1.0,0.5
8,26092716,plain,100,46,1.0,1.0
8,26092716,plain,100,47,1.0,0.14285714285714285
8,26092716,plain,100,48,1.0,1.0
8,26092716,plain,100,49,1.0,1.0
8,26092716,plain,100,50,1.0,0.14285714285714285
8,26092716,plain,100,51,1.0,0.6666666666666666
8,26092716,plain,100,52,1.0,0.1875
8,26092716,plain,100,53,1.0,0.0
8,26092716,plain,100,54,1.0,0.16666666666666666
8,26092716,plain,100,55,1.0,0.0
8,26092716,plain,100,56,1.0,0.0
8,26092716,plain,100,57,1.0,0.2857142857142857
8,26092716,plain,100,58,1.0,0.6
8,26092716,plain,100,59,1.0,0.3
8,26092716,plain,100,60,1.0,0.5
8,26092716,plain,100,61,1.0,0.14285714285714285
8,26092716,plain,100,62,1.0,0.0
8,26092716,plain,100,63,1.0,0.5
8,26092716,plain,100,64,1.0,0.3333333333333333
8,26092716,plain,100,65,1.0,0.3333333333333333
8,26092716,plain,100,66,1.0,1.0
8,26092716,plain,100,67,1.0,0.3333333333333333
8,26092716,plain,100,68,1.0,0.3333333333333333
8,26092716,plain,100,69,1.0,0.5
8,26092716,plain,100,70,1.0,0.0
8,26092716,plain,100,71,1.0,0.0
8,26092716,plain,100,72,1.0,0.0
8,26092716,plain,100,73,1.0,0.3333333333333333
8,26092716,plain,100,74,1.0,0.2
8,26092716,plain,100,75,1.0,0.0
8,26092716,plain,100,76,1.0,0.2857142857142857
8,26092716,plain,100,77,1.0,0.0
8,26092716,plain,100,78,1.0,0.5
8,26092716,plain,100,79,1.0,0.0
8,26092716,plain,100,80,1.0,1.0
8,26092716,plain,100,81,1.0,0.0
8,26092716,plain,100,82,1.0,0.2857142857142857
8,26092716,plain,100,83,1.0,0.0
8,26092716,plain,100,84,1.0,0.18181818181818182
8,26092716,plain,100,85,1.0,1.0
8,26092716,plain,100,86,1.0,0.16666666666666666
8,26092716,plain,100,87,1.0,0.25
8,26092716,plain,100,88,1.0,0.0
8,26092716,plain,100,89,1.0,0.3333333333333333
8,26092716,plain,100,90,1.0,0.1111111111111111
8,26092716,plain,100,91,1.0,0.0
8,26092716,plain,100,92,1.0,1.0
8,26092716,plain,100,93,1.0,1.0
8,26092716,plain,100,94,1.0,0.23076923076923078
8,26092716,plain,100,95,1.0,0.16666666666666666
8,26092716,plain,100,96,1.0,0.25
8,26092716,plain,100,97,1.0,0.0
8,26092716,plain,100,98,1.0,0.0
8,26092716,plain,100,99,1.0,0.25
8,26092716,ssr,1,0,1.0,1.0
8,26092716,ssr,2,0,1.0,0.0
8,26092716,ssr,2,1,1.0,0.3333333333333333
8,26092716,ssr,5,0,1.0,1.0
8,26092716,ssr,5,1,1.0,0.3333333333333333
8,26092716,ssr,5,2,1.0,0.16666666666666666
8,26092716,ssr,5,3,1.0,1.0
8,26092716,ssr,5,4,1.0,1.0
8,26092716,ssr,10,0,1.0,0.0
8,26092716,ssr,10,1,1.0,0.0
8,26092716,ssr,10,2,1.0,0.16666666666666666
8,26092716,ssr,10,3,1.0,1.0
8,26092716,ssr,10,4,1.0,1.0
8,26092716,ssr,10,5,1.0,0.0
8,26092716,ssr,10,6,1.0,1.0
8,26092716,ssr,10,7,1.0,0.0
8,26092716,ssr,10,8,1.0,0.6666666666666666
8,26092716,ssr,10,9,1.0,0.6666666666666666
8,26092716,ssr,25,0,1.0,1.0
8,26092716,ssr,25,1,1.0,0.0
8,26092716,ssr,25,2,1.0,0.3333333333333333
8,26092716,ssr,25,3,1.0,1.0
8,26092716,ssr,25,4,1.0,1.0
8,26092716,ssr,25,5,1.0,0.2857142857142857
8,26092716,ssr,25,6,1.0,1.0
8,26092716,ssr,25,7,1.0,0.2222222222222222
8,26092716,ssr,25,8,1.0,0.6666666666666666
8,26092716,ssr,25,9,1.0,1.0
8,26092716,ssr,25,10,1.0,0.4
8,26092716,ssr,25,11,1.0,0.2857142857142857
8,26092716,ssr,25,12,1.0,0.0
8,26092716,ssr,25,13,1.0,0.5
8,26092716,ssr,25,14,1.0,0.5
8,26092716,ssr,25,15,1.0,0.2222222222222222
8,26092716,ssr,25,16,1.0,0.5
8,26092716,ssr,25,17,1.0,0.125
8,26092716,ssr,25,18,1.0,0.5
8,26092716,ssr,25,19,1.0,0.5
8,26092716,ssr,25,20,1.0,0.16666666666666666
8,26092716,ssr,25,21,1.0,0.2222222222222222
8,26092716,ssr,25,22,1.0,0.0
8,26092716,ssr,25,23,1.0,0.14285714285714285
8,26092716,ssr,25,24,1.0,1.0
8,26092716,ssr,50,0,1.0,1.0
8,26092716,ssr,50,1,1.0,0.3333333333333333
8,26092716,ssr,50,2,1.0,0.16666666666666666
8,26092716,ssr,50,3,1.0,1.0
8,26092716,ssr,50,4,1.0,0.5
8,26092716,ssr,50,5,1.0,0.14285714285714285
8,26092716,ssr,50,6,1.0,1.0
8,26092716,ssr,50,7,1.0,0.2222222222222222
8,26092716,ssr,50,8,1.0,0.3333333333333333
8,26092716,ssr,50,9,1.0,0.3333333333333333
8,26092716,ssr,50,10,1.0,0.2
8,26092716,ssr,50,11,1.0,0.14285714285714285
8,26092716,ssr,50,12,1.0,0.0
8,26092716,ssr,50,13,1.0,0.5
8,26092716,ssr,50,14,1.0,0.5
8,26092716,ssr,50,15,1.0,0.1111111111111111
8,26092716,ssr,50,16,1.0,0.5
8,26092716,ssr,50,17,1.0,0.125
8,26092716,ssr,50,18,1.0,0.0
8,26092716,ssr,50,19,1.0,0.0
8,26092716,ssr,50,20,1.0,0.08333333333333333
8,26092716,ssr,50,21,1.0,0.3333333333333333
8,26092716,ssr,50,22,1.0,0.0
8,26092716,ssr,50,23,1.0,0.14285714285714285
8,26092716,ssr,50,24,1.0,1.0
8,26092716,ssr,50,25,1.0,0.3333333333333333
8,26092716,ssr,50,26,1.0,0.0
8,26092716,ssr,50,27,1.0,0.0
8,26092716,ssr,50,28,1.0,0.0
8,26092716,ssr,50,29,1.0,0.0
8,26092716,ssr,50,30,1.0,0.0
8,26092716,ssr,50,31,1.0,0.125
8,26092716,ssr,50,32,1.0,0.0
8,26092716,ssr,50,33,1.0,0.375
8,26092716,ssr,50,34,1.0,0.2
8,26092716,ssr,50,35,1.0,0.2
8,26092716,ssr,50,36,1.0,0.14285714285714285
8,26092716,ssr,50,37,1.0,0.1
8,26092716,ssr,50,38,1.0,0.16666666666666666
8,26092716,ssr,50,39,1.0,0.0
8,26092716,ssr,50,40,1.0,1.0
8,26092716,ssr,50,41,1.0,0.16666666666666666
8,26092716,ssr,50,42,1.0,0.0
8,26092716,ssr,50,43,1.0,0.5
8,26092716,ssr,50,44,1.0,0.125
8,26092716,ssr,50,45,1.0,0.0
8,26092716,ssr,50,46,1.0,0.0
8,26092716,ssr,50,47,1.0,0.0
8,26092716,ssr,50,48,1.0,1.0
8,26092716,ssr,50,49,1.0,0.5
8,26092716,ssr,100,0,1.0,1.0
8,26092716,ssr,100,1,0.0,0.6666666666666666
8,26092716,ssr,100,2,0.0,0.3333333333333333
8,26092716,ssr,100,3,1.0,1.0
8,26092716,ssr,100,4,1.0,1.0
8,26092716,ssr,100,5,0.0,0.0
8,26092716,ssr,100,6,1.0,1.0
8,26092716,ssr,100,7,1.0,0.2222222222222222
8,26092716,ssr,100,8,1.0,0.6666666666666666
8,26092716,ssr,100,9,1.0,0.6666666666666666
8,26092716,ssr,100,10,1.0,0.2
8,26092716,ssr,100,11,1.0,0.14285714285714285
8,26092716,ssr,100,12,1.0,0.0
8,26092716,ssr,100,13,1.0,0.5
8,26092716,ssr,100,14,0.0,0.5
8,26092716,ssr,100,15,1.0,0.1111111111111111
8,26092716,ssr,100,16,1.0,1.0
8,26092716,ssr,100,17,1.0,0.125
8,26092716,ssr,100,18,1.0,0.5
8,26092716,ssr,100,19,1.0,0.0
8,26092716,ssr,100,20,1.0,0.08333333333333333
8,26092716,ssr,100,21,1.0,0.4444444444444444
8,26092716,ssr,100,22,1.0,0.0
8,26092716,ssr,100,23,1.0,0.14285714285714285
8,26092716,ssr,100,24,1.0,1.0
8,26092716,ssr,100,25,1.0,0.3333333333333333
8,26092716,ssr,100,26,1.0,0.08333333333333333
8,26092716,ssr,100,27,1.0,0.0
8,26092716,ssr,100,28,1.0,0.0
8,26092716,ssr,100,29,1.0,0.0
8,26092716,ssr,100,30,1.0,0.14285714285714285
8,26092716,ssr,100,31,1.0,0.125
8,26092716,ssr,100,32,1.0,0.0
8,26092716,ssr,100,33,1.0,0.375
8,26092716,ssr,100,34,1.0,0.2
8,26092716,ssr,100,35,1.0,0.2
8,26092716,ssr,100,36,1.0,0.2857142857142857
8,26092716,ssr,100,37,1.0,0.2
8,26092716,ssr,100,38,1.0,0.3333333333333333
8,26092716,ssr,100,39,1.0,0.0
8,26092716,ssr,100,40,1.0,0.0
8,26092716,ssr,100,41,1.0,0.16666666666666666
8,26092716,ssr,100,42,1.0,0.5
8,26092716,ssr,100,43,1.0,0.5
8,26092716,ssr,100,44,1.0,0.25
8,26092716,ssr,100,45,1.0,0.0
8,26092716,ssr,100,46,1.0,0.0
8,26092716,ssr,100,47,1.0,0.2857142857142857
8,26092716,ssr,100,48,1.0,1.0
8,26092716,ssr,100,49,1.0,0.5
8,26092716,ssr,100,50,1.0,0.2857142857142857
8,26092716,ssr,100,51,1.0,0.0
8,26092716,ssr,100,52,1.0,0.375
8,26092716,ssr,100,53,1.0,0.0
8,26092716,ssr,100,54,1.0,0.5
8,26092716,ssr,100,55,1.0,1.0
8,26092716,ssr,100,56,1.0,0.0
8,26092716,ssr,100,57,1.0,0.14285714285714285
8,26092716,ssr,100,58,1.0,0.6
8,26092716,ssr,100,59,1.0,0.3
8,26092716,ssr,100,60,1.0,0.25
8,26092716,ssr,100,61,1.0,0.0
8,26092716,ssr,100,62,1.0,0.0
8,26092716,ssr,100,63,1.0,0.25
8,26092716,ssr,100,64,1.0,0.0
8,26092716,ssr,100,65,1.0,0.3333333333333333
8,26092716,ssr,100,66,1.0,1.0
8,26092716,ssr,100,67,1.0,0.16666666666666666
8,26092716,ssr,100,68,1.0,0.3333333333333333
8,26092716,ssr,100,69,1.0,0.5
8,26092716,ssr,100,70,1.0,0.0
8,26092716,ssr,100,71,1.0,1.0
8,26092716,ssr,100,72,1.0,1.0
8,26092716,ssr,100,73,1.0,0.16666666666666666
8,26092716,ssr,100,74,1.0,0.0
8,26092716,ssr,100,75,1.0,0.25
8,26092716,ssr,100,76,1.0,0.14285714285714285
8,26092716,ssr,100,77,1.0,0.0
8,26092716,ssr,100,78,1.0,0.5
8,26092716,ssr,100,79,1.0,0.0
8,26092716,ssr,100,80,1.0,0.0
8,26092716,ssr,100,81,1.0,0.0
8,26092716,ssr,100,82,1.0,0.42857142857142855
8,26092716,ssr,100,83,1.0,0.25
8,26092716,ssr,100,84,1.0,0.2727272727272727
8,26092716,ssr,100,85,1.0,1.0
8,26092716,ssr,100,86,1.0,0.16666666666666666
8,26092716,ssr,100,87,1.0,0.5
8,26092716,ssr,100,88,1.0,0.0
8,26092716,ssr,100,89,1.0,0.3333333333333333
8,26092716,ssr,100,90,1.0,0.2222222222222222
8,26092716,ssr,100,91,1.0,1.0
8,26092716,ssr,100,92,1.0,1.0
8,26092716,ssr,100,93,1.0,1.0
8,26092716,ssr,100,94,1.0,0.3076923076923077
8,26092716,ssr,100,95,1.0,0.0
8,26092716,ssr,100,96,1.0,0.375
8,26092716,ssr,100,97,1.0,0.0
8,26092716,ssr,100,98,1.0,0.0
8,26092716,ssr,100,99,1.0,0.25
8,26092717,plain,1,0,1.0,0.6
8,26092717,plain,2,0,1.0,0.4
8,26092717,plain,2,1,1.0,0.2
8,26092717,plain,5,0,1.0,0.4
8,26092717,plain,5,1,1.0,0.1
8,26092717,plain,5,2,1.0,0.0
8,26092717,plain,5,3,1.0,0.07692307692307693
8,26092717,plain,5,4,1.0,0.3333333333333333
8,26092717,plain,10,0,1.0,0.4
8,26092717,plain,10,1,1.0,0.1
8,26092717,plain,10,2,1.0,0.0
8,26092717,plain,10,3,1.0,0.15384615384615385
8,26092717,plain,10,4,1.0,0.0
8,26092717,plain,10,5,1.0,0.125
8,26092717,plain,10,6,1.0,1.0
8,26092717,plain,10,7,1.0,0.0
8,26092717,plain,10,8,1.0,0.5
8,26092717,plain,10,9,1.0,0.08333333333333333
8,26092717,plain,25,0,1.0,0.4
8,26092717,plain,25,1,1.0,0.2
8,26092717,plain,25,2,1.0,0.0
8,26092717,plain,25,3,1.0,0.23076923076923078
8,26092717,plain,25,4,1.0,0.0
8,26092717,plain,25,5,1.0,0.125
8,26092717,plain,25,6,1.0,0.0
8,26092717,plain,25,7,1.0,0.5
8,26092717,plain,25,8,1.0,1.0
8,26092717,plain,25,9,1.0,0.16666666666666666
8,26092717,plain,25,10,1.0,0.2
8,26092717,plain,25,11,1.0,0.3333333333333333
8,26092717,plain,25,12,1.0,0.125
8,26092717,plain,25,13,1.0,0.6
8,26092717,plain,25,14,1.0,0.6666666666666666
8,26092717,plain,25,15,1.0,0.2
8,26092717,plain,25,16,1.0,0.4
8,26092717,plain,25,17,1.0,0.25
8,26092717,plain,25,18,1.0,1.0
8,26092717,plain,25,19,1.0,0.0
8,26092717,plain,25,20,1.0,0.6666666666666666
8,26092717,plain,25,21,1.0,0.5
8,26092717,plain,25,22,1.0,0.42857142857142855
8,26092717,plain,25,23,1.0,0.2857142857142857
8,26092717,plain,25,24,1.0,0.3333333333333333
8,26092717,plain,50,0,1.0,0.4
8,26092717,plain,50,1,1.0,0.1
8,26092717,plain,50,2,1.0,0.0
8,26092717,plain,50,3,1.0,0.15384615384615385
8,26092717,plain,50,4,1.0,0.0
8,26092717,plain,50,5,1.0,0.0
8,26092717,plain,50,6,1.0,1.0
8,26092717,plain,50,7,1.0,0.0
8,26092717,plain,50,8,1.0,0.5
8,26092717,plain,50,9,1.0,0.16666666666666666
8,26092717,plain,50,10,1.0,0.2
8,26092717,plain,50,11,1.0,0.16666666666666666
8,26092717,plain,50,12,1.0,0.125
8,26092717,plain,50,13,1.0,0.2
8,26092717,plain,50,14,1.0,0.0
8,26092717,plain,50,15,1.0,0.2
8,26092717,plain,50,16,1.0,0.0
8,26092717,plain,50,17,1.0,0.25
8,26092717,plain,50,18,1.0,0.5
8,26092717,plain,50,19,1.0,0.3333333333333333
8,26092717,plain,50,20,1.0,0.6666666666666666
8,26092717,plain,50,21,1.0,0.5
8,26092717,plain,50,22,1.0,0.14285714285714285
8,26092717,plain,50,23,1.0,0.14285714285714285
8,26092717,plain,50,24,1.0,0.0
8,26092717,plain,50,25,1.0,0.5714285714285714
8,26092717,plain,50,26,1.0,0.25
8,26092717,plain,50,27,1.0,0.0
8,26092717,plain,50,28,1.0,0.125
8,26092717,plain,50,29,1.0,0.14285714285714285
8,26092717,plain,50,30,1.0,0.0
8,26092717,plain,50,31,1.0,0.25
8,26092717,plain,50,32,1.0,0.0
8,26092717,plain,50,33,1.0,1.0
8,26092717,plain,50,34,1.0,0.2857142857142857
8,26092717,plain,50,35,1.0,0.0
8,26092717,plain,50,36,1.0,0.0
8,26092717,plain,50,37,1.0,0.25
8,26092717,plain,50,38,1.0,0.0
8,26092717,plain,50,39,1.0,0.5
8,26092717,plain,50,40,1.0,0.0
8,26092717,plain,50,41,1.0,0.16666666666666666
8,26092717,plain,50,42,1.0,0.3333333333333333
8,26092717,plain,50,43,1.0,0.3333333333333333
8,26092717,plain,50,44,0.0,0.0
8,26092717,plain,50,45,1.0,0.2
8,26092717,plain,50,46,1.0,1.0
8,26092717,plain,50,47,1.0,0.25
8,26092717,plain,50,48,1.0,0.125
8,26092717,plain,50,49,1.0,0.0
8,26092717,plain,100,0,1.0,0.0
8,26092717,plain,100,1,0.0,0.0
8,26092717,plain,100,2,1.0,0.0
8,26092717,plain,100,3,1.0,0.23076923076923078
8,26092717,plain,100,4,1.0,0.0
8,26092717,plain,100,5,0.0,0.125
8,26092717,plain,100,6,1.0,0.0
8,26092717,plain,100,7,0.0,0.0
8,26092717,plain,100,8,1.0,0.5
8,26092717,plain,100,9,1.0,0.16666666666666666
8,26092717,plain,100,10,1.0,0.2
8,26092717,plain,100,11,1.0,0.3333333333333333
8,26092717,plain,100,12,1.0,0.125
8,26092717,plain,100,13,1.0,0.2
8,26092717,plain,100,14,1.0,0.0
8,26092717,plain,100,15,1.0,0.0
8,26092717,plain,100,16,1.0,0.0
8,26092717,plain,100,17,1.0,0.25
8,26092717,plain,100,18,1.0,1.0
8,26092717,plain,100,19,1.0,0.3333333333333333
8,26092717,plain,100,20,1.0,0.6666666666666666
8,26092717,plain,100,21,1.0,0.0
8,26092717,plain,100,22,1.0,0.14285714285714285
8,26092717,plain,100,23,1.0,0.21428571428571427
8,26092717,plain,100,24,1.0,0.0
8,26092717,plain,100,25,1.0,0.5714285714285714
8,26092717,plain,100,26,1.0,0.125
8,26092717,plain,100,27,1.0,0.0
8,26092717,plain,100,28,1.0,0.125
8,26092717,plain,100,29,1.0,0.2857142857142857
8,26092717,plain,100,30,1.0,0.0
8,26092717,plain,100,31,1.0,0.25
8,26092717,plain,100,32,1.0,1.0
8,26092717,plain,100,33,1.0,0.0
8,26092717,plain,100,34,1.0,0.2857142857142857
8,26092717,plain,100,35,1.0,0.0
8,26092717,plain,100,36,1.0,0.0
8,26092717,plain,100,37,1.0,0.25
8,26092717,plain,100,38,1.0,0.0
8,26092717,plain,100,39,1.0,0.0
8,26092717,plain,100,40,0.0,0.0
8,26092717,plain,100,41,1.0,0.16666666666666666
8,26092717,plain,100,42,1.0,0.3333333333333333
8,26092717,plain,100,43,1.0,0.0
8,26092717,plain,100,44,1.0,0.0
8,26092717,plain,100,45,1.0,0.2
8,26092717,plain,100,46,1.0,1.0
8,26092717,plain,100,47,1.0,0.5
8,26092717,plain,100,48,1.0,0.25
8,26092717,plain,100,49,1.0,0.0
8,26092717,plain,100,50,1.0,0.2
8,26092717,plain,100,51,1.0,0.4
8,26092717,plain,100,52,1.0,1.0
8,26092717,plain,100,53,1.0,0.4444444444444444
8,26092717,plain,100,54,1.0,0.3333333333333333
8,26092717,plain,100,55,1.0,0.0
8,26092717,plain,100,56,1.0,0.5
8,26092717,plain,100,57,1.0,0.0
8,26092717,plain,100,58,1.0,0.25
8,26092717,plain,100,59,1.0,0.6
8,26092717,plain,100,60,1.0,0.3333333333333333
8,26092717,plain,100,61,1.0,0.0
8,26092717,plain,100,62,1.0,0.2
8,26092717,plain,100,63,1.0,1.0
8,26092717,plain,100,64,1.0,0.42857142857142855
8,26092717,plain,100,65,1.0,0.0
8,26092717,plain,100,66,1.0,0.25
8,26092717,plain,100,67,1.0,0.2
8,26092717,plain,100,68,0.0,0.14285714285714285
8,26092717,plain,100,69,1.0,1.0
8,26092717,plain,100,70,1.0,0.16666666666666666
8,26092717,plain,100,71,1.0,0.2222222222222222
8,26092717,plain,100,72,1.0,0.25
8,26092717,plain,100,73,1.0,0.14285714285714285
8,26092717,plain,100,74,1.0,0.0
8,26092717,plain,100,75,1.0,0.0
8,26092717,plain,100,76,1.0,0.0
8,26092717,plain,100,77,1.0,0.6666666666666666
8,26092717,plain,100,78,1.0,0.0
8,26092717,plain,100,79,1.0,0.1111111111111111
8,26092717,plain,100,80,1.0,0.0
8,26092717,plain,100,81,1.0,0.2
8,26092717,plain,100,82,1.0,0.1
8,26092717,plain,100,83,1.0,0.0
8,26092717,plain,100,84,1.0,0.0
8,26092717,plain,100,85,1.0,0.0
8,26092717,plain,100,86,1.0,0.0
8,26092717,plain,100,87,1.0,0.3333333333333333
8,26092717,plain,100,88,1.0,0.16666666666666666
8,26092717,plain,100,89,1.0,0.0
8,26092717,plain,100,90,1.0,0.0
8,26092717,plain,100,91,1.0,0.0
8,26092717,plain,100,92,1.0,0.0
8,26092717,plain,100,93,1.0,0.1111111111111111
8,26092717,plain,100,94,1.0,0.1111111111111111
8,26092717,plain,100,95,1.0,0.5
8,26092717,plain,100,96,1.0,0.16666666666666666
8,26092717,plain,100,97,1.0,0.0
8,26092717,plain,100,98,1.0,0.125
8,26092717,plain,100,99,1.0,0.25
8,26092717,ssr,1,0,1.0,0.6
8,26092717,ssr,2,0,1.0,0.4
8,26092717,ssr,2,1,1.0,0.2
8,26092717,ssr,5,0,1.0,0.4
8,26092717,ssr,5,1,1.0,0.1
8,26092717,ssr,5,2,1.0,0.0
8,26092717,ssr,5,3,1.0,0.07692307692307693
8,26092717,ssr,5,4,1.0,0.0
8,26092717,ssr,10,0,1.0,0.2
8,26092717,ssr,10,1,1.0,0.0
8,26092717,ssr,10,2,1.0,0.0
8,26092717,ssr,10,3,1.0,0.15384615384615385
8,26092717,ssr,10,4,1.0,0.0
8,26092717,ssr,10,5,1.0,0.0
8,26092717,ssr,10,6,1.0,1.0
8,26092717,ssr,10,7,1.0,0.5
8,26092717,ssr,10,8,1.0,1.0
8,26092717,ssr,10,9,1.0,0.16666666666666666
8,26092717,ssr,25,0,1.0,0.4
8,26092717,ssr,25,1,1.0,0.2
8,26092717,ssr,25,2,1.0,0.0
8,26092717,ssr,25,3,1.0,0.07692307692307693
8,26092717,ssr,25,4,1.0,0.0
8,26092717,ssr,25,5,1.0,0.25
8,26092717,ssr,25,6,1.0,1.0
8,26092717,ssr,25,7,1.0,1.0
8,26092717,ssr,25,8,1.0,0.5
8,26092717,ssr,25,9,1.0,0.16666666666666666
8,26092717,ssr,25,10,1.0,0.0
8,26092717,ssr,25,11,1.0,0.5
8,26092717,ssr,25,12,1.0,0.25
8,26092717,ssr,25,13,1.0,0.2
8,26092717,ssr,25,14,1.0,0.6666666666666666
8,26092717,ssr,25,15,1.0,0.0
8,26092717,ssr,25,16,1.0,0.0
8,26092717,ssr,25,17,1.0,0.25
8,26092717,ssr,25,18,1.0,0.5
8,26092717,ssr,25,19,1.0,0.6666666666666666
8,26092717,ssr,25,20,1.0,1.0
8,26092717,ssr,25,21,1.0,0.5
8,26092717,ssr,25,22,1.0,0.2857142857142857
8,26092717,ssr,25,23,1.0,0.07142857142857142
8,26092717,ssr,25,24,1.0,0.0
8,26092717,ssr,50,0,1.0,0.2
8,26092717,ssr,50,1,1.0,0.1
8,26092717,ssr,50,2,1.0,0.0
8,26092717,ssr,50,3,1.0,0.07692307692307693
8,26092717,ssr,50,4,0.0,0.0
8,26092717,ssr,50,5,1.0,0.25
8,26092717,ssr,50,6,1.0,0.0
8,26092717,ssr,50,7,1.0,0.0
8,26092717,ssr,50,8,1.0,0.5
8,26092717,ssr,50,9,1.0,0.16666666666666666
8,26092717,ssr,50,10,0.0,0.0
8,26092717,ssr,50,11,1.0,0.16666666666666666
8,26092717,ssr,50,12,1.0,0.125
8,26092717,ssr,50,13,1.0,0.2
8,26092717,ssr,50,14,1.0,0.0
8,26092717,ssr,50,15,1.0,0.2
8,26092717,ssr,50,16,1.0,0.0
8,26092717,ssr,50,17,1.0,0.25
8,26092717,ssr,50,18,1.0,0.0
8,26092717,ssr,50,19,1.0,0.3333333333333333
8,26092717,ssr,50,20,1.0,0.6666666666666666
8,26092717,ssr,50,21,1.0,0.0
8,26092717,ssr,50,22,1.0,0.0
8,26092717,ssr,50,23,1.0,0.07142857142857142
8,26092717,ssr,50,24,0.0,0.0
8,26092717,ssr,50,25,1.0,0.5714285714285714
8,26092717,ssr,50,26,1.0,0.125
8,26092717,ssr,50,27,1.0,0.0
8,26092717,ssr,50,28,1.0,0.125
8,26092717,ssr,50,29,1.0,0.14285714285714285
8,26092717,ssr,50,30,1.0,0.0
8,26092717,ssr,50,31,1.0,0.25
8,26092717,ssr,50,32,1.0,1.0
8,26092717,ssr,50,33,1.0,0.0
8,26092717,ssr,50,34,1.0,0.14285714285714285
8,26092717,ssr,50,35,1.0,0.0
8,26092717,ssr,50,36,1.0,0.0
8,26092717,ssr,50,37,1.0,0.125
8,26092717,ssr,50,38,1.0,0.0
8,26092717,ssr,50,39,1.0,0.0
8,26092717,ssr,50,40,1.0,0.0
8,26092717,ssr,50,41,1.0,0.16666666666666666
8,26092717,ssr,50,42,1.0,0.3333333333333333
8,26092717,ssr,50,43,1.0,0.3333333333333333
8,26092717,ssr,50,44,1.0,0.0
8,26092717,ssr,50,45,1.0,0.1
8,26092717,ssr,50,46,1.0,0.0
8,26092717,ssr,50,47,1.0,0.375
8,26092717,ssr,50,48,1.0,0.25
8,26092717,ssr,50,49,1.0,0.0
8,26092717,ssr,100,0,1.0,0.2
8,26092717,ssr,100,1,1.0,0.1
8,26092717,ssr,100,2,1.0,0.0
8,26092717,ssr,100,3,1.0,0.15384615384615385
8,26092717,ssr,100,4,0.0,0.0
8,26092717,ssr,100,5,1.0,0.125
8,26092717,ssr,100,6,1.0,1.0
8,26092717,ssr,100,7,0.0,0.5
8,26092717,ssr,100,8,1.0,1.0
8,26092717,ssr,100,9,1.0,0.16666666666666666
8,26092717,ssr,100,10,0.0,0.0
8,26092717,ssr,100,11,1.0,0.3333333333333333
8,26092717,ssr,100,12,1.0,0.125
8,26092717,ssr,100,13,1.0,0.6
8,26092717,ssr,100,14,1.0,0.6666666666666666
8,26092717,ssr,100,15,1.0,0.2
8,26092717,ssr,100,16,1.0,0.2
8,26092717,ssr,100,17,1.0,0.25
8,26092717,ssr,100,18,1.0,0.5
8,26092717,ssr,100,19,1.0,0.3333333333333333
8,26092717,ssr,100,20,1.0,0.3333333333333333
8,26092717,ssr,100,21,1.0,0.5
8,26092717,ssr,100,22,1.0,0.42857142857142855
8,26092717,ssr,100,23,1.0,0.14285714285714285
8,26092717,ssr,100,24,1.0,0.0
8,26092717,ssr,100,25,1.0,0.2857142857142857
8,26092717,ssr,100,26,1.0,0.125
8,26092717,ssr,100,27,1.0,0.25
8,26092717,ssr,100,28,1.0,0.125
8,26092717,ssr,100,29,1.0,0.0
8,26092717,ssr,100,30,0.0,0.3333333333333333
8,26092717,ssr,100,31,1.0,0.25
8,26092717,ssr,100,32,1.0,1.0
8,26092717,ssr,100,33,1.0,0.0
8,26092717,ssr,100,34,1.0,0.0
8,26092717,ssr,100,35,1.0,0.0
8,26092717,ssr,100,36,1.0,0.5
8,26092717,ssr,100,37,1.0,0.125
8,26092717,ssr,100,38,1.0,0.0
8,26092717,ssr,100,39,1.0,0.5
8,26092717,ssr,100,40,1.0,0.14285714285714285
8,26092717,ssr,100,41,1.0,0.16666666666666666
8,26092717,ssr,100,42,1.0,0.3333333333333333
8,26092717,ssr,100,43,1.0,0.3333333333333333
8,26092717,ssr,100,44,1.0,0.0
8,26092717,ssr,100,45,1.0,0.1
8,26092717,ssr,100,46,1.0,0.0
8,26092717,ssr,100,47,1.0,0.125
8,26092717,ssr,100,48,1.0,0.0
8,26092717,ssr,100,49,1.0,0.0
8,26092717,ssr,100,50,1.0,0.4
8,26092717,ssr,100,51,1.0,0.4
8,26092717,ssr,100,52,1.0,1.0
8,26092717,ssr,100,53,1.0,0.2222222222222222
8,26092717,ssr,100,54,1.0,0.0
8,26092717,ssr,100,55,1.0,0.25
8,26092717,ssr,100,56,1.0,0.3333333333333333
8,26092717,ssr,100,57,1.0,0.0
8,26092717,ssr,100,58,1.0,0.25
8,26092717,ssr,100,59,1.0,0.6
8,26092717,ssr,100,60,1.0,0.3333333333333333
8,26092717,ssr,100,61,1.0,0.0
8,26092717,ssr,100,62,1.0,0.2
8,26092717,ssr,100,63,1.0,0.0
8,26092717,ssr,100,64,1.0,0.42857142857142855
8,26092717,ssr,100,65,1.0,0.0
8,26092717,ssr,100,66,1.0,0.0
8,26092717,ssr,100,67,1.0,0.2
8,26092717,ssr,100,68,1.0,0.14285714285714285
8,26092717,ssr,100,69,1.0,1.0
8,26092717,ssr,100,70,1.0,0.3333333333333333
8,26092717,ssr,100,71,1.0,0.1111111111111111
8,26092717,ssr,100,72,1.0,0.0
8,26092717,ssr,100,73,1.0,0.14285714285714285
8,26092717,ssr,100,74,1.0,0.0
8,26092717,ssr,100,75,1.0,0.0
8,26092717,ssr,100,76,1.0,0.0
8,26092717,ssr,100,77,1.0,0.3333333333333333
8,26092717,ssr,100,78,1.0,0.0
8,26092717,ssr,100,79,1.0,0.1111111111111111
8,26092717,ssr,100,80,1.0,0.0
8,26092717,ssr,100,81,1.0,0.2
8,26092717,ssr,100,82,1.0,0.1
8,26092717,ssr,100,83,1.0,0.0
8,26092717,ssr,100,84,1.0,0.0
8,26092717,ssr,100,85,1.0,0.0
8,26092717,ssr,100,86,1.0,0.14285714285714285
8,26092717,ssr,100,87,1.0,0.6666666666666666
8,26092717,ssr,100,88,1.0,0.16666666666666666
8,26092717,ssr,100,89,1.0,0.0
8,26092717,ssr,100,90,1.0,1.0
8,26092717,ssr,100,91,1.0,0.0
8,26092717,ssr,100,92,1.0,0.0
8,26092717,ssr,100,93,1.0,0.3333333333333333
8,26092717,ssr,100,94,1.0,0.2222222222222222
8,26092717,ssr,100,95,1.0,0.5
8,26092717,ssr,100,96,1.0,0.16666666666666666
8,26092717,ssr,100,97,1.0,0.0
8,26092717,ssr,100,98,1.0,0.0
8,26092717,ssr,100,99,1.0,0.0
8,26092718,plain,1,0,1.0,1.0
8,26092718,plain,2,0,1.0,1.0
8,26092718,plain,2,1,1.0,0.5
8,26092718,plain,5,0,1.0,1.0
8,26092718,plain,5,1,1.0,1.0
8,26092718,plain,5,2,1.0,0.5
8,26092718,plain,5,3,1.0,0.5
8,26092718,plain,5,4,1.0,1.0
8,26092718,plain,10,0,1.0,1.0
8,26092718,plain,10,1,1.0,0.5
8,26092718,plain,10,2,1.0,0.5
8,26092718,plain,10,3,1.0,0.375
8,26092718,plain,10,4,1.0,1.0
8,26092718,plain,10,5,1.0,0.0
8,26092718,plain,10,6,1.0,1.0
8,26092718,plain,10,7,1.0,0.2
8,26092718,plain,10,8,1.0,0.0
8,26092718,plain,10,9,1.0,0.125
8,26092718,plain,25,0,1.0,1.0
8,26092718,plain,25,1,1.0,1.0
8,26092718,plain,25,2,1.0,0.5
8,26092718,plain,25,3,1.0,0.5
8,26092718,plain,25,4,1.0,1.0
8,26092718,plain,25,5,1.0,0.375
8,26092718,plain,25,6,1.0,1.0
8,26092718,plain,25,7,1.0,0.6
8,26092718,plain,25,8,1.0,0.375
8,26092718,plain,25,9,1.0,0.375
8,26092718,plain,25,10,1.0,0.3333333333333333
8,26092718,plain,25,11,1.0,0.25
8,26092718,plain,25,12,1.0,0.14285714285714285
8,26092718,plain,25,13,1.0,0.3333333333333333
8,26092718,plain,25,14,1.0,0.5
8,26092718,plain,25,15,1.0,0.2857142857142857
8,26092718,plain,25,16,1.0,0.3333333333333333
8,26092718,plain,25,17,1.0,0.6666666666666666
8,26092718,plain,25,18,1.0,0.2857142857142857
8,26092718,plain,25,19,1.0,0.2857142857142857
8,26092718,plain,25,20,1.0,0.14285714285714285
8,26092718,plain,25,21,1.0,1.0
8,26092718,plain,25,22,1.0,0.2857142857142857
8,26092718,plain,25,23,1.0,0.0
8,26092718,plain,25,24,1.0,0.16666666666666666
8,26092718,plain,50,0,1.0,1.0
8,26092718,plain,50,1,1.0,1.0
8,26092718,plain,50,2,1.0,1.0
8,26092718,plain,50,3,1.0,0.125
8,26092718,plain,50,4,1.0,1.0
8,26092718,plain,50,5,1.0,0.375
8,26092718,plain,50,6,1.0,1.0
8,26092718,plain,50,7,1.0,0.4
8,26092718,plain,50,8,1.0,0.25
8,26092718,plain,50,9,1.0,0.25
8,26092718,plain,50,10,1.0,0.3333333333333333
8,26092718,plain,50,11,1.0,0.375
8,26092718,plain,50,12,1.0,0.14285714285714285
8,26092718,plain,50,13,1.0,0.5
8,26092718,plain,50,14,1.0,0.25
8,26092718,plain,50,15,1.0,0.14285714285714285
8,26092718,plain,50,16,1.0,0.2222222222222222
8,26092718,plain,50,17,1.0,0.6666666666666666
8,26092718,plain,50,18,1.0,0.2857142857142857
8,26092718,plain,50,19,1.0,0.14285714285714285
8,26092718,plain,50,20,1.0,0.2857142857142857
8,26092718,plain,50,21,1.0,1.0
8,26092718,plain,50,22,1.0,0.42857142857142855
8,26092718,plain,50,23,1.0,0.0
8,26092718,plain,50,24,1.0,0.25
8,26092718,plain,50,25,1.0,0.25
8,26092718,plain,50,26,1.0,0.16666666666666666
8,26092718,plain,50,27,1.0,0.0
8,26092718,plain,50,28,1.0,0.3333333333333333
8,26092718,plain,50,29,1.0,1.0
8,26092718,plain,50,30,1.0,1.0
8,26092718,plain,50,31,1.0,1.0
8,26092718,plain,50,32,1.0,0.14285714285714285
8,26092718,plain,50,33,1.0,0.4444444444444444
8,26092718,plain,50,34,1.0,0.0
8,26092718,plain,50,35,1.0,0.0
8,26092718,plain,50,36,1.0,1.0
8,26092718,plain,50,37,1.0,0.25
8,26092718,plain,50,38,1.0,0.3333333333333333
8,26092718,plain,50,39,1.0,0.5
8,26092718,plain,50,40,1.0,0.25
8,26092718,plain,50,41,1.0,0.0
8,26092718,plain,50,42,1.0,0.2
8,26092718,plain,50,43,1.0,0.5
8,26092718,plain,50,44,1.0,0.2857142857142857
8,26092718,plain,50,45,1.0,0.5
8,26092718,plain,50,46,1.0,1.0
8,26092718,plain,50,47,1.0,0.16666666666666666
8,26092718,plain,50,48,1.0,0.4
8,26092718,plain,50,49,1.0,0.3333333333333333
8,26092718,plain,100,0,1.0,0.0
8,26092718,plain,100,1,0.0,0.5
8,26092718,plain,100,2,0.0,0.0
8,26092718,plain,100,3,1.0,0.25
8,26092718,plain,100,4,0.0,0.0
8,26092718,plain,100,5,1.0,0.375
8,26092718,plain,100,6,1.0,1.0
8,26092718,plain,100,7,1.0,0.4
8,26092718,plain,100,8,1.0,0.125
8,26092718,plain,100,9,1.0,0.25
8,26092718,plain,100,10,0.0,0.0
8,26092718,plain,100,11,1.0,0.0
8,26092718,plain,100,12,1.0,0.0
8,26092718,plain,100,13,1.0,0.3333333333333333
8,26092718,plain,100,14,1.0,0.5
8,26092718,plain,100,15,1.0,0.14285714285714285
8,26092718,plain,100,16,1.0,0.2222222222222222
8,26092718,plain,100,17,0.0,0.0
8,26092718,plain,100,18,1.0,0.14285714285714285
8,26092718,plain,100,19,1.0,0.2857142857142857
8,26092718,plain,100,20,0.0,0.14285714285714285
8,26092718,plain,100,21,0.0,0.0
8,26092718,plain,100,22,1.0,0.14285714285714285
8,26092718,plain,100,23,1.0,0.0
8,26092718,plain,100,24,1.0,0.16666666666666666
8,26092718,plain,100,25,1.0,0.25
8,26092718,plain,100,26,1.0,0.0
8,26092718,plain,100,27,1.0,0.0
8,26092718,plain,100,28,1.0,0.4444444444444444
8,26092718,plain,100,29,0.0,1.0
8,26092718,plain,100,30,1.0,1.0
8,26092718,plain,100,31,1.0,0.0
8,26092718,plain,100,32,1.0,0.2857142857142857
8,26092718,plain,100,33,1.0,0.1111111111111111
8,26092718,plain,100,34,1.0,0.0
8,26092718,plain,100,35,1.0,0.0
8,26092718,plain,100,36,1.0,1.0
8,26092718,plain,100,37,1.0,0.0
8,26092718,plain,100,38,1.0,0.0
8,26092718,plain,100,39,1.0,0.0
8,26092718,plain,100,40,0.0,0.25
8,26092718,plain,100,41,1.0,1.0
8,26092718,plain,100,42,1.0,0.2
8,26092718,plain,100,43,1.0,0.5
8,26092718,plain,100,44,1.0,0.2857142857142857
8,26092718,plain,100,45,1.0,0.0
8,26092718,plain,100,46,1.0,1.0
8,26092718,plain,100,47,1.0,0.16666666666666666
8,26092718,plain,100,48,1.0,0.2
8,26092718,plain,100,49,1.0,0.0
8,26092718,plain,100,50,1.0,0.1111111111111111
8,26092718,plain,100,51,1.0,0.3333333333333333
8,26092718,plain,100,52,1.0,0.16666666666666666
8,26092718,plain,100,53,1.0,0.6666666666666666
8,26092718,plain,100,54,1.0,0.6666666666666666
8,26092718,plain,100,55,1.0,0.0
8,26092718,plain,100,56,1.0,0.5
8,26092718,plain,100,57,1.0,0.0
8,26092718,plain,100,58,1.0,0.6666666666666666
8,26092718,plain,100,59,1.0,0.1111111111111111
8,26092718,plain,100,60,1.0,0.25
8,26092718,plain,100,61,1.0,0.0
8,26092718,plain,100,62,1.0,0.0
8,26092718,plain,100,63,1.0,0.25
8,26092718,plain,100,64,1.0,0.3333333333333333
8,26092718,plain,100,65,1.0,0.6666666666666666
8,26092718,plain,100,66,1.0,0.16666666666666666
8,26092718,plain,100,67,1.0,0.4
8,26092718,plain,100,68,1.0,0.0
8,26092718,plain,100,69,1.0,0.2
8,26092718,plain,100,70,1.0,0.0
8,26092718,plain,100,71,1.0,1.0
8,26092718,plain,100,72,1.0,0.0
8,26092718,plain,100,73,1.0,0.0
8,26092718,plain,100,74,1.0,0.2
8,26092718,plain,100,75,1.0,0.125
8,26092718,plain,100,76,1.0,1.0
8,26092718,plain,100,77,1.0,0.0
8,26092718,plain,100,78,1.0,0.0
8,26092718,plain,100,79,1.0,0.5
8,26092718,plain,100,80,1.0,0.3333333333333333
8,26092718,plain,100,81,1.0,0.0
8,26092718,plain,100,82,1.0,0.0
8,26092718,plain,100,83,1.0,0.3333333333333333
8,26092718,plain,100,84,1.0,0.0
8,26092718,plain,100,85,1.0,0.4
8,26092718,plain,100,86,1.0,0.0
8,26092718,plain,100,87,1.0,0.0
8,26092718,plain,100,88,0.0,0.25
8,26092718,plain,100,89,1.0,0.3333333333333333
8,26092718,plain,100,90,1.0,0.0
8,26092718,plain,100,91,1.0,0.0
8,26092718,plain,100,92,1.0,0.3333333333333333
8,26092718,plain,100,93,0.0,0.2
8,26092718,plain,100,94,1.0,0.2727272727272727
8,26092718,plain,100,95,1.0,0.2
8,26092718,plain,100,96,1.0,0.25
8,26092718,plain,100,97,0.0,0.0
8,26092718,plain,100,98,1.0,0.0
8,26092718,plain,100,99,1.0,0.5
8,26092718,ssr,1,0,1.0,1.0
8,26092718,ssr,2,0,1.0,1.0
8,26092718,ssr,2,1,1.0,0.5
8,26092718,ssr,5,0,1.0,1.0
8,26092718,ssr,5,1,1.0,1.0
8,26092718,ssr,5,2,1.0,0.5
8,26092718,ssr,5,3,1.0,0.5
8,26092718,ssr,5,4,1.0,1.0
8,26092718,ssr,10,0,1.0,1.0
8,26092718,ssr,10,1,1.0,0.5
8,26092718,ssr,10,2,1.0,0.0
8,26092718,ssr,10,3,1.0,0.375
8,26092718,ssr,10,4,1.0,1.0
8,26092718,ssr,10,5,1.0,0.125
8,26092718,ssr,10,6,1.0,1.0
8,26092718,ssr,10,7,1.0,0.2
8,26092718,ssr,10,8,1.0,0.125
8,26092718,ssr,10,9,1.0,0.25
8,26092718,ssr,25,0,1.0,1.0
8,26092718,ssr,25,1,1.0,1.0
8,26092718,ssr,25,2,1.0,0.5
8,26092718,ssr,25,3,1.0,0.25
8,26092718,ssr,25,4,1.0,1.0
8,26092718,ssr,25,5,1.0,0.375
8,26092718,ssr,25,6,1.0,0.0
8,26092718,ssr,25,7,1.0,0.4
8,26092718,ssr,25,8,1.0,0.25
8,26092718,ssr,25,9,1.0,0.25
8,26092718,ssr,25,10,1.0,0.0
8,26092718,ssr,25,11,1.0,0.125
8,26092718,ssr,25,12,1.0,0.14285714285714285
8,26092718,ssr,25,13,1.0,0.16666666666666666
8,26092718,ssr,25,14,1.0,0.5
8,26092718,ssr,25,15,1.0,0.2857142857142857
8,26092718,ssr,25,16,1.0,0.3333333333333333
8,26092718,ssr,25,17,1.0,0.3333333333333333
8,26092718,ssr,25,18,1.0,0.2857142857142857
8,26092718,ssr,25,19,1.0,0.0
8,26092718,ssr,25,20,1.0,0.14285714285714285
8,26092718,ssr,25,21,1.0,0.0
8,26092718,ssr,25,22,1.0,0.2857142857142857
8,26092718,ssr,25,23,1.0,0.0
8,26092718,ssr,25,24,1.0,0.3333333333333333
8,26092718,ssr,50,0,1.0,1.0
8,26092718,ssr,50,1,1.0,0.0
8,26092718,ssr,50,2,1.0,0.5
8,26092718,ssr,50,3,1.0,0.375
8,26092718,ssr,50,4,1.0,1.0
8,26092718,ssr,50,5,1.0,0.375
8,26092718,ssr,50,6,1.0,1.0
8,26092718,ssr,50,7,1.0,0.2
8,26092718,ssr,50,8,1.0,0.125
8,26092718,ssr,50,9,1.0,0.125
8,26092718,ssr,50,10,1.0,0.3333333333333333
8,26092718,ssr,50,11,1.0,0.25
8,26092718,ssr,50,12,1.0,0.0
8,26092718,ssr,50,13,1.0,0.16666666666666666
8,26092718,ssr,50,14,1.0,0.5
8,26092718,ssr,50,15,1.0,0.14285714285714285
8,26092718,ssr,50,16,1.0,0.2222222222222222
8,26092718,ssr,50,17,1.0,0.3333333333333333
8,26092718,ssr,50,18,1.0,0.2857142857142857
8,26092718,ssr,50,19,1.0,0.2857142857142857
8,26092718,ssr,50,20,1.0,0.14285714285714285
8,26092718,ssr,50,21,1.0,0.0
8,26092718,ssr,50,22,1.0,0.14285714285714285
8,26092718,ssr,50,23,1.0,0.0
8,26092718,ssr,50,24,1.0,0.16666666666666666
8,26092718,ssr,50,25,1.0,0.25
8,26092718,ssr,50,26,1.0,0.0
8,26092718,ssr,50,27,1.0,0.0
8,26092718,ssr,50,28,1.0,0.5555555555555556
8,26092718,ssr,50,29,1.0,1.0
8,26092718,ssr,50,30,1.0,1.0
8,26092718,ssr,50,31,1.0,1.0
8,26092718,ssr,50,32,1.0,0.14285714285714285
8,26092718,ssr,50,33,1.0,0.2222222222222222
8,26092718,ssr,50,34,1.0,0.0
8,26092718,ssr,50,35,1.0,0.0
8,26092718,ssr,50,36,1.0,1.0
8,26092718,ssr,50,37,1.0,0.0
8,26092718,ssr,50,38,1.0,0.0
8,26092718,ssr,50,39,1.0,0.0
8,26092718,ssr,50,40,1.0,0.25
8,26092718,ssr,50,41,1.0,0.0
8,26092718,ssr,50,42,1.0,0.2
8,26092718,ssr,50,43,1.0,0.5
8,26092718,ssr,50,44,1.0,0.14285714285714285
8,26092718,ssr,50,45,1.0,1.0
8,26092718,ssr,50,46,1.0,1.0
8,26092718,ssr,50,47,1.0,0.0
8,26092718,ssr,50,48,1.0,0.2
8,26092718,ssr,50,49,1.0,0.0
8,26092718,ssr,100,0,1.0,0.0
8,26092718,ssr,100,1,0.0,0.0
8,26092718,ssr,100,2,0.0,0.0
8,26092718,ssr,100,3,1.0,0.375
8,26092718,ssr,100,4,1.0,0.0
8,26092718,ssr,100,5,0.0,0.375
8,26092718,ssr,100,6,1.0,1.0
8,26092718,ssr,100,7,1.0,0.2
8,26092718,ssr,100,8,1.0,0.25
8,26092718,ssr,100,9,1.0,0.125
8,26092718,ssr,100,10,0.0,0.0
8,26092718,ssr,100,11,1.0,0.125
8,26092718,ssr,100,12,1.0,0.14285714285714285
8,26092718,ssr,100,13,1.0,0.3333333333333333
8,26092718,ssr,100,14,0.0,0.5
8,26092718,ssr,100,15,1.0,0.14285714285714285
8,26092718,ssr,100,16,1.0,0.2222222222222222
8,26092718,ssr,100,17,1.0,0.3333333333333333
8,26092718,ssr,100,18,1.0,0.2857142857142857
8,26092718,ssr,100,19,1.0,0.2857142857142857
8,26092718,ssr,100,20,1.0,0.14285714285714285
8,26092718,ssr,100,21,1.0,0.0
8,26092718,ssr,100,22,1.0,0.14285714285714285
8,26092718,ssr,100,23,1.0,0.0
8,26092718,ssr,100,24,1.0,0.25
8,26092718,ssr,100,25,1.0,0.25
8,26092718,ssr,100,26,1.0,0.16666666666666666
8,26092718,ssr,100,27,1.0,0.0
8,26092718,ssr,100,28,1.0,0.5555555555555556
8,26092718,ssr,100,29,1.0,1.0
8,26092718,ssr,100,30,1.0,1.0
8,26092718,ssr,100,31,1.0,1.0
8,26092718,ssr,100,32,1.0,0.2857142857142857
8,26092718,ssr,100,33,1.0,0.3333333333333333
8,26092718,ssr,100,34,0.0,0.0
8,26092718,ssr,100,35,1.0,0.0
8,26092718,ssr,100,36,1.0,1.0
8,26092718,ssr,100,37,1.0,0.25
8,26092718,ssr,100,38,1.0,0.0
8,26092718,ssr,100,39,0.0,0.0
8,26092718,ssr,100,40,1.0,0.25
8,26092718,ssr,100,41,1.0,0.0
8,26092718,ssr,100,42,1.0,0.2
8,26092718,ssr,100,43,1.0,0.5
8,26092718,ssr,100,44,1.0,0.2857142857142857
8,26092718,ssr,100,45,1.0,0.5
8,26092718,ssr,100,46,1.0,0.0
8,26092718,ssr,100,47,1.0,0.0
8,26092718,ssr,100,48,0.0,0.4
8,26092718,ssr,100,49,1.0,0.0
8,26092718,ssr,100,50,1.0,0.1111111111111111
8,26092718,ssr,100,51,1.0,0.3333333333333333
8,26092718,ssr,100,52,0.0,0.16666666666666666
8,26092718,ssr,100,53,1.0,0.6666666666666666
8,26092718,ssr,100,54,1.0,0.6666666666666666
8,26092718,ssr,100,55,1.0,1.0
8,26092718,ssr,100,56,1.0,0.0
8,26092718,ssr,100,57,1.0,0.16666666666666666
8,26092718,ssr,100,58,1.0,0.6666666666666666
8,26092718,ssr,100,59,1.0,0.1111111111111111
8,26092718,ssr,100,60,1.0,0.25
8,26092718,ssr,100,61,1.0,0.0
8,26092718,ssr,100,62,1.0,0.5
8,26092718,ssr,100,63,1.0,0.25
8,26092718,ssr,100,64,0.0,0.0
8,26092718,ssr,100,65,1.0,0.6666666666666666
8,26092718,ssr,100,66,1.0,0.16666666666666666
8,26092718,ssr,100,67,1.0,0.4
8,26092718,ssr,100,68,1.0,0.0
8,26092718,ssr,100,69,1.0,0.0
8,26092718,ssr,100,70,1.0,0.0
8,26092718,ssr,100,71,1.0,0.0
8,26092718,ssr,100,72,0.0,0.0
8,26092718,ssr,100,73,1.0,0.25
8,26092718,ssr,100,74,1.0,0.2
8,26092718,ssr,100,75,1.0,0.0
8,26092718,ssr,100,76,1.0,1.0
8,26092718,ssr,100,77,1.0,0.0
8,26092718,ssr,100,78,1.0,0.6666666666666666
8,26092718,ssr,100,79,1.0,0.25
8,26092718,ssr,100,80,1.0,0.5
8,26092718,ssr,100,81,1.0,0.25
8,26092718,ssr,100,82,1.0,0.0
8,26092718,ssr,100,83,1.0,0.3333333333333333
8,26092718,ssr,100,84,1.0,0.0
8,26092718,ssr,100,85,1.0,0.3
8,26092718,ssr,100,86,1.0,0.0
8,26092718,ssr,100,87,1.0,0.0
8,26092718,ssr,100,88,1.0,0.25
8,26092718,ssr,100,89,1.0,0.16666666666666666
8,26092718,ssr,100,90,1.0,0.0
8,26092718,ssr,100,91,1.0,0.0
8,26092718,ssr,100,92,1.0,0.16666666666666666
8,26092718,ssr,100,93,1.0,0.0
8,26092718,ssr,100,94,1.0,0.18181818181818182
8,26092718,ssr,100,95,1.0,0.4
8,26092718,ssr,100,96,1.0,0.25
8,26092718,ssr,100,97,1.0,0.0
8,26092718,ssr,100,98,1.0,0.5
8,26092718,ssr,100,99,1.0,1.0
8,26092719,plain,1,0,1.0,0.5
8,26092719,plain,2,0,1.0,0.5
8,26092719,plain,2,1,1.0,0.375
8,26092719,plain,5,0,1.0,0.0
8,26092719,plain,5,1,1.0,0.25
8,26092719,plain,5,2,1.0,0.5
8,26092719,plain,5,3,1.0,0.0
8,26092719,plain,5,4,1.0,0.6666666666666666
8,26092719,plain,10,0,1.0,0.5
8,26092719,plain,10,1,1.0,0.25
8,26092719,plain,10,2,1.0,0.5
8,26092719,plain,10,3,1.0,0.2857142857142857
8,26092719,plain,10,4,1.0,0.6666666666666666
8,26092719,plain,10,5,1.0,0.18181818181818182
8,26092719,plain,10,6,1.0,0.1
8,26092719,plain,10,7,1.0,0.0
8,26092719,plain,10,8,1.0,0.2
8,26092719,plain,10,9,1.0,0.14285714285714285
8,26092719,plain,25,0,0.0,0.0
8,26092719,plain,25,1,0.0,0.0
8,26092719,plain,25,2,0.0,0.0
8,26092719,plain,25,3,0.0,0.0
8,26092719,plain,25,4,0.0,0.0
8,26092719,plain,25,5,0.0,0.0
8,26092719,plain,25,6,1.0,0.0
8,26092719,plain,25,7,0.0,0.0
8,26092719,plain,25,8,0.0,0.0
8,26092719,plain,25,9,0.0,0.0
8,26092719,plain,25,10,0.0,0.0
8,26092719,plain,25,11,1.0,0.0
8,26092719,plain,25,12,0.0,0.0
8,26092719,plain,25,13,0.0,0.0
8,26092719,plain,25,14,0.0,0.0
8,26092719,plain,25,15,0.0,0.0
8,26092719,plain,25,16,0.0,0.0
8,26092719,plain,25,17,0.0,0.0
8,26092719,plain,25,18,0.0,0.0
8,26092719,plain,25,19,0.0,0.0
8,26092719,plain,25,20,0.0,0.0
8,26092719,plain,25,21,0.0,0.0
8,26092719,plain,25,22,0.0,0.0
8,26092719,plain,25,23,0.0,0.0
8,26092719,plain,25,24,0.0,0.0
8,26092719,plain,50,0,1.0,0.5
8,26092719,plain,50,1,1.0,0.125
8,26092719,plain,50,2,1.0,0.0
8,26092719,plain,50,3,1.0,0.0
8,26092719,plain,50,4,1.0,0.3333333333333333
8,26092719,plain,50,5,1.0,0.0
8,26092719,plain,50,6,1.0,0.0
8,26092719,plain,50,7,1.0,0.0
8,26092719,plain,50,8,1.0,0.0
8,26092719,plain,50,9,1.0,0.0
8,26092719,plain,50,10,1.0,0.0
8,26092719,plain,50,11,1.0,0.3333333333333333
8,26092719,plain,50,12,1.0,0.0
8,26092719,plain,50,13,1.0,0.0
8,26092719,plain,50,14,1.0,0.0
8,26092719,plain,50,15,1.0,0.0
8,26092719,plain,50,16,1.0,0.0
8,26092719,plain,50,17,1.0,0.0
8,26092719,plain,50,18,1.0,0.0
8,26092719,plain,50,19,1.0,0.0
8,26092719,plain,50,20,1.0,0.16666666666666666
8,26092719,plain,50,21,1.0,0.0
8,26092719,plain,50,22,1.0,0.0
8,26092719,plain,50,23,1.0,0.16666666666666666
8,26092719,plain,50,24,1.0,0.0
8,26092719,plain,50,25,1.0,0.0
8,26092719,plain,50,26,1.0,0.0
8,26092719,plain,50,27,1.0,0.0
8,26092719,plain,50,28,1.0,0.0
8,26092719,plain,50,29,1.0,0.0
8,26092719,plain,50,30,1.0,0.0
8,26092719,plain,50,31,1.0,0.0
8,26092719,plain,50,32,1.0,0.0
8,26092719,plain,50,33,1.0,0.0
8,26092719,plain,50,34,1.0,0.0
8,26092719,plain,50,35,1.0,0.0
8,26092719,plain,50,36,1.0,0.0
8,26092719,plain,50,37,1.0,0.3333333333333333
8,26092719,plain,50,38,1.0,0.16666666666666666
8,26092719,plain,50,39,1.0,0.0
8,26092719,plain,50,40,1.0,0.0
8,26092719,plain,50,41,1.0,0.0
8,26092719,plain,50,42,1.0,0.0
8,26092719,plain,50,43,1.0,0.0
8,26092719,plain,50,44,1.0,0.0
8,26092719,plain,50,45,1.0,0.0
8,26092719,plain,50,46,1.0,0.1111111111111111
8,26092719,plain,50,47,1.0,0.0
8,26092719,plain,50,48,1.0,0.0
8,26092719,plain,50,49,1.0,0.0
8,26092719,plain,100,0,1.0,0.0
8,26092719,plain,100,1,0.0,0.125
8,26092719,plain,100,2,0.0,0.0
8,26092719,plain,100,3,1.0,0.0
8,26092719,plain,100,4,0.0,0.0
8,26092719,plain,100,5,0.0,0.0
8,26092719,plain,100,6,1.0,0.0
8,26092719,plain,100,7,0.0,0.0
8,26092719,plain,100,8,1.0,0.2
8,26092719,plain,100,9,1.0,0.0
8,26092719,plain,100,10,1.0,0.0
8,26092719,plain,100,11,1.0,0.3333333333333333
8,26092719,plain,100,12,1.0,0.0
8,26092719,plain,100,13,1.0,0.0
8,26092719,plain,100,14,1.0,0.0
8,26092719,plain,100,15,1.0,0.0
8,26092719,plain,100,16,1.0,0.5
8,26092719,plain,100,17,1.0,0.0
8,26092719,plain,100,18,1.0,0.5
8,26092719,plain,100,19,1.0,0.0
8,26092719,plain,100,20,1.0,0.0
8,26092719,plain,100,21,1.0,0.0
8,26092719,plain,100,22,1.0,0.0
8,26092719,plain,100,23,1.0,0.3333333333333333
8,26092719,plain,100,24,1.0,0.0
8,26092719,plain,100,25,1.0,0.0
8,26092719,plain,100,26,0.0,0.08333333333333333
8,26092719,plain,100,27,1.0,0.0
8,26092719,plain,100,28,1.0,0.0
8,26092719,plain,100,29,1.0,0.0
8,26092719,plain,100,30,1.0,0.0
8,26092719,plain,100,31,1.0,0.0
8,26092719,plain,100,32,1.0,0.0
8,26092719,plain,100,33,1.0,0.0
8,26092719,plain,100,34,1.0,0.0
8,26092719,plain,100,35,1.0,0.0
8,26092719,plain,100,36,1.0,0.0
8,26092719,plain,100,37,1.0,0.6666666666666666
8,26092719,plain,100,38,1.0,0.0
8,26092719,plain,100,39,1.0,0.0
8,26092719,plain,100,40,1.0,0.0
8,26092719,plain,100,41,1.0,0.0
8,26092719,plain,100,42,1.0,0.3333333333333333
8,26092719,plain,100,43,1.0,0.0
8,26092719,plain,100,44,1.0,0.125
8,26092719,plain,100,45,1.0,0.0
8,26092719,plain,100,46,1.0,0.0
8,26092719,plain,100,47,1.0,0.0
8,26092719,plain,100,48,0.0,0.0
8,26092719,plain,100,49,1.0,0.0
8,26092719,plain,100,50,1.0,0.0
8,26092719,plain,100,51,1.0,0.1
8,26092719,plain,100,52,1.0,0.0
8,26092719,plain,100,53,1.0,0.25
8,26092719,plain,100,54,1.0,0.16666666666666666
8,26092719,plain,100,55,0.0,0.0
8,26092719,plain,100,56,1.0,0.0
8,26092719,plain,100,57,1.0,0.0
8,26092719,plain,100,58,1.0,0.08333333333333333
8,26092719,plain,100,59,1.0,0.0
8,26092719,plain,100,60,1.0,1.0
8,26092719,plain,100,61,1.0,0.14285714285714285
8,26092719,plain,100,62,1.0,0.0
8,26092719,plain,100,63,1.0,0.16666666666666666
8,26092719,plain,100,64,1.0,0.5
8,26092719,plain,100,65,1.0,0.0
8,26092719,plain,100,66,1.0,0.25
8,26092719,plain,100,67,1.0,0.1
8,26092719,plain,100,68,1.0,0.0
8,26092719,plain,100,69,1.0,0.0
8,26092719,plain,100,70,1.0,0.0
8,26092719,plain,100,71,1.0,0.0
8,26092719,plain,100,72,1.0,0.0
8,26092719,plain,100,73,1.0,0.25
8,26092719,plain,100,74,1.0,0.0
8,26092719,plain,100,75,1.0,0.5
8,26092719,plain,100,76,1.0,0.0
8,26092719,plain,100,77,1.0,0.0
8,26092719,plain,100,78,1.0,0.0
8,26092719,plain,100,79,1.0,0.1111111111111111
8,26092719,plain,100,80,1.0,0.2
8,26092719,plain,100,81,1.0,0.16666666666666666
8,26092719,plain,100,82,1.0,0.0
8,26092719,plain,100,83,1.0,0.14285714285714285
8,26092719,plain,100,84,1.0,0.0
8,26092719,plain,100,85,1.0,0.0
8,26092719,plain,100,86,0.0,0.0
8,26092719,plain,100,87,1.0,0.0
8,26092719,plain,100,88,1.0,0.14285714285714285
8,26092719,plain,100,89,1.0,0.125
8,26092719,plain,100,90,1.0,0.3333333333333333
8,26092719,plain,100,91,1.0,0.1
8,26092719,plain,100,92,1.0,0.0
8,26092719,plain,100,93,1.0,0.0
8,26092719,plain,100,94,1.0,0.0
8,26092719,plain,100,95,1.0,0.1
8,26092719,plain,100,96,1.0,0.0
8,26092719,plain,100,97,1.0,0.0
8,26092719,plain,100,98,1.0,0.3333333333333333
8,26092719,plain,100,99,1.0,0.0
8,26092719,ssr,1,0,1.0,0.5
8,26092719,ssr,2,0,1.0,0.5
8,26092719,ssr,2,1,1.0,0.25
8,26092719,ssr,5,0,1.0,0.5
8,26092719,ssr,5,1,1.0,0.25
8,26092719,ssr,5,2,1.0,0.5
8,26092719,ssr,5,3,1.0,0.2857142857142857
8,26092719,ssr,5,4,1.0,0.6666666666666666
8,26092719,ssr,10,0,1.0,0.5
8,26092719,ssr,10,1,1.0,0.25
8,26092719,ssr,10,2,1.0,1.0
8,26092719,ssr,10,3,1.0,0.2857142857142857
8,26092719,ssr,10,4,1.0,0.6666666666666666
8,26092719,ssr,10,5,1.0,0.2727272727272727
8,26092719,ssr,10,6,1.0,0.3
8,26092719,ssr,10,7,1.0,0.0
8,26092719,ssr,10,8,1.0,0.2
8,26092719,ssr,10,9,1.0,0.14285714285714285
8,26092719,ssr,25,0,1.0,0.5
8,26092719,ssr,25,1,1.0,0.375
8,26092719,ssr,25,2,1.0,0.5
8,26092719,ssr,25,3,1.0,0.42857142857142855
8,26092719,ssr,25,4,1.0,0.6666666666666666
8,26092719,ssr,25,5,1.0,0.2727272727272727
8,26092719,ssr,25,6,1.0,0.3
8,26092719,ssr,25,7,1.0,0.0
8,26092719,ssr,25,8,1.0,0.2
8,26092719,ssr,25,9,1.0,0.42857142857142855
8,26092719,ssr,25,10,1.0,0.3333333333333333
8,26092719,ssr,25,11,1.0,0.3333333333333333
8,26092719,ssr,25,12,1.0,0.2
8,26092719,ssr,25,13,1.0,0.4
8,26092719,ssr,25,14,1.0,1.0
8,26092719,ssr,25,15,1.0,0.3333333333333333
8,26092719,ssr,25,16,1.0,0.5
8,26092719,ssr,25,17,1.0,0.3
8,26092719,ssr,25,18,1.0,0.5
8,26092719,ssr,25,19,1.0,0.3333333333333333
8,26092719,ssr,25,20,1.0,0.3333333333333333
8,26092719,ssr,25,21,1.0,1.0
8,26092719,ssr,25,22,1.0,1.0
8,26092719,ssr,25,23,1.0,0.5
8,26092719,ssr,25,24,1.0,0.3333333333333333
8,26092719,ssr,50,0,1.0,1.0
8,26092719,ssr,50,1,1.0,0.375
8,26092719,ssr,50,2,1.0,0.5
8,26092719,ssr,50,3,1.0,0.5714285714285714
8,26092719,ssr,50,4,1.0,0.3333333333333333
8,26092719,ssr,50,5,1.0,0.2727272727272727
8,26092719,ssr,50,6,1.0,0.3
8,26092719,ssr,50,7,1.0,0.0
8,26092719,ssr,50,8,1.0,0.2
8,26092719,ssr,50,9,1.0,0.2857142857142857
8,26092719,ssr,50,10,1.0,0.2222222222222222
8,26092719,ssr,50,11,1.0,0.3333333333333333
8,26092719,ssr,50,12,1.0,0.0
8,26092719,ssr,50,13,1.0,0.4
8,26092719,ssr,50,14,1.0,0.5
8,26092719,ssr,50,15,1.0,0.3333333333333333
8,26092719,ssr,50,16,1.0,0.5
8,26092719,ssr,50,17,1.0,0.2
8,26092719,ssr,50,18,1.0,0.0
8,26092719,ssr,50,19,1.0,0.5
8,26092719,ssr,50,20,1.0,0.5
8,26092719,ssr,50,21,1.0,0.0
8,26092719,ssr,50,22,1.0,1.0
8,26092719,ssr,50,23,1.0,0.3333333333333333
8,26092719,ssr,50,24,1.0,0.3333333333333333
8,26092719,ssr,50,25,1.0,0.25
8,26092719,ssr,50,26,1.0,0.0
8,26092719,ssr,50,27,1.0,0.5
8,26092719,ssr,50,28,1.0,0.0
8,26092719,ssr,50,29,1.0,0.2857142857142857
8,26092719,ssr,50,30,1.0,0.2
8,26092719,ssr,50,31,1.0,1.0
8,26092719,ssr,50,32,1.0,0.2
8,26092719,ssr,50,33,1.0,0.0
8,26092719,ssr,50,34,1.0,0.5
8,26092719,ssr,50,35,1.0,0.2
8,26092719,ssr,50,36,1.0,0.0
8,26092719,ssr,50,37,1.0,0.6666666666666666
8,26092719,ssr,50,38,1.0,0.16666666666666666
8,26092719,ssr,50,39,1.0,0.3
8,26092719,ssr,50,40,1.0,0.0
8,26092719,ssr,50,41,1.0,0.0
8,26092719,ssr,50,42,1.0,0.3333333333333333
8,26092719,ssr,50,43,1.0,1.0
8,26092719,ssr,50,44,1.0,0.125
8,26092719,ssr,50,45,1.0,0.16666666666666666
8,26092719,ssr,50,46,1.0,0.2222222222222222
8,26092719,ssr,50,47,1.0,0.0
8,26092719,ssr,50,48,1.0,0.5
8,26092719,ssr,50,49,1.0,0.25
8,26092719,ssr,100,0,1.0,0.0
8,26092719,ssr,100,1,0.0,0.125
8,26092719,ssr,100,2,0.0,0.0
8,26092719,ssr,100,3,1.0,0.14285714285714285
8,26092719,ssr,100,4,1.0,0.0
8,26092719,ssr,100,5,1.0,0.18181818181818182
8,26092719,ssr,100,6,1.0,0.2
8,26092719,ssr,100,7,0.0,0.0
8,26092719,ssr,100,8,1.0,0.2
8,26092719,ssr,100,9,1.0,0.42857142857142855
8,26092719,ssr,100,10,1.0,0.1111111111111111
8,26092719,ssr,100,11,1.0,0.3333333333333333
8,26092719,ssr,100,12,1.0,0.2
8,26092719,ssr,100,13,1.0,0.2
8,26092719,ssr,100,14,1.0,0.0
8,26092719,ssr,100,15,0.0,0.0
8,26092719,ssr,100,16,1.0,0.5
8,26092719,ssr,100,17,1.0,0.2
8,26092719,ssr,100,18,1.0,0.0
8,26092719,ssr,100,19,1.0,0.3333333333333333
8,26092719,ssr,100,20,1.0,0.0
8,26092719,ssr,100,21,1.0,0.0
8,26092719,ssr,100,22,1.0,0.0
8,26092719,ssr,100,23,1.0,0.5
8,26092719,ssr,100,24,1.0,0.0
8,26092719,ssr,100,25,1.0,0.25
8,26092719,ssr,100,26,1.0,0.25
8,26092719,ssr,100,27,1.0,0.5
8,26092719,ssr,100,28,1.0,0.0
8,26092719,ssr,100,29,1.0,0.2857142857142857
8,26092719,ssr,100,30,1.0,0.2
8,26092719,ssr,100,31,1.0,0.0
8,26092719,ssr,100,32,1.0,0.2
8,26092719,ssr,100,33,1.0,0.0
8,26092719,ssr,100,34,1.0,0.0
8,26092719,ssr,100,35,1.0,0.0
8,26092719,ssr,100,36,1.0,0.0
8,26092719,ssr,100,37,1.0,0.6666666666666666
8,26092719,ssr,100,38,1.0,0.16666666666666666
8,26092719,ssr,100,39,1.0,0.2
8,26092719,ssr,100,40,1.0,0.0
8,26092719,ssr,100,41,1.0,0.0
8,26092719,ssr,100,42,1.0,0.3333333333333333
8,26092719,ssr,100,43,1.0,1.0
8,26092719,ssr,100,44,1.0,0.25
8,26092719,ssr,100,45,1.0,0.08333333333333333
8,26092719,ssr,100,46,1.0,0.2222222222222222
8,26092719,ssr,100,47,1.0,0.0
8,26092719,ssr,100,48,1.0,0.16666666666666666
8,26092719,ssr,100,49,1.0,0.125
8,26092719,ssr,100,50,1.0,0.0
8,26092719,ssr,100,51,1.0,0.3
8,26092719,ssr,100,52,1.0,0.5
8,26092719,ssr,100,53,1.0,0.25
8,26092719,ssr,100,54,1.0,0.16666666666666666
8,26092719,ssr,100,55,1.0,0.0
8,26092719,ssr,100,56,1.0,0.0
8,26092719,ssr,100,57,1.0,0.0
8,26092719,ssr,100,58,1.0,0.16666666666666666
8,26092719,ssr,100,59,1.0,0.16666666666666666
8,26092719,ssr,100,60,1.0,0.0
8,26092719,ssr,100,61,1.0,0.14285714285714285
8,26092719,ssr,100,62,1.0,0.25
8,26092719,ssr,100,63,1.0,0.16666666666666666
8,26092719,ssr,100,64,1.0,0.5
8,26092719,ssr,100,65,1.0,0.0
8,26092719,ssr,100,66,1.0,0.5
8,26092719,ssr,100,67,1.0,0.1
8,26092719,ssr,100,68,1.0,0.0
8,26092719,ssr,100,69,1.0,0.0
8,26092719,ssr,100,70,1.0,0.16666666666666666
8,26092719,ssr,100,71,1.0,0.2
8,26092719,ssr,100,72,1.0,0.0
8,26092719,ssr,100,73,1.0,0.5
8,26092719,ssr,100,74,1.0,0.0
8,26092719,ssr,100,75,1.0,0.5
8,26092719,ssr,100,76,1.0,0.16666666666666666
8,26092719,ssr,100,77,0.0,0.0
8,26092719,ssr,100,78,1.0,0.125
8,26092719,ssr,100,79,1.0,0.3333333333333333
8,26092719,ssr,100,80,1.0,0.4
8,26092719,ssr,100,81,1.0,0.3333333333333333
8,26092719,ssr,100,82,1.0,0.14285714285714285
8,26092719,ssr,100,83,1.0,0.2857142857142857
8,26092719,ssr,100,84,1.0,0.0
8,26092719,ssr,100,85,1.0,0.0
8,26092719,ssr,100,86,1.0,0.0
8,26092719,ssr,100,87,0.0,0.0
8,26092719,ssr,100,88,1.0,0.14285714285714285
8,26092719,ssr,100,89,1.0,0.125
8,26092719,ssr,100,90,1.0,0.3333333333333333
8,26092719,ssr,100,91,1.0,0.1
8,26092719,ssr,100,92,1.0,0.5
8,26092719,ssr,100,93,1.0,1.0
8,26092719,ssr,100,94,1.0,0.2857142857142857
8,26092719,ssr,100,95,1.0,0.2
8,26092719,ssr,100,96,1.0,0.0
8,26092719,ssr,100,97,1.0,0.0
8,26092719,ssr,100,98,1.0,0.6666666666666666
8,26092719,ssr,100,99,1.0,0.0
8,26092720,plain,1,0,1.0,1.0
8,26092720,plain,2,0,1.0,1.0
8,26092720,plain,2,1,1.0,0.0
8,26092720,plain,5,0,1.0,1.0
8,26092720,plain,5,1,1.0,0.0
8,26092720,plain,5,2,1.0,1.0
8,26092720,plain,5,3,1.0,0.2857142857142857
8,26092720,plain,5,4,1.0,0.16666666666666666
8,26092720,plain,10,0,1.0,1.0
8,26092720,plain,10,1,1.0,0.0
8,26092720,plain,10,2,1.0,1.0
8,26092720,plain,10,3,1.0,0.2857142857142857
8,26092720,plain,10,4,1.0,0.16666666666666666
8,26092720,plain,10,5,1.0,1.0
8,26092720,plain,10,6,1.0,0.6666666666666666
8,26092720,plain,10,7,1.0,1.0
8,26092720,plain,10,8,1.0,0.125
8,26092720,plain,10,9,1.0,0.5
8,26092720,plain,25,0,1.0,1.0
8,26092720,plain,25,1,1.0,0.0
8,26092720,plain,25,2,1.0,1.0
8,26092720,plain,25,3,1.0,0.42857142857142855
8,26092720,plain,25,4,1.0,0.3333333333333333
8,26092720,plain,25,5,1.0,1.0
8,26092720,plain,25,6,1.0,0.6666666666666666
8,26092720,plain,25,7,1.0,1.0
8,26092720,plain,25,8,1.0,0.125
8,26092720,plain,25,9,1.0,1.0
8,26092720,plain,25,10,1.0,0.0
8,26092720,plain,25,11,1.0,1.0
8,26092720,plain,25,12,1.0,1.0
8,26092720,plain,25,13,1.0,0.2857142857142857
8,26092720,plain,25,14,1.0,0.6666666666666666
8,26092720,plain,25,15,1.0,0.2
8,26092720,plain,25,16,1.0,0.2222222222222222
8,26092720,plain,25,17,1.0,1.0
8,26092720,plain,25,18,1.0,0.1111111111111111
8,26092720,plain,25,19,1.0,0.0
8,26092720,plain,25,20,1.0,0.6666666666666666
8,26092720,plain,25,21,1.0,1.0
8,26092720,plain,25,22,1.0,0.75
8,26092720,plain,25,23,1.0,0.16666666666666666
8,26092720,plain,25,24,1.0,1.0
8,26092720,plain,50,0,1.0,1.0
8,26092720,plain,50,1,1.0,0.0
8,26092720,plain,50,2,1.0,1.0
8,26092720,plain,50,3,1.0,0.14285714285714285
8,26092720,plain,50,4,1.0,0.0
8,26092720,plain,50,5,1.0,0.0
8,26092720,plain,50,6,1.0,0.3333333333333333
8,26092720,plain,50,7,1.0,1.0
8,26092720,plain,50,8,1.0,0.125
8,26092720,plain,50,9,1.0,0.5
8,26092720,plain,50,10,1.0,0.0
8,26092720,plain,50,11,1.0,0.0
8,26092720,plain,50,12,1.0,1.0
8,26092720,plain,50,13,0.0,0.14285714285714285
8,26092720,plain,50,14,1.0,0.6666666666666666
8,26092720,plain,50,15,1.0,0.1
8,26092720,plain,50,16,1.0,0.1111111111111111
8,26092720,plain,50,17,1.0,1.0
8,26092720,plain,50,18,1.0,0.1111111111111111
8,26092720,plain,50,19,1.0,0.0
8,26092720,plain,50,20,1.0,0.3333333333333333
8,26092720,plain,50,21,1.0,1.0
8,26092720,plain,50,22,1.0,0.5
8,26092720,plain,50,23,1.0,0.16666666666666666
8,26092720,plain,50,24,1.0,0.0
8,26092720,plain,50,25,1.0,0.2
8,26092720,plain,50,26,1.0,0.25
8,26092720,plain,50,27,1.0,0.2
8,26092720,plain,50,28,1.0,1.0
8,26092720,plain,50,29,1.0,0.3333333333333333
8,26092720,plain,50,30,1.0,0.5
8,26092720,plain,50,31,1.0,0.0
8,26092720,plain,50,32,1.0,0.5
8,26092720,plain,50,33,1.0,0.0
8,26092720,plain,50,34,1.0,0.2857142857142857
8,26092720,plain,50,35,1.0,0.4
8,26092720,plain,50,36,1.0,0.0
8,26092720,plain,50,37,1.0,0.0
8,26092720,plain,50,38,1.0,0.3333333333333333
8,26092720,plain,50,39,1.0,0.0
8,26092720,plain,50,40,1.0,0.3333333333333333
8,26092720,plain,50,41,1.0,0.0
8,26092720,plain,50,42,1.0,0.25
8,26092720,plain,50,43,1.0,0.0
8,26092720,plain,50,44,1.0,1.0
8,26092720,plain,50,45,1.0,0.6666666666666666
8,26092720,plain,50,46,1.0,0.25
8,26092720,plain,50,47,1.0,0.0
8,26092720,plain,50,48,1.0,0.0
8,26092720,plain,50,49,1.0,1.0
8,26092720,plain,100,0,1.0,0.0
8,26092720,plain,100,1,1.0,0.0
8,26092720,plain,100,2,1.0,0.0
8,26092720,plain,100,3,1.0,0.2857142857142857
8,26092720,plain,100,4,0.0,0.0
8,26092720,plain,100,5,0.0,0.0
8,26092720,plain,100,6,1.0,0.3333333333333333
8,26092720,plain,100,7,1.0,0.0
8,26092720,plain,100,8,1.0,0.125
8,26092720,plain,100,9,1.0,1.0
8,26092720,plain,100,10,0.0,0.14285714285714285
8,26092720,plain,100,11,1.0,0.0
8,26092720,plain,100,12,1.0,0.0
8,26092720,plain,100,13,1.0,0.42857142857142855
8,26092720,plain,100,14,1.0,0.6666666666666666
8,26092720,plain,100,15,1.0,0.0
8,26092720,plain,100,16,1.0,0.1111111111111111
8,26092720,plain,100,17,1.0,0.5
8,26092720,plain,100,18,1.0,0.1111111111111111
8,26092720,plain,100,19,1.0,0.5
8,26092720,plain,100,20,1.0,0.3333333333333333
8,26092720,plain,100,21,1.0,1.0
8,26092720,plain,100,22,1.0,0.75
8,26092720,plain,100,23,1.0,0.0
8,26092720,plain,100,24,1.0,0.6666666666666666
8,26092720,plain,100,25,1.0,0.4
8,26092720,plain,100,26,1.0,0.0
8,26092720,plain,100,27,1.0,0.2
8,26092720,plain,100,28,1.0,1.0
8,26092720,plain,100,29,1.0,0.0
8,26092720,plain,100,30,1.0,0.0
8,26092720,plain,100,31,1.0,0.125
8,26092720,plain,100,32,1.0,0.5
8,26092720,plain,100,33,1.0,0.0
8,26092720,plain,100,34,1.0,0.14285714285714285
8,26092720,plain,100,35,1.0,0.4
8,26092720,plain,100,36,1.0,0.0
8,26092720,plain,100,37,1.0,0.0
8,26092720,plain,100,38,1.0,0.3333333333333333
8,26092720,plain,100,39,1.0,0.0
8,26092720,plain,100,40,1.0,0.0
8,26092720,plain,100,41,1.0,0.0
8,26092720,plain,100,42,1.0,0.25
8,26092720,plain,100,43,1.0,0.0
8,26092720,plain,100,44,1.0,1.0
8,26092720,plain,100,45,1.0,0.6666666666666666
8,26092720,plain,100,46,1.0,0.25
8,26092720,plain,100,47,1.0,0.5
8,26092720,plain,100,48,0.0,0.0
8,26092720,plain,100,49,1.0,1.0
8,26092720,plain,100,50,1.0,0.0
8,26092720,plain,100,51,1.0,0.15384615384615385
8,26092720,plain,100,52,1.0,0.0
8,26092720,plain,100,53,1.0,0.125
8,26092720,plain,100,54,1.0,0.16666666666666666
8,26092720,plain,100,55,1.0,0.0
8,26092720,plain,100,56,0.0,0.25
8,26092720,plain,100,57,1.0,0.125
8,26092720,plain,100,58,1.0,0.1111111111111111
8,26092720,plain,100,59,1.0,0.14285714285714285
8,26092720,plain,100,60,1.0,0.0
8,26092720,plain,100,61,1.0,0.3
8,26092720,plain,100,62,1.0,0.0
8,26092720,plain,100,63,1.0,0.0
8,26092720,plain,100,64,1.0,0.0
8,26092720,plain,100,65,0.0,0.16666666666666666
8,26092720,plain,100,66,1.0,1.0
8,26092720,plain,100,67,1.0,0.0
8,26092720,plain,100,68,1.0,0.3333333333333333
8,26092720,plain,100,69,1.0,0.0
8,26092720,plain,100,70,1.0,0.0
8,26092720,plain,100,71,1.0,0.6666666666666666
8,26092720,plain,100,72,1.0,0.0
8,26092720,plain,100,73,1.0,0.1
8,26092720,plain,100,74,1.0,0.4
8,26092720,plain,100,75,1.0,1.0
8,26092720,plain,100,76,1.0,0.42857142857142855
8,26092720,plain,100,77,1.0,0.125
8,26092720,plain,100,78,0.0,0.0
8,26092720,plain,100,79,1.0,0.2
8,26092720,plain,100,80,1.0,0.0
8,26092720,plain,100,81,1.0,0.07142857142857142
8,26092720,plain,100,82,1.0,0.0
8,26092720,plain,100,83,1.0,0.0
8,26092720,plain,100,84,1.0,0.14285714285714285
8,26092720,plain,100,85,1.0,0.25
8,26092720,plain,100,86,0.0,0.2
8,26092720,plain,100,87,1.0,0.3333333333333333
8,26092720,plain,100,88,1.0,0.3333333333333333
8,26092720,plain,100,89,1.0,0.2222222222222222
8,26092720,plain,100,90,1.0,0.375
8,26092720,plain,100,91,1.0,0.0
8,26092720,plain,100,92,1.0,0.0
8,26092720,plain,100,93,1.0,0.0
8,26092720,plain,100,94,1.0,0.0
8,26092720,plain,100,95,1.0,0.25
8,26092720,plain,100,96,1.0,0.25
8,26092720,plain,100,97,1.0,0.25
8,26092720,plain,100,98,1.0,1.0
8,26092720,plain,100,99,1.0,0.4
8,26092720,ssr,1,0,1.0,1.0
8,26092720,ssr,2,0,1.0,1.0
8,26092720,ssr,2,1,1.0,0.0
8,26092720,ssr,5,0,1.0,0.0
8,26092720,ssr,5,1,1.0,0.0
8,26092720,ssr,5,2,1.0,1.0
8,26092720,ssr,5,3,1.0,0.2857142857142857
8,26092720,ssr,5,4,1.0,0.08333333333333333
8,26092720,ssr,10,0,1.0,1.0
8,26092720,ssr,10,1,1.0,0.0
8,26092720,ssr,10,2,1.0,1.0
8,26092720,ssr,10,3,1.0,0.2857142857142857
8,26092720,ssr,10,4,1.0,0.08333333333333333
8,26092720,ssr,10,5,1.0,1.0
8,26092720,ssr,10,6,1.0,0.6666666666666666
8,26092720,ssr,10,7,1.0,1.0
8,26092720,ssr,10,8,1.0,0.125
8,26092720,ssr,10,9,1.0,0.5
8,26092720,ssr,25,0,1.0,1.0
8,26092720,ssr,25,1,1.0,0.0
8,26092720,ssr,25,2,1.0,1.0
8,26092720,ssr,25,3,1.0,0.2857142857142857
8,26092720,ssr,25,4,1.0,0.08333333333333333
8,26092720,ssr,25,5,1.0,1.0
8,26092720,ssr,25,6,1.0,0.6666666666666666
8,26092720,ssr,25,7,1.0,1.0
8,26092720,ssr,25,8,1.0,0.125
8,26092720,ssr,25,9,1.0,0.5
8,26092720,ssr,25,10,1.0,0.0
8,26092720,ssr,25,11,1.0,0.0
8,26092720,ssr,25,12,1.0,1.0
8,26092720,ssr,25,13,1.0,0.14285714285714285
8,26092720,ssr,25,14,1.0,0.6666666666666666
8,26092720,ssr,25,15,1.0,0.1
8,26092720,ssr,25,16,1.0,0.1111111111111111
8,26092720,ssr,25,17,1.0,1.0
8,26092720,ssr,25,18,1.0,0.1111111111111111
8,26092720,ssr,25,19,1.0,0.0
8,26092720,ssr,25,20,1.0,0.3333333333333333
8,26092720,ssr,25,21,1.0,1.0
8,26092720,ssr,25,22,1.0,0.5
8,26092720,ssr,25,23,1.0,0.16666666666666666
8,26092720,ssr,25,24,1.0,0.0
8,26092720,ssr,50,0,1.0,1.0
8,26092720,ssr,50,1,1.0,0.0
8,26092720,ssr,50,2,1.0,1.0
8,26092720,ssr,50,3,1.0,0.42857142857142855
8,26092720,ssr,50,4,1.0,0.08333333333333333
8,26092720,ssr,50,5,1.0,0.0
8,26092720,ssr,50,6,1.0,0.6666666666666666
8,26092720,ssr,50,7,1.0,1.0
8,26092720,ssr,50,8,1.0,0.25
8,26092720,ssr,50,9,1.0,0.5
8,26092720,ssr,50,10,0.0,0.14285714285714285
8,26092720,ssr,50,11,1.0,0.0
8,26092720,ssr,50,12,1.0,1.0
8,26092720,ssr,50,13,1.0,0.2857142857142857
8,26092720,ssr,50,14,1.0,0.6666666666666666
8,26092720,ssr,50,15,1.0,0.1
8,26092720,ssr,50,16,1.0,0.2222222222222222
8,26092720,ssr,50,17,1.0,0.5
8,26092720,ssr,50,18,1.0,0.2222222222222222
8,26092720,ssr,50,19,1.0,0.0
8,26092720,ssr,50,20,1.0,0.6666666666666666
8,26092720,ssr,50,21,1.0,1.0
8,26092720,ssr,50,22,1.0,0.25
8,26092720,ssr,50,23,1.0,0.3333333333333333
8,26092720,ssr,50,24,1.0,0.3333333333333333
8,26092720,ssr,50,25,1.0,0.4
8,26092720,ssr,50,26,1.0,0.25
8,26092720,ssr,50,27,1.0,0.2
8,26092720,ssr,50,28,1.0,1.0
8,26092720,ssr,50,29,1.0,0.3333333333333333
8,26092720,ssr,50,30,1.0,0.5
8,26092720,ssr,50,31,1.0,0.0
8,26092720,ssr,50,32,1.0,0.5
8,26092720,ssr,50,33,1.0,0.3333333333333333
8,26092720,ssr,50,34,1.0,0.14285714285714285
8,26092720,ssr,50,35,1.0,0.6
8,26092720,ssr,50,36,1.0,0.0
8,26092720,ssr,50,37,1.0,0.0
8,26092720,ssr,50,38,1.0,0.0
8,26092720,ssr,50,39,1.0,0.3333333333333333
8,26092720,ssr,50,40,1.0,0.0
8,26092720,ssr,50,41,1.0,0.0
8,26092720,ssr,50,42,1.0,0.5
8,26092720,ssr,50,43,1.0,0.25
8,26092720,ssr,50,44,1.0,1.0
8,26092720,ssr,50,45,1.0,0.3333333333333333
8,26092720,ssr,50,46,1.0,0.5
8,26092720,ssr,50,47,1.0,0.5
8,26092720,ssr,50,48,1.0,0.5
8,26092720,ssr,50,49,1.0,1.0
8,26092720,ssr,100,0,1.0,1.0
8,26092720,ssr,100,1,1.0,0.0
8,26092720,ssr,100,2,0.0,1.0
8,26092720,ssr,100,3,1.0,0.42857142857142855
8,26092720,ssr,100,4,1.0,0.08333333333333333
8,26092720,ssr,100,5,1.0,0.0
8,26092720,ssr,100,6,1.0,0.6666666666666666
8,26092720,ssr,100,7,0.0,0.0
8,26092720,ssr,100,8,0.0,0.0
8,26092720,ssr,100,9,1.0,1.0
8,26092720,ssr,100,10,1.0,0.0
8,26092720,ssr,100,11,1.0,0.0
8,26092720,ssr,100,12,1.0,0.0
8,26092720,ssr,100,13,1.0,0.2857142857142857
8,26092720,ssr,100,14,1.0,0.6666666666666666
8,26092720,ssr,100,15,1.0,0.2
8,26092720,ssr,100,16,1.0,0.2222222222222222
8,26092720,ssr,100,17,1.0,0.5
8,26092720,ssr,100,18,1.0,0.3333333333333333
8,26092720,ssr,100,19,1.0,0.5
8,26092720,ssr,100,20,1.0,0.6666666666666666
8,26092720,ssr,100,21,1.0,0.0
8,26092720,ssr,100,22,1.0,0.5
8,26092720,ssr,100,23,1.0,0.3333333333333333
8,26092720,ssr,100,24,1.0,0.0
8,26092720,ssr,100,25,1.0,0.4
8,26092720,ssr,100,26,1.0,0.125
8,26092720,ssr,100,27,1.0,0.2
8,26092720,ssr,100,28,1.0,1.0
8,26092720,ssr,100,29,1.0,0.3333333333333333
8,26092720,ssr,100,30,1.0,0.5
8,26092720,ssr,100,31,1.0,0.125
8,26092720,ssr,100,32,1.0,0.5
8,26092720,ssr,100,33,0.0,0.3333333333333333
8,26092720,ssr,100,34,1.0,0.42857142857142855
8,26092720,ssr,100,35,1.0,0.2
8,26092720,ssr,100,36,1.0,0.0
8,26092720,ssr,100,37,1.0,0.0
8,26092720,ssr,100,38,1.0,0.6666666666666666
8,26092720,ssr,100,39,1.0,0.0
8,26092720,ssr,100,40,1.0,0.3333333333333333
8,26092720,ssr,100,41,1.0,0.0
8,26092720,ssr,100,42,1.0,0.25
8,26092720,ssr,100,43,1.0,0.0
8,26092720,ssr,100,44,1.0,1.0
8,26092720,ssr,100,45,1.0,0.6666666666666666
8,26092720,ssr,100,46,1.0,0.5
8,26092720,ssr,100,47,1.0,0.5
8,26092720,ssr,100,48,1.0,0.5
8,26092720,ssr,100,49,1.0,1.0
8,26092720,ssr,100,50,1.0,0.25
8,26092720,ssr,100,51,1.0,0.23076923076923078
8,26092720,ssr,100,52,1.0,0.3333333333333333
8,26092720,ssr,100,53,1.0,0.25
8,26092720,ssr,100,54,1.0,0.3333333333333333
8,26092720,ssr,100,55,1.0,0.0
8,26092720,ssr,100,56,1.0,0.25
8,26092720,ssr,100,57,1.0,0.25
8,26092720,ssr,100,58,1.0,0.3333333333333333
8,26092720,ssr,100,59,1.0,0.2857142857142857
8,26092720,ssr,100,60,1.0,0.1
8,26092720,ssr,100,61,1.0,0.3
8,26092720,ssr,100,62,1.0,0.0
8,26092720,ssr,100,63,1.0,0.0
8,26092720,ssr,100,64,1.0,0.0
8,26092720,ssr,100,65,1.0,0.16666666666666666
8,26092720,ssr,100,66,1.0,1.0
8,26092720,ssr,100,67,1.0,0.5
8,26092720,ssr,100,68,1.0,0.6666666666666666
8,26092720,ssr,100,69,1.0,0.14285714285714285
8,26092720,ssr,100,70,1.0,0.0
8,26092720,ssr,100,71,1.0,0.3333333333333333
8,26092720,ssr,100,72,1.0,0.25
8,26092720,ssr,100,73,1.0,0.1
8,26092720,ssr,100,74,1.0,0.4
8,26092720,ssr,100,75,1.0,1.0
8,26092720,ssr,100,76,1.0,0.42857142857142855
8,26092720,ssr,100,77,1.0,0.25
8,26092720,ssr,100,78,1.0,0.2
8,26092720,ssr,100,79,1.0,0.2
8,26092720,ssr,100,80,1.0,1.0
8,26092720,ssr,100,81,1.0,0.21428571428571427
8,26092720,ssr,100,82,1.0,0.1111111111111111
8,26092720,ssr,100,83,1.0,0.5
8,26092720,ssr,100,84,1.0,0.2857142857142857
8,26092720,ssr,100,85,1.0,0.25
8,26092720,ssr,100,86,1.0,0.4
8,26092720,ssr,100,87,1.0,0.3333333333333333
8,26092720,ssr,100,88,1.0,0.0
8,26092720,ssr,100,89,1.0,0.2222222222222222
8,26092720,ssr,100,90,1.0,0.375
8,26092720,ssr,100,91,1.0,0.0
8,26092720,ssr,100,92,1.0,0.5
8,26092720,ssr,100,93,1.0,0.5
8,26092720,ssr,100,94,1.0,0.14285714285714285
8,26092720,ssr,100,95,1.0,0.25
8,26092720,ssr,100,96,1.0,0.25
8,26092720,ssr,100,97,1.0,0.25
8,26092720,ssr,100,98,1.0,1.0
8,26092720,ssr,100,99,1.0,0.2
32,26092711,plain,1,0,1.0,0.0
32,26092711,plain,2,0,1.0,0.2
32,26092711,plain,2,1,1.0,0.5
32,26092711,plain,5,0,1.0,0.2
32,26092711,plain,5,1,1.0,0.5
32,26092711,plain,5,2,1.0,0.0
32,26092711,plain,5,3,1.0,0.14285714285714285
32,26092711,plain,5,4,1.0,0.2
32,26092711,plain,10,0,1.0,0.0
32,26092711,plain,10,1,1.0,0.0
32,26092711,plain,10,2,1.0,0.0
32,26092711,plain,10,3,1.0,0.0
32,26092711,plain,10,4,1.0,0.0
32,26092711,plain,10,5,1.0,0.0
32,26092711,plain,10,6,1.0,0.0
32,26092711,plain,10,7,1.0,0.0
32,26092711,plain,10,8,1.0,0.0
32,26092711,plain,10,9,1.0,0.0
32,26092711,plain,25,0,1.0,0.0
32,26092711,plain,25,1,1.0,0.0
32,26092711,plain,25,2,1.0,0.0
32,26092711,plain,25,3,1.0,0.0
32,26092711,plain,25,4,1.0,0.0
32,26092711,plain,25,5,1.0,0.0
32,26092711,plain,25,6,1.0,0.0
32,26092711,plain,25,7,1.0,0.0
32,26092711,plain,25,8,1.0,0.0
32,26092711,plain,25,9,1.0,0.0
32,26092711,plain,25,10,1.0,0.0
32,26092711,plain,25,11,1.0,0.0
32,26092711,plain,25,12,1.0,0.0
32,26092711,plain,25,13,1.0,0.0
32,26092711,plain,25,14,1.0,0.0
32,26092711,plain,25,15,1.0,0.0
32,26092711,plain,25,16,1.0,0.0
32,26092711,plain,25,17,1.0,0.0
32,26092711,plain,25,18,1.0,0.0
32,26092711,plain,25,19,1.0,0.0
32,26092711,plain,25,20,1.0,0.0
32,26092711,plain,25,21,1.0,0.0
32,26092711,plain,25,22,1.0,0.125
32,26092711,plain,25,23,1.0,0.0
32,26092711,plain,25,24,1.0,0.0
32,26092711,plain,50,0,1.0,0.0
32,26092711,plain,50,1,0.0,0.0
32,26092711,plain,50,2,1.0,0.0
32,26092711,plain,50,3,1.0,0.0
32,26092711,plain,50,4,1.0,0.0
32,26092711,plain,50,5,1.0,0.0
32,26092711,plain,50,6,1.0,0.0
32,26092711,plain,50,7,1.0,0.0
32,26092711,plain,50,8,1.0,0.0
32,26092711,plain,50,9,1.0,0.0
32,26092711,plain,50,10,0.0,0.0
32,26092711,plain,50,11,1.0,0.0
32,26092711,plain,50,12,1.0,0.0
32,26092711,plain,50,13,1.0,0.0
32,26092711,plain,50,14,1.0,0.0
32,26092711,plain,50,15,1.0,0.0
32,26092711,plain,50,16,1.0,0.0
32,26092711,plain,50,17,1.0,0.0
32,26092711,plain,50,18,1.0,0.0
32,26092711,plain,50,19,1.0,0.0
32,26092711,plain,50,20,1.0,0.0
32,26092711,plain,50,21,1.0,0.0
32,26092711,plain,50,22,1.0,0.125
32,26092711,plain,50,23,1.0,0.0
32,26092711,plain,50,24,1.0,0.0
32,26092711,plain,50,25,1.0,0.0
32,26092711,plain,50,26,1.0,0.0
32,26092711,plain,50,27,1.0,0.0
32,26092711,plain,50,28,1.0,0.0
32,26092711,plain,50,29,1.0,0.0
32,26092711,plain,50,30,1.0,0.0
32,26092711,plain,50,31,1.0,0.0
32,26092711,plain,50,32,1.0,0.0
32,26092711,plain,50,33,1.0,0.0
32,26092711,plain,50,34,1.0,0.0
32,26092711,plain,50,35,1.0,0.0
32,26092711,plain,50,36,1.0,0.0
32,26092711,plain,50,37,1.0,0.0
32,26092711,plain,50,38,1.0,0.0
32,26092711,plain,50,39,1.0,0.0
32,26092711,plain,50,40,1.0,0.0
32,26092711,plain,50,41,1.0,0.0
32,26092711,plain,50,42,1.0,0.0
32,26092711,plain,50,43,1.0,0.0
32,26092711,plain,50,44,1.0,0.0
32,26092711,plain,50,45,1.0,0.0
32,26092711,plain,50,46,1.0,0.0
32,26092711,plain,50,47,1.0,0.0
32,26092711,plain,50,48,1.0,0.0
32,26092711,plain,50,49,1.0,0.0
32,26092711,plain,100,0,1.0,0.0
32,26092711,plain,100,1,0.0,0.0
32,26092711,plain,100,2,0.0,0.0
32,26092711,plain,100,3,1.0,0.0
32,26092711,plain,100,4,0.0,0.0
32,26092711,plain,100,5,0.0,0.0
32,26092711,plain,100,6,1.0,0.0
32,26092711,plain,100,7,0.0,0.0
32,26092711,plain,100,8,1.0,0.0
32,26092711,plain,100,9,1.0,0.0
32,26092711,plain,100,10,0.0,0.0
32,26092711,plain,100,11,0.0,0.0
32,26092711,plain,100,12,1.0,0.0
32,26092711,plain,100,13,1.0,0.0
32,26092711,plain,100,14,0.0,0.0
32,26092711,plain,100,15,0.0,0.0
32,26092711,plain,100,16,1.0,0.0
32,26092711,plain,100,17,1.0,0.0
32,26092711,plain,100,18,0.0,0.0
32,26092711,plain,100,19,1.0,0.0
32,26092711,plain,100,20,0.0,0.0
32,26092711,plain,100,21,0.0,0.0
32,26092711,plain,100,22,1.0,0.125
32,26092711,plain,100,23,0.0,0.0
32,26092711,plain,100,24,0.0,0.0
32,26092711,plain,100,25,1.0,0.0
32,26092711,plain,100,26,1.0,0.0
32,26092711,plain,100,27,1.0,0.0
32,26092711,plain,100,28,1.0,0.0
32,26092711,plain,100,29,0.0,0.0
32,26092711,plain,100,30,0.0,0.0
32,26092711,plain,100,31,1.0,0.0
32,26092711,plain,100,32,1.0,0.0
32,26092711,plain,100,33,0.0,0.0
32,26092711,plain,100,34,1.0,0.0
32,26092711,plain,100,35,1.0,0.0
32,26092711,plain,100,36,1.0,0.0
32,26092711,plain,100,37,1.0,0.0
32,26092711,plain,100,38,1.0,0.0
32,26092711,plain,100,39,1.0,0.0
32,26092711,plain,100,40,1.0,0.0
32,26092711,plain,100,41,1.0,0.0
32,26092711,plain,100,42,0.0,0.0
32,26092711,plain,100,43,1.0,0.0
32,26092711,plain,100,44,1.0,0.0
32,26092711,plain,100,45,1.0,0.0
32,26092711,plain,100,46,0.0,0.0
32,26092711,plain,100,47,1.0,0.0
32,26092711,plain,100,48,0.0,0.0
32,26092711,plain,100,49,0.0,0.0
32,26092711,plain,100,50,1.0,0.0
32,26092711,plain,100,51,1.0,0.0
32,26092711,plain,100,52,1.0,0.0
32,26092711,plain,100,53,0.0,0.0
32,26092711,plain,100,54,1.0,0.0
32,26092711,plain,100,55,0.0,0.0
32,26092711,plain,100,56,1.0,0.0
32,26092711,plain,100,57,1.0,0.0
32,26092711,plain,100,58,1.0,0.0
32,26092711,plain,100,59,1.0,0.0
32,26092711,plain,100,60,1.0,0.0
32,26092711,plain,100,61,0.0,0.0
32,26092711,plain,100,62,0.0,0.0
32,26092711,plain,100,63,1.0,0.0
32,26092711,plain,100,64,1.0,0.0
32,26092711,plain,100,65,0.0,0.0
32,26092711,plain,100,66,1.0,0.0
32,26092711,plain,100,67,1.0,0.0
32,26092711,plain,100,68,1.0,0.0
32,26092711,plain,100,69,1.0,0.0
32,26092711,plain,100,70,1.0,0.0
32,26092711,plain,100,71,0.0,0.0
32,26092711,plain,100,72,1.0,0.0
32,26092711,plain,100,73,1.0,0.0
32,26092711,plain,100,74,1.0,0.0
32,26092711,plain,100,75,1.0,0.0
32,26092711,plain,100,76,1.0,0.0
32,26092711,plain,100,77,0.0,0.0
32,26092711,plain,100,78,0.0,0.0
32,26092711,plain,100,79,1.0,0.0
32,26092711,plain,100,80,1.0,0.0
32,26092711,plain,100,81,0.0,0.0
32,26092711,plain,100,82,1.0,0.0
32,26092711,plain,100,83,1.0,0.0
32,26092711,plain,100,84,0.0,0.0
32,26092711,plain,100,85,1.0,0.0
32,26092711,plain,100,86,1.0,0.0
32,26092711,plain,100,87,1.0,0.0
32,26092711,plain,100,88,0.0,0.0
32,26092711,plain,100,89,1.0,0.0
32,26092711,plain,100,90,1.0,0.0
32,26092711,plain,100,91,1.0,0.0
32,26092711,plain,100,92,1.0,0.0
32,26092711,plain,100,93,0.0,0.0
32,26092711,plain,100,94,1.0,0.0
32,26092711,plain,100,95,1.0,0.0
32,26092711,plain,100,96,0.0,0.0
32,26092711,plain,100,97,0.0,0.0
32,26092711,plain,100,98,1.0,0.0
32,26092711,plain,100,99,1.0,0.0
32,26092711,ssr,1,0,1.0,0.0
32,26092711,ssr,2,0,1.0,0.0
32,26092711,ssr,2,1,1.0,0.5
32,26092711,ssr,5,0,1.0,0.2
32,26092711,ssr,5,1,1.0,0.5
32,26092711,ssr,5,2,1.0,0.3333333333333333
32,26092711,ssr,5,3,1.0,0.14285714285714285
32,26092711,ssr,5,4,1.0,0.2
32,26092711,ssr,10,0,1.0,0.2
32,26092711,ssr,10,1,1.0,0.5
32,26092711,ssr,10,2,1.0,0.3333333333333333
32,26092711,ssr,10,3,1.0,0.2857142857142857
32,26092711,ssr,10,4,1.0,0.2
32,26092711,ssr,10,5,1.0,0.2
32,26092711,ssr,10,6,1.0,1.0
32,26092711,ssr,10,7,1.0,0.14285714285714285
32,26092711,ssr,10,8,1.0,0.0
32,26092711,ssr,10,9,1.0,0.3333333333333333
32,26092711,ssr,25,0,1.0,0.2
32,26092711,ssr,25,1,1.0,0.5
32,26092711,ssr,25,2,1.0,0.3333333333333333
32,26092711,ssr,25,3,1.0,0.0
32,26092711,ssr,25,4,1.0,0.2
32,26092711,ssr,25,5,1.0,0.2
32,26092711,ssr,25,6,1.0,0.0
32,26092711,ssr,25,7,1.0,0.14285714285714285
32,26092711,ssr,25,8,1.0,0.0
32,26092711,ssr,25,9,1.0,0.6666666666666666
32,26092711,ssr,25,10,1.0,0.5
32,26092711,ssr,25,11,1.0,0.16666666666666666
32,26092711,ssr,25,12,1.0,0.3333333333333333
32,26092711,ssr,25,13,1.0,0.25
32,26092711,ssr,25,14,1.0,1.0
32,26092711,ssr,25,15,1.0,0.16666666666666666
32,26092711,ssr,25,16,1.0,0.3333333333333333
32,26092711,ssr,25,17,1.0,0.16666666666666666
32,26092711,ssr,25,18,1.0,0.5
32,26092711,ssr,25,19,1.0,0.16666666666666666
32,26092711,ssr,25,20,1.0,0.2857142857142857
32,26092711,ssr,25,21,1.0,1.0
32,26092711,ssr,25,22,1.0,0.25
32,26092711,ssr,25,23,1.0,0.0
32,26092711,ssr,25,24,1.0,0.14285714285714285
32,26092711,ssr,50,0,1.0,0.0
32,26092711,ssr,50,1,1.0,0.5
32,26092711,ssr,50,2,1.0,0.3333333333333333
32,26092711,ssr,50,3,1.0,0.14285714285714285
32,26092711,ssr,50,4,0.0,0.0
32,26092711,ssr,50,5,1.0,0.0
32,26092711,ssr,50,6,1.0,0.0
32,26092711,ssr,50,7,1.0,0.14285714285714285
32,26092711,ssr,50,8,1.0,0.0
32,26092711,ssr,50,9,1.0,0.3333333333333333
32,26092711,ssr,50,10,1.0,0.5
32,26092711,ssr,50,11,1.0,0.0
32,26092711,ssr,50,12,1.0,0.3333333333333333
32,26092711,ssr,50,13,1.0,0.0
32,26092711,ssr,50,14,1.0,1.0
32,26092711,ssr,50,15,1.0,0.0
32,26092711,ssr,50,16,1.0,0.0
32,26092711,ssr,50,17,1.0,0.3333333333333333
32,26092711,ssr,50,18,1.0,0.0
32,26092711,ssr,50,19,1.0,0.0
32,26092711,ssr,50,20,1.0,0.0
32,26092711,ssr,50,21,1.0,0.0
32,26092711,ssr,50,22,1.0,0.25
32,26092711,ssr,50,23,1.0,0.0
32,26092711,ssr,50,24,1.0,0.0
32,26092711,ssr,50,25,1.0,0.0
32,26092711,ssr,50,26,1.0,0.1111111111111111
32,26092711,ssr,50,27,1.0,0.0
32,26092711,ssr,50,28,1.0,0.0
32,26092711,ssr,50,29,1.0,0.16666666666666666
32,26092711,ssr,50,30,1.0,0.0
32,26092711,ssr,50,31,1.0,0.1111111111111111
32,26092711,ssr,50,32,1.0,0.0
32,26092711,ssr,50,33,1.0,0.0
32,26092711,ssr,50,34,1.0,0.2
32,26092711,ssr,50,35,1.0,0.0
32,26092711,ssr,50,36,1.0,0.0
32,26092711,ssr,50,37,1.0,0.5
32,26092711,ssr,50,38,1.0,0.0
32,26092711,ssr,50,39,1.0,0.14285714285714285
32,26092711,ssr,50,40,1.0,0.2
32,26092711,ssr,50,41,1.0,0.125
32,26092711,ssr,50,42,1.0,0.25
32,26092711,ssr,50,43,1.0,0.0
32,26092711,ssr,50,44,1.0,0.4
32,26092711,ssr,50,45,1.0,0.125
32,26092711,ssr,50,46,1.0,0.125
32,26092711,ssr,50,47,1.0,0.5
32,26092711,ssr,50,48,1.0,0.3333333333333333
32,26092711,ssr,50,49,1.0,0.0
32,26092711,ssr,100,0,1.0,0.2
32,26092711,ssr,100,1,0.0,0.0
32,26092711,ssr,100,2,0.0,0.0
32,26092711,ssr,100,3,1.0,0.0
32,26092711,ssr,100,4,0.0,0.2
32,26092711,ssr,100,5,1.0,0.0
32,26092711,ssr,100,6,1.0,0.0
32,26092711,ssr,100,7,0.0,0.0
32,26092711,ssr,100,8,1.0,0.0
32,26092711,ssr,100,9,1.0,0.3333333333333333
32,26092711,ssr,100,10,1.0,0.5
32,26092711,ssr,100,11,1.0,0.0
32,26092711,ssr,100,12,1.0,0.0
32,26092711,ssr,100,13,1.0,0.0
32,26092711,ssr,100,14,1.0,1.0
32,26092711,ssr,100,15,1.0,0.16666666666666666
32,26092711,ssr,100,16,1.0,0.0
32,26092711,ssr,100,17,1.0,0.3333333333333333
32,26092711,ssr,100,18,1.0,1.0
32,26092711,ssr,100,19,1.0,0.0
32,26092711,ssr,100,20,0.0,0.0
32,26092711,ssr,100,21,1.0,0.0
32,26092711,ssr,100,22,1.0,0.125
32,26092711,ssr,100,23,1.0,0.0
32,26092711,ssr,100,24,1.0,0.0
32,26092711,ssr,100,25,1.0,0.0
32,26092711,ssr,100,26,1.0,0.1111111111111111
32,26092711,ssr,100,27,1.0,0.0
32,26092711,ssr,100,28,1.0,0.2
32,26092711,ssr,100,29,1.0,0.3333333333333333
32,26092711,ssr,100,30,1.0,0.0
32,26092711,ssr,100,31,1.0,0.1111111111111111
32,26092711,ssr,100,32,1.0,0.0
32,26092711,ssr,100,33,1.0,0.0
32,26092711,ssr,100,34,1.0,0.2
32,26092711,ssr,100,35,1.0,0.0
32,26092711,ssr,100,36,1.0,0.0
32,26092711,ssr,100,37,1.0,0.5
32,26092711,ssr,100,38,1.0,0.3333333333333333
32,26092711,ssr,100,39,0.0,0.2857142857142857
32,26092711,ssr,100,40,1.0,0.2
32,26092711,ssr,100,41,1.0,0.125
32,26092711,ssr,100,42,1.0,0.0
32,26092711,ssr,100,43,1.0,0.0
32,26092711,ssr,100,44,1.0,0.0
32,26092711,ssr,100,45,1.0,0.25
32,26092711,ssr,100,46,1.0,0.0
32,26092711,ssr,100,47,1.0,0.25
32,26092711,ssr,100,48,1.0,0.0
32,26092711,ssr,100,49,1.0,0.0
32,26092711,ssr,100,50,1.0,0.0
32,26092711,ssr,100,51,1.0,0.0
32,26092711,ssr,100,52,0.0,0.125
32,26092711,ssr,100,53,1.0,0.25
32,26092711,ssr,100,54,1.0,0.5
32,26092711,ssr,100,55,1.0,0.0
32,26092711,ssr,100,56,1.0,1.0
32,26092711,ssr,100,57,1.0,0.2
32,26092711,ssr,100,58,1.0,0.0
32,26092711,ssr,100,59,0.0,0.0
32,26092711,ssr,100,60,1.0,0.16666666666666666
32,26092711,ssr,100,61,0.0,0.14285714285714285
32,26092711,ssr,100,62,1.0,0.0
32,26092711,ssr,100,63,1.0,0.16666666666666666
32,26092711,ssr,100,64,1.0,0.0
32,26092711,ssr,100,65,1.0,0.09090909090909091
32,26092711,ssr,100,66,1.0,0.3333333333333333
32,26092711,ssr,100,67,1.0,0.5
32,26092711,ssr,100,68,1.0,0.0
32,26092711,ssr,100,69,1.0,0.1111111111111111
32,26092711,ssr,100,70,1.0,0.3333333333333333
32,26092711,ssr,100,71,1.0,0.125
32,26092711,ssr,100,72,1.0,0.3333333333333333
32,26092711,ssr,100,73,1.0,0.6666666666666666
32,26092711,ssr,100,74,1.0,1.0
32,26092711,ssr,100,75,1.0,0.25
32,26092711,ssr,100,76,1.0,1.0
32,26092711,ssr,100,77,1.0,0.0
32,26092711,ssr,100,78,1.0,0.0
32,26092711,ssr,100,79,1.0,0.0
32,26092711,ssr,100,80,1.0,0.14285714285714285
32,26092711,ssr,100,81,1.0,0.0
32,26092711,ssr,100,82,1.0,0.5
32,26092711,ssr,100,83,0.0,0.14285714285714285
32,26092711,ssr,100,84,1.0,1.0
32,26092711,ssr,100,85,1.0,0.25
32,26092711,ssr,100,86,0.0,0.0
32,26092711,ssr,100,87,1.0,0.0
32,26092711,ssr,100,88,1.0,0.5
32,26092711,ssr,100,89,1.0,0.3333333333333333
32,26092711,ssr,100,90,1.0,0.0
32,26092711,ssr,100,91,1.0,0.0
32,26092711,ssr,100,92,1.0,0.0
32,26092711,ssr,100,93,1.0,0.14285714285714285
32,26092711,ssr,100,94,1.0,0.0
32,26092711,ssr,100,95,1.0,0.6666666666666666
32,26092711,ssr,100,96,0.0,0.0
32,26092711,ssr,100,97,1.0,0.0
32,26092711,ssr,100,98,1.0,0.14285714285714285
32,26092711,ssr,100,99,1.0,0.5
32,26092712,plain,1,0,1.0,0.125
32,26092712,plain,2,0,1.0,0.125
32,26092712,plain,2,1,1.0,0.125
32,26092712,plain,5,0,1.0,0.25
32,26092712,plain,5,1,1.0,0.25
32,26092712,plain,5,2,1.0,0.25
32,26092712,plain,5,3,1.0,0.3333333333333333
32,26092712,plain,5,4,1.0,0.2
32,26092712,plain,10,0,1.0,0.125
32,26092712,plain,10,1,1.0,0.125
32,26092712,plain,10,2,1.0,0.25
32,26092712,plain,10,3,1.0,0.16666666666666666
32,26092712,plain,10,4,1.0,0.2
32,26092712,plain,10,5,1.0,0.3333333333333333
32,26092712,plain,10,6,1.0,0.5
32,26092712,plain,10,7,1.0,0.0
32,26092712,plain,10,8,1.0,0.5
32,26092712,plain,10,9,1.0,0.0
32,26092712,plain,25,0,1.0,0.0
32,26092712,plain,25,1,1.0,0.125
32,26092712,plain,25,2,1.0,0.0
32,26092712,plain,25,3,1.0,0.16666666666666666
32,26092712,plain,25,4,1.0,0.2
32,26092712,plain,25,5,1.0,0.0
32,26092712,plain,25,6,1.0,0.5
32,26092712,plain,25,7,1.0,0.0
32,26092712,plain,25,8,1.0,0.5
32,26092712,plain,25,9,1.0,0.0
32,26092712,plain,25,10,1.0,0.16666666666666666
32,26092712,plain,25,11,1.0,0.125
32,26092712,plain,25,12,1.0,0.2222222222222222
32,26092712,plain,25,13,1.0,0.0
32,26092712,plain,25,14,1.0,0.25
32,26092712,plain,25,15,1.0,0.3333333333333333
32,26092712,plain,25,16,1.0,0.0
32,26092712,plain,25,17,1.0,0.3333333333333333
32,26092712,plain,25,18,1.0,0.16666666666666666
32,26092712,plain,25,19,1.0,0.0
32,26092712,plain,25,20,1.0,0.0
32,26092712,plain,25,21,1.0,0.75
32,26092712,plain,25,22,1.0,0.0
32,26092712,plain,25,23,1.0,0.5
32,26092712,plain,25,24,1.0,0.0
32,26092712,plain,50,0,1.0,0.125
32,26092712,plain,50,1,1.0,0.0
32,26092712,plain,50,2,1.0,0.0
32,26092712,plain,50,3,1.0,0.16666666666666666
32,26092712,plain,50,4,1.0,0.0
32,26092712,plain,50,5,1.0,0.0
32,26092712,plain,50,6,1.0,0.0
32,26092712,plain,50,7,1.0,0.0
32,26092712,plain,50,8,1.0,0.0
32,26092712,plain,50,9,1.0,0.0
32,26092712,plain,50,10,1.0,0.0
32,26092712,plain,50,11,1.0,0.125
32,26092712,plain,50,12,1.0,0.1111111111111111
32,26092712,plain,50,13,1.0,0.0
32,26092712,plain,50,14,1.0,0.0
32,26092712,plain,50,15,1.0,0.3333333333333333
32,26092712,plain,50,16,1.0,0.0
32,26092712,plain,50,17,1.0,0.0
32,26092712,plain,50,18,1.0,0.16666666666666666
32,26092712,plain,50,19,1.0,0.1111111111111111
32,26092712,plain,50,20,1.0,0.0
32,26092712,plain,50,21,1.0,0.25
32,26092712,plain,50,22,1.0,0.0
32,26092712,plain,50,23,1.0,0.0
32,26092712,plain,50,24,1.0,0.0
32,26092712,plain,50,25,1.0,0.0
32,26092712,plain,50,26,1.0,0.0
32,26092712,plain,50,27,1.0,0.0
32,26092712,plain,50,28,1.0,0.0
32,26092712,plain,50,29,1.0,0.0
32,26092712,plain,50,30,1.0,0.0
32,26092712,plain,50,31,1.0,0.0
32,26092712,plain,50,32,1.0,1.0
32,26092712,plain,50,33,1.0,0.125
32,26092712,plain,50,34,1.0,0.0
32,26092712,plain,50,35,1.0,0.3333333333333333
32,26092712,plain,50,36,1.0,0.0
32,26092712,plain,50,37,1.0,1.0
32,26092712,plain,50,38,1.0,0.0
32,26092712,plain,50,39,1.0,0.0
32,26092712,plain,50,40,1.0,0.0
32,26092712,plain,50,41,1.0,0.0
32,26092712,plain,50,42,1.0,1.0
32,26092712,plain,50,43,1.0,0.2
32,26092712,plain,50,44,1.0,0.0
32,26092712,plain,50,45,1.0,0.4
32,26092712,plain,50,46,1.0,0.0
32,26092712,plain,50,47,1.0,0.0
32,26092712,plain,50,48,1.0,0.0
32,26092712,plain,50,49,1.0,0.25
32,26092712,plain,100,0,1.0,0.25
32,26092712,plain,100,1,0.0,0.125
32,26092712,plain,100,2,0.0,0.0
32,26092712,plain,100,3,1.0,0.16666666666666666
32,26092712,plain,100,4,0.0,0.0
32,26092712,plain,100,5,0.0,0.3333333333333333
32,26092712,plain,100,6,1.0,0.0
32,26092712,plain,100,7,0.0,0.0
32,26092712,plain,100,8,1.0,0.0
32,26092712,plain,100,9,1.0,0.0
32,26092712,plain,100,10,0.0,0.0
32,26092712,plain,100,11,1.0,0.0
32,26092712,plain,100,12,1.0,0.2222222222222222
32,26092712,plain,100,13,1.0,0.0
32,26092712,plain,100,14,0.0,0.0
32,26092712,plain,100,15,1.0,0.3333333333333333
32,26092712,plain,100,16,1.0,0.0
32,26092712,plain,100,17,1.0,0.0
32,26092712,plain,100,18,1.0,0.16666666666666666
32,26092712,plain,100,19,1.0,0.1111111111111111
32,26092712,plain,100,20,0.0,0.0
32,26092712,plain,100,21,1.0,0.5
32,26092712,plain,100,22,1.0,1.0
32,26092712,plain,100,23,0.0,0.0
32,26092712,plain,100,24,1.0,0.0
32,26092712,plain,100,25,1.0,0.0
32,26092712,plain,100,26,1.0,1.0
32,26092712,plain,100,27,1.0,0.0
32,26092712,plain,100,28,1.0,0.0
32,26092712,plain,100,29,0.0,0.0
32,26092712,plain,100,30,1.0,0.0
32,26092712,plain,100,31,1.0,0.0
32,26092712,plain,100,32,1.0,1.0
32,26092712,plain,100,33,1.0,0.125
32,26092712,plain,100,34,1.0,0.0
32,26092712,plain,100,35,1.0,0.0
32,26092712,plain,100,36,1.0,0.0
32,26092712,plain,100,37,1.0,1.0
32,26092712,plain,100,38,1.0,0.0
32,26092712,plain,100,39,1.0,0.0
32,26092712,plain,100,40,0.0,0.0
32,26092712,plain,100,41,1.0,0.0
32,26092712,plain,100,42,0.0,0.0
32,26092712,plain,100,43,0.0,0.0
32,26092712,plain,100,44,1.0,0.0
32,26092712,plain,100,45,0.0,0.2
32,26092712,plain,100,46,1.0,0.0
32,26092712,plain,100,47,1.0,0.14285714285714285
32,26092712,plain,100,48,0.0,0.0
32,26092712,plain,100,49,0.0,0.0
32,26092712,plain,100,50,1.0,0.0
32,26092712,plain,100,51,1.0,0.0
32,26092712,plain,100,52,1.0,0.0
32,26092712,plain,100,53,1.0,0.0
32,26092712,plain,100,54,1.0,0.2
32,26092712,plain,100,55,0.0,0.0
32,26092712,plain,100,56,1.0,0.0
32,26092712,plain,100,57,1.0,0.0
32,26092712,plain,100,58,1.0,0.0
32,26092712,plain,100,59,0.0,0.0
32,26092712,plain,100,60,1.0,0.0
32,26092712,plain,100,61,0.0,0.0
32,26092712,plain,100,62,0.0,0.0
32,26092712,plain,100,63,1.0,0.14285714285714285
32,26092712,plain,100,64,1.0,0.0
32,26092712,plain,100,65,1.0,0.0
32,26092712,plain,100,66,1.0,0.0
32,26092712,plain,100,67,1.0,0.0
32,26092712,plain,100,68,1.0,0.0
32,26092712,plain,100,69,1.0,0.0
32,26092712,plain,100,70,1.0,0.0
32,26092712,plain,100,71,0.0,0.0
32,26092712,plain,100,72,1.0,0.0
32,26092712,plain,100,73,1.0,0.0
32,26092712,plain,100,74,1.0,0.0
32,26092712,plain,100,75,1.0,0.0
32,26092712,plain,100,76,1.0,0.5
32,26092712,plain,100,77,0.0,0.0
32,26092712,plain,100,78,1.0,0.0
32,26092712,plain,100,79,1.0,0.0
32,26092712,plain,100,80,0.0,0.0
32,26092712,plain,100,81,1.0,0.0
32,26092712,plain,100,82,1.0,0.2
32,26092712,plain,100,83,1.0,0.0
32,26092712,plain,100,84,1.0,0.25
32,26092712,plain,100,85,1.0,0.6666666666666666
32,26092712,plain,100,86,1.0,0.0
32,26092712,plain,100,87,1.0,0.0
32,26092712,plain,100,88,0.0,0.0
32,26092712,plain,100,89,1.0,0.0
32,26092712,plain,100,90,0.0,0.0
32,26092712,plain,100,91,1.0,0.0
32,26092712,plain,100,92,1.0,0.0
32,26092712,plain,100,93,0.0,0.0
32,26092712,plain,100,94,1.0,0.0
32,26092712,plain,100,95,1.0,0.0
32,26092712,plain,100,96,0.0,0.0
32,26092712,plain,100,97,1.0,0.0
32,26092712,plain,100,98,1.0,0.0
32,26092712,plain,100,99,1.0,0.0
32,26092712,ssr,1,0,1.0,0.125
32,26092712,ssr,2,0,1.0,0.125
32,26092712,ssr,2,1,1.0,0.125
32,26092712,ssr,5,0,1.0,0.125
32,26092712,ssr,5,1,1.0,0.125
32,26092712,ssr,5,2,1.0,0.25
32,26092712,ssr,5,3,1.0,0.16666666666666666
32,26092712,ssr,5,4,1.0,0.2
32,26092712,ssr,10,0,1.0,0.125
32,26092712,ssr,10,1,1.0,0.125
32,26092712,ssr,10,2,1.0,0.25
32,26092712,ssr,10,3,1.0,0.16666666666666666
32,26092712,ssr,10,4,1.0,0.2
32,26092712,ssr,10,5,1.0,0.0
32,26092712,ssr,10,6,1.0,0.5
32,26092712,ssr,10,7,1.0,0.0
32,26092712,ssr,10,8,1.0,0.0
32,26092712,ssr,10,9,1.0,0.0
32,26092712,ssr,25,0,1.0,0.125
32,26092712,ssr,25,1,1.0,0.125
32,26092712,ssr,25,2,1.0,0.5
32,26092712,ssr,25,3,1.0,0.16666666666666666
32,26092712,ssr,25,4,1.0,0.4
32,26092712,ssr,25,5,1.0,0.0
32,26092712,ssr,25,6,1.0,1.0
32,26092712,ssr,25,7,1.0,1.0
32,26092712,ssr,25,8,1.0,0.0
32,26092712,ssr,25,9,1.0,0.0
32,26092712,ssr,25,10,1.0,0.16666666666666666
32,26092712,ssr,25,11,1.0,0.125
32,26092712,ssr,25,12,1.0,0.3333333333333333
32,26092712,ssr,25,13,1.0,0.0
32,26092712,ssr,25,14,1.0,0.0
32,26092712,ssr,25,15,1.0,0.3333333333333333
32,26092712,ssr,25,16,1.0,0.0
32,26092712,ssr,25,17,1.0,0.6666666666666666
32,26092712,ssr,25,18,1.0,0.16666666666666666
32,26092712,ssr,25,19,1.0,0.2222222222222222
32,26092712,ssr,25,20,1.0,0.14285714285714285
32,26092712,ssr,25,21,1.0,0.5
32,26092712,ssr,25,22,1.0,0.0
32,26092712,ssr,25,23,1.0,1.0
32,26092712,ssr,25,24,1.0,0.2
32,26092712,ssr,50,0,1.0,0.125
32,26092712,ssr,50,1,1.0,0.25
32,26092712,ssr,50,2,1.0,0.25
32,26092712,ssr,50,3,1.0,0.3333333333333333
32,26092712,ssr,50,4,1.0,0.2
32,26092712,ssr,50,5,1.0,0.0
32,26092712,ssr,50,6,1.0,0.5
32,26092712,ssr,50,7,0.0,0.0
32,26092712,ssr,50,8,1.0,0.5
32,26092712,ssr,50,9,1.0,0.0
32,26092712,ssr,50,10,1.0,0.16666666666666666
32,26092712,ssr,50,11,1.0,0.125
32,26092712,ssr,50,12,1.0,0.1111111111111111
32,26092712,ssr,50,13,1.0,0.0
32,26092712,ssr,50,14,1.0,0.25
32,26092712,ssr,50,15,1.0,0.3333333333333333
32,26092712,ssr,50,16,1.0,0.0
32,26092712,ssr,50,17,1.0,0.0
32,26092712,ssr,50,18,1.0,0.3333333333333333
32,26092712,ssr,50,19,1.0,0.1111111111111111
32,26092712,ssr,50,20,1.0,0.14285714285714285
32,26092712,ssr,50,21,1.0,0.75
32,26092712,ssr,50,22,1.0,1.0
32,26092712,ssr,50,23,1.0,1.0
32,26092712,ssr,50,24,1.0,0.1
32,26092712,ssr,50,25,1.0,0.0
32,26092712,ssr,50,26,1.0,0.0
32,26092712,ssr,50,27,1.0,0.0
32,26092712,ssr,50,28,1.0,1.0
32,26092712,ssr,50,29,1.0,0.0
32,26092712,ssr,50,30,1.0,0.0
32,26092712,ssr,50,31,1.0,0.3333333333333333
32,26092712,ssr,50,32,1.0,0.0
32,26092712,ssr,50,33,1.0,0.25
32,26092712,ssr,50,34,1.0,0.14285714285714285
32,26092712,ssr,50,35,1.0,0.3333333333333333
32,26092712,ssr,50,36,1.0,0.0
32,26092712,ssr,50,37,1.0,1.0
32,26092712,ssr,50,38,1.0,0.0
32,26092712,ssr,50,39,1.0,0.25
32,26092712,ssr,50,40,1.0,0.0
32,26092712,ssr,50,41,1.0,0.0
32,26092712,ssr,50,42,1.0,1.0
32,26092712,ssr,50,43,1.0,0.2
32,26092712,ssr,50,44,1.0,0.0
32,26092712,ssr,50,45,1.0,0.4
32,26092712,ssr,50,46,1.0,0.16666666666666666
32,26092712,ssr,50,47,1.0,0.2857142857142857
32,26092712,ssr,50,48,1.0,0.0
32,26092712,ssr,50,49,1.0,0.0
32,26092712,ssr,100,0,1.0,0.125
32,26092712,ssr,100,1,1.0,0.125
32,26092712,ssr,100,2,0.0,0.0
32,26092712,ssr,100,3,1.0,0.16666666666666666
32,26092712,ssr,100,4,1.0,0.2
32,26092712,ssr,100,5,1.0,0.3333333333333333
32,26092712,ssr,100,6,1.0,0.5
32,26092712,ssr,100,7,0.0,0.0
32,26092712,ssr,100,8,0.0,0.0
32,26092712,ssr,100,9,1.0,0.0
32,26092712,ssr,100,10,1.0,0.0
32,26092712,ssr,100,11,1.0,0.125
32,26092712,ssr,100,12,1.0,0.2222222222222222
32,26092712,ssr,100,13,1.0,0.0
32,26092712,ssr,100,14,1.0,0.0
32,26092712,ssr,100,15,1.0,0.0
32,26092712,ssr,100,16,1.0,0.0
32,26092712,ssr,100,17,1.0,0.3333333333333333
32,26092712,ssr,100,18,1.0,0.16666666666666666
32,26092712,ssr,100,19,1.0,0.0
32,26092712,ssr,100,20,1.0,0.2857142857142857
32,26092712,ssr,100,21,1.0,0.5
32,26092712,ssr,100,22,1.0,0.0
32,26092712,ssr,100,23,0.0,0.5
32,26092712,ssr,100,24,1.0,0.0
32,26092712,ssr,100,25,1.0,0.0
32,26092712,ssr,100,26,1.0,0.0
32,26092712,ssr,100,27,1.0,0.0
32,26092712,ssr,100,28,1.0,0.0
32,26092712,ssr,100,29,1.0,0.0
32,26092712,ssr,100,30,0.0,0.0
32,26092712,ssr,100,31,1.0,0.0
32,26092712,ssr,100,32,1.0,1.0
32,26092712,ssr,100,33,1.0,0.125
32,26092712,ssr,100,34,1.0,0.14285714285714285
32,26092712,ssr,100,35,1.0,0.0
32,26092712,ssr,100,36,1.0,0.0
32,26092712,ssr,100,37,1.0,1.0
32,26092712,ssr,100,38,1.0,0.0
32,26092712,ssr,100,39,1.0,0.0
32,26092712,ssr,100,40,0.0,0.0
32,26092712,ssr,100,41,1.0,0.0
32,26092712,ssr,100,42,1.0,1.0
32,26092712,ssr,100,43,1.0,0.0
32,26092712,ssr,100,44,1.0,0.0
32,26092712,ssr,100,45,1.0,0.2
32,26092712,ssr,100,46,1.0,0.0
32,26092712,ssr,100,47,1.0,0.14285714285714285
32,26092712,ssr,100,48,0.0,0.0
32,26092712,ssr,100,49,1.0,0.0
32,26092712,ssr,100,50,1.0,0.0
32,26092712,ssr,100,51,1.0,0.0
32,26092712,ssr,100,52,1.0,0.1
32,26092712,ssr,100,53,1.0,0.0
32,26092712,ssr,100,54,1.0,0.2
32,26092712,ssr,100,55,1.0,0.2
32,26092712,ssr,100,56,1.0,0.2
32,26092712,ssr,100,57,1.0,0.0
32,26092712,ssr,100,58,1.0,0.0
32,26092712,ssr,100,59,1.0,0.25
32,26092712,ssr,100,60,1.0,0.0
32,26092712,ssr,100,61,1.0,0.125
32,26092712,ssr,100,62,0.0,0.0
32,26092712,ssr,100,63,1.0,0.14285714285714285
32,26092712,ssr,100,64,1.0,0.3333333333333333
32,26092712,ssr,100,65,1.0,0.0
32,26092712,ssr,100,66,1.0,0.2
32,26092712,ssr,100,67,1.0,0.0
32,26092712,ssr,100,68,1.0,0.16666666666666666
32,26092712,ssr,100,69,1.0,0.0
32,26092712,ssr,100,70,1.0,1.0
32,26092712,ssr,100,71,1.0,0.5
32,26092712,ssr,100,72,1.0,0.25
32,26092712,ssr,100,73,1.0,0.0
32,26092712,ssr,100,74,1.0,0.0
32,26092712,ssr,100,75,1.0,0.125
32,26092712,ssr,100,76,1.0,0.0
32,26092712,ssr,100,77,1.0,0.25
32,26092712,ssr,100,78,1.0,0.16666666666666666
32,26092712,ssr,100,79,1.0,0.2
32,26092712,ssr,100,80,1.0,1.0
32,26092712,ssr,100,81,1.0,0.0
32,26092712,ssr,100,82,1.0,0.0
32,26092712,ssr,100,83,1.0,0.5
32,26092712,ssr,100,84,1.0,0.25
32,26092712,ssr,100,85,1.0,0.6666666666666666
32,26092712,ssr,100,86,1.0,0.2
32,26092712,ssr,100,87,1.0,0.0
32,26092712,ssr,100,88,1.0,0.0
32,26092712,ssr,100,89,1.0,0.0
32,26092712,ssr,100,90,1.0,0.0
32,26092712,ssr,100,91,1.0,0.5
32,26092712,ssr,100,92,1.0,0.5
32,26092712,ssr,100,93,0.0,0.5
32,26092712,ssr,100,94,1.0,0.16666666666666666
32,26092712,ssr,100,95,1.0,0.0
32,26092712,ssr,100,96,0.0,0.0
32,26092712,ssr,100,97,1.0,0.0
32,26092712,ssr,100,98,1.0,0.0
32,26092712,ssr,100,99,1.0,0.0
32,26092713,plain,1,0,1.0,0.25
32,26092713,plain,2,0,1.0,0.25
32,26092713,plain,2,1,1.0,0.0
32,26092713,plain,5,0,1.0,0.0
32,26092713,plain,5,1,1.0,0.0
32,26092713,plain,5,2,1.0,0.16666666666666666
32,26092713,plain,5,3,1.0,0.0
32,26092713,plain,5,4,1.0,0.5
32,26092713,plain,10,0,1.0,0.0
32,26092713,plain,10,1,1.0,0.0
32,26092713,plain,10,2,1.0,0.16666666666666666
32,26092713,plain,10,3,1.0,0.0
32,26092713,plain,10,4,1.0,0.0
32,26092713,plain,10,5,1.0,0.0
32,26092713,plain,10,6,1.0,0.25
32,26092713,plain,10,7,1.0,0.2222222222222222
32,26092713,plain,10,8,1.0,0.125
32,26092713,plain,10,9,1.0,0.0
32,26092713,plain,25,0,1.0,0.0
32,26092713,plain,25,1,1.0,0.0
32,26092713,plain,25,2,1.0,0.0
32,26092713,plain,25,3,1.0,0.0
32,26092713,plain,25,4,1.0,0.0
32,26092713,plain,25,5,1.0,0.0
32,26092713,plain,25,6,1.0,0.25
32,26092713,plain,25,7,1.0,0.1111111111111111
32,26092713,plain,25,8,1.0,0.125
32,26092713,plain,25,9,1.0,0.0
32,26092713,plain,25,10,1.0,0.0
32,26092713,plain,25,11,1.0,0.0
32,26092713,plain,25,12,1.0,0.0
32,26092713,plain,25,13,1.0,0.0
32,26092713,plain,25,14,1.0,0.0
32,26092713,plain,25,15,1.0,0.14285714285714285
32,26092713,plain,25,16,1.0,0.14285714285714285
32,26092713,plain,25,17,1.0,0.0
32,26092713,plain,25,18,1.0,0.0
32,26092713,plain,25,19,1.0,0.0
32,26092713,plain,25,20,1.0,0.0
32,26092713,plain,25,21,1.0,0.0
32,26092713,plain,25,22,1.0,0.0
32,26092713,plain,25,23,1.0,0.1111111111111111
32,26092713,plain,25,24,1.0,0.0
32,26092713,plain,50,0,1.0,0.25
32,26092713,plain,50,1,0.0,0.0
32,26092713,plain,50,2,1.0,0.16666666666666666
32,26092713,plain,50,3,1.0,0.0
32,26092713,plain,50,4,1.0,0.0
32,26092713,plain,50,5,1.0,0.0
32,26092713,plain,50,6,1.0,0.5
32,26092713,plain,50,7,1.0,0.2222222222222222
32,26092713,plain,50,8,1.0,0.125
32,26092713,plain,50,9,1.0,0.0
32,26092713,plain,50,10,1.0,0.0
32,26092713,plain,50,11,1.0,0.0
32,26092713,plain,50,12,1.0,0.0
32,26092713,plain,50,13,1.0,0.0
32,26092713,plain,50,14,1.0,0.0
32,26092713,plain,50,15,1.0,0.0
32,26092713,plain,50,16,1.0,0.14285714285714285
32,26092713,plain,50,17,1.0,0.0
32,26092713,plain,50,18,1.0,0.0
32,26092713,plain,50,19,1.0,0.0
32,26092713,plain,50,20,1.0,0.0
32,26092713,plain,50,21,1.0,0.0
32,26092713,plain,50,22,1.0,0.0
32,26092713,plain,50,23,1.0,0.0
32,26092713,plain,50,24,1.0,0.125
32,26092713,plain,50,25,1.0,0.0
32,26092713,plain,50,26,1.0,1.0
32,26092713,plain,50,27,1.0,0.0
32,26092713,plain,50,28,1.0,0.0
32,26092713,plain,50,29,1.0,1.0
32,26092713,plain,50,30,1.0,0.0
32,26092713,plain,50,31,1.0,0.0
32,26092713,plain,50,32,1.0,0.0
32,26092713,plain,50,33,1.0,0.3333333333333333
32,26092713,plain,50,34,1.0,0.0
32,26092713,plain,50,35,1.0,0.25
32,26092713,plain,50,36,1.0,0.2222222222222222
32,26092713,plain,50,37,1.0,0.3333333333333333
32,26092713,plain,50,38,1.0,0.14285714285714285
32,26092713,plain,50,39,1.0,0.2
32,26092713,plain,50,40,1.0,0.0
32,26092713,plain,50,41,1.0,0.125
32,26092713,plain,50,42,1.0,0.25
32,26092713,plain,50,43,1.0,0.0
32,26092713,plain,50,44,0.0,0.0
32,26092713,plain,50,45,1.0,0.0
32,26092713,plain,50,46,1.0,0.0
32,26092713,plain,50,47,1.0,0.0
32,26092713,plain,50,48,1.0,0.0
32,26092713,plain,50,49,1.0,0.0
32,26092713,plain,100,0,1.0,0.25
32,26092713,plain,100,1,0.0,0.0
32,26092713,plain,100,2,0.0,0.0
32,26092713,plain,100,3,1.0,0.0
32,26092713,plain,100,4,0.0,0.0
32,26092713,plain,100,5,0.0,0.0
32,26092713,plain,100,6,1.0,0.0
32,26092713,plain,100,7,1.0,0.2222222222222222
32,26092713,plain,100,8,1.0,0.0
32,26092713,plain,100,9,1.0,0.0
32,26092713,plain,100,10,0.0,0.0
32,26092713,plain,100,11,0.0,0.0
32,26092713,plain,100,12,0.0,0.0
32,26092713,plain,100,13,1.0,0.0
32,26092713,plain,100,14,0.0,0.0
32,26092713,plain,100,15,1.0,0.14285714285714285
32,26092713,plain,100,16,1.0,0.0
32,26092713,plain,100,17,1.0,0.0
32,26092713,plain,100,18,0.0,0.0
32,26092713,plain,100,19,1.0,0.0
32,26092713,plain,100,20,0.0,0.0
32,26092713,plain,100,21,1.0,0.0
32,26092713,plain,100,22,1.0,0.0
32,26092713,plain,100,23,1.0,0.0
32,26092713,plain,100,24,1.0,0.0
32,26092713,plain,100,25,1.0,0.0
32,26092713,plain,100,26,0.0,0.0
32,26092713,plain,100,27,1.0,0.0
32,26092713,plain,100,28,1.0,0.5
32,26092713,plain,100,29,1.0,0.0
32,26092713,plain,100,30,0.0,0.0
32,26092713,plain,100,31,1.0,0.0
32,26092713,plain,100,32,1.0,0.0
32,26092713,plain,100,33,1.0,0.0
32,26092713,plain,100,34,1.0,0.0
32,26092713,plain,100,35,1.0,0.0
32,26092713,plain,100,36,0.0,0.0
32,26092713,plain,100,37,1.0,0.3333333333333333
32,26092713,plain,100,38,1.0,0.0
32,26092713,plain,100,39,1.0,0.0
32,26092713,plain,100,40,1.0,0.0
32,26092713,plain,100,41,1.0,0.0
32,26092713,plain,100,42,1.0,0.0
32,26092713,plain,100,43,1.0,0.0
32,26092713,plain,100,44,1.0,0.0
32,26092713,plain,100,45,1.0,0.0
32,26092713,plain,100,46,0.0,0.0
32,26092713,plain,100,47,1.0,0.0
32,26092713,plain,100,48,0.0,0.0
32,26092713,plain,100,49,1.0,0.0
32,26092713,plain,100,50,1.0,0.0
32,26092713,plain,100,51,1.0,0.16666666666666666
32,26092713,plain,100,52,1.0,0.0
32,26092713,plain,100,53,0.0,0.0
32,26092713,plain,100,54,1.0,0.5
32,26092713,plain,100,55,1.0,0.0
32,26092713,plain,100,56,1.0,0.0
32,26092713,plain,100,57,1.0,0.3333333333333333
32,26092713,plain,100,58,1.0,0.0
32,26092713,plain,100,59,1.0,0.0
32,26092713,plain,100,60,1.0,0.0
32,26092713,plain,100,61,1.0,0.0
32,26092713,plain,100,62,1.0,0.0
32,26092713,plain,100,63,1.0,0.0
32,26092713,plain,100,64,1.0,0.25
32,26092713,plain,100,65,1.0,0.0
32,26092713,plain,100,66,1.0,0.0
32,26092713,plain,100,67,1.0,0.0
32,26092713,plain,100,68,0.0,0.2
32,26092713,plain,100,69,0.0,0.0
32,26092713,plain,100,70,1.0,0.0
32,26092713,plain,100,71,1.0,0.0
32,26092713,plain,100,72,1.0,0.0
32,26092713,plain,100,73,1.0,0.0
32,26092713,plain,100,74,1.0,0.0
32,26092713,plain,100,75,0.0,0.0
32,26092713,plain,100,76,1.0,0.0
32,26092713,plain,100,77,1.0,0.0
32,26092713,plain,100,78,1.0,0.0
32,26092713,plain,100,79,1.0,0.0
32,26092713,plain,100,80,1.0,0.0
32,26092713,plain,100,81,1.0,0.0
32,26092713,plain,100,82,1.0,0.0
32,26092713,plain,100,83,1.0,0.0
32,26092713,plain,100,84,1.0,0.0
32,26092713,plain,100,85,1.0,0.0
32,26092713,plain,100,86,0.0,0.0
32,26092713,plain,100,87,1.0,0.0
32,26092713,plain,100,88,1.0,0.0
32,26092713,plain,100,89,1.0,0.0
32,26092713,plain,100,90,0.0,0.0
32,26092713,plain,100,91,0.0,0.0
32,26092713,plain,100,92,1.0,0.0
32,26092713,plain,100,93,0.0,0.0
32,26092713,plain,100,94,1.0,0.0
32,26092713,plain,100,95,1.0,0.0
32,26092713,plain,100,96,1.0,0.0
32,26092713,plain,100,97,1.0,0.0
32,26092713,plain,100,98,1.0,0.0
32,26092713,plain,100,99,1.0,0.0
32,26092713,ssr,1,0,1.0,0.25
32,26092713,ssr,2,0,1.0,0.25
32,26092713,ssr,2,1,1.0,0.0
32,26092713,ssr,5,0,1.0,0.25
32,26092713,ssr,5,1,1.0,1.0
32,26092713,ssr,5,2,1.0,0.16666666666666666
32,26092713,ssr,5,3,1.0,0.25
32,26092713,ssr,5,4,1.0,0.0
32,26092713,ssr,10,0,1.0,0.0
32,26092713,ssr,10,1,1.0,0.0
32,26092713,ssr,10,2,1.0,0.16666666666666666
32,26092713,ssr,10,3,1.0,0.0
32,26092713,ssr,10,4,1.0,0.0
32,26092713,ssr,10,5,1.0,0.0
32,26092713,ssr,10,6,1.0,0.5
32,26092713,ssr,10,7,1.0,0.2222222222222222
32,26092713,ssr,10,8,1.0,0.125
32,26092713,ssr,10,9,1.0,0.0
32,26092713,ssr,25,0,1.0,0.0
32,26092713,ssr,25,1,1.0,0.0
32,26092713,ssr,25,2,1.0,0.0
32,26092713,ssr,25,3,1.0,0.0
32,26092713,ssr,25,4,1.0,0.0
32,26092713,ssr,25,5,1.0,0.0
32,26092713,ssr,25,6,1.0,0.5
32,26092713,ssr,25,7,1.0,0.2222222222222222
32,26092713,ssr,25,8,1.0,0.125
32,26092713,ssr,25,9,1.0,0.0
32,26092713,ssr,25,10,1.0,0.5
32,26092713,ssr,25,11,1.0,0.0
32,26092713,ssr,25,12,1.0,0.0
32,26092713,ssr,25,13,1.0,0.0
32,26092713,ssr,25,14,1.0,0.5
32,26092713,ssr,25,15,1.0,0.14285714285714285
32,26092713,ssr,25,16,1.0,0.0
32,26092713,ssr,25,17,1.0,0.0
32,26092713,ssr,25,18,1.0,0.0
32,26092713,ssr,25,19,1.0,0.0
32,26092713,ssr,25,20,1.0,0.0
32,26092713,ssr,25,21,1.0,0.0
32,26092713,ssr,25,22,1.0,0.5
32,26092713,ssr,25,23,1.0,0.1111111111111111
32,26092713,ssr,25,24,1.0,0.125
32,26092713,ssr,50,0,1.0,0.0
32,26092713,ssr,50,1,0.0,0.0
32,26092713,ssr,50,2,1.0,0.0
32,26092713,ssr,50,3,1.0,0.0
32,26092713,ssr,50,4,0.0,0.0
32,26092713,ssr,50,5,1.0,0.0
32,26092713,ssr,50,6,1.0,0.25
32,26092713,ssr,50,7,1.0,0.3333333333333333
32,26092713,ssr,50,8,1.0,0.125
32,26092713,ssr,50,9,1.0,0.0
32,26092713,ssr,50,10,0.0,0.0
32,26092713,ssr,50,11,1.0,0.0
32,26092713,ssr,50,12,1.0,1.0
32,26092713,ssr,50,13,1.0,0.0
32,26092713,ssr,50,14,1.0,0.0
32,26092713,ssr,50,15,1.0,0.2857142857142857
32,26092713,ssr,50,16,1.0,0.0
32,26092713,ssr,50,17,1.0,0.0
32,26092713,ssr,50,18,1.0,0.0
32,26092713,ssr,50,19,1.0,0.0
32,26092713,ssr,50,20,1.0,0.0
32,26092713,ssr,50,21,1.0,0.0
32,26092713,ssr,50,22,1.0,0.5
32,26092713,ssr,50,23,1.0,0.1111111111111111
32,26092713,ssr,50,24,1.0,0.125
32,26092713,ssr,50,25,1.0,0.0
32,26092713,ssr,50,26,1.0,0.0
32,26092713,ssr,50,27,1.0,0.0
32,26092713,ssr,50,28,1.0,0.0
32,26092713,ssr,50,29,1.0,1.0
32,26092713,ssr,50,30,1.0,0.0
32,26092713,ssr,50,31,1.0,0.0
32,26092713,ssr,50,32,1.0,0.0
32,26092713,ssr,50,33,1.0,0.3333333333333333
32,26092713,ssr,50,34,1.0,0.0
32,26092713,ssr,50,35,1.0,0.25
32,26092713,ssr,50,36,1.0,0.1111111111111111
32,26092713,ssr,50,37,1.0,0.3333333333333333
32,26092713,ssr,50,38,1.0,0.14285714285714285
32,26092713,ssr,50,39,1.0,0.2
32,26092713,ssr,50,40,1.0,0.0
32,26092713,ssr,50,41,1.0,0.125
32,26092713,ssr,50,42,1.0,0.25
32,26092713,ssr,50,43,1.0,0.0
32,26092713,ssr,50,44,0.0,0.0
32,26092713,ssr,50,45,1.0,0.0
32,26092713,ssr,50,46,1.0,0.0
32,26092713,ssr,50,47,1.0,0.0
32,26092713,ssr,50,48,1.0,0.0
32,26092713,ssr,50,49,1.0,0.14285714285714285
32,26092713,ssr,100,0,1.0,0.25
32,26092713,ssr,100,1,0.0,0.0
32,26092713,ssr,100,2,0.0,0.0
32,26092713,ssr,100,3,1.0,0.0
32,26092713,ssr,100,4,0.0,0.0
32,26092713,ssr,100,5,0.0,0.0
32,26092713,ssr,100,6,1.0,0.75
32,26092713,ssr,100,7,0.0,0.1111111111111111
32,26092713,ssr,100,8,1.0,0.125
32,26092713,ssr,100,9,0.0,0.0
32,26092713,ssr,100,10,0.0,0.5
32,26092713,ssr,100,11,0.0,0.0
32,26092713,ssr,100,12,1.0,0.0
32,26092713,ssr,100,13,1.0,0.25
32,26092713,ssr,100,14,0.0,0.0
32,26092713,ssr,100,15,0.0,0.14285714285714285
32,26092713,ssr,100,16,1.0,0.0
32,26092713,ssr,100,17,1.0,0.0
32,26092713,ssr,100,18,1.0,0.0
32,26092713,ssr,100,19,1.0,0.0
32,26092713,ssr,100,20,1.0,0.0
32,26092713,ssr,100,21,1.0,0.0
32,26092713,ssr,100,22,1.0,0.5
32,26092713,ssr,100,23,1.0,0.1111111111111111
32,26092713,ssr,100,24,1.0,0.125
32,26092713,ssr,100,25,1.0,0.0
32,26092713,ssr,100,26,0.0,0.0
32,26092713,ssr,100,27,1.0,0.0
32,26092713,ssr,100,28,0.0,0.0
32,26092713,ssr,100,29,1.0,1.0
32,26092713,ssr,100,30,1.0,0.0
32,26092713,ssr,100,31,1.0,0.0
32,26092713,ssr,100,32,1.0,0.0
32,26092713,ssr,100,33,1.0,0.3333333333333333
32,26092713,ssr,100,34,1.0,0.0
32,26092713,ssr,100,35,1.0,0.25
32,26092713,ssr,100,36,1.0,0.1111111111111111
32,26092713,ssr,100,37,1.0,0.3333333333333333
32,26092713,ssr,100,38,1.0,0.14285714285714285
32,26092713,ssr,100,39,1.0,0.0
32,26092713,ssr,100,40,0.0,0.0
32,26092713,ssr,100,41,1.0,0.125
32,26092713,ssr,100,42,1.0,0.25
32,26092713,ssr,100,43,0.0,0.0
32,26092713,ssr,100,44,1.0,0.0
32,26092713,ssr,100,45,1.0,0.0
32,26092713,ssr,100,46,0.0,0.0
32,26092713,ssr,100,47,1.0,0.0
32,26092713,ssr,100,48,1.0,0.0
32,26092713,ssr,100,49,1.0,0.14285714285714285
32,26092713,ssr,100,50,1.0,0.3333333333333333
32,26092713,ssr,100,51,1.0,0.16666666666666666
32,26092713,ssr,100,52,1.0,0.0
32,26092713,ssr,100,53,1.0,0.0
32,26092713,ssr,100,54,1.0,0.5
32,26092713,ssr,100,55,0.0,0.0
32,26092713,ssr,100,56,1.0,0.0
32,26092713,ssr,100,57,1.0,0.3333333333333333
32,26092713,ssr,100,58,1.0,0.0
32,26092713,ssr,100,59,1.0,0.14285714285714285
32,26092713,ssr,100,60,1.0,0.1111111111111111
32,26092713,ssr,100,61,1.0,0.0
32,26092713,ssr,100,62,1.0,0.0
32,26092713,ssr,100,63,1.0,0.0
32,26092713,ssr,100,64,1.0,0.25
32,26092713,ssr,100,65,1.0,0.0
32,26092713,ssr,100,66,1.0,0.0
32,26092713,ssr,100,67,0.0,0.3333333333333333
32,26092713,ssr,100,68,0.0,0.0
32,26092713,ssr,100,69,1.0,0.0
32,26092713,ssr,100,70,1.0,0.125
32,26092713,ssr,100,71,0.0,0.0
32,26092713,ssr,100,72,1.0,0.14285714285714285
32,26092713,ssr,100,73,1.0,0.0
32,26092713,ssr,100,74,1.0,0.0
32,26092713,ssr,100,75,1.0,0.0
32,26092713,ssr,100,76,1.0,0.16666666666666666
32,26092713,ssr,100,77,1.0,0.0
32,26092713,ssr,100,78,1.0,0.3333333333333333
32,26092713,ssr,100,79,0.0,0.0
32,26092713,ssr,100,80,1.0,0.0
32,26092713,ssr,100,81,1.0,0.0
32,26092713,ssr,100,82,0.0,0.0
32,26092713,ssr,100,83,1.0,0.0
32,26092713,ssr,100,84,1.0,0.3333333333333333
32,26092713,ssr,100,85,1.0,0.0
32,26092713,ssr,100,86,0.0,0.0
32,26092713,ssr,100,87,0.0,0.1111111111111111
32,26092713,ssr,100,88,0.0,0.0
32,26092713,ssr,100,89,1.0,0.0
32,26092713,ssr,100,90,0.0,0.0
32,26092713,ssr,100,91,1.0,0.0
32,26092713,ssr,100,92,1.0,0.0
32,26092713,ssr,100,93,1.0,0.0
32,26092713,ssr,100,94,1.0,0.0
32,26092713,ssr,100,95,1.0,0.0
32,26092713,ssr,100,96,1.0,0.0
32,26092713,ssr,100,97,1.0,0.0
32,26092713,ssr,100,98,1.0,0.125
32,26092713,ssr,100,99,1.0,0.1111111111111111
32,26092714,plain,1,0,1.0,0.2222222222222222
32,26092714,plain,2,0,1.0,0.2222222222222222
32,26092714,plain,2,1,1.0,0.0
32,26092714,plain,5,0,1.0,0.0
32,26092714,plain,5,1,1.0,0.0
32,26092714,plain,5,2,1.0,0.0
32,26092714,plain,5,3,1.0,0.3333333333333333
32,26092714,plain,5,4,1.0,0.0
32,26092714,plain,10,0,1.0,0.3333333333333333
32,26092714,plain,10,1,1.0,0.0
32,26092714,plain,10,2,1.0,0.25
32,26092714,plain,10,3,1.0,0.0
32,26092714,plain,10,4,1.0,0.3333333333333333
32,26092714,plain,10,5,1.0,0.14285714285714285
32,26092714,plain,10,6,1.0,0.16666666666666666
32,26092714,plain,10,7,1.0,0.375
32,26092714,plain,10,8,1.0,0.07692307692307693
32,26092714,plain,10,9,1.0,0.0
32,26092714,plain,25,0,1.0,0.2222222222222222
32,26092714,plain,25,1,1.0,1.0
32,26092714,plain,25,2,1.0,0.0
32,26092714,plain,25,3,1.0,0.0
32,26092714,plain,25,4,1.0,0.0
32,26092714,plain,25,5,1.0,0.14285714285714285
32,26092714,plain,25,6,1.0,0.0
32,26092714,plain,25,7,1.0,0.125
32,26092714,plain,25,8,1.0,0.0
32,26092714,plain,25,9,1.0,0.0
32,26092714,plain,25,10,1.0,0.2
32,26092714,plain,25,11,1.0,0.25
32,26092714,plain,25,12,1.0,0.3333333333333333
32,26092714,plain,25,13,1.0,0.3333333333333333
32,26092714,plain,25,14,1.0,0.0
32,26092714,plain,25,15,1.0,0.0
32,26092714,plain,25,16,1.0,0.125
32,26092714,plain,25,17,1.0,0.3333333333333333
32,26092714,plain,25,18,1.0,0.0
32,26092714,plain,25,19,1.0,0.125
32,26092714,plain,25,20,1.0,0.0
32,26092714,plain,25,21,1.0,0.2
32,26092714,plain,25,22,1.0,0.5
32,26092714,plain,25,23,1.0,0.0
32,26092714,plain,25,24,1.0,0.0
32,26092714,plain,50,0,1.0,0.0
32,26092714,plain,50,1,0.0,0.0
32,26092714,plain,50,2,1.0,0.0
32,26092714,plain,50,3,1.0,0.0
32,26092714,plain,50,4,0.0,0.0
32,26092714,plain,50,5,1.0,0.0
32,26092714,plain,50,6,1.0,0.0
32,26092714,plain,50,7,0.0,0.0
32,26092714,plain,50,8,1.0,0.0
32,26092714,plain,50,9,1.0,0.0
32,26092714,plain,50,10,0.0,0.0
32,26092714,plain,50,11,1.0,0.0
32,26092714,plain,50,12,1.0,0.0
32,26092714,plain,50,13,1.0,0.3333333333333333
32,26092714,plain,50,14,1.0,0.0
32,26092714,plain,50,15,1.0,0.0
32,26092714,plain,50,16,0.0,0.0
32,26092714,plain,50,17,1.0,0.3333333333333333
32,26092714,plain,50,18,1.0,0.0
32,26092714,plain,50,19,1.0,0.0
32,26092714,plain,50,20,1.0,0.0
32,26092714,plain,50,21,0.0,0.0
32,26092714,plain,50,22,1.0,0.0
32,26092714,plain,50,23,1.0,0.0
32,26092714,plain,50,24,0.0,0.0
32,26092714,plain,50,25,1.0,0.0
32,26092714,plain,50,26,1.0,0.0
32,26092714,plain,50,27,0.0,0.0
32,26092714,plain,50,28,1.0,0.0
32,26092714,plain,50,29,1.0,0.0
32,26092714,plain,50,30,0.0,0.0
32,26092714,plain,50,31,1.0,0.0
32,26092714,plain,50,32,0.0,0.0
32,26092714,plain,50,33,1.0,0.25
32,26092714,plain,50,34,1.0,0.25
32,26092714,plain,50,35,0.0,0.0
32,26092714,plain,50,36,1.0,0.0
32,26092714,plain,50,37,1.0,0.0
32,26092714,plain,50,38,1.0,0.0
32,26092714,plain,50,39,1.0,0.0
32,26092714,plain,50,40,1.0,0.0
32,26092714,plain,50,41,0.0,0.0
32,26092714,plain,50,42,1.0,0.2
32,26092714,plain,50,43,1.0,0.0
32,26092714,plain,50,44,0.0,0.0
32,26092714,plain,50,45,1.0,0.0
32,26092714,plain,50,46,1.0,0.0
32,26092714,plain,50,47,0.0,0.0
32,26092714,plain,50,48,1.0,0.0
32,26092714,plain,50,49,1.0,0.0
32,26092714,plain,100,0,1.0,0.0
32,26092714,plain,100,1,0.0,0.0
32,26092714,plain,100,2,0.0,0.0
32,26092714,plain,100,3,1.0,0.0
32,26092714,plain,100,4,0.0,0.0
32,26092714,plain,100,5,0.0,0.0
32,26092714,plain,100,6,1.0,0.0
32,26092714,plain,100,7,0.0,0.0
32,26092714,plain,100,8,0.0,0.0
32,26092714,plain,100,9,1.0,0.0
32,26092714,plain,100,10,0.0,0.0
32,26092714,plain,100,11,0.0,0.0
32,26092714,plain,100,12,0.0,0.0
32,26092714,plain,100,13,1.0,0.0
32,26092714,plain,100,14,0.0,0.0
32,26092714,plain,100,15,1.0,0.0
32,26092714,plain,100,16,1.0,0.0
32,26092714,plain,100,17,1.0,0.3333333333333333
32,26092714,plain,100,18,0.0,0.0
32,26092714,plain,100,19,1.0,0.0
32,26092714,plain,100,20,1.0,0.0
32,26092714,plain,100,21,0.0,0.0
32,26092714,plain,100,22,1.0,0.0
32,26092714,plain,100,23,0.0,0.0
32,26092714,plain,100,24,0.0,0.0
32,26092714,plain,100,25,1.0,0.0
32,26092714,plain,100,26,1.0,0.16666666666666666
32,26092714,plain,100,27,0.0,0.0
32,26092714,plain,100,28,1.0,0.0
32,26092714,plain,100,29,0.0,0.0
32,26092714,plain,100,30,1.0,0.0
32,26092714,plain,100,31,0.0,0.25
32,26092714,plain,100,32,1.0,0.0
32,26092714,plain,100,33,1.0,0.0
32,26092714,plain,100,34,1.0,0.25
32,26092714,plain,100,35,1.0,0.0
32,26092714,plain,100,36,0.0,0.0
32,26092714,plain,100,37,0.0,0.0
32,26092714,plain,100,38,1.0,0.14285714285714285
32,26092714,plain,100,39,0.0,0.125
32,26092714,plain,100,40,0.0,0.0
32,26092714,plain,100,41,1.0,0.0
32,26092714,plain,100,42,0.0,0.0
32,26092714,plain,100,43,0.0,0.0
32,26092714,plain,100,44,1.0,0.25
32,26092714,plain,100,45,0.0,0.0
32,26092714,plain,100,46,0.0,0.0
32,26092714,plain,100,47,1.0,0.0
32,26092714,plain,100,48,0.0,0.0
32,26092714,plain,100,49,0.0,0.0
32,26092714,plain,100,50,1.0,0.0
32,26092714,plain,100,51,1.0,0.0
32,26092714,plain,100,52,0.0,0.0
32,26092714,plain,100,53,1.0,0.0
32,26092714,plain,100,54,1.0,0.0
32,26092714,plain,100,55,0.0,0.0
32,26092714,plain,100,56,1.0,0.0
32,26092714,plain,100,57,1.0,0.0
32,26092714,plain,100,58,1.0,0.0
32,26092714,plain,100,59,0.0,0.0
32,26092714,plain,100,60,1.0,0.0
32,26092714,plain,100,61,0.0,0.0
32,26092714,plain,100,62,0.0,0.0
32,26092714,plain,100,63,1.0,0.0
32,26092714,plain,100,64,0.0,0.0
32,26092714,plain,100,65,1.0,0.0
32,26092714,plain,100,66,1.0,0.0
32,26092714,plain,100,67,1.0,0.0
32,26092714,plain,100,68,0.0,0.0
32,26092714,plain,100,69,1.0,0.0
32,26092714,plain,100,70,1.0,0.0
32,26092714,plain,100,71,1.0,0.0
32,26092714,plain,100,72,1.0,0.3333333333333333
32,26092714,plain,100,73,1.0,0.0
32,26092714,plain,100,74,1.0,0.0
32,26092714,plain,100,75,0.0,0.0
32,26092714,plain,100,76,1.0,0.0
32,26092714,plain,100,77,0.0,0.0
32,26092714,plain,100,78,1.0,0.0
32,26092714,plain,100,79,1.0,0.0
32,26092714,plain,100,80,0.0,0.0
32,26092714,plain,100,81,1.0,0.0
32,26092714,plain,100,82,1.0,0.0
32,26092714,plain,100,83,0.0,0.0
32,26092714,plain,100,84,0.0,0.0
32,26092714,plain,100,85,1.0,0.0
32,26092714,plain,100,86,0.0,0.0
32,26092714,plain,100,87,1.0,0.0
32,26092714,plain,100,88,1.0,0.0
32,26092714,plain,100,89,1.0,0.0
32,26092714,plain,100,90,1.0,0.0
32,26092714,plain,100,91,1.0,0.0
32,26092714,plain,100,92,1.0,0.16666666666666666
32,26092714,plain,100,93,0.0,0.0
32,26092714,plain,100,94,1.0,0.0
32,26092714,plain,100,95,1.0,0.0
32,26092714,plain,100,96,0.0,0.0
32,26092714,plain,100,97,0.0,0.0
32,26092714,plain,100,98,1.0,0.0
32,26092714,plain,100,99,1.0,0.0
32,26092714,ssr,1,0,1.0,0.2222222222222222
32,26092714,ssr,2,0,1.0,0.2222222222222222
32,26092714,ssr,2,1,1.0,0.0
32,26092714,ssr,5,0,1.0,0.1111111111111111
32,26092714,ssr,5,1,1.0,0.0
32,26092714,ssr,5,2,1.0,0.25
32,26092714,ssr,5,3,1.0,0.6666666666666666
32,26092714,ssr,5,4,1.0,0.3333333333333333
32,26092714,ssr,10,0,1.0,0.3333333333333333
32,26092714,ssr,10,1,1.0,1.0
32,26092714,ssr,10,2,1.0,0.0
32,26092714,ssr,10,3,1.0,0.6666666666666666
32,26092714,ssr,10,4,1.0,0.3333333333333333
32,26092714,ssr,10,5,1.0,0.2857142857142857
32,26092714,ssr,10,6,1.0,0.16666666666666666
32,26092714,ssr,10,7,1.0,0.25
32,26092714,ssr,10,8,1.0,0.23076923076923078
32,26092714,ssr,10,9,1.0,0.0
32,26092714,ssr,25,0,1.0,0.1111111111111111
32,26092714,ssr,25,1,1.0,1.0
32,26092714,ssr,25,2,1.0,0.0
32,26092714,ssr,25,3,1.0,0.0
32,26092714,ssr,25,4,1.0,0.0
32,26092714,ssr,25,5,1.0,0.0
32,26092714,ssr,25,6,1.0,0.0
32,26092714,ssr,25,7,1.0,0.0
32,26092714,ssr,25,8,1.0,0.0
32,26092714,ssr,25,9,1.0,0.0
32,26092714,ssr,25,10,1.0,0.0
32,26092714,ssr,25,11,1.0,0.0
32,26092714,ssr,25,12,1.0,0.0
32,26092714,ssr,25,13,1.0,0.3333333333333333
32,26092714,ssr,25,14,1.0,0.1111111111111111
32,26092714,ssr,25,15,1.0,0.25
32,26092714,ssr,25,16,1.0,0.125
32,26092714,ssr,25,17,1.0,0.3333333333333333
32,26092714,ssr,25,18,1.0,0.0
32,26092714,ssr,25,19,1.0,0.125
32,26092714,ssr,25,20,1.0,0.0
32,26092714,ssr,25,21,1.0,0.2
32,26092714,ssr,25,22,1.0,0.5
32,26092714,ssr,25,23,1.0,0.0
32,26092714,ssr,25,24,1.0,0.0
32,26092714,ssr,50,0,1.0,0.1111111111111111
32,26092714,ssr,50,1,1.0,0.0
32,26092714,ssr,50,2,1.0,0.25
32,26092714,ssr,50,3,1.0,0.0
32,26092714,ssr,50,4,1.0,0.3333333333333333
32,26092714,ssr,50,5,1.0,0.0
32,26092714,ssr,50,6,1.0,0.0
32,26092714,ssr,50,7,1.0,0.25
32,26092714,ssr,50,8,1.0,0.15384615384615385
32,26092714,ssr,50,9,1.0,0.3333333333333333
32,26092714,ssr,50,10,1.0,0.0
32,26092714,ssr,50,11,1.0,0.0
32,26092714,ssr,50,12,1.0,0.0
32,26092714,ssr,50,13,1.0,0.3333333333333333
32,26092714,ssr,50,14,1.0,0.0
32,26092714,ssr,50,15,1.0,0.0
32,26092714,ssr,50,16,1.0,0.125
32,26092714,ssr,50,17,1.0,0.6666666666666666
32,26092714,ssr,50,18,1.0,0.0
32,26092714,ssr,50,19,1.0,0.125
32,26092714,ssr,50,20,1.0,0.0
32,26092714,ssr,50,21,1.0,0.2
32,26092714,ssr,50,22,1.0,0.5
32,26092714,ssr,50,23,1.0,0.0
32,26092714,ssr,50,24,1.0,0.0
32,26092714,ssr,50,25,1.0,0.4
32,26092714,ssr,50,26,1.0,0.16666666666666666
32,26092714,ssr,50,27,1.0,0.3333333333333333
32,26092714,ssr,50,28,1.0,0.25
32,26092714,ssr,50,29,1.0,0.0
32,26092714,ssr,50,30,1.0,0.5
32,26092714,ssr,50,31,1.0,0.0
32,26092714,ssr,50,32,1.0,0.18181818181818182
32,26092714,ssr,50,33,1.0,0.5
32,26092714,ssr,50,34,1.0,0.25
32,26092714,ssr,50,35,1.0,0.0
32,26092714,ssr,50,36,1.0,0.0
32,26092714,ssr,50,37,1.0,0.4
32,26092714,ssr,50,38,1.0,0.2857142857142857
32,26092714,ssr,50,39,1.0,0.25
32,26092714,ssr,50,40,1.0,0.16666666666666666
32,26092714,ssr,50,41,1.0,0.16666666666666666
32,26092714,ssr,50,42,1.0,0.0
32,26092714,ssr,50,43,1.0,0.0
32,26092714,ssr,50,44,1.0,0.25
32,26092714,ssr,50,45,1.0,0.0
32,26092714,ssr,50,46,1.0,1.0
32,26092714,ssr,50,47,0.0,0.0
32,26092714,ssr,50,48,1.0,0.25
32,26092714,ssr,50,49,1.0,0.3333333333333333
32,26092714,ssr,100,0,1.0,0.2222222222222222
32,26092714,ssr,100,1,0.0,0.0
32,26092714,ssr,100,2,1.0,0.0
32,26092714,ssr,100,3,1.0,0.3333333333333333
32,26092714,ssr,100,4,1.0,0.0
32,26092714,ssr,100,5,0.0,0.14285714285714285
32,26092714,ssr,100,6,1.0,0.0
32,26092714,ssr,100,7,0.0,0.0
32,26092714,ssr,100,8,0.0,0.0
32,26092714,ssr,100,9,1.0,0.0
32,26092714,ssr,100,10,0.0,0.0
32,26092714,ssr,100,11,1.0,0.0
32,26092714,ssr,100,12,1.0,0.3333333333333333
32,26092714,ssr,100,13,1.0,0.3333333333333333
32,26092714,ssr,100,14,1.0,0.0
32,26092714,ssr,100,15,1.0,0.0
32,26092714,ssr,100,16,1.0,0.125
32,26092714,ssr,100,17,1.0,0.3333333333333333
32,26092714,ssr,100,18,1.0,0.0
32,26092714,ssr,100,19,1.0,0.125
32,26092714,ssr,100,20,1.0,0.0
32,26092714,ssr,100,21,1.0,0.2
32,26092714,ssr,100,22,1.0,0.0
32,26092714,ssr,100,23,0.0,0.0
32,26092714,ssr,100,24,1.0,0.0
32,26092714,ssr,100,25,1.0,0.2
32,26092714,ssr,100,26,1.0,0.16666666666666666
32,26092714,ssr,100,27,1.0,0.1111111111111111
32,26092714,ssr,100,28,1.0,0.125
32,26092714,ssr,100,29,1.0,0.0
32,26092714,ssr,100,30,1.0,0.25
32,26092714,ssr,100,31,1.0,0.25
32,26092714,ssr,100,32,1.0,0.0
32,26092714,ssr,100,33,1.0,0.25
32,26092714,ssr,100,34,1.0,0.25
32,26092714,ssr,100,35,1.0,0.0
32,26092714,ssr,100,36,1.0,0.0
32,26092714,ssr,100,37,1.0,0.0
32,26092714,ssr,100,38,1.0,0.14285714285714285
32,26092714,ssr,100,39,0.0,0.125
32,26092714,ssr,100,40,1.0,0.0
32,26092714,ssr,100,41,1.0,0.16666666666666666
32,26092714,ssr,100,42,1.0,0.0
32,26092714,ssr,100,43,1.0,0.0
32,26092714,ssr,100,44,1.0,0.25
32,26092714,ssr,100,45,1.0,0.0
32,26092714,ssr,100,46,1.0,0.0
32,26092714,ssr,100,47,1.0,0.0
32,26092714,ssr,100,48,0.0,0.0
32,26092714,ssr,100,49,1.0,0.16666666666666666
32,26092714,ssr,100,50,1.0,0.0
32,26092714,ssr,100,51,1.0,0.5
32,26092714,ssr,100,52,1.0,0.2
32,26092714,ssr,100,53,1.0,0.14285714285714285
32,26092714,ssr,100,54,1.0,0.2857142857142857
32,26092714,ssr,100,55,0.0,0.0
32,26092714,ssr,100,56,0.0,0.3333333333333333
32,26092714,ssr,100,57,1.0,1.0
32,26092714,ssr,100,58,1.0,0.0
32,26092714,ssr,100,59,1.0,0.0
32,26092714,ssr,100,60,1.0,0.0
32,26092714,ssr,100,61,1.0,0.0
32,26092714,ssr,100,62,0.0,0.0
32,26092714,ssr,100,63,1.0,0.3333333333333333
32,26092714,ssr,100,64,1.0,0.0
32,26092714,ssr,100,65,1.0,0.0
32,26092714,ssr,100,66,1.0,0.0
32,26092714,ssr,100,67,1.0,0.16666666666666666
32,26092714,ssr,100,68,1.0,0.0
32,26092714,ssr,100,69,1.0,0.1111111111111111
32,26092714,ssr,100,70,1.0,0.0
32,26092714,ssr,100,71,1.0,0.3333333333333333
32,26092714,ssr,100,72,1.0,0.3333333333333333
32,26092714,ssr,100,73,1.0,0.0
32,26092714,ssr,100,74,1.0,0.0
32,26092714,ssr,100,75,1.0,0.25
32,26092714,ssr,100,76,1.0,0.0
32,26092714,ssr,100,77,1.0,0.0
32,26092714,ssr,100,78,1.0,1.0
32,26092714,ssr,100,79,1.0,0.1111111111111111
32,26092714,ssr,100,80,1.0,0.14285714285714285
32,26092714,ssr,100,81,1.0,0.0
32,26092714,ssr,100,82,1.0,0.14285714285714285
32,26092714,ssr,100,83,1.0,0.0
32,26092714,ssr,100,84,1.0,0.0
32,26092714,ssr,100,85,1.0,0.16666666666666666
32,26092714,ssr,100,86,1.0,0.0
32,26092714,ssr,100,87,1.0,0.14285714285714285
32,26092714,ssr,100,88,1.0,0.25
32,26092714,ssr,100,89,1.0,0.25
32,26092714,ssr,100,90,1.0,0.0
32,26092714,ssr,100,91,1.0,0.14285714285714285
32,26092714,ssr,100,92,1.0,0.3333333333333333
32,26092714,ssr,100,93,1.0,0.25
32,26092714,ssr,100,94,1.0,0.0
32,26092714,ssr,100,95,1.0,0.0
32,26092714,ssr,100,96,1.0,0.0
32,26092714,ssr,100,97,1.0,0.0
32,26092714,ssr,100,98,1.0,0.0
32,26092714,ssr,100,99,1.0,0.0
32,26092715,plain,1,0,1.0,0.0
32,26092715,plain,2,0,1.0,0.0
32,26092715,plain,2,1,1.0,0.2
32,26092715,plain,5,0,1.0,1.0
32,26092715,plain,5,1,1.0,0.0
32,26092715,plain,5,2,1.0,0.5
32,26092715,plain,5,3,1.0,0.0
32,26092715,plain,5,4,1.0,1.0
32,26092715,plain,10,0,1.0,0.0
32,26092715,plain,10,1,1.0,0.0
32,26092715,plain,10,2,1.0,0.0
32,26092715,plain,10,3,1.0,0.0
32,26092715,plain,10,4,1.0,1.0
32,26092715,plain,10,5,1.0,0.14285714285714285
32,26092715,plain,10,6,1.0,0.0
32,26092715,plain,10,7,1.0,0.125
32,26092715,plain,10,8,1.0,0.0
32,26092715,plain,10,9,1.0,0.16666666666666666
32,26092715,plain,25,0,1.0,1.0
32,26092715,plain,25,1,1.0,0.0
32,26092715,plain,25,2,1.0,0.0
32,26092715,plain,25,3,1.0,1.0
32,26092715,plain,25,4,1.0,0.0
32,26092715,plain,25,5,1.0,0.14285714285714285
32,26092715,plain,25,6,1.0,0.0
32,26092715,plain,25,7,1.0,0.125
32,26092715,plain,25,8,1.0,0.3333333333333333
32,26092715,plain,25,9,1.0,0.16666666666666666
32,26092715,plain,25,10,1.0,0.0
32,26092715,plain,25,11,1.0,0.125
32,26092715,plain,25,12,1.0,0.25
32,26092715,plain,25,13,1.0,0.0
32,26092715,plain,25,14,1.0,0.2222222222222222
32,26092715,plain,25,15,1.0,0.25
32,26092715,plain,25,16,1.0,0.0
32,26092715,plain,25,17,1.0,0.0
32,26092715,plain,25,18,1.0,0.3333333333333333
32,26092715,plain,25,19,1.0,0.0
32,26092715,plain,25,20,1.0,0.1111111111111111
32,26092715,plain,25,21,1.0,0.0
32,26092715,plain,25,22,1.0,0.14285714285714285
32,26092715,plain,25,23,1.0,0.2
32,26092715,plain,25,24,1.0,0.0
32,26092715,plain,50,0,1.0,1.0
32,26092715,plain,50,1,1.0,0.0
32,26092715,plain,50,2,1.0,0.0
32,26092715,plain,50,3,1.0,1.0
32,26092715,plain,50,4,1.0,0.0
32,26092715,plain,50,5,1.0,0.14285714285714285
32,26092715,plain,50,6,1.0,0.0
32,26092715,plain,50,7,1.0,0.125
32,26092715,plain,50,8,1.0,0.0
32,26092715,plain,50,9,1.0,0.0
32,26092715,plain,50,10,1.0,0.0
32,26092715,plain,50,11,1.0,0.0
32,26092715,plain,50,12,1.0,0.25
32,26092715,plain,50,13,1.0,0.0
32,26092715,plain,50,14,1.0,0.0
32,26092715,plain,50,15,1.0,0.0
32,26092715,plain,50,16,1.0,0.0
32,26092715,plain,50,17,1.0,0.0
32,26092715,plain,50,18,1.0,0.3333333333333333
32,26092715,plain,50,19,1.0,1.0
32,26092715,plain,50,20,1.0,0.2222222222222222
32,26092715,plain,50,21,1.0,0.0
32,26092715,plain,50,22,1.0,0.14285714285714285
32,26092715,plain,50,23,1.0,0.2
32,26092715,plain,50,24,1.0,0.0
32,26092715,plain,50,25,1.0,0.0
32,26092715,plain,50,26,1.0,0.5
32,26092715,plain,50,27,1.0,0.0
32,26092715,plain,50,28,1.0,0.0
32,26092715,plain,50,29,1.0,0.0
32,26092715,plain,50,30,1.0,0.25
32,26092715,plain,50,31,1.0,0.0
32,26092715,plain,50,32,1.0,0.0
32,26092715,plain,50,33,1.0,0.0
32,26092715,plain,50,34,1.0,0.2
32,26092715,plain,50,35,1.0,0.2
32,26092715,plain,50,36,1.0,0.3333333333333333
32,26092715,plain,50,37,1.0,0.0
32,26092715,plain,50,38,1.0,0.16666666666666666
32,26092715,plain,50,39,1.0,0.0
32,26092715,plain,50,40,1.0,0.14285714285714285
32,26092715,plain,50,41,1.0,0.0
32,26092715,plain,50,42,1.0,0.0
32,26092715,plain,50,43,1.0,0.6666666666666666
32,26092715,plain,50,44,1.0,0.0
32,26092715,plain,50,45,1.0,0.0
32,26092715,plain,50,46,1.0,0.0
32,26092715,plain,50,47,1.0,0.0
32,26092715,plain,50,48,1.0,0.0
32,26092715,plain,50,49,1.0,0.0
32,26092715,plain,100,0,1.0,0.0
32,26092715,plain,100,1,0.0,0.0
32,26092715,plain,100,2,1.0,0.0
32,26092715,plain,100,3,1.0,0.0
32,26092715,plain,100,4,0.0,0.0
32,26092715,plain,100,5,1.0,0.14285714285714285
32,26092715,plain,100,6,1.0,0.0
32,26092715,plain,100,7,1.0,0.125
32,26092715,plain,100,8,1.0,0.0
32,26092715,plain,100,9,1.0,0.0
32,26092715,plain,100,10,0.0,0.0
32,26092715,plain,100,11,1.0,0.125
32,26092715,plain,100,12,1.0,0.25
32,26092715,plain,100,13,1.0,0.0
32,26092715,plain,100,14,1.0,0.0
32,26092715,plain,100,15,1.0,0.0
32,26092715,plain,100,16,1.0,0.0
32,26092715,plain,100,17,0.0,0.0
32,26092715,plain,100,18,1.0,0.3333333333333333
32,26092715,plain,100,19,1.0,0.0
32,26092715,plain,100,20,1.0,0.1111111111111111
32,26092715,plain,100,21,1.0,0.0
32,26092715,plain,100,22,1.0,0.0
32,26092715,plain,100,23,1.0,0.0
32,26092715,plain,100,24,0.0,0.0
32,26092715,plain,100,25,1.0,0.0
32,26092715,plain,100,26,1.0,0.5
32,26092715,plain,100,27,1.0,0.0
32,26092715,plain,100,28,1.0,0.0
32,26092715,plain,100,29,0.0,0.0
32,26092715,plain,100,30,1.0,0.25
32,26092715,plain,100,31,1.0,0.0
32,26092715,plain,100,32,1.0,0.0
32,26092715,plain,100,33,1.0,0.0
32,26092715,plain,100,34,1.0,0.0
32,26092715,plain,100,35,1.0,0.2
32,26092715,plain,100,36,1.0,0.0
32,26092715,plain,100,37,1.0,0.0
32,26092715,plain,100,38,1.0,0.0
32,26092715,plain,100,39,0.0,0.0
32,26092715,plain,100,40,1.0,0.0
32,26092715,plain,100,41,1.0,0.0
32,26092715,plain,100,42,1.0,0.0
32,26092715,plain,100,43,1.0,0.3333333333333333
32,26092715,plain,100,44,1.0,0.0
32,26092715,plain,100,45,0.0,0.0
32,26092715,plain,100,46,1.0,0.0
32,26092715,plain,100,47,1.0,0.125
32,26092715,plain,100,48,1.0,0.0
32,26092715,plain,100,49,0.0,0.0
32,26092715,plain,100,50,1.0,0.0
32,26092715,plain,100,51,1.0,0.5
32,26092715,plain,100,52,1.0,0.0
32,26092715,plain,100,53,1.0,0.0
32,26092715,plain,100,54,1.0,1.0
32,26092715,plain,100,55,0.0,0.0
32,26092715,plain,100,56,1.0,0.25
32,26092715,plain,100,57,1.0,0.1111111111111111
32,26092715,plain,100,58,1.0,0.0
32,26092715,plain,100,59,1.0,0.0
32,26092715,plain,100,60,1.0,0.0
32,26092715,plain,100,61,1.0,0.0
32,26092715,plain,100,62,1.0,0.16666666666666666
32,26092715,plain,100,63,1.0,0.0
32,26092715,plain,100,64,1.0,1.0
32,26092715,plain,100,65,1.0,0.14285714285714285
32,26092715,plain,100,66,1.0,0.0
32,26092715,plain,100,67,0.0,0.0
32,26092715,plain,100,68,1.0,0.0
32,26092715,plain,100,69,1.0,0.0
32,26092715,plain,100,70,1.0,0.0
32,26092715,plain,100,71,1.0,0.125
32,26092715,plain,100,72,0.0,0.0
32,26092715,plain,100,73,1.0,0.0
32,26092715,plain,100,74,1.0,0.0
32,26092715,plain,100,75,1.0,0.0
32,26092715,plain,100,76,1.0,0.0
32,26092715,plain,100,77,1.0,0.0
32,26092715,plain,100,78,1.0,0.0
32,26092715,plain,100,79,1.0,0.2857142857142857
32,26092715,plain,100,80,1.0,0.0
32,26092715,plain,100,81,1.0,0.0
32,26092715,plain,100,82,1.0,0.0
32,26092715,plain,100,83,1.0,0.0
32,26092715,plain,100,84,1.0,0.0
32,26092715,plain,100,85,1.0,0.3333333333333333
32,26092715,plain,100,86,0.0,0.0
32,26092715,plain,100,87,1.0,0.0
32,26092715,plain,100,88,1.0,0.0
32,26092715,plain,100,89,1.0,0.5
32,26092715,plain,100,90,1.0,0.0
32,26092715,plain,100,91,1.0,0.0
32,26092715,plain,100,92,1.0,0.0
32,26092715,plain,100,93,0.0,0.0
32,26092715,plain,100,94,1.0,0.0
32,26092715,plain,100,95,1.0,0.0
32,26092715,plain,100,96,1.0,0.0
32,26092715,plain,100,97,1.0,0.0
32,26092715,plain,100,98,1.0,0.0
32,26092715,plain,100,99,1.0,0.14285714285714285
32,26092715,ssr,1,0,1.0,0.0
32,26092715,ssr,2,0,1.0,0.0
32,26092715,ssr,2,1,1.0,0.2
32,26092715,ssr,5,0,1.0,0.0
32,26092715,ssr,5,1,1.0,0.0
32,26092715,ssr,5,2,1.0,0.25
32,26092715,ssr,5,3,1.0,1.0
32,26092715,ssr,5,4,1.0,1.0
32,26092715,ssr,10,0,1.0,0.0
32,26092715,ssr,10,1,1.0,0.0
32,26092715,ssr,10,2,1.0,0.0
32,26092715,ssr,10,3,1.0,0.0
32,26092715,ssr,10,4,1.0,0.0
32,26092715,ssr,10,5,1.0,0.14285714285714285
32,26092715,ssr,10,6,1.0,0.5
32,26092715,ssr,10,7,1.0,0.125
32,26092715,ssr,10,8,1.0,0.0
32,26092715,ssr,10,9,1.0,0.0
32,26092715,ssr,25,0,1.0,0.0
32,26092715,ssr,25,1,1.0,0.0
32,26092715,ssr,25,2,1.0,0.0
32,26092715,ssr,25,3,1.0,0.0
32,26092715,ssr,25,4,1.0,0.0
32,26092715,ssr,25,5,1.0,0.14285714285714285
32,26092715,ssr,25,6,1.0,0.0
32,26092715,ssr,25,7,1.0,0.125
32,26092715,ssr,25,8,1.0,0.0
32,26092715,ssr,25,9,1.0,0.16666666666666666
32,26092715,ssr,25,10,1.0,0.0
32,26092715,ssr,25,11,1.0,0.125
32,26092715,ssr,25,12,1.0,0.5
32,26092715,ssr,25,13,1.0,0.0
32,26092715,ssr,25,14,1.0,0.1111111111111111
32,26092715,ssr,25,15,1.0,0.0
32,26092715,ssr,25,16,1.0,0.0
32,26092715,ssr,25,17,1.0,0.0
32,26092715,ssr,25,18,1.0,0.3333333333333333
32,26092715,ssr,25,19,1.0,0.0
32,26092715,ssr,25,20,1.0,0.1111111111111111
32,26092715,ssr,25,21,1.0,0.1
32,26092715,ssr,25,22,1.0,0.2857142857142857
32,26092715,ssr,25,23,1.0,0.0
32,26092715,ssr,25,24,1.0,0.0
32,26092715,ssr,50,0,1.0,0.0
32,26092715,ssr,50,1,1.0,0.0
32,26092715,ssr,50,2,1.0,0.0
32,26092715,ssr,50,3,1.0,0.0
32,26092715,ssr,50,4,1.0,0.0
32,26092715,ssr,50,5,1.0,0.14285714285714285
32,26092715,ssr,50,6,1.0,0.0
32,26092715,ssr,50,7,1.0,0.125
32,26092715,ssr,50,8,1.0,0.0
32,26092715,ssr,50,9,1.0,0.0
32,26092715,ssr,50,10,1.0,0.0
32,26092715,ssr,50,11,1.0,0.0
32,26092715,ssr,50,12,1.0,0.25
32,26092715,ssr,50,13,1.0,0.0
32,26092715,ssr,50,14,1.0,0.1111111111111111
32,26092715,ssr,50,15,1.0,0.25
32,26092715,ssr,50,16,0.0,0.2
32,26092715,ssr,50,17,1.0,0.0
32,26092715,ssr,50,18,1.0,0.3333333333333333
32,26092715,ssr,50,19,1.0,0.0
32,26092715,ssr,50,20,1.0,0.0
32,26092715,ssr,50,21,1.0,0.0
32,26092715,ssr,50,22,1.0,0.0
32,26092715,ssr,50,23,1.0,0.0
32,26092715,ssr,50,24,1.0,0.0
32,26092715,ssr,50,25,1.0,0.0
32,26092715,ssr,50,26,1.0,0.5
32,26092715,ssr,50,27,1.0,0.0
32,26092715,ssr,50,28,1.0,0.2
32,26092715,ssr,50,29,1.0,0.0
32,26092715,ssr,50,30,1.0,0.25
32,26092715,ssr,50,31,1.0,1.0
32,26092715,ssr,50,32,1.0,0.0
32,26092715,ssr,50,33,1.0,0.0
32,26092715,ssr,50,34,1.0,0.0
32,26092715,ssr,50,35,0.0,0.2
32,26092715,ssr,50,36,1.0,0.0
32,26092715,ssr,50,37,1.0,1.0
32,26092715,ssr,50,38,1.0,0.0
32,26092715,ssr,50,39,1.0,0.0
32,26092715,ssr,50,40,1.0,0.2857142857142857
32,26092715,ssr,50,41,1.0,0.0
32,26092715,ssr,50,42,1.0,0.0
32,26092715,ssr,50,43,1.0,0.3333333333333333
32,26092715,ssr,50,44,1.0,0.0
32,26092715,ssr,50,45,1.0,0.0
32,26092715,ssr,50,46,1.0,0.0
32,26092715,ssr,50,47,0.0,0.0
32,26092715,ssr,50,48,1.0,0.0
32,26092715,ssr,50,49,1.0,0.0
32,26092715,ssr,100,0,1.0,0.0
32,26092715,ssr,100,1,0.0,0.4
32,26092715,ssr,100,2,1.0,0.25
32,26092715,ssr,100,3,1.0,0.0
32,26092715,ssr,100,4,1.0,0.0
32,26092715,ssr,100,5,1.0,0.14285714285714285
32,26092715,ssr,100,6,1.0,0.0
32,26092715,ssr,100,7,1.0,0.125
32,26092715,ssr,100,8,1.0,0.0
32,26092715,ssr,100,9,1.0,0.16666666666666666
32,26092715,ssr,100,10,0.0,0.0
32,26092715,ssr,100,11,1.0,0.25
32,26092715,ssr,100,12,1.0,0.0
32,26092715,ssr,100,13,1.0,0.0
32,26092715,ssr,100,14,1.0,0.3333333333333333
32,26092715,ssr,100,15,1.0,0.0
32,26092715,ssr,100,16,1.0,0.0
32,26092715,ssr,100,17,1.0,0.3333333333333333
32,26092715,ssr,100,18,1.0,0.3333333333333333
32,26092715,ssr,100,19,1.0,0.0
32,26092715,ssr,100,20,0.0,0.1111111111111111
32,26092715,ssr,100,21,1.0,0.0
32,26092715,ssr,100,22,1.0,0.14285714285714285
32,26092715,ssr,100,23,0.0,0.0
32,26092715,ssr,100,24,1.0,0.0
32,26092715,ssr,100,25,1.0,0.0
32,26092715,ssr,100,26,1.0,0.5
32,26092715,ssr,100,27,1.0,0.0
32,26092715,ssr,100,28,1.0,0.2
32,26092715,ssr,100,29,1.0,0.0
32,26092715,ssr,100,30,1.0,0.25
32,26092715,ssr,100,31,1.0,0.0
32,26092715,ssr,100,32,1.0,0.0
32,26092715,ssr,100,33,1.0,0.3333333333333333
32,26092715,ssr,100,34,1.0,0.2
32,26092715,ssr,100,35,1.0,0.2
32,26092715,ssr,100,36,1.0,0.3333333333333333
32,26092715,ssr,100,37,1.0,0.0
32,26092715,ssr,100,38,1.0,0.3333333333333333
32,26092715,ssr,100,39,1.0,0.0
32,26092715,ssr,100,40,1.0,0.0
32,26092715,ssr,100,41,1.0,0.5
32,26092715,ssr,100,42,1.0,0.0
32,26092715,ssr,100,43,1.0,0.6666666666666666
32,26092715,ssr,100,44,1.0,0.0
32,26092715,ssr,100,45,1.0,0.0
32,26092715,ssr,100,46,1.0,0.0
32,26092715,ssr,100,47,1.0,0.125
32,26092715,ssr,100,48,1.0,0.2
32,26092715,ssr,100,49,1.0,0.0
32,26092715,ssr,100,50,1.0,0.0
32,26092715,ssr,100,51,1.0,0.0
32,26092715,ssr,100,52,1.0,0.0
32,26092715,ssr,100,53,1.0,0.5
32,26092715,ssr,100,54,1.0,0.0
32,26092715,ssr,100,55,1.0,0.0
32,26092715,ssr,100,56,1.0,0.25
32,26092715,ssr,100,57,1.0,0.1111111111111111
32,26092715,ssr,100,58,1.0,0.16666666666666666
32,26092715,ssr,100,59,1.0,0.5
32,26092715,ssr,100,60,1.0,0.0
32,26092715,ssr,100,61,1.0,0.0
32,26092715,ssr,100,62,1.0,0.16666666666666666
32,26092715,ssr,100,63,1.0,0.0
32,26092715,ssr,100,64,1.0,0.0
32,26092715,ssr,100,65,1.0,0.14285714285714285
32,26092715,ssr,100,66,1.0,0.0
32,26092715,ssr,100,67,0.0,0.0
32,26092715,ssr,100,68,1.0,0.3333333333333333
32,26092715,ssr,100,69,1.0,0.0
32,26092715,ssr,100,70,1.0,0.5
32,26092715,ssr,100,71,1.0,0.125
32,26092715,ssr,100,72,1.0,0.0
32,26092715,ssr,100,73,1.0,0.0
32,26092715,ssr,100,74,1.0,0.0
32,26092715,ssr,100,75,1.0,0.3333333333333333
32,26092715,ssr,100,76,1.0,0.0
32,26092715,ssr,100,77,1.0,0.0
32,26092715,ssr,100,78,1.0,0.2222222222222222
32,26092715,ssr,100,79,1.0,0.14285714285714285
32,26092715,ssr,100,80,1.0,0.0
32,26092715,ssr,100,81,0.0,0.0
32,26092715,ssr,100,82,1.0,0.3333333333333333
32,26092715,ssr,100,83,0.0,0.0
32,26092715,ssr,100,84,1.0,0.0
32,26092715,ssr,100,85,1.0,0.3333333333333333
32,26092715,ssr,100,86,1.0,0.0
32,26092715,ssr,100,87,1.0,0.0
32,26092715,ssr,100,88,1.0,0.0
32,26092715,ssr,100,89,1.0,0.5
32,26092715,ssr,100,90,1.0,0.0
32,26092715,ssr,100,91,1.0,0.0
32,26092715,ssr,100,92,1.0,0.0
32,26092715,ssr,100,93,1.0,0.0
32,26092715,ssr,100,94,1.0,0.25
32,26092715,ssr,100,95,1.0,0.5
32,26092715,ssr,100,96,1.0,0.0
32,26092715,ssr,100,97,1.0,0.0
32,26092715,ssr,100,98,1.0,0.0
32,26092715,ssr,100,99,1.0,0.14285714285714285
32,26092716,plain,1,0,1.0,0.0
32,26092716,plain,2,0,1.0,1.0
32,26092716,plain,2,1,1.0,0.0
32,26092716,plain,5,0,1.0,1.0
32,26092716,plain,5,1,1.0,0.0
32,26092716,plain,5,2,1.0,0.0
32,26092716,plain,5,3,1.0,1.0
32,26092716,plain,5,4,1.0,0.0
32,26092716,plain,10,0,1.0,1.0
32,26092716,plain,10,1,1.0,0.0
32,26092716,plain,10,2,1.0,0.16666666666666666
32,26092716,plain,10,3,1.0,1.0
32,26092716,plain,10,4,1.0,0.5
32,26092716,plain,10,5,1.0,0.0
32,26092716,plain,10,6,1.0,1.0
32,26092716,plain,10,7,1.0,0.1111111111111111
32,26092716,plain,10,8,1.0,0.3333333333333333
32,26092716,plain,10,9,1.0,0.3333333333333333
32,26092716,plain,25,0,1.0,0.0
32,26092716,plain,25,1,1.0,0.0
32,26092716,plain,25,2,1.0,0.0
32,26092716,plain,25,3,1.0,0.0
32,26092716,plain,25,4,1.0,0.5
32,26092716,plain,25,5,1.0,0.0
32,26092716,plain,25,6,1.0,1.0
32,26092716,plain,25,7,1.0,0.1111111111111111
32,26092716,plain,25,8,1.0,0.0
32,26092716,plain,25,9,1.0,0.3333333333333333
32,26092716,plain,25,10,1.0,0.0
32,26092716,plain,25,11,1.0,0.0
32,26092716,plain,25,12,1.0,0.0
32,26092716,plain,25,13,1.0,0.0
32,26092716,plain,25,14,1.0,0.0
32,26092716,plain,25,15,1.0,0.1111111111111111
32,26092716,plain,25,16,1.0,1.0
32,26092716,plain,25,17,1.0,0.0
32,26092716,plain,25,18,1.0,0.5
32,26092716,plain,25,19,1.0,0.0
32,26092716,plain,25,20,1.0,0.08333333333333333
32,26092716,plain,25,21,1.0,0.0
32,26092716,plain,25,22,1.0,0.0
32,26092716,plain,25,23,1.0,0.0
32,26092716,plain,25,24,1.0,0.0
32,26092716,plain,50,0,1.0,0.0
32,26092716,plain,50,1,0.0,0.0
32,26092716,plain,50,2,1.0,0.0
32,26092716,plain,50,3,1.0,0.0
32,26092716,plain,50,4,1.0,0.5
32,26092716,plain,50,5,1.0,0.0
32,26092716,plain,50,6,1.0,0.0
32,26092716,plain,50,7,1.0,0.1111111111111111
32,26092716,plain,50,8,1.0,0.0
32,26092716,plain,50,9,1.0,0.3333333333333333
32,26092716,plain,50,10,0.0,0.0
32,26092716,plain,50,11,1.0,0.0
32,26092716,plain,50,12,1.0,0.0
32,26092716,plain,50,13,1.0,0.0
32,26092716,plain,50,14,1.0,0.0
32,26092716,plain,50,15,1.0,0.1111111111111111
32,26092716,plain,50,16,0.0,0.0
32,26092716,plain,50,17,1.0,0.0
32,26092716,plain,50,18,1.0,0.0
32,26092716,plain,50,19,1.0,0.0
32,26092716,plain,50,20,1.0,0.16666666666666666
32,26092716,plain,50,21,1.0,0.0
32,26092716,plain,50,22,1.0,0.0
32,26092716,plain,50,23,1.0,0.14285714285714285
32,26092716,plain,50,24,1.0,1.0
32,26092716,plain,50,25,1.0,0.0
32,26092716,plain,50,26,1.0,0.0
32,26092716,plain,50,27,1.0,0.0
32,26092716,plain,50,28,1.0,0.0
32,26092716,plain,50,29,1.0,0.0
32,26092716,plain,50,30,1.0,0.0
32,26092716,plain,50,31,1.0,0.125
32,26092716,plain,50,32,1.0,0.0
32,26092716,plain,50,33,1.0,0.125
32,26092716,plain,50,34,1.0,0.0
32,26092716,plain,50,35,1.0,0.0
32,26092716,plain,50,36,1.0,0.14285714285714285
32,26092716,plain,50,37,1.0,0.0
32,26092716,plain,50,38,1.0,0.16666666666666666
32,26092716,plain,50,39,1.0,0.0
32,26092716,plain,50,40,1.0,0.0
32,26092716,plain,50,41,1.0,0.16666666666666666
32,26092716,plain,50,42,1.0,0.5
32,26092716,plain,50,43,1.0,1.0
32,26092716,plain,50,44,1.0,0.0
32,26092716,plain,50,45,1.0,0.0
32,26092716,plain,50,46,1.0,0.0
32,26092716,plain,50,47,0.0,0.14285714285714285
32,26092716,plain,50,48,1.0,0.0
32,26092716,plain,50,49,1.0,0.0
32,26092716,plain,100,0,1.0,0.0
32,26092716,plain,100,1,0.0,0.0
32,26092716,plain,100,2,1.0,0.0
32,26092716,plain,100,3,1.0,0.0
32,26092716,plain,100,4,1.0,0.0
32,26092716,plain,100,5,0.0,0.0
32,26092716,plain,100,6,1.0,0.0
32,26092716,plain,100,7,1.0,0.0
32,26092716,plain,100,8,0.0,0.0
32,26092716,plain,100,9,1.0,0.0
32,26092716,plain,100,10,0.0,0.0
32,26092716,plain,100,11,1.0,0.0
32,26092716,plain,100,12,1.0,0.0
32,26092716,plain,100,13,1.0,0.0
32,26092716,plain,100,14,0.0,0.0
32,26092716,plain,100,15,1.0,0.0
32,26092716,plain,100,16,1.0,0.5
32,26092716,plain,100,17,1.0,0.0
32,26092716,plain,100,18,1.0,0.0
32,26092716,plain,100,19,1.0,0.0
32,26092716,plain,100,20,0.0,0.0
32,26092716,plain,100,21,1.0,0.0
32,26092716,plain,100,22,1.0,0.0
32,26092716,plain,100,23,1.0,0.0
32,26092716,plain,100,24,1.0,0.0
32,26092716,plain,100,25,1.0,0.0
32,26092716,plain,100,26,1.0,0.0
32,26092716,plain,100,27,1.0,0.0
32,26092716,plain,100,28,1.0,0.0
32,26092716,plain,100,29,1.0,0.0
32,26092716,plain,100,30,0.0,0.0
32,26092716,plain,100,31,0.0,0.0
32,26092716,plain,100,32,1.0,0.0
32,26092716,plain,100,33,1.0,0.0
32,26092716,plain,100,34,1.0,0.0
32,26092716,plain,100,35,1.0,0.0
32,26092716,plain,100,36,1.0,0.0
32,26092716,plain,100,37,1.0,0.0
32,26092716,plain,100,38,1.0,0.16666666666666666
32,26092716,plain,100,39,1.0,0.0
32,26092716,plain,100,40,1.0,0.0
32,26092716,plain,100,41,1.0,0.0
32,26092716,plain,100,42,1.0,0.0
32,26092716,plain,100,43,1.0,0.0
32,26092716,plain,100,44,1.0,0.125
32,26092716,plain,100,45,1.0,0.0
32,26092716,plain,100,46,0.0,0.0
32,26092716,plain,100,47,1.0,0.14285714285714285
32,26092716,plain,100,48,0.0,0.0
32,26092716,plain,100,49,1.0,0.0
32,26092716,plain,100,50,1.0,0.0
32,26092716,plain,100,51,1.0,0.3333333333333333
32,26092716,plain,100,52,1.0,0.0
32,26092716,plain,100,53,1.0,0.0
32,26092716,plain,100,54,1.0,0.0
32,26092716,plain,100,55,1.0,0.0
32,26092716,plain,100,56,1.0,0.0
32,26092716,plain,100,57,1.0,0.0
32,26092716,plain,100,58,1.0,0.0
32,26092716,plain,100,59,1.0,0.1
32,26092716,plain,100,60,1.0,0.0
32,26092716,plain,100,61,0.0,0.0
32,26092716,plain,100,62,1.0,0.0
32,26092716,plain,100,63,1.0,0.25
32,26092716,plain,100,64,1.0,0.0
32,26092716,plain,100,65,1.0,0.0
32,26092716,plain,100,66,1.0,0.0
32,26092716,plain,100,67,1.0,0.16666666666666666
32,26092716,plain,100,68,1.0,0.0
32,26092716,plain,100,69,1.0,0.0
32,26092716,plain,100,70,1.0,0.0
32,26092716,plain,100,71,1.0,0.0
32,26092716,plain,100,72,1.0,0.0
32,26092716,plain,100,73,1.0,0.0
32,26092716,plain,100,74,1.0,0.2
32,26092716,plain,100,75,1.0,0.25
32,26092716,plain,100,76,1.0,0.0
32,26092716,plain,100,77,1.0,0.0
32,26092716,plain,100,78,1.0,0.0
32,26092716,plain,100,79,1.0,0.0
32,26092716,plain,100,80,1.0,0.0
32,26092716,plain,100,81,1.0,0.0
32,26092716,plain,100,82,1.0,0.0
32,26092716,plain,100,83,0.0,0.0
32,26092716,plain,100,84,1.0,0.0
32,26092716,plain,100,85,1.0,0.0
32,26092716,plain,100,86,0.0,0.0
32,26092716,plain,100,87,1.0,0.25
32,26092716,plain,100,88,1.0,0.0
32,26092716,plain,100,89,1.0,0.0
32,26092716,plain,100,90,0.0,0.0
32,26092716,plain,100,91,1.0,0.0
32,26092716,plain,100,92,1.0,0.0
32,26092716,plain,100,93,0.0,0.0
32,26092716,plain,100,94,1.0,0.0
32,26092716,plain,100,95,1.0,0.0
32,26092716,plain,100,96,0.0,0.0
32,26092716,plain,100,97,1.0,0.0
32,26092716,plain,100,98,1.0,0.0
32,26092716,plain,100,99,1.0,0.25
32,26092716,ssr,1,0,1.0,1.0
32,26092716,ssr,2,0,1.0,1.0
32,26092716,ssr,2,1,1.0,0.0
32,26092716,ssr,5,0,1.0,1.0
32,26092716,ssr,5,1,1.0,0.0
32,26092716,ssr,5,2,1.0,0.0
32,26092716,ssr,5,3,1.0,1.0
32,26092716,ssr,5,4,1.0,0.5
32,26092716,ssr,10,0,1.0,1.0
32,26092716,ssr,10,1,1.0,0.3333333333333333
32,26092716,ssr,10,2,1.0,0.16666666666666666
32,26092716,ssr,10,3,1.0,1.0
32,26092716,ssr,10,4,1.0,1.0
32,26092716,ssr,10,5,1.0,0.14285714285714285
32,26092716,ssr,10,6,1.0,0.0
32,26092716,ssr,10,7,1.0,0.1111111111111111
32,26092716,ssr,10,8,1.0,0.3333333333333333
32,26092716,ssr,10,9,1.0,0.6666666666666666
32,26092716,ssr,25,0,1.0,0.0
32,26092716,ssr,25,1,1.0,0.0
32,26092716,ssr,25,2,1.0,0.0
32,26092716,ssr,25,3,1.0,1.0
32,26092716,ssr,25,4,1.0,0.5
32,26092716,ssr,25,5,1.0,0.0
32,26092716,ssr,25,6,1.0,1.0
32,26092716,ssr,25,7,1.0,0.1111111111111111
32,26092716,ssr,25,8,1.0,0.6666666666666666
32,26092716,ssr,25,9,1.0,0.3333333333333333
32,26092716,ssr,25,10,1.0,0.0
32,26092716,ssr,25,11,1.0,0.14285714285714285
32,26092716,ssr,25,12,1.0,0.0
32,26092716,ssr,25,13,1.0,0.0
32,26092716,ssr,25,14,1.0,0.5
32,26092716,ssr,25,15,1.0,0.1111111111111111
32,26092716,ssr,25,16,1.0,0.5
32,26092716,ssr,25,17,1.0,0.125
32,26092716,ssr,25,18,1.0,0.5
32,26092716,ssr,25,19,1.0,0.0
32,26092716,ssr,25,20,1.0,0.16666666666666666
32,26092716,ssr,25,21,1.0,0.2222222222222222
32,26092716,ssr,25,22,1.0,0.0
32,26092716,ssr,25,23,1.0,0.0
32,26092716,ssr,25,24,1.0,1.0
32,26092716,ssr,50,0,1.0,0.0
32,26092716,ssr,50,1,1.0,0.3333333333333333
32,26092716,ssr,50,2,1.0,0.16666666666666666
32,26092716,ssr,50,3,1.0,0.0
32,26092716,ssr,50,4,1.0,0.5
32,26092716,ssr,50,5,1.0,0.14285714285714285
32,26092716,ssr,50,6,1.0,1.0
32,26092716,ssr,50,7,1.0,0.1111111111111111
32,26092716,ssr,50,8,1.0,0.0
32,26092716,ssr,50,9,1.0,0.3333333333333333
32,26092716,ssr,50,10,1.0,0.2
32,26092716,ssr,50,11,1.0,0.14285714285714285
32,26092716,ssr,50,12,1.0,0.0
32,26092716,ssr,50,13,1.0,0.0
32,26092716,ssr,50,14,1.0,0.0
32,26092716,ssr,50,15,1.0,0.1111111111111111
32,26092716,ssr,50,16,0.0,0.0
32,26092716,ssr,50,17,1.0,0.125
32,26092716,ssr,50,18,1.0,0.0
32,26092716,ssr,50,19,1.0,0.0
32,26092716,ssr,50,20,1.0,0.08333333333333333
32,26092716,ssr,50,21,1.0,0.1111111111111111
32,26092716,ssr,50,22,1.0,0.0
32,26092716,ssr,50,23,1.0,0.14285714285714285
32,26092716,ssr,50,24,1.0,0.0
32,26092716,ssr,50,25,1.0,0.3333333333333333
32,26092716,ssr,50,26,1.0,0.0
32,26092716,ssr,50,27,1.0,0.0
32,26092716,ssr,50,28,1.0,0.0
32,26092716,ssr,50,29,1.0,0.0
32,26092716,ssr,50,30,1.0,0.2857142857142857
32,26092716,ssr,50,31,1.0,0.125
32,26092716,ssr,50,32,1.0,0.0
32,26092716,ssr,50,33,1.0,0.125
32,26092716,ssr,50,34,1.0,0.0
32,26092716,ssr,50,35,1.0,0.2
32,26092716,ssr,50,36,1.0,0.14285714285714285
32,26092716,ssr,50,37,1.0,0.1
32,26092716,ssr,50,38,1.0,0.16666666666666666
32,26092716,ssr,50,39,1.0,0.0
32,26092716,ssr,50,40,1.0,0.0
32,26092716,ssr,50,41,1.0,0.16666666666666666
32,26092716,ssr,50,42,1.0,0.5
32,26092716,ssr,50,43,1.0,0.5
32,26092716,ssr,50,44,1.0,0.125
32,26092716,ssr,50,45,1.0,0.0
32,26092716,ssr,50,46,1.0,1.0
32,26092716,ssr,50,47,0.0,0.0
32,26092716,ssr,50,48,1.0,0.0
32,26092716,ssr,50,49,1.0,0.5
32,26092716,ssr,100,0,1.0,0.0
32,26092716,ssr,100,1,0.0,0.0
32,26092716,ssr,100,2,1.0,0.16666666666666666
32,26092716,ssr,100,3,1.0,0.0
32,26092716,ssr,100,4,1.0,1.0
32,26092716,ssr,100,5,0.0,0.14285714285714285
32,26092716,ssr,100,6,1.0,1.0
32,26092716,ssr,100,7,0.0,0.2222222222222222
32,26092716,ssr,100,8,1.0,0.3333333333333333
32,26092716,ssr,100,9,1.0,0.6666666666666666
32,26092716,ssr,100,10,1.0,0.2
32,26092716,ssr,100,11,1.0,0.14285714285714285
32,26092716,ssr,100,12,1.0,0.0
32,26092716,ssr,100,13,1.0,0.0
32,26092716,ssr,100,14,0.0,0.0
32,26092716,ssr,100,15,1.0,0.2222222222222222
32,26092716,ssr,100,16,1.0,0.0
32,26092716,ssr,100,17,1.0,0.0
32,26092716,ssr,100,18,1.0,0.5
32,26092716,ssr,100,19,1.0,0.0
32,26092716,ssr,100,20,1.0,0.16666666666666666
32,26092716,ssr,100,21,1.0,0.1111111111111111
32,26092716,ssr,100,22,1.0,0.3333333333333333
32,26092716,ssr,100,23,1.0,0.0
32,26092716,ssr,100,24,0.0,0.0
32,26092716,ssr,100,25,1.0,0.0
32,26092716,ssr,100,26,1.0,0.08333333333333333
32,26092716,ssr,100,27,1.0,0.0
32,26092716,ssr,100,28,1.0,0.16666666666666666
32,26092716,ssr,100,29,1.0,0.16666666666666666
32,26092716,ssr,100,30,0.0,0.14285714285714285
32,26092716,ssr,100,31,1.0,0.125
32,26092716,ssr,100,32,1.0,0.0
32,26092716,ssr,100,33,1.0,0.25
32,26092716,ssr,100,34,1.0,0.0
32,26092716,ssr,100,35,1.0,0.2
32,26092716,ssr,100,36,1.0,0.42857142857142855
32,26092716,ssr,100,37,1.0,0.1
32,26092716,ssr,100,38,1.0,0.3333333333333333
32,26092716,ssr,100,39,0.0,0.3333333333333333
32,26092716,ssr,100,40,1.0,0.0
32,26092716,ssr,100,41,1.0,0.0
32,26092716,ssr,100,42,1.0,0.5
32,26092716,ssr,100,43,1.0,0.5
32,26092716,ssr,100,44,1.0,0.125
32,26092716,ssr,100,45,1.0,0.5
32,26092716,ssr,100,46,1.0,0.0
32,26092716,ssr,100,47,1.0,0.14285714285714285
32,26092716,ssr,100,48,1.0,0.0
32,26092716,ssr,100,49,1.0,0.5
32,26092716,ssr,100,50,1.0,0.14285714285714285
32,26092716,ssr,100,51,1.0,0.6666666666666666
32,26092716,ssr,100,52,1.0,0.0625
32,26092716,ssr,100,53,1.0,0.0
32,26092716,ssr,100,54,1.0,0.16666666666666666
32,26092716,ssr,100,55,0.0,0.0
32,26092716,ssr,100,56,1.0,0.0
32,26092716,ssr,100,57,1.0,0.14285714285714285
32,26092716,ssr,100,58,1.0,0.4
32,26092716,ssr,100,59,1.0,0.2
32,26092716,ssr,100,60,1.0,0.0
32,26092716,ssr,100,61,0.0,0.0
32,26092716,ssr,100,62,1.0,0.0
32,26092716,ssr,100,63,1.0,0.5
32,26092716,ssr,100,64,1.0,0.3333333333333333
32,26092716,ssr,100,65,1.0,0.3333333333333333
32,26092716,ssr,100,66,1.0,0.0
32,26092716,ssr,100,67,1.0,0.3333333333333333
32,26092716,ssr,100,68,1.0,0.0
32,26092716,ssr,100,69,1.0,0.0
32,26092716,ssr,100,70,1.0,0.0
32,26092716,ssr,100,71,1.0,0.0
32,26092716,ssr,100,72,1.0,0.0
32,26092716,ssr,100,73,1.0,0.16666666666666666
32,26092716,ssr,100,74,1.0,0.2
32,26092716,ssr,100,75,1.0,0.25
32,26092716,ssr,100,76,1.0,0.14285714285714285
32,26092716,ssr,100,77,1.0,0.5
32,26092716,ssr,100,78,1.0,0.5
32,26092716,ssr,100,79,1.0,0.0
32,26092716,ssr,100,80,1.0,0.0
32,26092716,ssr,100,81,1.0,0.0
32,26092716,ssr,100,82,1.0,0.14285714285714285
32,26092716,ssr,100,83,1.0,0.0
32,26092716,ssr,100,84,1.0,0.09090909090909091
32,26092716,ssr,100,85,1.0,0.0
32,26092716,ssr,100,86,1.0,0.16666666666666666
32,26092716,ssr,100,87,1.0,0.0
32,26092716,ssr,100,88,1.0,0.0
32,26092716,ssr,100,89,1.0,0.0
32,26092716,ssr,100,90,1.0,0.1111111111111111
32,26092716,ssr,100,91,1.0,1.0
32,26092716,ssr,100,92,1.0,0.5
32,26092716,ssr,100,93,1.0,1.0
32,26092716,ssr,100,94,1.0,0.23076923076923078
32,26092716,ssr,100,95,1.0,0.16666666666666666
32,26092716,ssr,100,96,0.0,0.125
32,26092716,ssr,100,97,1.0,0.0
32,26092716,ssr,100,98,1.0,0.0
32,26092716,ssr,100,99,1.0,0.25
32,26092717,plain,1,0,1.0,0.0
32,26092717,plain,2,0,1.0,0.2
32,26092717,plain,2,1,1.0,0.2
32,26092717,plain,5,0,1.0,0.2
32,26092717,plain,5,1,1.0,0.1
32,26092717,plain,5,2,1.0,0.0
32,26092717,plain,5,3,1.0,0.07692307692307693
32,26092717,plain,5,4,1.0,0.0
32,26092717,plain,10,0,1.0,0.2
32,26092717,plain,10,1,1.0,0.0
32,26092717,plain,10,2,1.0,0.0
32,26092717,plain,10,3,1.0,0.07692307692307693
32,26092717,plain,10,4,1.0,0.0
32,26092717,plain,10,5,1.0,0.25
32,26092717,plain,10,6,1.0,0.0
32,26092717,plain,10,7,1.0,0.5
32,26092717,plain,10,8,1.0,0.5
32,26092717,plain,10,9,1.0,0.16666666666666666
32,26092717,plain,25,0,1.0,0.2
32,26092717,plain,25,1,1.0,0.1
32,26092717,plain,25,2,1.0,0.0
32,26092717,plain,25,3,1.0,0.07692307692307693
32,26092717,plain,25,4,1.0,0.0
32,26092717,plain,25,5,1.0,0.0
32,26092717,plain,25,6,1.0,0.0
32,26092717,plain,25,7,1.0,0.0
32,26092717,plain,25,8,1.0,0.5
32,26092717,plain,25,9,1.0,0.08333333333333333
32,26092717,plain,25,10,1.0,0.0
32,26092717,plain,25,11,1.0,0.0
32,26092717,plain,25,12,1.0,0.0
32,26092717,plain,25,13,1.0,0.0
32,26092717,plain,25,14,1.0,0.0
32,26092717,plain,25,15,1.0,0.0
32,26092717,plain,25,16,1.0,0.0
32,26092717,plain,25,17,1.0,0.25
32,26092717,plain,25,18,1.0,0.0
32,26092717,plain,25,19,1.0,0.3333333333333333
32,26092717,plain,25,20,1.0,0.3333333333333333
32,26092717,plain,25,21,1.0,0.5
32,26092717,plain,25,22,1.0,0.0
32,26092717,plain,25,23,1.0,0.07142857142857142
32,26092717,plain,25,24,1.0,0.0
32,26092717,plain,50,0,1.0,0.2
32,26092717,plain,50,1,1.0,0.1
32,26092717,plain,50,2,1.0,0.0
32,26092717,plain,50,3,1.0,0.0
32,26092717,plain,50,4,1.0,0.0
32,26092717,plain,50,5,1.0,0.0
32,26092717,plain,50,6,1.0,0.0
32,26092717,plain,50,7,1.0,0.0
32,26092717,plain,50,8,1.0,0.0
32,26092717,plain,50,9,1.0,0.16666666666666666
32,26092717,plain,50,10,1.0,0.0
32,26092717,plain,50,11,1.0,0.16666666666666666
32,26092717,plain,50,12,1.0,0.0
32,26092717,plain,50,13,1.0,0.2
32,26092717,plain,50,14,1.0,0.0
32,26092717,plain,50,15,1.0,0.0
32,26092717,plain,50,16,1.0,0.0
32,26092717,plain,50,17,1.0,0.25
32,26092717,plain,50,18,1.0,0.0
32,26092717,plain,50,19,1.0,0.3333333333333333
32,26092717,plain,50,20,1.0,0.6666666666666666
32,26092717,plain,50,21,1.0,0.0
32,26092717,plain,50,22,1.0,0.0
32,26092717,plain,50,23,1.0,0.07142857142857142
32,26092717,plain,50,24,1.0,0.0
32,26092717,plain,50,25,1.0,0.14285714285714285
32,26092717,plain,50,26,1.0,0.0
32,26092717,plain,50,27,1.0,0.0
32,26092717,plain,50,28,1.0,0.0
32,26092717,plain,50,29,1.0,0.14285714285714285
32,26092717,plain,50,30,1.0,0.0
32,26092717,plain,50,31,1.0,0.25
32,26092717,plain,50,32,1.0,0.0
32,26092717,plain,50,33,1.0,0.0
32,26092717,plain,50,34,1.0,0.14285714285714285
32,26092717,plain,50,35,0.0,0.0
32,26092717,plain,50,36,1.0,0.5
32,26092717,plain,50,37,1.0,0.125
32,26092717,plain,50,38,1.0,0.0
32,26092717,plain,50,39,1.0,0.5
32,26092717,plain,50,40,1.0,0.0
32,26092717,plain,50,41,1.0,0.16666666666666666
32,26092717,plain,50,42,1.0,0.0
32,26092717,plain,50,43,1.0,0.0
32,26092717,plain,50,44,0.0,0.0
32,26092717,plain,50,45,1.0,0.1
32,26092717,plain,50,46,1.0,1.0
32,26092717,plain,50,47,1.0,0.0
32,26092717,plain,50,48,1.0,0.125
32,26092717,plain,50,49,1.0,0.0
32,26092717,plain,100,0,1.0,0.2
32,26092717,plain,100,1,0.0,0.0
32,26092717,plain,100,2,1.0,0.0
32,26092717,plain,100,3,1.0,0.0
32,26092717,plain,100,4,0.0,0.0
32,26092717,plain,100,5,0.0,0.0
32,26092717,plain,100,6,1.0,0.0
32,26092717,plain,100,7,1.0,0.0
32,26092717,plain,100,8,1.0,0.0
32,26092717,plain,100,9,1.0,0.0
32,26092717,plain,100,10,0.0,0.0
32,26092717,plain,100,11,1.0,0.0
32,26092717,plain,100,12,1.0,0.0
32,26092717,plain,100,13,1.0,0.0
32,26092717,plain,100,14,1.0,0.0
32,26092717,plain,100,15,0.0,0.2
32,26092717,plain,100,16,1.0,0.0
32,26092717,plain,100,17,1.0,0.25
32,26092717,plain,100,18,0.0,0.0
32,26092717,plain,100,19,1.0,0.3333333333333333
32,26092717,plain,100,20,0.0,0.0
32,26092717,plain,100,21,1.0,0.0
32,26092717,plain,100,22,1.0,0.0
32,26092717,plain,100,23,0.0,0.0
32,26092717,plain,100,24,1.0,0.0
32,26092717,plain,100,25,1.0,0.2857142857142857
32,26092717,plain,100,26,1.0,0.125
32,26092717,plain,100,27,1.0,0.0
32,26092717,plain,100,28,1.0,0.125
32,26092717,plain,100,29,0.0,0.0
32,26092717,plain,100,30,0.0,0.0
32,26092717,plain,100,31,1.0,0.0
32,26092717,plain,100,32,1.0,0.0
32,26092717,plain,100,33,1.0,0.0
32,26092717,plain,100,34,1.0,0.0
32,26092717,plain,100,35,1.0,0.0
32,26092717,plain,100,36,1.0,0.0
32,26092717,plain,100,37,1.0,0.25
32,26092717,plain,100,38,1.0,0.0
32,26092717,plain,100,39,0.0,0.0
32,26092717,plain,100,40,0.0,0.0
32,26092717,plain,100,41,1.0,0.0
32,26092717,plain,100,42,1.0,0.3333333333333333
32,26092717,plain,100,43,1.0,0.0
32,26092717,plain,100,44,1.0,0.0
32,26092717,plain,100,45,1.0,0.0
32,26092717,plain,100,46,1.0,1.0
32,26092717,plain,100,47,1.0,0.125
32,26092717,plain,100,48,1.0,0.0
32,26092717,plain,100,49,1.0,0.0
32,26092717,plain,100,50,1.0,0.0
32,26092717,plain,100,51,1.0,0.0
32,26092717,plain,100,52,1.0,0.0
32,26092717,plain,100,53,1.0,0.0
32,26092717,plain,100,54,1.0,0.0
32,26092717,plain,100,55,1.0,0.0
32,26092717,plain,100,56,1.0,0.0
32,26092717,plain,100,57,1.0,0.0
32,26092717,plain,100,58,1.0,0.0
32,26092717,plain,100,59,1.0,0.0
32,26092717,plain,100,60,1.0,0.16666666666666666
32,26092717,plain,100,61,1.0,0.0
32,26092717,plain,100,62,0.0,0.0
32,26092717,plain,100,63,1.0,0.0
32,26092717,plain,100,64,1.0,0.0
32,26092717,plain,100,65,1.0,0.0
32,26092717,plain,100,66,1.0,0.25
32,26092717,plain,100,67,1.0,0.0
32,26092717,plain,100,68,1.0,0.0
32,26092717,plain,100,69,1.0,0.0
32,26092717,plain,100,70,1.0,0.0
32,26092717,plain,100,71,1.0,0.0
32,26092717,plain,100,72,1.0,0.25
32,26092717,plain,100,73,1.0,0.0
32,26092717,plain,100,74,0.0,0.0
32,26092717,plain,100,75,1.0,0.0
32,26092717,plain,100,76,1.0,0.0
32,26092717,plain,100,77,1.0,0.0
32,26092717,plain,100,78,1.0,0.0
32,26092717,plain,100,79,1.0,0.1111111111111111
32,26092717,plain,100,80,0.0,0.0
32,26092717,plain,100,81,1.0,0.2
32,26092717,plain,100,82,1.0,0.0
32,26092717,plain,100,83,1.0,0.0
32,26092717,plain,100,84,1.0,0.0
32,26092717,plain,100,85,1.0,0.0
32,26092717,plain,100,86,1.0,0.14285714285714285
32,26092717,plain,100,87,1.0,0.3333333333333333
32,26092717,plain,100,88,1.0,0.16666666666666666
32,26092717,plain,100,89,1.0,0.0
32,26092717,plain,100,90,1.0,0.0
32,26092717,plain,100,91,1.0,0.0
32,26092717,plain,100,92,1.0,0.0
32,26092717,plain,100,93,0.0,0.0
32,26092717,plain,100,94,1.0,0.1111111111111111
32,26092717,plain,100,95,1.0,0.0
32,26092717,plain,100,96,1.0,0.0
32,26092717,plain,100,97,1.0,0.0
32,26092717,plain,100,98,1.0,0.125
32,26092717,plain,100,99,1.0,0.0
32,26092717,ssr,1,0,1.0,0.0
32,26092717,ssr,2,0,1.0,0.2
32,26092717,ssr,2,1,1.0,0.2
32,26092717,ssr,5,0,1.0,0.2
32,26092717,ssr,5,1,1.0,0.1
32,26092717,ssr,5,2,1.0,0.0
32,26092717,ssr,5,3,1.0,0.07692307692307693
32,26092717,ssr,5,4,1.0,0.0
32,26092717,ssr,10,0,1.0,0.2
32,26092717,ssr,10,1,1.0,0.1
32,26092717,ssr,10,2,1.0,0.0
32,26092717,ssr,10,3,1.0,0.07692307692307693
32,26092717,ssr,10,4,1.0,0.0
32,26092717,ssr,10,5,1.0,0.125
32,26092717,ssr,10,6,1.0,1.0
32,26092717,ssr,10,7,1.0,0.5
32,26092717,ssr,10,8,1.0,0.5
32,26092717,ssr,10,9,1.0,0.16666666666666666
32,26092717,ssr,25,0,1.0,0.2
32,26092717,ssr,25,1,1.0,0.1
32,26092717,ssr,25,2,1.0,0.0
32,26092717,ssr,25,3,1.0,0.07692307692307693
32,26092717,ssr,25,4,1.0,0.0
32,26092717,ssr,25,5,1.0,0.0
32,26092717,ssr,25,6,1.0,1.0
32,26092717,ssr,25,7,1.0,0.5
32,26092717,ssr,25,8,1.0,0.0
32,26092717,ssr,25,9,1.0,0.08333333333333333
32,26092717,ssr,25,10,1.0,0.2
32,26092717,ssr,25,11,1.0,0.16666666666666666
32,26092717,ssr,25,12,1.0,0.0
32,26092717,ssr,25,13,1.0,0.0
32,26092717,ssr,25,14,1.0,0.3333333333333333
32,26092717,ssr,25,15,1.0,0.2
32,26092717,ssr,25,16,1.0,0.2
32,26092717,ssr,25,17,1.0,0.0
32,26092717,ssr,25,18,1.0,0.5
32,26092717,ssr,25,19,1.0,0.3333333333333333
32,26092717,ssr,25,20,1.0,0.3333333333333333
32,26092717,ssr,25,21,1.0,0.0
32,26092717,ssr,25,22,1.0,0.2857142857142857
32,26092717,ssr,25,23,1.0,0.07142857142857142
32,26092717,ssr,25,24,1.0,0.0
32,26092717,ssr,50,0,1.0,0.2
32,26092717,ssr,50,1,1.0,0.0
32,26092717,ssr,50,2,1.0,0.0
32,26092717,ssr,50,3,1.0,0.07692307692307693
32,26092717,ssr,50,4,1.0,0.0
32,26092717,ssr,50,5,1.0,0.125
32,26092717,ssr,50,6,1.0,1.0
32,26092717,ssr,50,7,1.0,0.0
32,26092717,ssr,50,8,1.0,0.5
32,26092717,ssr,50,9,1.0,0.16666666666666666
32,26092717,ssr,50,10,1.0,0.0
32,26092717,ssr,50,11,1.0,0.0
32,26092717,ssr,50,12,1.0,0.0
32,26092717,ssr,50,13,1.0,0.2
32,26092717,ssr,50,14,1.0,0.0
32,26092717,ssr,50,15,1.0,0.0
32,26092717,ssr,50,16,1.0,0.0
32,26092717,ssr,50,17,1.0,0.25
32,26092717,ssr,50,18,1.0,0.5
32,26092717,ssr,50,19,1.0,0.3333333333333333
32,26092717,ssr,50,20,1.0,0.3333333333333333
32,26092717,ssr,50,21,1.0,0.5
32,26092717,ssr,50,22,1.0,0.14285714285714285
32,26092717,ssr,50,23,1.0,0.0
32,26092717,ssr,50,24,0.0,0.0
32,26092717,ssr,50,25,1.0,0.2857142857142857
32,26092717,ssr,50,26,1.0,0.125
32,26092717,ssr,50,27,1.0,0.0
32,26092717,ssr,50,28,1.0,0.125
32,26092717,ssr,50,29,1.0,0.14285714285714285
32,26092717,ssr,50,30,0.0,0.0
32,26092717,ssr,50,31,1.0,0.0
32,26092717,ssr,50,32,0.0,0.0
32,26092717,ssr,50,33,1.0,0.0
32,26092717,ssr,50,34,1.0,0.0
32,26092717,ssr,50,35,1.0,0.0
32,26092717,ssr,50,36,1.0,0.0
32,26092717,ssr,50,37,1.0,0.125
32,26092717,ssr,50,38,1.0,0.0
32,26092717,ssr,50,39,1.0,0.0
32,26092717,ssr,50,40,1.0,0.0
32,26092717,ssr,50,41,1.0,0.16666666666666666
32,26092717,ssr,50,42,1.0,0.3333333333333333
32,26092717,ssr,50,43,1.0,0.3333333333333333
32,26092717,ssr,50,44,0.0,0.0
32,26092717,ssr,50,45,1.0,0.1
32,26092717,ssr,50,46,1.0,0.0
32,26092717,ssr,50,47,1.0,0.25
32,26092717,ssr,50,48,1.0,0.125
32,26092717,ssr,50,49,1.0,0.0
32,26092717,ssr,100,0,1.0,0.2
32,26092717,ssr,100,1,0.0,0.0
32,26092717,ssr,100,2,1.0,0.0
32,26092717,ssr,100,3,1.0,0.15384615384615385
32,26092717,ssr,100,4,0.0,0.0
32,26092717,ssr,100,5,0.0,0.0
32,26092717,ssr,100,6,1.0,0.0
32,26092717,ssr,100,7,0.0,0.0
32,26092717,ssr,100,8,1.0,0.5
32,26092717,ssr,100,9,1.0,0.16666666666666666
32,26092717,ssr,100,10,0.0,0.0
32,26092717,ssr,100,11,1.0,0.16666666666666666
32,26092717,ssr,100,12,1.0,0.125
32,26092717,ssr,100,13,1.0,0.2
32,26092717,ssr,100,14,1.0,0.0
32,26092717,ssr,100,15,1.0,0.0
32,26092717,ssr,100,16,1.0,0.0
32,26092717,ssr,100,17,1.0,0.0
32,26092717,ssr,100,18,1.0,0.0
32,26092717,ssr,100,19,1.0,0.3333333333333333
32,26092717,ssr,100,20,1.0,0.3333333333333333
32,26092717,ssr,100,21,1.0,0.5
32,26092717,ssr,100,22,1.0,0.14285714285714285
32,26092717,ssr,100,23,1.0,0.07142857142857142
32,26092717,ssr,100,24,0.0,0.0
32,26092717,ssr,100,25,1.0,0.2857142857142857
32,26092717,ssr,100,26,1.0,0.125
32,26092717,ssr,100,27,0.0,0.0
32,26092717,ssr,100,28,1.0,0.125
32,26092717,ssr,100,29,0.0,0.14285714285714285
32,26092717,ssr,100,30,0.0,0.0
32,26092717,ssr,100,31,1.0,0.25
32,26092717,ssr,100,32,1.0,1.0
32,26092717,ssr,100,33,1.0,0.0
32,26092717,ssr,100,34,1.0,0.14285714285714285
32,26092717,ssr,100,35,1.0,0.0
32,26092717,ssr,100,36,0.0,0.0
32,26092717,ssr,100,37,1.0,0.125
32,26092717,ssr,100,38,1.0,0.0
32,26092717,ssr,100,39,1.0,0.0
32,26092717,ssr,100,40,1.0,0.0
32,26092717,ssr,100,41,1.0,0.16666666666666666
32,26092717,ssr,100,42,1.0,0.3333333333333333
32,26092717,ssr,100,43,1.0,0.3333333333333333
32,26092717,ssr,100,44,1.0,0.0
32,26092717,ssr,100,45,0.0,0.1
32,26092717,ssr,100,46,1.0,0.0
32,26092717,ssr,100,47,1.0,0.25
32,26092717,ssr,100,48,1.0,0.25
32,26092717,ssr,100,49,1.0,0.0
32,26092717,ssr,100,50,1.0,0.0
32,26092717,ssr,100,51,1.0,0.0
32,26092717,ssr,100,52,1.0,0.0
32,26092717,ssr,100,53,1.0,0.0
32,26092717,ssr,100,54,1.0,0.0
32,26092717,ssr,100,55,1.0,0.0
32,26092717,ssr,100,56,1.0,0.16666666666666666
32,26092717,ssr,100,57,1.0,0.0
32,26092717,ssr,100,58,1.0,0.0
32,26092717,ssr,100,59,1.0,0.2
32,26092717,ssr,100,60,1.0,0.16666666666666666
32,26092717,ssr,100,61,0.0,0.0
32,26092717,ssr,100,62,1.0,0.2
32,26092717,ssr,100,63,1.0,0.0
32,26092717,ssr,100,64,1.0,0.14285714285714285
32,26092717,ssr,100,65,1.0,0.0
32,26092717,ssr,100,66,1.0,0.25
32,26092717,ssr,100,67,1.0,0.2
32,26092717,ssr,100,68,0.0,0.0
32,26092717,ssr,100,69,1.0,1.0
32,26092717,ssr,100,70,1.0,0.16666666666666666
32,26092717,ssr,100,71,1.0,0.2222222222222222
32,26092717,ssr,100,72,1.0,0.25
32,26092717,ssr,100,73,1.0,0.0
32,26092717,ssr,100,74,1.0,0.0
32,26092717,ssr,100,75,1.0,0.0
32,26092717,ssr,100,76,1.0,0.0
32,26092717,ssr,100,77,1.0,0.0
32,26092717,ssr,100,78,1.0,0.0
32,26092717,ssr,100,79,1.0,0.1111111111111111
32,26092717,ssr,100,80,0.0,0.0
32,26092717,ssr,100,81,1.0,0.2
32,26092717,ssr,100,82,1.0,0.0
32,26092717,ssr,100,83,0.0,0.0
32,26092717,ssr,100,84,1.0,0.0
32,26092717,ssr,100,85,1.0,0.0
32,26092717,ssr,100,86,0.0,0.0
32,26092717,ssr,100,87,1.0,0.0
32,26092717,ssr,100,88,1.0,0.0
32,26092717,ssr,100,89,1.0,0.0
32,26092717,ssr,100,90,1.0,0.0
32,26092717,ssr,100,91,1.0,0.0
32,26092717,ssr,100,92,1.0,0.0
32,26092717,ssr,100,93,1.0,0.1111111111111111
32,26092717,ssr,100,94,1.0,0.1111111111111111
32,26092717,ssr,100,95,1.0,0.0
32,26092717,ssr,100,96,0.0,0.16666666666666666
32,26092717,ssr,100,97,1.0,0.0
32,26092717,ssr,100,98,1.0,0.125
32,26092717,ssr,100,99,1.0,0.0
32,26092718,plain,1,0,1.0,0.0
32,26092718,plain,2,0,1.0,0.0
32,26092718,plain,2,1,1.0,0.5
32,26092718,plain,5,0,1.0,0.0
32,26092718,plain,5,1,1.0,0.5
32,26092718,plain,5,2,1.0,1.0
32,26092718,plain,5,3,1.0,0.25
32,26092718,plain,5,4,1.0,0.0
32,26092718,plain,10,0,1.0,1.0
32,26092718,plain,10,1,1.0,0.5
32,26092718,plain,10,2,1.0,0.5
32,26092718,plain,10,3,1.0,0.25
32,26092718,plain,10,4,1.0,0.0
32,26092718,plain,10,5,1.0,0.0
32,26092718,plain,10,6,1.0,1.0
32,26092718,plain,10,7,1.0,0.2
32,26092718,plain,10,8,1.0,0.125
32,26092718,plain,10,9,1.0,0.25
32,26092718,plain,25,0,1.0,0.0
32,26092718,plain,25,1,1.0,0.5
32,26092718,plain,25,2,1.0,0.0
32,26092718,plain,25,3,1.0,0.25
32,26092718,plain,25,4,1.0,0.0
32,26092718,plain,25,5,1.0,0.125
32,26092718,plain,25,6,1.0,1.0
32,26092718,plain,25,7,1.0,0.2
32,26092718,plain,25,8,1.0,0.125
32,26092718,plain,25,9,1.0,0.125
32,26092718,plain,25,10,1.0,0.0
32,26092718,plain,25,11,1.0,0.125
32,26092718,plain,25,12,1.0,0.0
32,26092718,plain,25,13,1.0,0.16666666666666666
32,26092718,plain,25,14,1.0,0.5
32,26092718,plain,25,15,1.0,0.0
32,26092718,plain,25,16,1.0,0.1111111111111111
32,26092718,plain,25,17,1.0,0.3333333333333333
32,26092718,plain,25,18,1.0,0.0
32,26092718,plain,25,19,1.0,0.14285714285714285
32,26092718,plain,25,20,1.0,0.14285714285714285
32,26092718,plain,25,21,1.0,0.0
32,26092718,plain,25,22,1.0,0.0
32,26092718,plain,25,23,1.0,0.0
32,26092718,plain,25,24,1.0,0.16666666666666666
32,26092718,plain,50,0,1.0,0.0
32,26092718,plain,50,1,1.0,0.5
32,26092718,plain,50,2,1.0,1.0
32,26092718,plain,50,3,1.0,0.25
32,26092718,plain,50,4,0.0,0.0
32,26092718,plain,50,5,1.0,0.125
32,26092718,plain,50,6,1.0,1.0
32,26092718,plain,50,7,1.0,0.0
32,26092718,plain,50,8,1.0,0.125
32,26092718,plain,50,9,1.0,0.125
32,26092718,plain,50,10,0.0,0.0
32,26092718,plain,50,11,1.0,0.125
32,26092718,plain,50,12,1.0,0.0
32,26092718,plain,50,13,1.0,0.16666666666666666
32,26092718,plain,50,14,1.0,0.0
32,26092718,plain,50,15,1.0,0.0
32,26092718,plain,50,16,1.0,0.1111111111111111
32,26092718,plain,50,17,1.0,0.6666666666666666
32,26092718,plain,50,18,0.0,0.0
32,26092718,plain,50,19,1.0,0.0
32,26092718,plain,50,20,1.0,0.14285714285714285
32,26092718,plain,50,21,0.0,0.0
32,26092718,plain,50,22,1.0,0.14285714285714285
32,26092718,plain,50,23,1.0,0.0
32,26092718,plain,50,24,1.0,0.16666666666666666
32,26092718,plain,50,25,1.0,0.0
32,26092718,plain,50,26,1.0,0.0
32,26092718,plain,50,27,1.0,0.0
32,26092718,plain,50,28,1.0,0.1111111111111111
32,26092718,plain,50,29,1.0,1.0
32,26092718,plain,50,30,1.0,0.5
32,26092718,plain,50,31,1.0,0.0
32,26092718,plain,50,32,1.0,0.0
32,26092718,plain,50,33,1.0,0.1111111111111111
32,26092718,plain,50,34,1.0,0.0
32,26092718,plain,50,35,1.0,0.0
32,26092718,plain,50,36,1.0,1.0
32,26092718,plain,50,37,1.0,0.0
32,26092718,plain,50,38,1.0,0.0
32,26092718,plain,50,39,1.0,0.5
32,26092718,plain,50,40,1.0,0.0
32,26092718,plain,50,41,1.0,0.0
32,26092718,plain,50,42,1.0,0.0
32,26092718,plain,50,43,1.0,0.0
32,26092718,plain,50,44,1.0,0.14285714285714285
32,26092718,plain,50,45,1.0,1.0
32,26092718,plain,50,46,1.0,1.0
32,26092718,plain,50,47,1.0,0.0
32,26092718,plain,50,48,1.0,0.2
32,26092718,plain,50,49,1.0,0.0
32,26092718,plain,100,0,1.0,0.0
32,26092718,plain,100,1,0.0,0.0
32,26092718,plain,100,2,0.0,0.0
32,26092718,plain,100,3,1.0,0.125
32,26092718,plain,100,4,0.0,0.0
32,26092718,plain,100,5,0.0,0.0
32,26092718,plain,100,6,1.0,1.0
32,26092718,plain,100,7,0.0,0.0
32,26092718,plain,100,8,0.0,0.0
32,26092718,plain,100,9,1.0,0.125
32,26092718,plain,100,10,0.0,0.0
32,26092718,plain,100,11,0.0,0.125
32,26092718,plain,100,12,1.0,0.0
32,26092718,plain,100,13,1.0,0.0
32,26092718,plain,100,14,1.0,0.25
32,26092718,plain,100,15,1.0,0.0
32,26092718,plain,100,16,1.0,0.1111111111111111
32,26092718,plain,100,17,0.0,0.3333333333333333
32,26092718,plain,100,18,1.0,0.0
32,26092718,plain,100,19,1.0,0.0
32,26092718,plain,100,20,1.0,0.0
32,26092718,plain,100,21,1.0,0.0
32,26092718,plain,100,22,1.0,0.14285714285714285
32,26092718,plain,100,23,1.0,0.0
32,26092718,plain,100,24,1.0,0.0
32,26092718,plain,100,25,1.0,0.0
32,26092718,plain,100,26,1.0,0.0
32,26092718,plain,100,27,1.0,0.0
32,26092718,plain,100,28,1.0,0.1111111111111111
32,26092718,plain,100,29,0.0,1.0
32,26092718,plain,100,30,1.0,0.5
32,26092718,plain,100,31,1.0,0.0
32,26092718,plain,100,32,1.0,0.0
32,26092718,plain,100,33,1.0,0.0
32,26092718,plain,100,34,1.0,0.0
32,26092718,plain,100,35,1.0,0.0
32,26092718,plain,100,36,1.0,1.0
32,26092718,plain,100,37,1.0,0.0
32,26092718,plain,100,38,1.0,0.0
32,26092718,plain,100,39,1.0,0.0
32,26092718,plain,100,40,1.0,0.0
32,26092718,plain,100,41,1.0,0.0
32,26092718,plain,100,42,1.0,0.0
32,26092718,plain,100,43,1.0,0.0
32,26092718,plain,100,44,1.0,0.0
32,26092718,plain,100,45,1.0,0.0
32,26092718,plain,100,46,1.0,0.0
32,26092718,plain,100,47,1.0,0.0
32,26092718,plain,100,48,1.0,0.0
32,26092718,plain,100,49,1.0,0.0
32,26092718,plain,100,50,1.0,0.0
32,26092718,plain,100,51,1.0,0.0
32,26092718,plain,100,52,1.0,0.0
32,26092718,plain,100,53,1.0,0.0
32,26092718,plain,100,54,1.0,0.6666666666666666
32,26092718,plain,100,55,1.0,0.0
32,26092718,plain,100,56,1.0,0.0
32,26092718,plain,100,57,1.0,0.0
32,26092718,plain,100,58,1.0,0.0
32,26092718,plain,100,59,1.0,0.0
32,26092718,plain,100,60,1.0,0.25
32,26092718,plain,100,61,1.0,0.0
32,26092718,plain,100,62,1.0,0.0
32,26092718,plain,100,63,1.0,0.25
32,26092718,plain,100,64,0.0,0.3333333333333333
32,26092718,plain,100,65,1.0,0.3333333333333333
32,26092718,plain,100,66,1.0,0.16666666666666666
32,26092718,plain,100,67,0.0,0.0
32,26092718,plain,100,68,0.0,0.0
32,26092718,plain,100,69,1.0,0.0
32,26092718,plain,100,70,1.0,0.0
32,26092718,plain,100,71,1.0,1.0
32,26092718,plain,100,72,1.0,0.0
32,26092718,plain,100,73,1.0,0.0
32,26092718,plain,100,74,0.0,0.0
32,26092718,plain,100,75,1.0,0.0
32,26092718,plain,100,76,1.0,0.0
32,26092718,plain,100,77,1.0,0.0
32,26092718,plain,100,78,1.0,0.3333333333333333
32,26092718,plain,100,79,1.0,0.25
32,26092718,plain,100,80,1.0,0.0
32,26092718,plain,100,81,1.0,0.0
32,26092718,plain,100,82,1.0,0.0
32,26092718,plain,100,83,1.0,0.0
32,26092718,plain,100,84,1.0,0.0
32,26092718,plain,100,85,1.0,0.1
32,26092718,plain,100,86,0.0,0.0
32,26092718,plain,100,87,1.0,0.0
32,26092718,plain,100,88,1.0,0.0
32,26092718,plain,100,89,1.0,0.0
32,26092718,plain,100,90,1.0,0.0
32,26092718,plain,100,91,1.0,0.0
32,26092718,plain,100,92,1.0,0.16666666666666666
32,26092718,plain,100,93,1.0,0.0
32,26092718,plain,100,94,1.0,0.0
32,26092718,plain,100,95,1.0,0.2
32,26092718,plain,100,96,0.0,0.0
32,26092718,plain,100,97,0.0,0.0
32,26092718,plain,100,98,1.0,0.0
32,26092718,plain,100,99,1.0,0.0
32,26092718,ssr,1,0,1.0,0.0
32,26092718,ssr,2,0,1.0,0.0
32,26092718,ssr,2,1,1.0,0.5
32,26092718,ssr,5,0,1.0,0.0
32,26092718,ssr,5,1,1.0,1.0
32,26092718,ssr,5,2,1.0,0.5
32,26092718,ssr,5,3,1.0,0.25
32,26092718,ssr,5,4,1.0,0.0
32,26092718,ssr,10,0,1.0,0.0
32,26092718,ssr,10,1,1.0,0.5
32,26092718,ssr,10,2,1.0,0.0
32,26092718,ssr,10,3,1.0,0.125
32,26092718,ssr,10,4,1.0,0.0
32,26092718,ssr,10,5,1.0,0.125
32,26092718,ssr,10,6,1.0,1.0
32,26092718,ssr,10,7,1.0,0.2
32,26092718,ssr,10,8,1.0,0.125
32,26092718,ssr,10,9,1.0,0.125
32,26092718,ssr,25,0,1.0,0.0
32,26092718,ssr,25,1,1.0,1.0
32,26092718,ssr,25,2,1.0,0.0
32,26092718,ssr,25,3,1.0,0.25
32,26092718,ssr,25,4,1.0,0.0
32,26092718,ssr,25,5,1.0,0.125
32,26092718,ssr,25,6,1.0,0.0
32,26092718,ssr,25,7,1.0,0.2
32,26092718,ssr,25,8,1.0,0.125
32,26092718,ssr,25,9,1.0,0.25
32,26092718,ssr,25,10,1.0,0.3333333333333333
32,26092718,ssr,25,11,1.0,0.125
32,26092718,ssr,25,12,1.0,0.0
32,26092718,ssr,25,13,1.0,0.16666666666666666
32,26092718,ssr,25,14,1.0,0.25
32,26092718,ssr,25,15,1.0,0.14285714285714285
32,26092718,ssr,25,16,1.0,0.1111111111111111
32,26092718,ssr,25,17,1.0,0.6666666666666666
32,26092718,ssr,25,18,1.0,0.14285714285714285
32,26092718,ssr,25,19,1.0,0.14285714285714285
32,26092718,ssr,25,20,1.0,0.0
32,26092718,ssr,25,21,1.0,0.0
32,26092718,ssr,25,22,1.0,0.2857142857142857
32,26092718,ssr,25,23,1.0,0.0
32,26092718,ssr,25,24,1.0,0.16666666666666666
32,26092718,ssr,50,0,1.0,0.0
32,26092718,ssr,50,1,1.0,1.0
32,26092718,ssr,50,2,1.0,1.0
32,26092718,ssr,50,3,1.0,0.125
32,26092718,ssr,50,4,0.0,0.0
32,26092718,ssr,50,5,1.0,0.375
32,26092718,ssr,50,6,1.0,1.0
32,26092718,ssr,50,7,1.0,0.2
32,26092718,ssr,50,8,1.0,0.125
32,26092718,ssr,50,9,1.0,0.25
32,26092718,ssr,50,10,1.0,0.0
32,26092718,ssr,50,11,1.0,0.25
32,26092718,ssr,50,12,1.0,0.0
32,26092718,ssr,50,13,1.0,0.16666666666666666
32,26092718,ssr,50,14,1.0,0.5
32,26092718,ssr,50,15,1.0,0.14285714285714285
32,26092718,ssr,50,16,1.0,0.1111111111111111
32,26092718,ssr,50,17,1.0,0.6666666666666666
32,26092718,ssr,50,18,1.0,0.14285714285714285
32,26092718,ssr,50,19,1.0,0.14285714285714285
32,26092718,ssr,50,20,1.0,0.14285714285714285
32,26092718,ssr,50,21,1.0,0.0
32,26092718,ssr,50,22,1.0,0.14285714285714285
32,26092718,ssr,50,23,1.0,0.0
32,26092718,ssr,50,24,1.0,0.08333333333333333
32,26092718,ssr,50,25,1.0,0.25
32,26092718,ssr,50,26,1.0,0.16666666666666666
32,26092718,ssr,50,27,1.0,0.0
32,26092718,ssr,50,28,1.0,0.5555555555555556
32,26092718,ssr,50,29,1.0,1.0
32,26092718,ssr,50,30,1.0,0.5
32,26092718,ssr,50,31,1.0,0.0
32,26092718,ssr,50,32,1.0,0.2857142857142857
32,26092718,ssr,50,33,1.0,0.2222222222222222
32,26092718,ssr,50,34,1.0,0.25
32,26092718,ssr,50,35,1.0,0.0
32,26092718,ssr,50,36,1.0,1.0
32,26092718,ssr,50,37,1.0,0.0
32,26092718,ssr,50,38,1.0,0.0
32,26092718,ssr,50,39,1.0,0.0
32,26092718,ssr,50,40,1.0,0.0
32,26092718,ssr,50,41,1.0,0.0
32,26092718,ssr,50,42,1.0,0.2
32,26092718,ssr,50,43,1.0,0.5
32,26092718,ssr,50,44,0.0,0.2857142857142857
32,26092718,ssr,50,45,1.0,1.0
32,26092718,ssr,50,46,1.0,1.0
32,26092718,ssr,50,47,1.0,0.0
32,26092718,ssr,50,48,1.0,0.4
32,26092718,ssr,50,49,1.0,0.0
32,26092718,ssr,100,0,1.0,0.0
32,26092718,ssr,100,1,0.0,0.5
32,26092718,ssr,100,2,0.0,0.0
32,26092718,ssr,100,3,1.0,0.25
32,26092718,ssr,100,4,0.0,0.0
32,26092718,ssr,100,5,0.0,0.125
32,26092718,ssr,100,6,1.0,1.0
32,26092718,ssr,100,7,0.0,0.0
32,26092718,ssr,100,8,1.0,0.125
32,26092718,ssr,100,9,1.0,0.125
32,26092718,ssr,100,10,0.0,0.0
32,26092718,ssr,100,11,0.0,0.0
32,26092718,ssr,100,12,1.0,0.0
32,26092718,ssr,100,13,1.0,0.16666666666666666
32,26092718,ssr,100,14,1.0,0.25
32,26092718,ssr,100,15,1.0,0.0
32,26092718,ssr,100,16,1.0,0.2222222222222222
32,26092718,ssr,100,17,0.0,0.0
32,26092718,ssr,100,18,0.0,0.0
32,26092718,ssr,100,19,1.0,0.14285714285714285
32,26092718,ssr,100,20,1.0,0.14285714285714285
32,26092718,ssr,100,21,1.0,0.0
32,26092718,ssr,100,22,1.0,0.0
32,26092718,ssr,100,23,1.0,0.0
32,26092718,ssr,100,24,1.0,0.16666666666666666
32,26092718,ssr,100,25,1.0,0.25
32,26092718,ssr,100,26,1.0,0.0
32,26092718,ssr,100,27,1.0,0.0
32,26092718,ssr,100,28,1.0,0.2222222222222222
32,26092718,ssr,100,29,1.0,1.0
32,26092718,ssr,100,30,1.0,1.0
32,26092718,ssr,100,31,1.0,0.0
32,26092718,ssr,100,32,1.0,0.0
32,26092718,ssr,100,33,1.0,0.3333333333333333
32,26092718,ssr,100,34,1.0,0.0
32,26092718,ssr,100,35,1.0,0.0
32,26092718,ssr,100,36,0.0,0.0
32,26092718,ssr,100,37,1.0,0.0
32,26092718,ssr,100,38,1.0,0.0
32,26092718,ssr,100,39,1.0,0.0
32,26092718,ssr,100,40,0.0,0.25
32,26092718,ssr,100,41,1.0,0.0
32,26092718,ssr,100,42,1.0,0.0
32,26092718,ssr,100,43,1.0,0.5
32,26092718,ssr,100,44,1.0,0.14285714285714285
32,26092718,ssr,100,45,1.0,0.0
32,26092718,ssr,100,46,1.0,1.0
32,26092718,ssr,100,47,1.0,0.0
32,26092718,ssr,100,48,1.0,0.0
32,26092718,ssr,100,49,1.0,0.0
32,26092718,ssr,100,50,1.0,0.1111111111111111
32,26092718,ssr,100,51,1.0,0.0
32,26092718,ssr,100,52,1.0,0.0
32,26092718,ssr,100,53,1.0,0.0
32,26092718,ssr,100,54,1.0,0.3333333333333333
32,26092718,ssr,100,55,1.0,1.0
32,26092718,ssr,100,56,1.0,0.0
32,26092718,ssr,100,57,1.0,0.0
32,26092718,ssr,100,58,1.0,0.6666666666666666
32,26092718,ssr,100,59,1.0,0.1111111111111111
32,26092718,ssr,100,60,1.0,0.25
32,26092718,ssr,100,61,1.0,0.1111111111111111
32,26092718,ssr,100,62,1.0,0.0
32,26092718,ssr,100,63,1.0,0.25
32,26092718,ssr,100,64,0.0,0.3333333333333333
32,26092718,ssr,100,65,1.0,0.6666666666666666
32,26092718,ssr,100,66,1.0,0.16666666666666666
32,26092718,ssr,100,67,1.0,0.2
32,26092718,ssr,100,68,1.0,0.0
32,26092718,ssr,100,69,0.0,0.0
32,26092718,ssr,100,70,1.0,0.0
32,26092718,ssr,100,71,1.0,1.0
32,26092718,ssr,100,72,1.0,0.0
32,26092718,ssr,100,73,1.0,0.0
32,26092718,ssr,100,74,0.0,0.0
32,26092718,ssr,100,75,1.0,0.125
32,26092718,ssr,100,76,1.0,1.0
32,26092718,ssr,100,77,1.0,0.0
32,26092718,ssr,100,78,1.0,0.3333333333333333
32,26092718,ssr,100,79,1.0,0.5
32,26092718,ssr,100,80,0.0,0.3333333333333333
32,26092718,ssr,100,81,1.0,0.0
32,26092718,ssr,100,82,1.0,0.0
32,26092718,ssr,100,83,1.0,0.3333333333333333
32,26092718,ssr,100,84,1.0,0.0
32,26092718,ssr,100,85,1.0,0.1
32,26092718,ssr,100,86,0.0,0.0
32,26092718,ssr,100,87,1.0,0.25
32,26092718,ssr,100,88,1.0,0.0
32,26092718,ssr,100,89,1.0,0.0
32,26092718,ssr,100,90,0.0,0.0
32,26092718,ssr,100,91,1.0,0.0
32,26092718,ssr,100,92,1.0,0.16666666666666666
32,26092718,ssr,100,93,1.0,0.2
32,26092718,ssr,100,94,0.0,0.0
32,26092718,ssr,100,95,1.0,0.2
32,26092718,ssr,100,96,1.0,0.25
32,26092718,ssr,100,97,0.0,0.5
32,26092718,ssr,100,98,1.0,0.0
32,26092718,ssr,100,99,1.0,0.5
32,26092719,plain,1,0,1.0,0.5
32,26092719,plain,2,0,1.0,0.5
32,26092719,plain,2,1,1.0,0.25
32,26092719,plain,5,0,1.0,0.5
32,26092719,plain,5,1,1.0,0.125
32,26092719,plain,5,2,1.0,0.5
32,26092719,plain,5,3,1.0,0.14285714285714285
32,26092719,plain,5,4,1.0,0.6666666666666666
32,26092719,plain,10,0,1.0,0.5
32,26092719,plain,10,1,1.0,0.125
32,26092719,plain,10,2,1.0,0.5
32,26092719,plain,10,3,1.0,0.14285714285714285
32,26092719,plain,10,4,1.0,0.6666666666666666
32,26092719,plain,10,5,1.0,0.09090909090909091
32,26092719,plain,10,6,1.0,0.1
32,26092719,plain,10,7,1.0,0.0
32,26092719,plain,10,8,1.0,0.0
32,26092719,plain,10,9,1.0,0.14285714285714285
32,26092719,plain,25,0,0.0,0.0
32,26092719,plain,25,1,1.0,0.0
32,26092719,plain,25,2,0.0,0.0
32,26092719,plain,25,3,0.0,0.0
32,26092719,plain,25,4,0.0,0.0
32,26092719,plain,25,5,0.0,0.0
32,26092719,plain,25,6,0.0,0.0
32,26092719,plain,25,7,0.0,0.0
32,26092719,plain,25,8,0.0,0.0
32,26092719,plain,25,9,0.0,0.0
32,26092719,plain,25,10,0.0,0.0
32,26092719,plain,25,11,0.0,0.0
32,26092719,plain,25,12,0.0,0.0
32,26092719,plain,25,13,0.0,0.0
32,26092719,plain,25,14,0.0,0.0
32,26092719,plain,25,15,0.0,0.0
32,26092719,plain,25,16,0.0,0.0
32,26092719,plain,25,17,0.0,0.0
32,26092719,plain,25,18,0.0,0.0
32,26092719,plain,25,19,0.0,0.0
32,26092719,plain,25,20,0.0,0.0
32,26092719,plain,25,21,0.0,0.0
32,26092719,plain,25,22,0.0,0.0
32,26092719,plain,25,23,0.0,0.0
32,26092719,plain,25,24,0.0,0.0
32,26092719,plain,50,0,1.0,0.5
32,26092719,plain,50,1,0.0,0.0
32,26092719,plain,50,2,1.0,0.5
32,26092719,plain,50,3,1.0,0.14285714285714285
32,26092719,plain,50,4,1.0,0.3333333333333333
32,26092719,plain,50,5,1.0,0.09090909090909091
32,26092719,plain,50,6,1.0,0.2
32,26092719,plain,50,7,1.0,0.0
32,26092719,plain,50,8,1.0,0.0
32,26092719,plain,50,9,1.0,0.0
32,26092719,plain,50,10,1.0,0.1111111111111111
32,26092719,plain,50,11,1.0,0.3333333333333333
32,26092719,plain,50,12,1.0,0.0
32,26092719,plain,50,13,1.0,0.2
32,26092719,plain,50,14,1.0,0.0
32,26092719,plain,50,15,1.0,0.0
32,26092719,plain,50,16,1.0,0.0
32,26092719,plain,50,17,1.0,0.1
32,26092719,plain,50,18,1.0,0.0
32,26092719,plain,50,19,1.0,0.16666666666666666
32,26092719,plain,50,20,1.0,0.16666666666666666
32,26092719,plain,50,21,1.0,1.0
32,26092719,plain,50,22,1.0,0.0
32,26092719,plain,50,23,1.0,0.3333333333333333
32,26092719,plain,50,24,1.0,0.0
32,26092719,plain,50,25,1.0,0.0
32,26092719,plain,50,26,1.0,0.0
32,26092719,plain,50,27,1.0,0.0
32,26092719,plain,50,28,1.0,0.0
32,26092719,plain,50,29,1.0,0.0
32,26092719,plain,50,30,1.0,0.2
32,26092719,plain,50,31,1.0,0.0
32,26092719,plain,50,32,1.0,0.2
32,26092719,plain,50,33,1.0,1.0
32,26092719,plain,50,34,1.0,0.5
32,26092719,plain,50,35,1.0,0.0
32,26092719,plain,50,36,1.0,0.0
32,26092719,plain,50,37,1.0,0.3333333333333333
32,26092719,plain,50,38,1.0,0.16666666666666666
32,26092719,plain,50,39,1.0,0.0
32,26092719,plain,50,40,1.0,0.16666666666666666
32,26092719,plain,50,41,1.0,0.0
32,26092719,plain,50,42,1.0,0.0
32,26092719,plain,50,43,1.0,0.0
32,26092719,plain,50,44,1.0,0.125
32,26092719,plain,50,45,1.0,0.0
32,26092719,plain,50,46,1.0,0.1111111111111111
32,26092719,plain,50,47,0.0,0.0
32,26092719,plain,50,48,1.0,0.16666666666666666
32,26092719,plain,50,49,1.0,0.125
32,26092719,plain,100,0,1.0,0.5
32,26092719,plain,100,1,0.0,0.0
32,26092719,plain,100,2,0.0,0.0
32,26092719,plain,100,3,1.0,0.14285714285714285
32,26092719,plain,100,4,0.0,0.0
32,26092719,plain,100,5,0.0,0.0
32,26092719,plain,100,6,1.0,0.1
32,26092719,plain,100,7,0.0,0.0
32,26092719,plain,100,8,0.0,0.0
32,26092719,plain,100,9,1.0,0.14285714285714285
32,26092719,plain,100,10,0.0,0.0
32,26092719,plain,100,11,1.0,0.3333333333333333
32,26092719,plain,100,12,1.0,0.2
32,26092719,plain,100,13,1.0,0.0
32,26092719,plain,100,14,1.0,0.5
32,26092719,plain,100,15,1.0,0.0
32,26092719,plain,100,16,1.0,0.5
32,26092719,plain,100,17,1.0,0.2
32,26092719,plain,100,18,1.0,0.0
32,26092719,plain,100,19,1.0,0.16666666666666666
32,26092719,plain,100,20,1.0,0.16666666666666666
32,26092719,plain,100,21,1.0,0.0
32,26092719,plain,100,22,1.0,0.0
32,26092719,plain,100,23,1.0,0.16666666666666666
32,26092719,plain,100,24,1.0,0.0
32,26092719,plain,100,25,1.0,0.0
32,26092719,plain,100,26,0.0,0.0
32,26092719,plain,100,27,1.0,0.0
32,26092719,plain,100,28,1.0,0.0
32,26092719,plain,100,29,0.0,0.14285714285714285
32,26092719,plain,100,30,1.0,0.0
32,26092719,plain,100,31,1.0,0.0
32,26092719,plain,100,32,1.0,0.0
32,26092719,plain,100,33,1.0,0.0
32,26092719,plain,100,34,1.0,0.0
32,26092719,plain,100,35,1.0,0.0
32,26092719,plain,100,36,0.0,0.0
32,26092719,plain,100,37,1.0,0.3333333333333333
32,26092719,plain,100,38,1.0,0.16666666666666666
32,26092719,plain,100,39,1.0,0.0
32,26092719,plain,100,40,1.0,0.0
32,26092719,plain,100,41,1.0,0.0
32,26092719,plain,100,42,1.0,0.0
32,26092719,plain,100,43,1.0,0.0
32,26092719,plain,100,44,1.0,0.0
32,26092719,plain,100,45,1.0,0.0
32,26092719,plain,100,46,1.0,0.0
32,26092719,plain,100,47,1.0,0.0
32,26092719,plain,100,48,1.0,0.0
32,26092719,plain,100,49,1.0,0.0
32,26092719,plain,100,50,1.0,0.0
32,26092719,plain,100,51,1.0,0.2
32,26092719,plain,100,52,1.0,0.0
32,26092719,plain,100,53,1.0,0.25
32,26092719,plain,100,54,1.0,0.16666666666666666
32,26092719,plain,100,55,0.0,0.0
32,26092719,plain,100,56,0.0,0.0
32,26092719,plain,100,57,1.0,0.0
32,26092719,plain,100,58,1.0,0.0
32,26092719,plain,100,59,1.0,0.0
32,26092719,plain,100,60,1.0,0.0
32,26092719,plain,100,61,0.0,0.0
32,26092719,plain,100,62,1.0,0.0
32,26092719,plain,100,63,1.0,0.0
32,26092719,plain,100,64,1.0,0.0
32,26092719,plain,100,65,1.0,0.0
32,26092719,plain,100,66,1.0,0.0
32,26092719,plain,100,67,1.0,0.1
32,26092719,plain,100,68,1.0,0.0
32,26092719,plain,100,69,1.0,0.0
32,26092719,plain,100,70,1.0,0.16666666666666666
32,26092719,plain,100,71,0.0,0.0
32,26092719,plain,100,72,1.0,0.0
32,26092719,plain,100,73,1.0,0.25
32,26092719,plain,100,74,0.0,0.0
32,26092719,plain,100,75,1.0,0.5
32,26092719,plain,100,76,1.0,0.16666666666666666
32,26092719,plain,100,77,0.0,0.0
32,26092719,plain,100,78,1.0,0.0
32,26092719,plain,100,79,1.0,0.1111111111111111
32,26092719,plain,100,80,1.0,0.0
32,26092719,plain,100,81,0.0,0.0
32,26092719,plain,100,82,1.0,0.14285714285714285
32,26092719,plain,100,83,1.0,0.0
32,26092719,plain,100,84,1.0,0.0
32,26092719,plain,100,85,1.0,0.0
32,26092719,plain,100,86,1.0,0.0
32,26092719,plain,100,87,1.0,0.0
32,26092719,plain,100,88,1.0,0.14285714285714285
32,26092719,plain,100,89,1.0,0.125
32,26092719,plain,100,90,1.0,0.3333333333333333
32,26092719,plain,100,91,1.0,0.0
32,26092719,plain,100,92,1.0,0.0
32,26092719,plain,100,93,1.0,0.0
32,26092719,plain,100,94,0.0,0.0
32,26092719,plain,100,95,1.0,0.1
32,26092719,plain,100,96,0.0,0.0
32,26092719,plain,100,97,0.0,0.0
32,26092719,plain,100,98,1.0,0.3333333333333333
32,26092719,plain,100,99,1.0,0.0
32,26092719,ssr,1,0,1.0,0.5
32,26092719,ssr,2,0,1.0,0.0
32,26092719,ssr,2,1,1.0,0.125
32,26092719,ssr,5,0,1.0,0.5
32,26092719,ssr,5,1,1.0,0.25
32,26092719,ssr,5,2,1.0,1.0
32,26092719,ssr,5,3,1.0,0.14285714285714285
32,26092719,ssr,5,4,1.0,0.6666666666666666
32,26092719,ssr,10,0,1.0,0.5
32,26092719,ssr,10,1,1.0,0.125
32,26092719,ssr,10,2,1.0,0.5
32,26092719,ssr,10,3,1.0,0.14285714285714285
32,26092719,ssr,10,4,1.0,0.3333333333333333
32,26092719,ssr,10,5,1.0,0.09090909090909091
32,26092719,ssr,10,6,1.0,0.1
32,26092719,ssr,10,7,1.0,0.0
32,26092719,ssr,10,8,1.0,0.0
32,26092719,ssr,10,9,1.0,0.14285714285714285
32,26092719,ssr,25,0,1.0,0.5
32,26092719,ssr,25,1,1.0,0.125
32,26092719,ssr,25,2,1.0,0.5
32,26092719,ssr,25,3,1.0,0.14285714285714285
32,26092719,ssr,25,4,1.0,0.3333333333333333
32,26092719,ssr,25,5,1.0,0.09090909090909091
32,26092719,ssr,25,6,1.0,0.2
32,26092719,ssr,25,7,1.0,0.0
32,26092719,ssr,25,8,1.0,0.0
32,26092719,ssr,25,9,1.0,0.0
32,26092719,ssr,25,10,1.0,0.1111111111111111
32,26092719,ssr,25,11,1.0,0.3333333333333333
32,26092719,ssr,25,12,1.0,0.0
32,26092719,ssr,25,13,1.0,0.0
32,26092719,ssr,25,14,1.0,0.5
32,26092719,ssr,25,15,1.0,0.0
32,26092719,ssr,25,16,1.0,0.5
32,26092719,ssr,25,17,1.0,0.1
32,26092719,ssr,25,18,1.0,0.0
32,26092719,ssr,25,19,1.0,0.16666666666666666
32,26092719,ssr,25,20,1.0,0.3333333333333333
32,26092719,ssr,25,21,1.0,0.0
32,26092719,ssr,25,22,1.0,0.0
32,26092719,ssr,25,23,1.0,0.3333333333333333
32,26092719,ssr,25,24,1.0,0.0
32,26092719,ssr,50,0,1.0,0.5
32,26092719,ssr,50,1,1.0,0.125
32,26092719,ssr,50,2,1.0,0.5
32,26092719,ssr,50,3,1.0,0.14285714285714285
32,26092719,ssr,50,4,1.0,0.3333333333333333
32,26092719,ssr,50,5,1.0,0.09090909090909091
32,26092719,ssr,50,6,1.0,0.1
32,26092719,ssr,50,7,1.0,0.0
32,26092719,ssr,50,8,1.0,0.0
32,26092719,ssr,50,9,1.0,0.0
32,26092719,ssr,50,10,1.0,0.1111111111111111
32,26092719,ssr,50,11,1.0,0.3333333333333333
32,26092719,ssr,50,12,1.0,0.0
32,26092719,ssr,50,13,1.0,0.2
32,26092719,ssr,50,14,1.0,0.5
32,26092719,ssr,50,15,1.0,0.0
32,26092719,ssr,50,16,1.0,0.5
32,26092719,ssr,50,17,1.0,0.1
32,26092719,ssr,50,18,1.0,0.0
32,26092719,ssr,50,19,1.0,0.16666666666666666
32,26092719,ssr,50,20,1.0,0.16666666666666666
32,26092719,ssr,50,21,1.0,0.0
32,26092719,ssr,50,22,1.0,1.0
32,26092719,ssr,50,23,1.0,0.3333333333333333
32,26092719,ssr,50,24,1.0,0.0
32,26092719,ssr,50,25,1.0,0.0
32,26092719,ssr,50,26,1.0,0.08333333333333333
32,26092719,ssr,50,27,1.0,0.25
32,26092719,ssr,50,28,1.0,0.0
32,26092719,ssr,50,29,1.0,0.0
32,26092719,ssr,50,30,1.0,0.2
32,26092719,ssr,50,31,1.0,0.0
32,26092719,ssr,50,32,0.0,0.2
32,26092719,ssr,50,33,1.0,1.0
32,26092719,ssr,50,34,1.0,0.0
32,26092719,ssr,50,35,1.0,0.0
32,26092719,ssr,50,36,1.0,0.0
32,26092719,ssr,50,37,1.0,0.3333333333333333
32,26092719,ssr,50,38,1.0,0.16666666666666666
32,26092719,ssr,50,39,1.0,0.0
32,26092719,ssr,50,40,1.0,0.0
32,26092719,ssr,50,41,1.0,0.0
32,26092719,ssr,50,42,1.0,0.0
32,26092719,ssr,50,43,1.0,1.0
32,26092719,ssr,50,44,1.0,0.125
32,26092719,ssr,50,45,1.0,0.0
32,26092719,ssr,50,46,1.0,0.1111111111111111
32,26092719,ssr,50,47,1.0,0.0
32,26092719,ssr,50,48,1.0,0.0
32,26092719,ssr,50,49,1.0,0.125
32,26092719,ssr,100,0,1.0,0.5
32,26092719,ssr,100,1,0.0,0.125
32,26092719,ssr,100,2,1.0,0.0
32,26092719,ssr,100,3,1.0,0.14285714285714285
32,26092719,ssr,100,4,0.0,0.0
32,26092719,ssr,100,5,0.0,0.0
32,26092719,ssr,100,6,1.0,0.0
32,26092719,ssr,100,7,0.0,0.0
32,26092719,ssr,100,8,1.0,0.0
32,26092719,ssr,100,9,1.0,0.14285714285714285
32,26092719,ssr,100,10,1.0,0.0
32,26092719,ssr,100,11,0.0,0.0
32,26092719,ssr,100,12,1.0,0.0
32,26092719,ssr,100,13,1.0,0.2
32,26092719,ssr,100,14,0.0,0.0
32,26092719,ssr,100,15,0.0,0.0
32,26092719,ssr,100,16,1.0,0.5
32,26092719,ssr,100,17,1.0,0.2
32,26092719,ssr,100,18,1.0,0.0
32,26092719,ssr,100,19,1.0,0.16666666666666666
32,26092719,ssr,100,20,1.0,0.16666666666666666
32,26092719,ssr,100,21,1.0,0.0
32,26092719,ssr,100,22,1.0,1.0
32,26092719,ssr,100,23,0.0,0.16666666666666666
32,26092719,ssr,100,24,1.0,0.0
32,26092719,ssr,100,25,1.0,0.0
32,26092719,ssr,100,26,0.0,0.08333333333333333
32,26092719,ssr,100,27,1.0,0.0
32,26092719,ssr,100,28,1.0,0.0
32,26092719,ssr,100,29,1.0,0.0
32,26092719,ssr,100,30,0.0,0.2
32,26092719,ssr,100,31,1.0,0.0
32,26092719,ssr,100,32,1.0,0.0
32,26092719,ssr,100,33,1.0,1.0
32,26092719,ssr,100,34,1.0,0.0
32,26092719,ssr,100,35,1.0,0.0
32,26092719,ssr,100,36,1.0,0.0
32,26092719,ssr,100,37,1.0,0.3333333333333333
32,26092719,ssr,100,38,1.0,0.16666666666666666
32,26092719,ssr,100,39,1.0,0.1
32,26092719,ssr,100,40,1.0,0.0
32,26092719,ssr,100,41,1.0,0.0
32,26092719,ssr,100,42,0.0,0.0
32,26092719,ssr,100,43,1.0,0.0
32,26092719,ssr,100,44,1.0,0.0
32,26092719,ssr,100,45,1.0,0.0
32,26092719,ssr,100,46,1.0,0.1111111111111111
32,26092719,ssr,100,47,1.0,0.0
32,26092719,ssr,100,48,1.0,0.0
32,26092719,ssr,100,49,1.0,0.125
32,26092719,ssr,100,50,1.0,0.0
32,26092719,ssr,100,51,1.0,0.2
32,26092719,ssr,100,52,1.0,0.0
32,26092719,ssr,100,53,1.0,0.25
32,26092719,ssr,100,54,1.0,0.16666666666666666
32,26092719,ssr,100,55,1.0,0.0
32,26092719,ssr,100,56,0.0,0.09090909090909091
32,26092719,ssr,100,57,1.0,0.3333333333333333
32,26092719,ssr,100,58,1.0,0.0
32,26092719,ssr,100,59,1.0,0.0
32,26092719,ssr,100,60,1.0,0.0
32,26092719,ssr,100,61,0.0,0.14285714285714285
32,26092719,ssr,100,62,1.0,0.125
32,26092719,ssr,100,63,1.0,0.16666666666666666
32,26092719,ssr,100,64,0.0,0.0
32,26092719,ssr,100,65,1.0,0.0
32,26092719,ssr,100,66,1.0,0.25
32,26092719,ssr,100,67,1.0,0.1
32,26092719,ssr,100,68,1.0,0.0
32,26092719,ssr,100,69,1.0,0.3333333333333333
32,26092719,ssr,100,70,1.0,0.0
32,26092719,ssr,100,71,0.0,0.0
32,26092719,ssr,100,72,1.0,0.0
32,26092719,ssr,100,73,1.0,0.25
32,26092719,ssr,100,74,1.0,0.0
32,26092719,ssr,100,75,1.0,0.0
32,26092719,ssr,100,76,1.0,0.16666666666666666
32,26092719,ssr,100,77,1.0,0.0
32,26092719,ssr,100,78,1.0,0.0
32,26092719,ssr,100,79,1.0,0.1111111111111111
32,26092719,ssr,100,80,1.0,0.0
32,26092719,ssr,100,81,1.0,0.16666666666666666
32,26092719,ssr,100,82,1.0,0.0
32,26092719,ssr,100,83,1.0,0.0
32,26092719,ssr,100,84,1.0,0.0
32,26092719,ssr,100,85,1.0,0.0
32,26092719,ssr,100,86,1.0,0.0
32,26092719,ssr,100,87,1.0,0.0
32,26092719,ssr,100,88,0.0,0.14285714285714285
32,26092719,ssr,100,89,1.0,0.125
32,26092719,ssr,100,90,0.0,0.3333333333333333
32,26092719,ssr,100,91,1.0,0.1
32,26092719,ssr,100,92,1.0,0.0
32,26092719,ssr,100,93,1.0,0.0
32,26092719,ssr,100,94,1.0,0.14285714285714285
32,26092719,ssr,100,95,1.0,0.1
32,26092719,ssr,100,96,0.0,0.0
32,26092719,ssr,100,97,1.0,0.0
32,26092719,ssr,100,98,1.0,0.3333333333333333
32,26092719,ssr,100,99,1.0,0.0
